#! /usr/bin/vvp
:ivl_version "12.0 (stable)";
:ivl_delay_selection "TYPICAL";
:vpi_time_precision - 12;
:vpi_module "/usr/lib/x86_64-linux-gnu/ivl/system.vpi";
:vpi_module "/usr/lib/x86_64-linux-gnu/ivl/vhdl_sys.vpi";
:vpi_module "/usr/lib/x86_64-linux-gnu/ivl/vhdl_textio.vpi";
:vpi_module "/usr/lib/x86_64-linux-gnu/ivl/v2005_math.vpi";
:vpi_module "/usr/lib/x86_64-linux-gnu/ivl/va_math.vpi";
:vpi_module "/usr/lib/x86_64-linux-gnu/ivl/v2009.vpi";
S_0x5a85407bac10 .scope package, "$unit" "$unit" 2 1;
 .timescale 0 0;
S_0x5a85408645c0 .scope module, "accel_wrapper_tb2" "accel_wrapper_tb2" 3 196;
 .timescale -9 -12;
P_0x5a85407f12a0 .param/l "ACC_W" 1 3 199, +C4<00000000000000000000000000100000>;
P_0x5a85407f12e0 .param/l "AXIL_MMUL_KICK" 1 3 205, C4<10100000000000000000000000000100>;
P_0x5a85407f1320 .param/l "CLK_HALF" 1 3 202, +C4<00000000000000000000000000000101>;
P_0x5a85407f1360 .param/l "COLS" 1 3 201, +C4<00000000000000000000000000001000>;
P_0x5a85407f13a0 .param/l "DATA_W" 1 3 198, +C4<00000000000000000000000000001000>;
P_0x5a85407f13e0 .param/l "EXPECTED" 1 3 203, +C4<00000000000000000000000000100100>;
P_0x5a85407f1420 .param/l "ROWS" 1 3 200, +C4<00000000000000000000000000001000>;
v0x5a85408f1a30_0 .net "accel_done", 0 0, v0x5a85408ecd20_0;  1 drivers
v0x5a85408f1af0_0 .var "axil_araddr", 0 0;
v0x5a85408f1c00_0 .var "axil_arvalid", 0 0;
v0x5a85408f1cf0_0 .var "axil_awaddr", 31 0;
v0x5a85408f1de0_0 .var "axil_awvalid", 0 0;
v0x5a85408f1f20_0 .var "axil_wdata", 31 0;
v0x5a85408f2010_0 .var "axil_wvalid", 0 0;
v0x5a85408f2100_0 .var "clk", 0 0;
v0x5a85408f21a0_0 .var "rst_n", 0 0;
E_0x5a85406f7280 .event posedge, v0x5a85408ecd20_0;
S_0x5a85407f0480 .scope task, "axil_write" "axil_write" 3 243, 3 243 0, S_0x5a85408645c0;
 .timescale -9 -12;
v0x5a85407dfb40_0 .var "addr", 31 0;
v0x5a85407dca60_0 .var "data", 31 0;
E_0x5a85406f75c0 .event negedge, v0x5a85408220a0_0;
TD_accel_wrapper_tb2.axil_write ;
    %wait E_0x5a85406f75c0;
    %load/vec4 v0x5a85407dfb40_0;
    %store/vec4 v0x5a85408f1cf0_0, 0, 32;
    %pushi/vec4 1, 0, 1;
    %store/vec4 v0x5a85408f1de0_0, 0, 1;
    %load/vec4 v0x5a85407dca60_0;
    %store/vec4 v0x5a85408f1f20_0, 0, 32;
    %pushi/vec4 1, 0, 1;
    %store/vec4 v0x5a85408f2010_0, 0, 1;
    %wait E_0x5a85406f75c0;
    %pushi/vec4 0, 0, 1;
    %store/vec4 v0x5a85408f1de0_0, 0, 1;
    %pushi/vec4 0, 0, 1;
    %store/vec4 v0x5a85408f2010_0, 0, 1;
    %end;
S_0x5a85407ea2c0 .scope task, "check_results" "check_results" 3 265, 3 265 0, S_0x5a85408645c0;
 .timescale -9 -12;
v0x5a85407d9980_0 .var/i "col", 31 0;
v0x5a85407d68a0_0 .var "got", 31 0;
v0x5a85407d37c0_0 .var/i "pass_cnt", 31 0;
TD_accel_wrapper_tb2.check_results ;
    %pushi/vec4 0, 0, 32;
    %store/vec4 v0x5a85407d37c0_0, 0, 32;
    %pushi/vec4 0, 0, 32;
    %store/vec4 v0x5a85407d9980_0, 0, 32;
T_1.0 ;
    %load/vec4 v0x5a85407d9980_0;
    %cmpi/s 8, 0, 32;
    %jmp/0xz T_1.1, 5;
    %ix/getv/s 4, v0x5a85407d9980_0;
    %load/vec4a v0x5a85408ef8b0, 4;
    %store/vec4 v0x5a85407d68a0_0, 0, 32;
    %load/vec4 v0x5a85407d68a0_0;
    %cmpi/e 36, 0, 32;
    %jmp/0xz  T_1.2, 6;
    %vpi_call/w 3 274 "$display", "[PASS] mem_c[%0d] = %0d (expected %0d)", v0x5a85407d9980_0, v0x5a85407d68a0_0, P_0x5a85407f13e0 {0 0 0};
    %load/vec4 v0x5a85407d37c0_0;
    %addi 1, 0, 32;
    %store/vec4 v0x5a85407d37c0_0, 0, 32;
    %jmp T_1.3;
T_1.2 ;
    %vpi_call/w 3 277 "$display", "[FAIL] mem_c[%0d] = %0d (expected %0d)", v0x5a85407d9980_0, v0x5a85407d68a0_0, P_0x5a85407f13e0 {0 0 0};
T_1.3 ;
    %load/vec4 v0x5a85407d9980_0;
    %addi 1, 0, 32;
    %store/vec4 v0x5a85407d9980_0, 0, 32;
    %jmp T_1.0;
T_1.1 ;
    %vpi_call/w 3 280 "$display", "-----------------------------" {0 0 0};
    %vpi_call/w 3 281 "$display", "Results: %0d/8 passed", v0x5a85407d37c0_0 {0 0 0};
    %load/vec4 v0x5a85407d37c0_0;
    %cmpi/e 8, 0, 32;
    %jmp/0xz  T_1.4, 4;
    %vpi_call/w 3 283 "$display", "ALL TESTS PASSED" {0 0 0};
    %jmp T_1.5;
T_1.4 ;
    %vpi_call/w 3 285 "$display", "TESTS FAILED" {0 0 0};
T_1.5 ;
    %end;
S_0x5a85407ed3a0 .scope task, "preload_memories" "preload_memories" 3 251, 3 251 0, S_0x5a85408645c0;
 .timescale -9 -12;
v0x5a85407b7500_0 .var/i "col", 31 0;
v0x5a85406f0ba0_0 .var/i "row", 31 0;
TD_accel_wrapper_tb2.preload_memories ;
    %pushi/vec4 0, 0, 32;
    %store/vec4 v0x5a85406f0ba0_0, 0, 32;
T_2.6 ;
    %load/vec4 v0x5a85406f0ba0_0;
    %cmpi/s 8, 0, 32;
    %jmp/0xz T_2.7, 5;
    %pushi/vec4 0, 0, 32;
    %store/vec4 v0x5a85407b7500_0, 0, 32;
T_2.8 ;
    %load/vec4 v0x5a85407b7500_0;
    %cmpi/s 8, 0, 32;
    %jmp/0xz T_2.9, 5;
    %pushi/vec4 1, 0, 8;
    %load/vec4 v0x5a85406f0ba0_0;
    %muli 8, 0, 32;
    %load/vec4 v0x5a85407b7500_0;
    %add;
    %ix/vec4/s 4;
    %store/vec4a v0x5a85408ef7f0, 4, 0;
    %load/vec4 v0x5a85406f0ba0_0;
    %addi 1, 0, 32;
    %pad/s 8;
    %load/vec4 v0x5a85406f0ba0_0;
    %muli 8, 0, 32;
    %load/vec4 v0x5a85407b7500_0;
    %add;
    %ix/vec4/s 4;
    %store/vec4a v0x5a85408ef750, 4, 0;
    %load/vec4 v0x5a85407b7500_0;
    %addi 1, 0, 32;
    %store/vec4 v0x5a85407b7500_0, 0, 32;
    %jmp T_2.8;
T_2.9 ;
    %load/vec4 v0x5a85406f0ba0_0;
    %addi 1, 0, 32;
    %store/vec4 v0x5a85406f0ba0_0, 0, 32;
    %jmp T_2.6;
T_2.7 ;
    %vpi_call/w 3 261 "$display", "[TB2] Scratchpad preloaded: all-ones weights, activations 1..8" {0 0 0};
    %end;
S_0x5a854087ccc0 .scope module, "u_dut" "accel_wrapper" 3 222, 4 10 0, S_0x5a85408645c0;
 .timescale -9 -12;
    .port_info 0 /INPUT 1 "clk";
    .port_info 1 /INPUT 1 "rst_n";
    .port_info 2 /INPUT 32 "axil_awaddr";
    .port_info 3 /INPUT 1 "axil_awvalid";
    .port_info 4 /INPUT 32 "axil_wdata";
    .port_info 5 /INPUT 1 "axil_wvalid";
    .port_info 6 /INPUT 1 "axil_araddr";
    .port_info 7 /INPUT 1 "axil_arvalid";
    .port_info 8 /OUTPUT 1 "accel_done";
P_0x5a85408a0640 .param/l "ACC_W" 0 4 12, +C4<00000000000000000000000000100000>;
P_0x5a85408a0680 .param/l "COLS" 0 4 14, +C4<00000000000000000000000000001000>;
P_0x5a85408a06c0 .param/l "DATA_W" 0 4 11, +C4<00000000000000000000000000001000>;
P_0x5a85408a0700 .param/l "ROWS" 0 4 13, +C4<00000000000000000000000000001000>;
v0x5a85408f0880_0 .net "accel_done", 0 0, v0x5a85408ecd20_0;  alias, 1 drivers
v0x5a85408f0970_0 .net "axil_araddr", 0 0, v0x5a85408f1af0_0;  1 drivers
v0x5a85408f0a40_0 .net "axil_arvalid", 0 0, v0x5a85408f1c00_0;  1 drivers
v0x5a85408f0b40_0 .net "axil_awaddr", 31 0, v0x5a85408f1cf0_0;  1 drivers
v0x5a85408f0c10_0 .net "axil_awvalid", 0 0, v0x5a85408f1de0_0;  1 drivers
v0x5a85408f0cb0_0 .net "axil_wdata", 31 0, v0x5a85408f1f20_0;  1 drivers
v0x5a85408f0d80_0 .net "axil_wvalid", 0 0, v0x5a85408f2010_0;  1 drivers
v0x5a85408f0e50_0 .net "clk", 0 0, v0x5a85408f2100_0;  1 drivers
v0x5a85408f0ef0_0 .net "rst_n", 0 0, v0x5a85408f21a0_0;  1 drivers
v0x5a85408f0f90_0 .net "sram_a_addr", 5 0, v0x5a85408ee300_0;  1 drivers
v0x5a85408f1030_0 .net "sram_a_rdata", 7 0, v0x5a85408efb20_0;  1 drivers
v0x5a85408f1120_0 .net "sram_a_ren", 0 0, v0x5a85408ee4c0_0;  1 drivers
v0x5a85408f1210_0 .net "sram_b_addr", 5 0, v0x5a85408ee580_0;  1 drivers
v0x5a85408f1300_0 .net "sram_b_rdata", 7 0, v0x5a85408eff70_0;  1 drivers
v0x5a85408f13f0_0 .net "sram_b_ren", 0 0, v0x5a85408ee740_0;  1 drivers
v0x5a85408f14e0_0 .net "sram_c_addr", 2 0, v0x5a85408ee800_0;  1 drivers
v0x5a85408f15d0_0 .net "sram_c_wdata", 31 0, v0x5a85408ee8e0_0;  1 drivers
v0x5a85408f17d0_0 .net "sram_c_wen", 0 0, v0x5a85408ee9c0_0;  1 drivers
S_0x5a85408676a0 .scope module, "u_accel_top" "accel_top" 4 54, 5 4 0, S_0x5a854087ccc0;
 .timescale -9 -12;
    .port_info 0 /INPUT 1 "clk";
    .port_info 1 /INPUT 1 "rst_n";
    .port_info 2 /INPUT 32 "axil_awaddr";
    .port_info 3 /INPUT 1 "axil_awvalid";
    .port_info 4 /INPUT 32 "axil_wdata";
    .port_info 5 /INPUT 1 "axil_wvalid";
    .port_info 6 /INPUT 1 "axil_araddr";
    .port_info 7 /INPUT 1 "axil_arvalid";
    .port_info 8 /OUTPUT 1 "accel_done";
    .port_info 9 /OUTPUT 6 "sram_a_addr";
    .port_info 10 /OUTPUT 1 "sram_a_ren";
    .port_info 11 /INPUT 8 "sram_a_rdata";
    .port_info 12 /OUTPUT 6 "sram_b_addr";
    .port_info 13 /OUTPUT 1 "sram_b_ren";
    .port_info 14 /INPUT 8 "sram_b_rdata";
    .port_info 15 /OUTPUT 3 "sram_c_addr";
    .port_info 16 /OUTPUT 1 "sram_c_wen";
    .port_info 17 /OUTPUT 32 "sram_c_wdata";
P_0x5a85406e6300 .param/l "ACC_W" 0 5 6, +C4<00000000000000000000000000100000>;
P_0x5a85406e6340 .param/l "COLS" 0 5 8, +C4<00000000000000000000000000001000>;
P_0x5a85406e6380 .param/l "COMPUTE" 1 5 94, C4<1000>;
P_0x5a85406e63c0 .param/l "DATA_W" 0 5 5, +C4<00000000000000000000000000001000>;
P_0x5a85406e6400 .param/l "DONE" 1 5 95, C4<1001>;
P_0x5a85406e6440 .param/l "IDLE" 1 5 86, C4<0000>;
P_0x5a85406e6480 .param/l "LOAD_A_LAT" 1 5 93, C4<0111>;
P_0x5a85406e64c0 .param/l "LOAD_A_REQ" 1 5 91, C4<0101>;
P_0x5a85406e6500 .param/l "LOAD_A_WAIT" 1 5 92, C4<0110>;
P_0x5a85406e6540 .param/l "LOAD_W_FIRE" 1 5 90, C4<0100>;
P_0x5a85406e6580 .param/l "LOAD_W_LAT" 1 5 89, C4<0011>;
P_0x5a85406e65c0 .param/l "LOAD_W_REQ" 1 5 87, C4<0001>;
P_0x5a85406e6600 .param/l "LOAD_W_WAIT" 1 5 88, C4<0010>;
P_0x5a85406e6640 .param/l "ROWS" 0 5 7, +C4<00000000000000000000000000001000>;
L_0x5a8540919250 .functor AND 1, L_0x5a8540919050, L_0x5a8540919120, C4<1>, C4<1>;
v0x5a85408ecb60_0 .net *"_ivl_35", 0 0, L_0x5a8540919050;  1 drivers
v0x5a85408ecc60_0 .net *"_ivl_37", 0 0, L_0x5a8540919120;  1 drivers
v0x5a85408ecd20_0 .var "accel_done", 0 0;
v0x5a85408ecdf0 .array "act_buf", 7 0, 7 0;
v0x5a85408eceb0 .array "act_in_arr", 7 0, 7 0;
v0x5a85408ed0c0_0 .net "act_in_flat", 63 0, L_0x5a85408f2a20;  1 drivers
v0x5a85408ed180_0 .net "axil_araddr", 0 0, v0x5a85408f1af0_0;  alias, 1 drivers
v0x5a85408ed220_0 .net "axil_arvalid", 0 0, v0x5a85408f1c00_0;  alias, 1 drivers
v0x5a85408ed2e0_0 .net "axil_awaddr", 31 0, v0x5a85408f1cf0_0;  alias, 1 drivers
v0x5a85408ed450_0 .net "axil_awvalid", 0 0, v0x5a85408f1de0_0;  alias, 1 drivers
v0x5a85408ed510_0 .net "axil_wdata", 31 0, v0x5a85408f1f20_0;  alias, 1 drivers
v0x5a85408ed5f0_0 .net "axil_wvalid", 0 0, v0x5a85408f2010_0;  alias, 1 drivers
v0x5a85408ed6b0_0 .net "clk", 0 0, v0x5a85408f2100_0;  alias, 1 drivers
v0x5a85408ed750_0 .var "col_cnt", 3 0;
v0x5a85408ed830_0 .var "compute_cnt", 4 0;
v0x5a85408ed910_0 .var/i "k", 31 0;
v0x5a85408ed9f0_0 .var "latch_col", 3 0;
v0x5a85408edad0_0 .var "latch_row", 3 0;
v0x5a85408edbb0_0 .net "mmul_kick", 0 0, L_0x5a8540919250;  1 drivers
v0x5a85408edc70_0 .var "mmul_prev", 0 0;
v0x5a85408edd30_0 .net "psum_out_w", 255 0, L_0x5a85408f4c00;  1 drivers
v0x5a85408ede20_0 .var "reg_mload", 31 0;
v0x5a85408edee0_0 .var "reg_mmul", 31 0;
v0x5a85408edfc0_0 .var "reg_mstore", 31 0;
v0x5a85408ee0a0_0 .var "reg_status", 31 0;
v0x5a85408ee180_0 .var "row_cnt", 3 0;
v0x5a85408ee260_0 .net "rst_n", 0 0, v0x5a85408f21a0_0;  alias, 1 drivers
v0x5a85408ee300_0 .var "sram_a_addr", 5 0;
v0x5a85408ee3e0_0 .net "sram_a_rdata", 7 0, v0x5a85408efb20_0;  alias, 1 drivers
v0x5a85408ee4c0_0 .var "sram_a_ren", 0 0;
v0x5a85408ee580_0 .var "sram_b_addr", 5 0;
v0x5a85408ee660_0 .net "sram_b_rdata", 7 0, v0x5a85408eff70_0;  alias, 1 drivers
v0x5a85408ee740_0 .var "sram_b_ren", 0 0;
v0x5a85408ee800_0 .var "sram_c_addr", 2 0;
v0x5a85408ee8e0_0 .var "sram_c_wdata", 31 0;
v0x5a85408ee9c0_0 .var "sram_c_wen", 0 0;
v0x5a85408eea80_0 .var "state", 3 0;
v0x5a85408eeb60 .array "weight_data_arr", 7 0, 7 0;
v0x5a85408eed20_0 .net "weight_data_flat", 63 0, L_0x5a85408f22a0;  1 drivers
v0x5a85408eee10_0 .var "weight_load", 0 0;
v0x5a85408eef00_0 .var "weight_row", 2 0;
E_0x5a85406f5820/0 .event negedge, v0x5a854081efc0_0;
E_0x5a85406f5820/1 .event posedge, v0x5a85408220a0_0;
E_0x5a85406f5820 .event/or E_0x5a85406f5820/0, E_0x5a85406f5820/1;
v0x5a85408eeb60_0 .array/port v0x5a85408eeb60, 0;
v0x5a85408eeb60_1 .array/port v0x5a85408eeb60, 1;
v0x5a85408eeb60_2 .array/port v0x5a85408eeb60, 2;
v0x5a85408eeb60_3 .array/port v0x5a85408eeb60, 3;
LS_0x5a85408f22a0_0_0 .concat8 [ 8 8 8 8], v0x5a85408eeb60_0, v0x5a85408eeb60_1, v0x5a85408eeb60_2, v0x5a85408eeb60_3;
v0x5a85408eeb60_4 .array/port v0x5a85408eeb60, 4;
v0x5a85408eeb60_5 .array/port v0x5a85408eeb60, 5;
v0x5a85408eeb60_6 .array/port v0x5a85408eeb60, 6;
v0x5a85408eeb60_7 .array/port v0x5a85408eeb60, 7;
LS_0x5a85408f22a0_0_4 .concat8 [ 8 8 8 8], v0x5a85408eeb60_4, v0x5a85408eeb60_5, v0x5a85408eeb60_6, v0x5a85408eeb60_7;
L_0x5a85408f22a0 .concat8 [ 32 32 0 0], LS_0x5a85408f22a0_0_0, LS_0x5a85408f22a0_0_4;
v0x5a85408eceb0_0 .array/port v0x5a85408eceb0, 0;
v0x5a85408eceb0_1 .array/port v0x5a85408eceb0, 1;
v0x5a85408eceb0_2 .array/port v0x5a85408eceb0, 2;
v0x5a85408eceb0_3 .array/port v0x5a85408eceb0, 3;
LS_0x5a85408f2a20_0_0 .concat8 [ 8 8 8 8], v0x5a85408eceb0_0, v0x5a85408eceb0_1, v0x5a85408eceb0_2, v0x5a85408eceb0_3;
v0x5a85408eceb0_4 .array/port v0x5a85408eceb0, 4;
v0x5a85408eceb0_5 .array/port v0x5a85408eceb0, 5;
v0x5a85408eceb0_6 .array/port v0x5a85408eceb0, 6;
v0x5a85408eceb0_7 .array/port v0x5a85408eceb0, 7;
LS_0x5a85408f2a20_0_4 .concat8 [ 8 8 8 8], v0x5a85408eceb0_4, v0x5a85408eceb0_5, v0x5a85408eceb0_6, v0x5a85408eceb0_7;
L_0x5a85408f2a20 .concat8 [ 32 32 0 0], LS_0x5a85408f2a20_0_0, LS_0x5a85408f2a20_0_4;
L_0x5a8540919050 .part v0x5a85408edee0_0, 0, 1;
L_0x5a8540919120 .reduce/nor v0x5a85408edc70_0;
S_0x5a854086a780 .scope generate, "pack_a[0]" "pack_a[0]" 5 57, 5 57 0, S_0x5a85408676a0;
 .timescale -9 -12;
P_0x5a85408897d0 .param/l "gi" 1 5 57, +C4<00>;
v0x5a8540886d80_0 .net *"_ivl_2", 7 0, v0x5a85408eceb0_0;  1 drivers
S_0x5a854086d860 .scope generate, "pack_a[1]" "pack_a[1]" 5 57, 5 57 0, S_0x5a85408676a0;
 .timescale -9 -12;
P_0x5a8540886680 .param/l "gi" 1 5 57, +C4<01>;
v0x5a8540886720_0 .net *"_ivl_2", 7 0, v0x5a85408eceb0_1;  1 drivers
S_0x5a8540855160 .scope generate, "pack_a[2]" "pack_a[2]" 5 57, 5 57 0, S_0x5a85408676a0;
 .timescale -9 -12;
P_0x5a8540883d60 .param/l "gi" 1 5 57, +C4<010>;
v0x5a85408835c0_0 .net *"_ivl_2", 7 0, v0x5a85408eceb0_2;  1 drivers
S_0x5a85408337c0 .scope generate, "pack_a[3]" "pack_a[3]" 5 57, 5 57 0, S_0x5a85408676a0;
 .timescale -9 -12;
P_0x5a85407d8bc0 .param/l "gi" 1 5 57, +C4<011>;
v0x5a8540880bc0_0 .net *"_ivl_2", 7 0, v0x5a85408eceb0_3;  1 drivers
S_0x5a85408368a0 .scope generate, "pack_a[4]" "pack_a[4]" 5 57, 5 57 0, S_0x5a85408676a0;
 .timescale -9 -12;
P_0x5a85408804c0 .param/l "gi" 1 5 57, +C4<0100>;
v0x5a854087dae0_0 .net *"_ivl_2", 7 0, v0x5a85408eceb0_4;  1 drivers
S_0x5a8540839980 .scope generate, "pack_a[5]" "pack_a[5]" 5 57, 5 57 0, S_0x5a85408676a0;
 .timescale -9 -12;
P_0x5a85408805a0 .param/l "gi" 1 5 57, +C4<0101>;
v0x5a854087d470_0 .net *"_ivl_2", 7 0, v0x5a85408eceb0_5;  1 drivers
S_0x5a854083ca60 .scope generate, "pack_a[6]" "pack_a[6]" 5 57, 5 57 0, S_0x5a85408676a0;
 .timescale -9 -12;
P_0x5a854087aa70 .param/l "gi" 1 5 57, +C4<0110>;
v0x5a854087a300_0 .net *"_ivl_2", 7 0, v0x5a85408eceb0_6;  1 drivers
S_0x5a854084bec0 .scope generate, "pack_a[7]" "pack_a[7]" 5 57, 5 57 0, S_0x5a85408676a0;
 .timescale -9 -12;
P_0x5a8540877920 .param/l "gi" 1 5 57, +C4<0111>;
v0x5a8540877220_0 .net *"_ivl_2", 7 0, v0x5a85408eceb0_7;  1 drivers
S_0x5a854084efa0 .scope generate, "pack_w[0]" "pack_w[0]" 5 54, 5 54 0, S_0x5a85408676a0;
 .timescale -9 -12;
P_0x5a8540877a00 .param/l "gi" 1 5 54, +C4<00>;
v0x5a85408748d0_0 .net *"_ivl_2", 7 0, v0x5a85408eeb60_0;  1 drivers
S_0x5a8540852080 .scope generate, "pack_w[1]" "pack_w[1]" 5 54, 5 54 0, S_0x5a85408676a0;
 .timescale -9 -12;
P_0x5a85408741b0 .param/l "gi" 1 5 54, +C4<01>;
v0x5a8540871760_0 .net *"_ivl_2", 7 0, v0x5a85408eeb60_1;  1 drivers
S_0x5a8540824360 .scope generate, "pack_w[2]" "pack_w[2]" 5 54, 5 54 0, S_0x5a85408676a0;
 .timescale -9 -12;
P_0x5a8540871060 .param/l "gi" 1 5 54, +C4<010>;
v0x5a854086e680_0 .net *"_ivl_2", 7 0, v0x5a85408eeb60_2;  1 drivers
S_0x5a85408029c0 .scope generate, "pack_w[3]" "pack_w[3]" 5 54, 5 54 0, S_0x5a85408676a0;
 .timescale -9 -12;
P_0x5a8540871140 .param/l "gi" 1 5 54, +C4<011>;
v0x5a854086e010_0 .net *"_ivl_2", 7 0, v0x5a85408eeb60_3;  1 drivers
S_0x5a8540805aa0 .scope generate, "pack_w[4]" "pack_w[4]" 5 54, 5 54 0, S_0x5a85408676a0;
 .timescale -9 -12;
P_0x5a854086b610 .param/l "gi" 1 5 54, +C4<0100>;
v0x5a854086aea0_0 .net *"_ivl_2", 7 0, v0x5a85408eeb60_4;  1 drivers
S_0x5a8540808b80 .scope generate, "pack_w[5]" "pack_w[5]" 5 54, 5 54 0, S_0x5a85408676a0;
 .timescale -9 -12;
P_0x5a85408684c0 .param/l "gi" 1 5 54, +C4<0101>;
v0x5a8540867dc0_0 .net *"_ivl_2", 7 0, v0x5a85408eeb60_5;  1 drivers
S_0x5a854080bc60 .scope generate, "pack_w[6]" "pack_w[6]" 5 54, 5 54 0, S_0x5a85408676a0;
 .timescale -9 -12;
P_0x5a85408685a0 .param/l "gi" 1 5 54, +C4<0110>;
v0x5a8540865470_0 .net *"_ivl_2", 7 0, v0x5a85408eeb60_6;  1 drivers
S_0x5a854081b0c0 .scope generate, "pack_w[7]" "pack_w[7]" 5 54, 5 54 0, S_0x5a85408676a0;
 .timescale -9 -12;
P_0x5a8540864d50 .param/l "gi" 1 5 54, +C4<0111>;
v0x5a8540862300_0 .net *"_ivl_2", 7 0, v0x5a85408eeb60_7;  1 drivers
S_0x5a854081e1a0 .scope module, "u_systolic" "systolic_array_wrap" 5 65, 6 6 0, S_0x5a85408676a0;
 .timescale -9 -12;
    .port_info 0 /INPUT 1 "clk";
    .port_info 1 /INPUT 1 "rst_n";
    .port_info 2 /INPUT 1 "weight_load";
    .port_info 3 /INPUT 3 "weight_row";
    .port_info 4 /INPUT 64 "weight_data_flat";
    .port_info 5 /INPUT 64 "act_in_flat";
    .port_info 6 /OUTPUT 256 "psum_out_flat";
P_0x5a8540861c00 .param/l "ACC_W" 0 6 10, +C4<00000000000000000000000000100000>;
P_0x5a8540861c40 .param/l "COLS" 0 6 8, +C4<00000000000000000000000000001000>;
P_0x5a8540861c80 .param/l "DATA_W" 0 6 9, +C4<00000000000000000000000000001000>;
P_0x5a8540861cc0 .param/l "ROWS" 0 6 7, +C4<00000000000000000000000000001000>;
v0x5a85408ec230_0 .net "act_in_2d", 63 0, L_0x5a85408f4040;  1 drivers
v0x5a85408ec350_0 .net "act_in_flat", 63 0, L_0x5a85408f2a20;  alias, 1 drivers
v0x5a85408ec410_0 .net "clk", 0 0, v0x5a85408f2100_0;  alias, 1 drivers
v0x5a85408ec4e0_0 .net "psum_out_2d", 255 0, v0x5a85408e76b0_0;  1 drivers
v0x5a85408ec5e0_0 .net "psum_out_flat", 255 0, L_0x5a85408f4c00;  alias, 1 drivers
v0x5a85408ec6d0_0 .net "rst_n", 0 0, v0x5a85408f21a0_0;  alias, 1 drivers
v0x5a85408ec770_0 .net "weight_data_2d", 63 0, L_0x5a85408f3490;  1 drivers
v0x5a85408ec840_0 .net "weight_data_flat", 63 0, L_0x5a85408f22a0;  alias, 1 drivers
v0x5a85408ec900_0 .net "weight_load", 0 0, v0x5a85408eee10_0;  1 drivers
v0x5a85408ec9d0_0 .net "weight_row", 2 0, v0x5a85408eef00_0;  1 drivers
L_0x5a85408f2e50 .part L_0x5a85408f22a0, 0, 8;
L_0x5a85408f2ef0 .part L_0x5a85408f22a0, 8, 8;
L_0x5a85408f3020 .part L_0x5a85408f22a0, 16, 8;
L_0x5a85408f30c0 .part L_0x5a85408f22a0, 24, 8;
L_0x5a85408f3160 .part L_0x5a85408f22a0, 32, 8;
L_0x5a85408f3200 .part L_0x5a85408f22a0, 40, 8;
L_0x5a85408f33f0 .part L_0x5a85408f22a0, 48, 8;
LS_0x5a85408f3490_0_0 .concat8 [ 8 8 8 8], L_0x5a85408f2e50, L_0x5a85408f2ef0, L_0x5a85408f3020, L_0x5a85408f30c0;
LS_0x5a85408f3490_0_4 .concat8 [ 8 8 8 8], L_0x5a85408f3160, L_0x5a85408f3200, L_0x5a85408f33f0, L_0x5a85408f3800;
L_0x5a85408f3490 .concat8 [ 32 32 0 0], LS_0x5a85408f3490_0_0, LS_0x5a85408f3490_0_4;
L_0x5a85408f3800 .part L_0x5a85408f22a0, 56, 8;
L_0x5a85408f38f0 .part L_0x5a85408f2a20, 0, 8;
L_0x5a85408f39f0 .part L_0x5a85408f2a20, 8, 8;
L_0x5a85408f3a90 .part L_0x5a85408f2a20, 16, 8;
L_0x5a85408f3ba0 .part L_0x5a85408f2a20, 24, 8;
L_0x5a85408f3c40 .part L_0x5a85408f2a20, 32, 8;
L_0x5a85408f3d60 .part L_0x5a85408f2a20, 40, 8;
L_0x5a85408f3f10 .part L_0x5a85408f2a20, 48, 8;
LS_0x5a85408f4040_0_0 .concat8 [ 8 8 8 8], L_0x5a85408f38f0, L_0x5a85408f39f0, L_0x5a85408f3a90, L_0x5a85408f3ba0;
LS_0x5a85408f4040_0_4 .concat8 [ 8 8 8 8], L_0x5a85408f3c40, L_0x5a85408f3d60, L_0x5a85408f3f10, L_0x5a85408f4310;
L_0x5a85408f4040 .concat8 [ 32 32 0 0], LS_0x5a85408f4040_0_0, LS_0x5a85408f4040_0_4;
L_0x5a85408f4310 .part L_0x5a85408f2a20, 56, 8;
L_0x5a85408f44a0 .part v0x5a85408e76b0_0, 0, 32;
L_0x5a85408f4590 .part v0x5a85408e76b0_0, 32, 32;
L_0x5a85408f4400 .part v0x5a85408e76b0_0, 64, 32;
L_0x5a85408f46e0 .part v0x5a85408e76b0_0, 96, 32;
L_0x5a85408f4840 .part v0x5a85408e76b0_0, 128, 32;
L_0x5a85408f48e0 .part v0x5a85408e76b0_0, 160, 32;
L_0x5a85408f4a50 .part v0x5a85408e76b0_0, 192, 32;
LS_0x5a85408f4c00_0_0 .concat8 [ 32 32 32 32], L_0x5a85408f44a0, L_0x5a85408f4590, L_0x5a85408f4400, L_0x5a85408f46e0;
LS_0x5a85408f4c00_0_4 .concat8 [ 32 32 32 32], L_0x5a85408f4840, L_0x5a85408f48e0, L_0x5a85408f4a50, L_0x5a85408f5000;
L_0x5a85408f4c00 .concat8 [ 128 128 0 0], LS_0x5a85408f4c00_0_0, LS_0x5a85408f4c00_0_4;
L_0x5a85408f5000 .part v0x5a85408e76b0_0, 224, 32;
S_0x5a8540821280 .scope generate, "pack_p[0]" "pack_p[0]" 6 34, 6 34 0, S_0x5a854081e1a0;
 .timescale -9 -12;
P_0x5a854085c140 .param/l "i" 1 6 34, +C4<00>;
v0x5a854085c200_0 .net *"_ivl_0", 31 0, L_0x5a85408f44a0;  1 drivers
S_0x5a85407f3560 .scope generate, "pack_p[1]" "pack_p[1]" 6 34, 6 34 0, S_0x5a854081e1a0;
 .timescale -9 -12;
P_0x5a854085bb10 .param/l "i" 1 6 34, +C4<01>;
v0x5a85408590d0_0 .net *"_ivl_0", 31 0, L_0x5a85408f4590;  1 drivers
S_0x5a854089fb90 .scope generate, "pack_p[2]" "pack_p[2]" 6 34, 6 34 0, S_0x5a854081e1a0;
 .timescale -9 -12;
P_0x5a8540858a00 .param/l "i" 1 6 34, +C4<010>;
v0x5a8540855f80_0 .net *"_ivl_0", 31 0, L_0x5a85408f4400;  1 drivers
S_0x5a8540891f30 .scope generate, "pack_p[3]" "pack_p[3]" 6 34, 6 34 0, S_0x5a854081e1a0;
 .timescale -9 -12;
P_0x5a8540855880 .param/l "i" 1 6 34, +C4<011>;
v0x5a8540852ea0_0 .net *"_ivl_0", 31 0, L_0x5a85408f46e0;  1 drivers
S_0x5a854088ee50 .scope generate, "pack_p[4]" "pack_p[4]" 6 34, 6 34 0, S_0x5a854081e1a0;
 .timescale -9 -12;
P_0x5a85408527a0 .param/l "i" 1 6 34, +C4<0100>;
v0x5a854084fdc0_0 .net *"_ivl_0", 31 0, L_0x5a85408f4840;  1 drivers
S_0x5a854088bd70 .scope generate, "pack_p[5]" "pack_p[5]" 6 34, 6 34 0, S_0x5a854081e1a0;
 .timescale -9 -12;
P_0x5a854084fea0 .param/l "i" 1 6 34, +C4<0101>;
v0x5a854084f750_0 .net *"_ivl_0", 31 0, L_0x5a85408f48e0;  1 drivers
S_0x5a8540888c90 .scope generate, "pack_p[6]" "pack_p[6]" 6 34, 6 34 0, S_0x5a854081e1a0;
 .timescale -9 -12;
P_0x5a854084cd30 .param/l "i" 1 6 34, +C4<0110>;
v0x5a854084c5e0_0 .net *"_ivl_0", 31 0, L_0x5a85408f4a50;  1 drivers
S_0x5a8540885bb0 .scope generate, "pack_p[7]" "pack_p[7]" 6 34, 6 34 0, S_0x5a854081e1a0;
 .timescale -9 -12;
P_0x5a8540849c00 .param/l "i" 1 6 34, +C4<0111>;
v0x5a8540849500_0 .net *"_ivl_0", 31 0, L_0x5a85408f5000;  1 drivers
S_0x5a8540882ad0 .scope module, "u_sys" "systolic_array" 6 44, 7 43 0, S_0x5a854081e1a0;
 .timescale -9 -12;
    .port_info 0 /INPUT 1 "clk";
    .port_info 1 /INPUT 1 "rst_n";
    .port_info 2 /INPUT 1 "weight_load";
    .port_info 3 /INPUT 3 "weight_row";
    .port_info 4 /INPUT 64 "weight_data";
    .port_info 5 /INPUT 64 "act_in";
    .port_info 6 /OUTPUT 256 "psum_out";
P_0x5a8540846b20 .param/l "ACC_W" 0 7 47, +C4<00000000000000000000000000100000>;
P_0x5a8540846b60 .param/l "COLS" 0 7 45, +C4<00000000000000000000000000001000>;
P_0x5a8540846ba0 .param/l "DATA_W" 0 7 46, +C4<00000000000000000000000000001000>;
P_0x5a8540846be0 .param/l "ROWS" 0 7 44, +C4<00000000000000000000000000001000>;
L_0x779106270418 .functor BUFT 1, C4<0000000000000000000000000000000000000000000000000000000000000000000000000000000000000000000000000000000000000000000000000000000000000000000000000000000000000000000000000000000000000000000000000000000000000000000000000000000000000000000000000000000000000000>, C4<0>, C4<0>, C4<0>;
v0x5a85408e6990_0 .net/2u *"_ivl_476", 255 0, L_0x779106270418;  1 drivers
v0x5a85408e6a90_0 .net "act_h", 575 0, L_0x5a85409173f0;  1 drivers
v0x5a85408e6b50_0 .net "act_in", 63 0, L_0x5a85408f4040;  alias, 1 drivers
v0x5a85408e6c50_0 .var "act_s1", 63 0;
v0x5a85408e6d40_0 .var "act_s2", 63 0;
v0x5a85408e6e00_0 .net "clk", 0 0, v0x5a85408f2100_0;  alias, 1 drivers
v0x5a85408e76b0_0 .var "psum_out", 255 0;
v0x5a85408e77a0_0 .var "psum_s11", 255 0;
v0x5a85408e7890_0 .net "psum_v", 2303 0, L_0x5a8540917660;  1 drivers
v0x5a85408e7a20_0 .net "rst_n", 0 0, v0x5a85408f21a0_0;  alias, 1 drivers
v0x5a85408e82d0_0 .net "weight_data", 63 0, L_0x5a85408f3490;  alias, 1 drivers
v0x5a85408e83c0_0 .net "weight_load", 0 0, v0x5a85408eee10_0;  alias, 1 drivers
v0x5a85408e8480_0 .net "weight_row", 2 0, v0x5a85408eef00_0;  alias, 1 drivers
L_0x5a85408f50f0 .part v0x5a85408e6d40_0, 0, 8;
L_0x5a85408f5190 .part v0x5a85408e6d40_0, 8, 8;
L_0x5a85408f5280 .part v0x5a85408e6d40_0, 16, 8;
L_0x5a85408f5320 .part v0x5a85408e6d40_0, 24, 8;
L_0x5a85408f53c0 .part v0x5a85408e6d40_0, 32, 8;
L_0x5a85408f5460 .part v0x5a85408e6d40_0, 40, 8;
L_0x5a85408f5540 .part v0x5a85408e6d40_0, 48, 8;
L_0x5a85408f55e0 .part v0x5a85408e6d40_0, 56, 8;
L_0x5a85408f59c0 .part L_0x5a85408f3490, 0, 8;
L_0x5a85408f5a60 .part L_0x5a85409173f0, 0, 8;
L_0x5a85408f5b60 .part L_0x5a8540917660, 0, 32;
L_0x5a85408f5e00 .part L_0x5a85408f3490, 8, 8;
L_0x5a85408f5fa0 .part L_0x5a85409173f0, 8, 8;
L_0x5a85408f6040 .part L_0x5a8540917660, 32, 32;
L_0x5a85408f64b0 .part L_0x5a85408f3490, 16, 8;
L_0x5a85408f6550 .part L_0x5a85409173f0, 16, 8;
L_0x5a85408f6680 .part L_0x5a8540917660, 64, 32;
L_0x5a85408f6ad0 .part L_0x5a85408f3490, 24, 8;
L_0x5a85408f6c10 .part L_0x5a85409173f0, 24, 8;
L_0x5a85408f6cb0 .part L_0x5a8540917660, 96, 32;
L_0x5a85408f7080 .part L_0x5a85408f3490, 32, 8;
L_0x5a85408f7120 .part L_0x5a85409173f0, 32, 8;
L_0x5a85408f7280 .part L_0x5a8540917660, 128, 32;
L_0x5a85408f78c0 .part L_0x5a85408f3490, 40, 8;
L_0x5a85408f7b40 .part L_0x5a85409173f0, 40, 8;
L_0x5a85408f7be0 .part L_0x5a8540917660, 160, 32;
L_0x5a85408f80e0 .part L_0x5a85408f3490, 48, 8;
L_0x5a85408f8180 .part L_0x5a85409173f0, 48, 8;
L_0x5a85408f8310 .part L_0x5a8540917660, 192, 32;
L_0x5a85408f8760 .part L_0x5a85408f3490, 56, 8;
L_0x5a85408f8900 .part L_0x5a85409173f0, 56, 8;
L_0x5a85408f8ab0 .part L_0x5a8540917660, 224, 32;
L_0x5a85408f9230 .part L_0x5a85408f3490, 0, 8;
L_0x5a85408f92d0 .part L_0x5a85409173f0, 72, 8;
L_0x5a85408f9490 .part L_0x5a8540917660, 256, 32;
L_0x5a85408f98e0 .part L_0x5a85408f3490, 8, 8;
L_0x5a85408f9370 .part L_0x5a85409173f0, 80, 8;
L_0x5a85408f9ab0 .part L_0x5a8540917660, 288, 32;
L_0x5a85408f9fe0 .part L_0x5a85408f3490, 16, 8;
L_0x5a85408fa080 .part L_0x5a85409173f0, 88, 8;
L_0x5a85408fa270 .part L_0x5a8540917660, 320, 32;
L_0x5a85408fa6c0 .part L_0x5a85408f3490, 24, 8;
L_0x5a85408fa8c0 .part L_0x5a85409173f0, 96, 8;
L_0x5a85408fa960 .part L_0x5a8540917660, 352, 32;
L_0x5a85408faf20 .part L_0x5a85408f3490, 32, 8;
L_0x5a85408fafc0 .part L_0x5a85409173f0, 104, 8;
L_0x5a85408fb1e0 .part L_0x5a8540917660, 384, 32;
L_0x5a85408fb840 .part L_0x5a85408f3490, 40, 8;
L_0x5a85408fbc80 .part L_0x5a85409173f0, 112, 8;
L_0x5a85408fbd20 .part L_0x5a8540917660, 416, 32;
L_0x5a85408fc310 .part L_0x5a85408f3490, 48, 8;
L_0x5a85408fc3b0 .part L_0x5a85409173f0, 120, 8;
L_0x5a85408fc600 .part L_0x5a8540917660, 448, 32;
L_0x5a85408fca50 .part L_0x5a85408f3490, 56, 8;
L_0x5a85408fccb0 .part L_0x5a85409173f0, 128, 8;
L_0x5a85408fcf60 .part L_0x5a8540917660, 480, 32;
L_0x5a85408fd9a0 .part L_0x5a85408f3490, 0, 8;
L_0x5a85408fda40 .part L_0x5a85409173f0, 144, 8;
L_0x5a85408fdcc0 .part L_0x5a8540917660, 512, 32;
L_0x5a85408fe110 .part L_0x5a85408f3490, 8, 8;
L_0x5a85408fe3a0 .part L_0x5a85409173f0, 152, 8;
L_0x5a85408fe440 .part L_0x5a8540917660, 544, 32;
L_0x5a85408fea90 .part L_0x5a85408f3490, 16, 8;
L_0x5a85408feb30 .part L_0x5a85409173f0, 160, 8;
L_0x5a85408fede0 .part L_0x5a8540917660, 576, 32;
L_0x5a85408ff230 .part L_0x5a85408f3490, 24, 8;
L_0x5a85408ff4f0 .part L_0x5a85409173f0, 168, 8;
L_0x5a85408ff590 .part L_0x5a8540917660, 608, 32;
L_0x5a85408ffc10 .part L_0x5a85408f3490, 32, 8;
L_0x5a85408ffcb0 .part L_0x5a85409173f0, 176, 8;
L_0x5a85408fff90 .part L_0x5a8540917660, 640, 32;
L_0x5a85409003e0 .part L_0x5a85408f3490, 40, 8;
L_0x5a85409006d0 .part L_0x5a85409173f0, 184, 8;
L_0x5a8540900770 .part L_0x5a8540917660, 672, 32;
L_0x5a8540900e20 .part L_0x5a85408f3490, 48, 8;
L_0x5a8540900ec0 .part L_0x5a85409173f0, 192, 8;
L_0x5a85409011d0 .part L_0x5a8540917660, 704, 32;
L_0x5a8540901620 .part L_0x5a85408f3490, 56, 8;
L_0x5a8540901940 .part L_0x5a85409173f0, 200, 8;
L_0x5a85409019e0 .part L_0x5a8540917660, 736, 32;
L_0x5a85409020c0 .part L_0x5a85408f3490, 0, 8;
L_0x5a8540902160 .part L_0x5a85409173f0, 216, 8;
L_0x5a85409024a0 .part L_0x5a8540917660, 768, 32;
L_0x5a85409028f0 .part L_0x5a85408f3490, 8, 8;
L_0x5a8540902c40 .part L_0x5a85409173f0, 224, 8;
L_0x5a8540902ce0 .part L_0x5a8540917660, 800, 32;
L_0x5a85409033f0 .part L_0x5a85408f3490, 16, 8;
L_0x5a8540903490 .part L_0x5a85409173f0, 232, 8;
L_0x5a8540903800 .part L_0x5a8540917660, 832, 32;
L_0x5a8540903c50 .part L_0x5a85408f3490, 24, 8;
L_0x5a8540903fd0 .part L_0x5a85409173f0, 240, 8;
L_0x5a8540904070 .part L_0x5a8540917660, 864, 32;
L_0x5a85409047b0 .part L_0x5a85408f3490, 32, 8;
L_0x5a8540904850 .part L_0x5a85409173f0, 248, 8;
L_0x5a8540904bf0 .part L_0x5a8540917660, 896, 32;
L_0x5a8540905040 .part L_0x5a85408f3490, 40, 8;
L_0x5a8540905800 .part L_0x5a85409173f0, 256, 8;
L_0x5a85409058a0 .part L_0x5a8540917660, 928, 32;
L_0x5a8540905f80 .part L_0x5a85408f3490, 48, 8;
L_0x5a8540906020 .part L_0x5a85409173f0, 264, 8;
L_0x5a85409063f0 .part L_0x5a8540917660, 960, 32;
L_0x5a8540906840 .part L_0x5a85408f3490, 56, 8;
L_0x5a8540906c20 .part L_0x5a85409173f0, 272, 8;
L_0x5a85409070d0 .part L_0x5a8540917660, 992, 32;
L_0x5a8540908090 .part L_0x5a85408f3490, 0, 8;
L_0x5a8540908130 .part L_0x5a85409173f0, 288, 8;
L_0x5a8540908530 .part L_0x5a8540917660, 1024, 32;
L_0x5a8540908980 .part L_0x5a85408f3490, 8, 8;
L_0x5a8540908d90 .part L_0x5a85409173f0, 296, 8;
L_0x5a8540908e30 .part L_0x5a8540917660, 1056, 32;
L_0x5a8540909600 .part L_0x5a85408f3490, 16, 8;
L_0x5a85409096a0 .part L_0x5a85409173f0, 304, 8;
L_0x5a8540909ad0 .part L_0x5a8540917660, 1088, 32;
L_0x5a8540909f20 .part L_0x5a85408f3490, 24, 8;
L_0x5a854090a360 .part L_0x5a85409173f0, 312, 8;
L_0x5a854090a400 .part L_0x5a8540917660, 1120, 32;
L_0x5a854090ac00 .part L_0x5a85408f3490, 32, 8;
L_0x5a854090aca0 .part L_0x5a85409173f0, 320, 8;
L_0x5a854090b100 .part L_0x5a8540917660, 1152, 32;
L_0x5a854090b550 .part L_0x5a85408f3490, 40, 8;
L_0x5a854090b9c0 .part L_0x5a85409173f0, 328, 8;
L_0x5a854090ba60 .part L_0x5a8540917660, 1184, 32;
L_0x5a854090c290 .part L_0x5a85408f3490, 48, 8;
L_0x5a854090c330 .part L_0x5a85409173f0, 336, 8;
L_0x5a854090c7c0 .part L_0x5a8540917660, 1216, 32;
L_0x5a854090cc10 .part L_0x5a85408f3490, 56, 8;
L_0x5a854090d0b0 .part L_0x5a85409173f0, 344, 8;
L_0x5a854090d150 .part L_0x5a8540917660, 1248, 32;
L_0x5a854090d9b0 .part L_0x5a85408f3490, 0, 8;
L_0x5a854090da50 .part L_0x5a85409173f0, 360, 8;
L_0x5a854090df10 .part L_0x5a8540917660, 1280, 32;
L_0x5a854090e360 .part L_0x5a85408f3490, 8, 8;
L_0x5a854090daf0 .part L_0x5a85409173f0, 368, 8;
L_0x5a854090db90 .part L_0x5a8540917660, 1312, 32;
L_0x5a854090e950 .part L_0x5a85408f3490, 16, 8;
L_0x5a854090e9f0 .part L_0x5a85409173f0, 376, 8;
L_0x5a854090e400 .part L_0x5a8540917660, 1344, 32;
L_0x5a854090ef30 .part L_0x5a85408f3490, 24, 8;
L_0x5a854090ea90 .part L_0x5a85409173f0, 384, 8;
L_0x5a854090eb30 .part L_0x5a8540917660, 1376, 32;
L_0x5a854090f500 .part L_0x5a85408f3490, 32, 8;
L_0x5a854090f5a0 .part L_0x5a85409173f0, 392, 8;
L_0x5a854090efd0 .part L_0x5a8540917660, 1408, 32;
L_0x5a854090fac0 .part L_0x5a85408f3490, 40, 8;
L_0x5a854090f640 .part L_0x5a85409173f0, 400, 8;
L_0x5a854090f6e0 .part L_0x5a8540917660, 1440, 32;
L_0x5a8540910070 .part L_0x5a85408f3490, 48, 8;
L_0x5a8540910110 .part L_0x5a85409173f0, 408, 8;
L_0x5a854090fb60 .part L_0x5a8540917660, 1472, 32;
L_0x5a8540910660 .part L_0x5a85408f3490, 56, 8;
L_0x5a85409101b0 .part L_0x5a85409173f0, 416, 8;
L_0x5a8540910250 .part L_0x5a8540917660, 1504, 32;
L_0x5a8540910bd0 .part L_0x5a85408f3490, 0, 8;
L_0x5a8540910c70 .part L_0x5a85409173f0, 432, 8;
L_0x5a8540910700 .part L_0x5a8540917660, 1536, 32;
L_0x5a85409111f0 .part L_0x5a85408f3490, 8, 8;
L_0x5a8540910d10 .part L_0x5a85409173f0, 440, 8;
L_0x5a8540910db0 .part L_0x5a8540917660, 1568, 32;
L_0x5a8540911790 .part L_0x5a85408f3490, 16, 8;
L_0x5a8540911830 .part L_0x5a85409173f0, 448, 8;
L_0x5a8540911290 .part L_0x5a8540917660, 1600, 32;
L_0x5a85409116b0 .part L_0x5a85408f3490, 24, 8;
L_0x5a8540911df0 .part L_0x5a85409173f0, 456, 8;
L_0x5a8540911e90 .part L_0x5a8540917660, 1632, 32;
L_0x5a8540911c50 .part L_0x5a85408f3490, 32, 8;
L_0x5a8540911cf0 .part L_0x5a85409173f0, 464, 8;
L_0x5a8540912470 .part L_0x5a8540917660, 1664, 32;
L_0x5a8540912810 .part L_0x5a85408f3490, 40, 8;
L_0x5a8540911f30 .part L_0x5a85409173f0, 472, 8;
L_0x5a8540912000 .part L_0x5a8540917660, 1696, 32;
L_0x5a8540912e10 .part L_0x5a85408f3490, 48, 8;
L_0x5a8540912eb0 .part L_0x5a85409173f0, 480, 8;
L_0x5a85409128b0 .part L_0x5a8540917660, 1728, 32;
L_0x5a8540912d00 .part L_0x5a85408f3490, 56, 8;
L_0x5a85409134d0 .part L_0x5a85409173f0, 488, 8;
L_0x5a8540913570 .part L_0x5a8540917660, 1760, 32;
L_0x5a85409132d0 .part L_0x5a85408f3490, 0, 8;
L_0x5a8540913370 .part L_0x5a85409173f0, 504, 8;
L_0x5a8540913410 .part L_0x5a8540917660, 1792, 32;
L_0x5a8540913f30 .part L_0x5a85408f3490, 8, 8;
L_0x5a8540913610 .part L_0x5a85409173f0, 512, 8;
L_0x5a85409136b0 .part L_0x5a8540917660, 1824, 32;
L_0x5a8540913b00 .part L_0x5a85408f3490, 16, 8;
L_0x5a8540914590 .part L_0x5a85409173f0, 520, 8;
L_0x5a8540913fd0 .part L_0x5a8540917660, 1856, 32;
L_0x5a8540914420 .part L_0x5a85408f3490, 24, 8;
L_0x5a85409144c0 .part L_0x5a85409173f0, 528, 8;
L_0x5a8540914c10 .part L_0x5a8540917660, 1888, 32;
L_0x5a85409149b0 .part L_0x5a85408f3490, 32, 8;
L_0x5a8540914a50 .part L_0x5a85409173f0, 536, 8;
L_0x5a8540914af0 .part L_0x5a8540917660, 1920, 32;
L_0x5a8540916620 .part L_0x5a85408f3490, 40, 8;
L_0x5a8540914cb0 .part L_0x5a85409173f0, 544, 8;
L_0x5a8540914d50 .part L_0x5a8540917660, 1952, 32;
L_0x5a85409151a0 .part L_0x5a85408f3490, 48, 8;
L_0x5a85409174f0 .part L_0x5a85409173f0, 552, 8;
L_0x5a8540916ed0 .part L_0x5a8540917660, 1984, 32;
L_0x5a85409172b0 .part L_0x5a85408f3490, 56, 8;
L_0x5a8540917350 .part L_0x5a85409173f0, 560, 8;
LS_0x5a85409173f0_0_0 .concat8 [ 8 8 8 8], L_0x5a85408f50f0, v0x5a8540824a80_0, v0x5a8540812600_0, v0x5a85407fd620_0;
LS_0x5a85409173f0_0_4 .concat8 [ 8 8 8 8], v0x5a8540879bc0_0, v0x5a854083fbe0_0, v0x5a85407f66e0_0, v0x5a854082a250_0;
LS_0x5a85409173f0_0_8 .concat8 [ 8 8 8 8], v0x5a85408057d0_0, L_0x5a85408f5190, v0x5a85407daab0_0, v0x5a85407d53c0_0;
LS_0x5a85409173f0_0_12 .concat8 [ 8 8 8 8], v0x5a8540713600_0, v0x5a85406917f0_0, v0x5a85408a5380_0, v0x5a85408a6750_0;
LS_0x5a85409173f0_0_16 .concat8 [ 8 8 8 8], v0x5a85408a7b20_0, v0x5a85408a8ef0_0, L_0x5a85408f5280, v0x5a85408aa5a0_0;
LS_0x5a85409173f0_0_20 .concat8 [ 8 8 8 8], v0x5a85408abb80_0, v0x5a85408acf60_0, v0x5a85408ae330_0, v0x5a85408af720_0;
LS_0x5a85409173f0_0_24 .concat8 [ 8 8 8 8], v0x5a85408b0af0_0, v0x5a85408b1ec0_0, v0x5a85408b3290_0, L_0x5a85408f5320;
LS_0x5a85409173f0_0_28 .concat8 [ 8 8 8 8], v0x5a85408b4940_0, v0x5a85408b5d10_0, v0x5a85408b70f0_0, v0x5a85408b84c0_0;
LS_0x5a85409173f0_0_32 .concat8 [ 8 8 8 8], v0x5a85408b98b0_0, v0x5a85408bac80_0, v0x5a85408bc050_0, v0x5a85408bd420_0;
LS_0x5a85409173f0_0_36 .concat8 [ 8 8 8 8], L_0x5a85408f53c0, v0x5a85408bead0_0, v0x5a85408c02b0_0, v0x5a85408c1690_0;
LS_0x5a85409173f0_0_40 .concat8 [ 8 8 8 8], v0x5a85408c2a60_0, v0x5a85408c3e50_0, v0x5a85408c5220_0, v0x5a85408c65f0_0;
LS_0x5a85409173f0_0_44 .concat8 [ 8 8 8 8], v0x5a85408c79c0_0, L_0x5a85408f5460, v0x5a85408c9070_0, v0x5a85408ca440_0;
LS_0x5a85409173f0_0_48 .concat8 [ 8 8 8 8], v0x5a85408cb820_0, v0x5a85408ccbf0_0, v0x5a85408cdfe0_0, v0x5a85408cf3b0_0;
LS_0x5a85409173f0_0_52 .concat8 [ 8 8 8 8], v0x5a85408d0780_0, v0x5a85408d1b50_0, L_0x5a85408f5540, v0x5a85408d3200_0;
LS_0x5a85409173f0_0_56 .concat8 [ 8 8 8 8], v0x5a85408d45d0_0, v0x5a85408d59b0_0, v0x5a85408d6d80_0, v0x5a85408d8170_0;
LS_0x5a85409173f0_0_60 .concat8 [ 8 8 8 8], v0x5a85408d9540_0, v0x5a85408da910_0, v0x5a85408dbce0_0, L_0x5a85408f55e0;
LS_0x5a85409173f0_0_64 .concat8 [ 8 8 8 8], v0x5a85408dd390_0, v0x5a85408de760_0, v0x5a85408dfb40_0, v0x5a85408e0f10_0;
LS_0x5a85409173f0_0_68 .concat8 [ 8 8 8 8], v0x5a85408e2300_0, v0x5a85408e36d0_0, v0x5a85408e4aa0_0, v0x5a85408e5e70_0;
LS_0x5a85409173f0_1_0 .concat8 [ 32 32 32 32], LS_0x5a85409173f0_0_0, LS_0x5a85409173f0_0_4, LS_0x5a85409173f0_0_8, LS_0x5a85409173f0_0_12;
LS_0x5a85409173f0_1_4 .concat8 [ 32 32 32 32], LS_0x5a85409173f0_0_16, LS_0x5a85409173f0_0_20, LS_0x5a85409173f0_0_24, LS_0x5a85409173f0_0_28;
LS_0x5a85409173f0_1_8 .concat8 [ 32 32 32 32], LS_0x5a85409173f0_0_32, LS_0x5a85409173f0_0_36, LS_0x5a85409173f0_0_40, LS_0x5a85409173f0_0_44;
LS_0x5a85409173f0_1_12 .concat8 [ 32 32 32 32], LS_0x5a85409173f0_0_48, LS_0x5a85409173f0_0_52, LS_0x5a85409173f0_0_56, LS_0x5a85409173f0_0_60;
LS_0x5a85409173f0_1_16 .concat8 [ 32 32 0 0], LS_0x5a85409173f0_0_64, LS_0x5a85409173f0_0_68;
LS_0x5a85409173f0_2_0 .concat8 [ 128 128 128 128], LS_0x5a85409173f0_1_0, LS_0x5a85409173f0_1_4, LS_0x5a85409173f0_1_8, LS_0x5a85409173f0_1_12;
LS_0x5a85409173f0_2_4 .concat8 [ 64 0 0 0], LS_0x5a85409173f0_1_16;
L_0x5a85409173f0 .concat8 [ 512 64 0 0], LS_0x5a85409173f0_2_0, LS_0x5a85409173f0_2_4;
L_0x5a8540917590 .part L_0x5a8540917660, 2016, 32;
LS_0x5a8540917660_0_0 .concat8 [ 256 32 32 32], L_0x779106270418, v0x5a85408219a0_0, v0x5a854080ca80_0, v0x5a85407fa600_0;
LS_0x5a8540917660_0_4 .concat8 [ 32 32 32 32], v0x5a8540873a00_0, v0x5a854082d5e0_0, v0x5a85407e4100_0, v0x5a8540823fb0_0;
LS_0x5a8540917660_0_8 .concat8 [ 32 32 32 32], v0x5a85407ff530_0, v0x5a85407d48f0_0, v0x5a85407d2270_0, v0x5a854071e040_0;
LS_0x5a8540917660_0_12 .concat8 [ 32 32 32 32], v0x5a85408a41d0_0, v0x5a85408a55f0_0, v0x5a85408a69c0_0, v0x5a85408a7d90_0;
LS_0x5a8540917660_0_16 .concat8 [ 32 32 32 32], v0x5a85408a9160_0, v0x5a85408aa810_0, v0x5a85408abdf0_0, v0x5a85408ad1d0_0;
LS_0x5a8540917660_0_20 .concat8 [ 32 32 32 32], v0x5a85408ae5a0_0, v0x5a85408af990_0, v0x5a85408b0d60_0, v0x5a85408b2130_0;
LS_0x5a8540917660_0_24 .concat8 [ 32 32 32 32], v0x5a85408b3500_0, v0x5a85408b4bb0_0, v0x5a85408b5f80_0, v0x5a85408b7360_0;
LS_0x5a8540917660_0_28 .concat8 [ 32 32 32 32], v0x5a85408b8730_0, v0x5a85408b9b20_0, v0x5a85408baef0_0, v0x5a85408bc2c0_0;
LS_0x5a8540917660_0_32 .concat8 [ 32 32 32 32], v0x5a85408bd690_0, v0x5a85408bed40_0, v0x5a85408c0520_0, v0x5a85408c1900_0;
LS_0x5a8540917660_0_36 .concat8 [ 32 32 32 32], v0x5a85408c2cd0_0, v0x5a85408c40c0_0, v0x5a85408c5490_0, v0x5a85408c6860_0;
LS_0x5a8540917660_0_40 .concat8 [ 32 32 32 32], v0x5a85408c7c30_0, v0x5a85408c92e0_0, v0x5a85408ca6b0_0, v0x5a85408cba90_0;
LS_0x5a8540917660_0_44 .concat8 [ 32 32 32 32], v0x5a85408cce60_0, v0x5a85408ce250_0, v0x5a85408cf620_0, v0x5a85408d09f0_0;
LS_0x5a8540917660_0_48 .concat8 [ 32 32 32 32], v0x5a85408d1dc0_0, v0x5a85408d3470_0, v0x5a85408d4840_0, v0x5a85408d5c20_0;
LS_0x5a8540917660_0_52 .concat8 [ 32 32 32 32], v0x5a85408d6ff0_0, v0x5a85408d83e0_0, v0x5a85408d97b0_0, v0x5a85408dab80_0;
LS_0x5a8540917660_0_56 .concat8 [ 32 32 32 32], v0x5a85408dbf50_0, v0x5a85408dd600_0, v0x5a85408de9d0_0, v0x5a85408dfdb0_0;
LS_0x5a8540917660_0_60 .concat8 [ 32 32 32 32], v0x5a85408e1180_0, v0x5a85408e2570_0, v0x5a85408e3940_0, v0x5a85408e4d10_0;
LS_0x5a8540917660_0_64 .concat8 [ 32 0 0 0], v0x5a85408e60e0_0;
LS_0x5a8540917660_1_0 .concat8 [ 352 128 128 128], LS_0x5a8540917660_0_0, LS_0x5a8540917660_0_4, LS_0x5a8540917660_0_8, LS_0x5a8540917660_0_12;
LS_0x5a8540917660_1_4 .concat8 [ 128 128 128 128], LS_0x5a8540917660_0_16, LS_0x5a8540917660_0_20, LS_0x5a8540917660_0_24, LS_0x5a8540917660_0_28;
LS_0x5a8540917660_1_8 .concat8 [ 128 128 128 128], LS_0x5a8540917660_0_32, LS_0x5a8540917660_0_36, LS_0x5a8540917660_0_40, LS_0x5a8540917660_0_44;
LS_0x5a8540917660_1_12 .concat8 [ 128 128 128 128], LS_0x5a8540917660_0_48, LS_0x5a8540917660_0_52, LS_0x5a8540917660_0_56, LS_0x5a8540917660_0_60;
LS_0x5a8540917660_1_16 .concat8 [ 32 0 0 0], LS_0x5a8540917660_0_64;
LS_0x5a8540917660_2_0 .concat8 [ 736 512 512 512], LS_0x5a8540917660_1_0, LS_0x5a8540917660_1_4, LS_0x5a8540917660_1_8, LS_0x5a8540917660_1_12;
LS_0x5a8540917660_2_4 .concat8 [ 32 0 0 0], LS_0x5a8540917660_1_16;
L_0x5a8540917660 .concat8 [ 2272 32 0 0], LS_0x5a8540917660_2_0, LS_0x5a8540917660_2_4;
S_0x5a854087f9f0 .scope generate, "act_feed[0]" "act_feed[0]" 7 88, 7 88 0, S_0x5a8540882ad0;
 .timescale -9 -12;
P_0x5a8540843a40 .param/l "r" 1 7 88, +C4<00>;
v0x5a8540843340_0 .net *"_ivl_0", 7 0, L_0x5a85408f50f0;  1 drivers
S_0x5a854087c910 .scope generate, "act_feed[1]" "act_feed[1]" 7 88, 7 88 0, S_0x5a8540882ad0;
 .timescale -9 -12;
P_0x5a8540843420 .param/l "r" 1 7 88, +C4<01>;
v0x5a85408409d0_0 .net *"_ivl_0", 7 0, L_0x5a85408f5190;  1 drivers
S_0x5a8540879830 .scope generate, "act_feed[2]" "act_feed[2]" 7 88, 7 88 0, S_0x5a8540882ad0;
 .timescale -9 -12;
P_0x5a85408402b0 .param/l "r" 1 7 88, +C4<010>;
v0x5a854083d880_0 .net *"_ivl_0", 7 0, L_0x5a85408f5280;  1 drivers
S_0x5a8540876750 .scope generate, "act_feed[3]" "act_feed[3]" 7 88, 7 88 0, S_0x5a8540882ad0;
 .timescale -9 -12;
P_0x5a854083a7a0 .param/l "r" 1 7 88, +C4<011>;
v0x5a85408376c0_0 .net *"_ivl_0", 7 0, L_0x5a85408f5320;  1 drivers
S_0x5a8540873670 .scope generate, "act_feed[4]" "act_feed[4]" 7 88, 7 88 0, S_0x5a8540882ad0;
 .timescale -9 -12;
P_0x5a8540836fc0 .param/l "r" 1 7 88, +C4<0100>;
v0x5a85408345e0_0 .net *"_ivl_0", 7 0, L_0x5a85408f53c0;  1 drivers
S_0x5a8540870590 .scope generate, "act_feed[5]" "act_feed[5]" 7 88, 7 88 0, S_0x5a8540882ad0;
 .timescale -9 -12;
P_0x5a85408346c0 .param/l "r" 1 7 88, +C4<0101>;
v0x5a8540833f70_0 .net *"_ivl_0", 7 0, L_0x5a85408f5460;  1 drivers
S_0x5a854086d4b0 .scope generate, "act_feed[6]" "act_feed[6]" 7 88, 7 88 0, S_0x5a8540882ad0;
 .timescale -9 -12;
P_0x5a8540831550 .param/l "r" 1 7 88, +C4<0110>;
v0x5a8540830e00_0 .net *"_ivl_0", 7 0, L_0x5a85408f5540;  1 drivers
S_0x5a854086a3d0 .scope generate, "act_feed[7]" "act_feed[7]" 7 88, 7 88 0, S_0x5a8540882ad0;
 .timescale -9 -12;
P_0x5a854082e420 .param/l "r" 1 7 88, +C4<0111>;
v0x5a854082dd20_0 .net *"_ivl_0", 7 0, L_0x5a85408f55e0;  1 drivers
S_0x5a85408672f0 .scope generate, "gen_row[0]" "gen_row[0]" 7 99, 7 99 0, S_0x5a8540882ad0;
 .timescale -9 -12;
P_0x5a85408377a0 .param/l "row" 1 7 99, +C4<00>;
S_0x5a8540864210 .scope generate, "gen_col[0]" "gen_col[0]" 7 100, 7 100 0, S_0x5a85408672f0;
 .timescale -9 -12;
P_0x5a854082b3b0 .param/l "col" 1 7 100, +C4<00>;
L_0x5a85408f3b30 .functor AND 1, v0x5a85408eee10_0, L_0x5a85408f5880, C4<1>, C4<1>;
v0x5a854081b7e0_0 .net *"_ivl_0", 3 0, L_0x5a85408f57e0;  1 drivers
L_0x77910626e018 .functor BUFT 1, C4<0>, C4<0>, C4<0>, C4<0>;
v0x5a8540818e00_0 .net *"_ivl_3", 0 0, L_0x77910626e018;  1 drivers
L_0x77910626e060 .functor BUFT 1, C4<0000>, C4<0>, C4<0>, C4<0>;
v0x5a8540818700_0 .net/2u *"_ivl_4", 3 0, L_0x77910626e060;  1 drivers
v0x5a85408187c0_0 .net *"_ivl_6", 0 0, L_0x5a85408f5880;  1 drivers
L_0x5a85408f57e0 .concat [ 3 1 0 0], v0x5a85408eef00_0, L_0x77910626e018;
L_0x5a85408f5880 .cmp/eq 4, L_0x5a85408f57e0, L_0x77910626e060;
S_0x5a8540861130 .scope module, "u_pe" "pe" 7 101, 8 30 0, S_0x5a8540864210;
 .timescale -9 -12;
    .port_info 0 /INPUT 1 "clk";
    .port_info 1 /INPUT 1 "rst_n";
    .port_info 2 /INPUT 1 "weight_load";
    .port_info 3 /INPUT 8 "weight_in";
    .port_info 4 /INPUT 8 "act_in";
    .port_info 5 /OUTPUT 8 "act_out";
    .port_info 6 /INPUT 32 "psum_in";
    .port_info 7 /OUTPUT 32 "psum_out";
P_0x5a854082ac90 .param/l "ACC_W" 0 8 32, +C4<00000000000000000000000000100000>;
P_0x5a854082acd0 .param/l "DATA_W" 0 8 31, +C4<00000000000000000000000000001000>;
v0x5a8540825180_0 .net "act_in", 7 0, L_0x5a85408f5a60;  1 drivers
v0x5a8540824a80_0 .var "act_out", 7 0;
v0x5a85408220a0_0 .net "clk", 0 0, v0x5a85408f2100_0;  alias, 1 drivers
v0x5a8540822140_0 .net "psum_in", 31 0, L_0x5a85408f5b60;  1 drivers
v0x5a85408219a0_0 .var "psum_out", 31 0;
v0x5a854081efc0_0 .net "rst_n", 0 0, v0x5a85408f21a0_0;  alias, 1 drivers
v0x5a854081f080_0 .net "weight_in", 7 0, L_0x5a85408f59c0;  1 drivers
v0x5a854081bee0_0 .net "weight_load", 0 0, L_0x5a85408f3b30;  1 drivers
v0x5a854081bfa0_0 .var "weight_reg", 7 0;
E_0x5a85408a3860 .event posedge, v0x5a85408220a0_0;
S_0x5a854085e050 .scope generate, "gen_col[1]" "gen_col[1]" 7 100, 7 100 0, S_0x5a85408672f0;
 .timescale -9 -12;
P_0x5a8540827c50 .param/l "col" 1 7 100, +C4<01>;
L_0x5a85408f5d90 .functor AND 1, v0x5a85408eee10_0, L_0x5a85408f5ca0, C4<1>, C4<1>;
v0x5a85408092a0_0 .net *"_ivl_0", 3 0, L_0x5a85408f5c00;  1 drivers
L_0x77910626e0a8 .functor BUFT 1, C4<0>, C4<0>, C4<0>, C4<0>;
v0x5a85408068c0_0 .net *"_ivl_3", 0 0, L_0x77910626e0a8;  1 drivers
L_0x77910626e0f0 .functor BUFT 1, C4<0000>, C4<0>, C4<0>, C4<0>;
v0x5a85408061c0_0 .net/2u *"_ivl_4", 3 0, L_0x77910626e0f0;  1 drivers
v0x5a85408037e0_0 .net *"_ivl_6", 0 0, L_0x5a85408f5ca0;  1 drivers
L_0x5a85408f5c00 .concat [ 3 1 0 0], v0x5a85408eef00_0, L_0x77910626e0a8;
L_0x5a85408f5ca0 .cmp/eq 4, L_0x5a85408f5c00, L_0x77910626e0f0;
S_0x5a854085af70 .scope module, "u_pe" "pe" 7 101, 8 30 0, S_0x5a854085e050;
 .timescale -9 -12;
    .port_info 0 /INPUT 1 "clk";
    .port_info 1 /INPUT 1 "rst_n";
    .port_info 2 /INPUT 1 "weight_load";
    .port_info 3 /INPUT 8 "weight_in";
    .port_info 4 /INPUT 8 "act_in";
    .port_info 5 /OUTPUT 8 "act_out";
    .port_info 6 /INPUT 32 "psum_in";
    .port_info 7 /OUTPUT 32 "psum_out";
P_0x5a8540815d20 .param/l "ACC_W" 0 8 32, +C4<00000000000000000000000000100000>;
P_0x5a8540815d60 .param/l "DATA_W" 0 8 31, +C4<00000000000000000000000000001000>;
v0x5a8540812540_0 .net "act_in", 7 0, L_0x5a85408f5fa0;  1 drivers
v0x5a8540812600_0 .var "act_out", 7 0;
v0x5a854080fb60_0 .net "clk", 0 0, v0x5a85408f2100_0;  alias, 1 drivers
v0x5a854080fc00_0 .net "psum_in", 31 0, L_0x5a85408f6040;  1 drivers
v0x5a854080ca80_0 .var "psum_out", 31 0;
v0x5a854080c380_0 .net "rst_n", 0 0, v0x5a85408f21a0_0;  alias, 1 drivers
v0x5a854080c420_0 .net "weight_in", 7 0, L_0x5a85408f5e00;  1 drivers
v0x5a85408099a0_0 .net "weight_load", 0 0, L_0x5a85408f5d90;  1 drivers
v0x5a8540809a60_0 .var "weight_reg", 7 0;
S_0x5a8540857e90 .scope generate, "gen_col[2]" "gen_col[2]" 7 100, 7 100 0, S_0x5a85408672f0;
 .timescale -9 -12;
P_0x5a85408062b0 .param/l "col" 1 7 100, +C4<010>;
L_0x5a85408f5f30 .functor AND 1, v0x5a85408eee10_0, L_0x5a85408f6320, C4<1>, C4<1>;
v0x5a85407f4380_0 .net *"_ivl_0", 3 0, L_0x5a85408f61b0;  1 drivers
L_0x77910626e138 .functor BUFT 1, C4<0>, C4<0>, C4<0>, C4<0>;
v0x5a85407f3c80_0 .net *"_ivl_3", 0 0, L_0x77910626e138;  1 drivers
L_0x77910626e180 .functor BUFT 1, C4<0000>, C4<0>, C4<0>, C4<0>;
v0x5a85408922c0_0 .net/2u *"_ivl_4", 3 0, L_0x77910626e180;  1 drivers
v0x5a8540892380_0 .net *"_ivl_6", 0 0, L_0x5a85408f6320;  1 drivers
L_0x5a85408f61b0 .concat [ 3 1 0 0], v0x5a85408eef00_0, L_0x77910626e138;
L_0x5a85408f6320 .cmp/eq 4, L_0x5a85408f61b0, L_0x77910626e180;
S_0x5a8540854db0 .scope module, "u_pe" "pe" 7 101, 8 30 0, S_0x5a8540857e90;
 .timescale -9 -12;
    .port_info 0 /INPUT 1 "clk";
    .port_info 1 /INPUT 1 "rst_n";
    .port_info 2 /INPUT 1 "weight_load";
    .port_info 3 /INPUT 8 "weight_in";
    .port_info 4 /INPUT 8 "act_in";
    .port_info 5 /OUTPUT 8 "act_out";
    .port_info 6 /INPUT 32 "psum_in";
    .port_info 7 /OUTPUT 32 "psum_out";
P_0x5a85408038a0 .param/l "ACC_W" 0 8 32, +C4<00000000000000000000000000100000>;
P_0x5a85408038e0 .param/l "DATA_W" 0 8 31, +C4<00000000000000000000000000001000>;
v0x5a8540800000_0 .net "act_in", 7 0, L_0x5a85408f6550;  1 drivers
v0x5a85407fd620_0 .var "act_out", 7 0;
v0x5a85407fcf20_0 .net "clk", 0 0, v0x5a85408f2100_0;  alias, 1 drivers
v0x5a85407fa540_0 .net "psum_in", 31 0, L_0x5a85408f6680;  1 drivers
v0x5a85407fa600_0 .var "psum_out", 31 0;
v0x5a85407f9e40_0 .net "rst_n", 0 0, v0x5a85408f21a0_0;  alias, 1 drivers
v0x5a85407f7460_0 .net "weight_in", 7 0, L_0x5a85408f64b0;  1 drivers
v0x5a85407f7520_0 .net "weight_load", 0 0, L_0x5a85408f5f30;  1 drivers
v0x5a85407f6d60_0 .var "weight_reg", 7 0;
S_0x5a8540851cd0 .scope generate, "gen_col[3]" "gen_col[3]" 7 100, 7 100 0, S_0x5a85408672f0;
 .timescale -9 -12;
P_0x5a85408000e0 .param/l "col" 1 7 100, +C4<011>;
L_0x5a85408f6a10 .functor AND 1, v0x5a85408eee10_0, L_0x5a85408f68a0, C4<1>, C4<1>;
v0x5a854085e3e0_0 .net *"_ivl_0", 3 0, L_0x5a85408f6750;  1 drivers
L_0x77910626e1c8 .functor BUFT 1, C4<0>, C4<0>, C4<0>, C4<0>;
v0x5a854085b300_0 .net *"_ivl_3", 0 0, L_0x77910626e1c8;  1 drivers
L_0x77910626e210 .functor BUFT 1, C4<0000>, C4<0>, C4<0>, C4<0>;
v0x5a8540858220_0 .net/2u *"_ivl_4", 3 0, L_0x77910626e210;  1 drivers
v0x5a85408582e0_0 .net *"_ivl_6", 0 0, L_0x5a85408f68a0;  1 drivers
L_0x5a85408f6750 .concat [ 3 1 0 0], v0x5a85408eef00_0, L_0x77910626e1c8;
L_0x5a85408f68a0 .cmp/eq 4, L_0x5a85408f6750, L_0x77910626e210;
S_0x5a854084ebf0 .scope module, "u_pe" "pe" 7 101, 8 30 0, S_0x5a8540851cd0;
 .timescale -9 -12;
    .port_info 0 /INPUT 1 "clk";
    .port_info 1 /INPUT 1 "rst_n";
    .port_info 2 /INPUT 1 "weight_load";
    .port_info 3 /INPUT 8 "weight_in";
    .port_info 4 /INPUT 8 "act_in";
    .port_info 5 /OUTPUT 8 "act_out";
    .port_info 6 /INPUT 32 "psum_in";
    .port_info 7 /OUTPUT 32 "psum_out";
P_0x5a854088f1e0 .param/l "ACC_W" 0 8 32, +C4<00000000000000000000000000100000>;
P_0x5a854088f220 .param/l "DATA_W" 0 8 31, +C4<00000000000000000000000000001000>;
v0x5a8540889020_0 .net "act_in", 7 0, L_0x5a85408f6c10;  1 drivers
v0x5a8540879bc0_0 .var "act_out", 7 0;
v0x5a8540876ae0_0 .net "clk", 0 0, v0x5a85408f2100_0;  alias, 1 drivers
v0x5a8540876b80_0 .net "psum_in", 31 0, L_0x5a85408f6cb0;  1 drivers
v0x5a8540873a00_0 .var "psum_out", 31 0;
v0x5a8540870920_0 .net "rst_n", 0 0, v0x5a85408f21a0_0;  alias, 1 drivers
v0x5a85408709c0_0 .net "weight_in", 7 0, L_0x5a85408f6ad0;  1 drivers
v0x5a85408614c0_0 .net "weight_load", 0 0, L_0x5a85408f6a10;  1 drivers
v0x5a8540861580_0 .var "weight_reg", 7 0;
S_0x5a854084bb10 .scope generate, "gen_col[4]" "gen_col[4]" 7 100, 7 100 0, S_0x5a85408672f0;
 .timescale -9 -12;
P_0x5a854085b3e0 .param/l "col" 1 7 100, +C4<0100>;
L_0x5a85408f6fc0 .functor AND 1, v0x5a85408eee10_0, L_0x5a85408f6f20, C4<1>, C4<1>;
v0x5a8540814f40_0 .net *"_ivl_0", 3 0, L_0x5a85408f6b70;  1 drivers
L_0x77910626e258 .functor BUFT 1, C4<0>, C4<0>, C4<0>, C4<0>;
v0x5a8540811e00_0 .net *"_ivl_3", 0 0, L_0x77910626e258;  1 drivers
L_0x77910626e2a0 .functor BUFT 1, C4<0000>, C4<0>, C4<0>, C4<0>;
v0x5a854080ed20_0 .net/2u *"_ivl_4", 3 0, L_0x77910626e2a0;  1 drivers
v0x5a854080ede0_0 .net *"_ivl_6", 0 0, L_0x5a85408f6f20;  1 drivers
L_0x5a85408f6b70 .concat [ 3 1 0 0], v0x5a85408eef00_0, L_0x77910626e258;
L_0x5a85408f6f20 .cmp/eq 4, L_0x5a85408f6b70, L_0x77910626e2a0;
S_0x5a8540848a30 .scope module, "u_pe" "pe" 7 101, 8 30 0, S_0x5a854084bb10;
 .timescale -9 -12;
    .port_info 0 /INPUT 1 "clk";
    .port_info 1 /INPUT 1 "rst_n";
    .port_info 2 /INPUT 1 "weight_load";
    .port_info 3 /INPUT 8 "weight_in";
    .port_info 4 /INPUT 8 "act_in";
    .port_info 5 /OUTPUT 8 "act_out";
    .port_info 6 /INPUT 32 "psum_in";
    .port_info 7 /OUTPUT 32 "psum_out";
P_0x5a8540848e80 .param/l "ACC_W" 0 8 32, +C4<00000000000000000000000000100000>;
P_0x5a8540848ec0 .param/l "DATA_W" 0 8 31, +C4<00000000000000000000000000001000>;
v0x5a854083fb20_0 .net "act_in", 7 0, L_0x5a85408f7120;  1 drivers
v0x5a854083fbe0_0 .var "act_out", 7 0;
v0x5a85408306c0_0 .net "clk", 0 0, v0x5a85408f2100_0;  alias, 1 drivers
v0x5a8540830790_0 .net "psum_in", 31 0, L_0x5a85408f7280;  1 drivers
v0x5a854082d5e0_0 .var "psum_out", 31 0;
v0x5a854082a500_0 .net "rst_n", 0 0, v0x5a85408f21a0_0;  alias, 1 drivers
v0x5a854082a5a0_0 .net "weight_in", 7 0, L_0x5a85408f7080;  1 drivers
v0x5a8540827420_0 .net "weight_load", 0 0, L_0x5a85408f6fc0;  1 drivers
v0x5a85408274e0_0 .var "weight_reg", 7 0;
S_0x5a8540845950 .scope generate, "gen_col[5]" "gen_col[5]" 7 100, 7 100 0, S_0x5a85408672f0;
 .timescale -9 -12;
P_0x5a85407f9ee0 .param/l "col" 1 7 100, +C4<0101>;
L_0x5a85408f76f0 .functor AND 1, v0x5a85408eee10_0, L_0x5a85408f7580, C4<1>, C4<1>;
v0x5a854083f790_0 .net *"_ivl_0", 3 0, L_0x5a85408f7320;  1 drivers
L_0x77910626e2e8 .functor BUFT 1, C4<0>, C4<0>, C4<0>, C4<0>;
v0x5a854083f890_0 .net *"_ivl_3", 0 0, L_0x77910626e2e8;  1 drivers
L_0x77910626e330 .functor BUFT 1, C4<0000>, C4<0>, C4<0>, C4<0>;
v0x5a854083c6b0_0 .net/2u *"_ivl_4", 3 0, L_0x77910626e330;  1 drivers
v0x5a854083c770_0 .net *"_ivl_6", 0 0, L_0x5a85408f7580;  1 drivers
L_0x5a85408f7320 .concat [ 3 1 0 0], v0x5a85408eef00_0, L_0x77910626e2e8;
L_0x5a85408f7580 .cmp/eq 4, L_0x5a85408f7320, L_0x77910626e330;
S_0x5a8540842870 .scope module, "u_pe" "pe" 7 101, 8 30 0, S_0x5a8540845950;
 .timescale -9 -12;
    .port_info 0 /INPUT 1 "clk";
    .port_info 1 /INPUT 1 "rst_n";
    .port_info 2 /INPUT 1 "weight_load";
    .port_info 3 /INPUT 8 "weight_in";
    .port_info 4 /INPUT 8 "act_in";
    .port_info 5 /OUTPUT 8 "act_out";
    .port_info 6 /INPUT 32 "psum_in";
    .port_info 7 /OUTPUT 32 "psum_out";
P_0x5a85407ff930 .param/l "ACC_W" 0 8 32, +C4<00000000000000000000000000100000>;
P_0x5a85407ff970 .param/l "DATA_W" 0 8 31, +C4<00000000000000000000000000001000>;
v0x5a85407f6620_0 .net "act_in", 7 0, L_0x5a85408f7b40;  1 drivers
v0x5a85407f66e0_0 .var "act_out", 7 0;
v0x5a85407e71c0_0 .net "clk", 0 0, v0x5a85408f2100_0;  alias, 1 drivers
v0x5a85407e7260_0 .net "psum_in", 31 0, L_0x5a85408f7be0;  1 drivers
v0x5a85407e4100_0 .var "psum_out", 31 0;
v0x5a85407e1000_0 .net "rst_n", 0 0, v0x5a85408f21a0_0;  alias, 1 drivers
v0x5a85407e10a0_0 .net "weight_in", 7 0, L_0x5a85408f78c0;  1 drivers
v0x5a85407ddf20_0 .net "weight_load", 0 0, L_0x5a85408f76f0;  1 drivers
v0x5a85407ddfe0_0 .var "weight_reg", 7 0;
S_0x5a85408395d0 .scope generate, "gen_col[6]" "gen_col[6]" 7 100, 7 100 0, S_0x5a85408672f0;
 .timescale -9 -12;
P_0x5a85408364f0 .param/l "col" 1 7 100, +C4<0110>;
L_0x5a85408f8020 .functor AND 1, v0x5a85408eee10_0, L_0x5a85408f7eb0, C4<1>, C4<1>;
v0x5a854081ad10_0 .net *"_ivl_0", 3 0, L_0x5a85408f7d60;  1 drivers
L_0x77910626e378 .functor BUFT 1, C4<0>, C4<0>, C4<0>, C4<0>;
v0x5a854081ae10_0 .net *"_ivl_3", 0 0, L_0x77910626e378;  1 drivers
L_0x77910626e3c0 .functor BUFT 1, C4<0000>, C4<0>, C4<0>, C4<0>;
v0x5a8540817c30_0 .net/2u *"_ivl_4", 3 0, L_0x77910626e3c0;  1 drivers
v0x5a8540817cf0_0 .net *"_ivl_6", 0 0, L_0x5a85408f7eb0;  1 drivers
L_0x5a85408f7d60 .concat [ 3 1 0 0], v0x5a85408eef00_0, L_0x77910626e378;
L_0x5a85408f7eb0 .cmp/eq 4, L_0x5a85408f7d60, L_0x77910626e3c0;
S_0x5a8540833410 .scope module, "u_pe" "pe" 7 101, 8 30 0, S_0x5a85408395d0;
 .timescale -9 -12;
    .port_info 0 /INPUT 1 "clk";
    .port_info 1 /INPUT 1 "rst_n";
    .port_info 2 /INPUT 1 "weight_load";
    .port_info 3 /INPUT 8 "weight_in";
    .port_info 4 /INPUT 8 "act_in";
    .port_info 5 /OUTPUT 8 "act_out";
    .port_info 6 /INPUT 32 "psum_in";
    .port_info 7 /OUTPUT 32 "psum_out";
P_0x5a8540830330 .param/l "ACC_W" 0 8 32, +C4<00000000000000000000000000100000>;
P_0x5a8540830370 .param/l "DATA_W" 0 8 31, +C4<00000000000000000000000000001000>;
v0x5a854082a170_0 .net "act_in", 7 0, L_0x5a85408f8180;  1 drivers
v0x5a854082a250_0 .var "act_out", 7 0;
v0x5a8540827090_0 .net "clk", 0 0, v0x5a85408f2100_0;  alias, 1 drivers
v0x5a8540827160_0 .net "psum_in", 31 0, L_0x5a85408f8310;  1 drivers
v0x5a8540823fb0_0 .var "psum_out", 31 0;
v0x5a8540820ed0_0 .net "rst_n", 0 0, v0x5a85408f21a0_0;  alias, 1 drivers
v0x5a8540820f70_0 .net "weight_in", 7 0, L_0x5a85408f80e0;  1 drivers
v0x5a854081ddf0_0 .net "weight_load", 0 0, L_0x5a85408f8020;  1 drivers
v0x5a854081deb0_0 .var "weight_reg", 7 0;
S_0x5a8540814b50 .scope generate, "gen_col[7]" "gen_col[7]" 7 100, 7 100 0, S_0x5a85408672f0;
 .timescale -9 -12;
P_0x5a8540811a70 .param/l "col" 1 7 100, +C4<0111>;
L_0x5a85408f86a0 .functor AND 1, v0x5a85408eee10_0, L_0x5a85408f8530, C4<1>, C4<1>;
v0x5a85407f6290_0 .net *"_ivl_0", 3 0, L_0x5a85408f83e0;  1 drivers
L_0x77910626e408 .functor BUFT 1, C4<0>, C4<0>, C4<0>, C4<0>;
v0x5a85407f6390_0 .net *"_ivl_3", 0 0, L_0x77910626e408;  1 drivers
L_0x77910626e450 .functor BUFT 1, C4<0000>, C4<0>, C4<0>, C4<0>;
v0x5a85407f31b0_0 .net/2u *"_ivl_4", 3 0, L_0x77910626e450;  1 drivers
v0x5a85407f3270_0 .net *"_ivl_6", 0 0, L_0x5a85408f8530;  1 drivers
L_0x5a85408f83e0 .concat [ 3 1 0 0], v0x5a85408eef00_0, L_0x77910626e408;
L_0x5a85408f8530 .cmp/eq 4, L_0x5a85408f83e0, L_0x77910626e450;
S_0x5a854080e990 .scope module, "u_pe" "pe" 7 101, 8 30 0, S_0x5a8540814b50;
 .timescale -9 -12;
    .port_info 0 /INPUT 1 "clk";
    .port_info 1 /INPUT 1 "rst_n";
    .port_info 2 /INPUT 1 "weight_load";
    .port_info 3 /INPUT 8 "weight_in";
    .port_info 4 /INPUT 8 "act_in";
    .port_info 5 /OUTPUT 8 "act_out";
    .port_info 6 /INPUT 32 "psum_in";
    .port_info 7 /OUTPUT 32 "psum_out";
P_0x5a854080b8b0 .param/l "ACC_W" 0 8 32, +C4<00000000000000000000000000100000>;
P_0x5a854080b8f0 .param/l "DATA_W" 0 8 31, +C4<00000000000000000000000000001000>;
v0x5a85408056f0_0 .net "act_in", 7 0, L_0x5a85408f8900;  1 drivers
v0x5a85408057d0_0 .var "act_out", 7 0;
v0x5a8540802610_0 .net "clk", 0 0, v0x5a85408f2100_0;  alias, 1 drivers
v0x5a85408026b0_0 .net "psum_in", 31 0, L_0x5a85408f8ab0;  1 drivers
v0x5a85407ff530_0 .var "psum_out", 31 0;
v0x5a85407fc450_0 .net "rst_n", 0 0, v0x5a85408f21a0_0;  alias, 1 drivers
v0x5a85407fc4f0_0 .net "weight_in", 7 0, L_0x5a85408f8760;  1 drivers
v0x5a85407f9370_0 .net "weight_load", 0 0, L_0x5a85408f86a0;  1 drivers
v0x5a85407f9430_0 .var "weight_reg", 7 0;
S_0x5a85407f00d0 .scope generate, "gen_row[1]" "gen_row[1]" 7 99, 7 99 0, S_0x5a8540882ad0;
 .timescale -9 -12;
P_0x5a8540808930 .param/l "row" 1 7 99, +C4<01>;
S_0x5a85407e9f10 .scope generate, "gen_col[0]" "gen_col[0]" 7 100, 7 100 0, S_0x5a85407f00d0;
 .timescale -9 -12;
P_0x5a85407ed0d0 .param/l "col" 1 7 100, +C4<00>;
L_0x5a85408f9170 .functor AND 1, v0x5a85408eee10_0, L_0x5a85408f9000, C4<1>, C4<1>;
v0x5a854083a0a0_0 .net *"_ivl_0", 3 0, L_0x5a85408f8da0;  1 drivers
L_0x77910626e498 .functor BUFT 1, C4<0>, C4<0>, C4<0>, C4<0>;
v0x5a854083a180_0 .net *"_ivl_3", 0 0, L_0x77910626e498;  1 drivers
L_0x77910626e4e0 .functor BUFT 1, C4<0001>, C4<0>, C4<0>, C4<0>;
v0x5a854080f460_0 .net/2u *"_ivl_4", 3 0, L_0x77910626e4e0;  1 drivers
v0x5a854080f520_0 .net *"_ivl_6", 0 0, L_0x5a85408f9000;  1 drivers
L_0x5a85408f8da0 .concat [ 3 1 0 0], v0x5a85408eef00_0, L_0x77910626e498;
L_0x5a85408f9000 .cmp/eq 4, L_0x5a85408f8da0, L_0x77910626e4e0;
S_0x5a85407e6e30 .scope module, "u_pe" "pe" 7 101, 8 30 0, S_0x5a85407e9f10;
 .timescale -9 -12;
    .port_info 0 /INPUT 1 "clk";
    .port_info 1 /INPUT 1 "rst_n";
    .port_info 2 /INPUT 1 "weight_load";
    .port_info 3 /INPUT 8 "weight_in";
    .port_info 4 /INPUT 8 "act_in";
    .port_info 5 /OUTPUT 8 "act_out";
    .port_info 6 /INPUT 32 "psum_in";
    .port_info 7 /OUTPUT 32 "psum_out";
P_0x5a85407e3da0 .param/l "ACC_W" 0 8 32, +C4<00000000000000000000000000100000>;
P_0x5a85407e3de0 .param/l "DATA_W" 0 8 31, +C4<00000000000000000000000000001000>;
v0x5a85407ddc60_0 .net "act_in", 7 0, L_0x5a85408f92d0;  1 drivers
v0x5a85407daab0_0 .var "act_out", 7 0;
v0x5a85407dab90_0 .net "clk", 0 0, v0x5a85408f2100_0;  alias, 1 drivers
v0x5a85407d7ae0_0 .net "psum_in", 31 0, L_0x5a85408f9490;  1 drivers
v0x5a85407d48f0_0 .var "psum_out", 31 0;
v0x5a85407d1740_0 .net "rst_n", 0 0, v0x5a85408f21a0_0;  alias, 1 drivers
v0x5a85407e1e40_0 .net "weight_in", 7 0, L_0x5a85408f9230;  1 drivers
v0x5a85407e1f20_0 .net "weight_load", 0 0, L_0x5a85408f9170;  1 drivers
v0x5a854083d180_0 .var "weight_reg", 7 0;
S_0x5a85407d5ac0 .scope generate, "gen_col[1]" "gen_col[1]" 7 100, 7 100 0, S_0x5a85407f00d0;
 .timescale -9 -12;
P_0x5a85407e1fe0 .param/l "col" 1 7 100, +C4<01>;
L_0x5a85408f9820 .functor AND 1, v0x5a85408eee10_0, L_0x5a85408f96b0, C4<1>, C4<1>;
v0x5a8540892be0_0 .net *"_ivl_0", 3 0, L_0x5a85408f9560;  1 drivers
L_0x77910626e528 .functor BUFT 1, C4<0>, C4<0>, C4<0>, C4<0>;
v0x5a85406d8590_0 .net *"_ivl_3", 0 0, L_0x77910626e528;  1 drivers
L_0x77910626e570 .functor BUFT 1, C4<0001>, C4<0>, C4<0>, C4<0>;
v0x5a85406d8670_0 .net/2u *"_ivl_4", 3 0, L_0x77910626e570;  1 drivers
v0x5a85406d8730_0 .net *"_ivl_6", 0 0, L_0x5a85408f96b0;  1 drivers
L_0x5a85408f9560 .concat [ 3 1 0 0], v0x5a85408eef00_0, L_0x77910626e528;
L_0x5a85408f96b0 .cmp/eq 4, L_0x5a85408f9560, L_0x77910626e570;
S_0x5a85407db580 .scope module, "u_pe" "pe" 7 101, 8 30 0, S_0x5a85407d5ac0;
 .timescale -9 -12;
    .port_info 0 /INPUT 1 "clk";
    .port_info 1 /INPUT 1 "rst_n";
    .port_info 2 /INPUT 1 "weight_load";
    .port_info 3 /INPUT 8 "weight_in";
    .port_info 4 /INPUT 8 "act_in";
    .port_info 5 /OUTPUT 8 "act_out";
    .port_info 6 /INPUT 32 "psum_in";
    .port_info 7 /OUTPUT 32 "psum_out";
P_0x5a8540845d30 .param/l "ACC_W" 0 8 32, +C4<00000000000000000000000000100000>;
P_0x5a8540845d70 .param/l "DATA_W" 0 8 31, +C4<00000000000000000000000000001000>;
v0x5a85407d8570_0 .net "act_in", 7 0, L_0x5a85408f9370;  1 drivers
v0x5a85407d53c0_0 .var "act_out", 7 0;
v0x5a85407d54a0_0 .net "clk", 0 0, v0x5a85408f2100_0;  alias, 1 drivers
v0x5a85407d5540_0 .net "psum_in", 31 0, L_0x5a85408f9ab0;  1 drivers
v0x5a85407d2270_0 .var "psum_out", 31 0;
v0x5a85407d2380_0 .net "rst_n", 0 0, v0x5a85408f21a0_0;  alias, 1 drivers
v0x5a85407e7900_0 .net "weight_in", 7 0, L_0x5a85408f98e0;  1 drivers
v0x5a85407e79e0_0 .net "weight_load", 0 0, L_0x5a85408f9820;  1 drivers
v0x5a8540892a00_0 .var "weight_reg", 7 0;
S_0x5a85406d87f0 .scope generate, "gen_col[2]" "gen_col[2]" 7 100, 7 100 0, S_0x5a85407f00d0;
 .timescale -9 -12;
P_0x5a85407d2420 .param/l "col" 1 7 100, +C4<010>;
L_0x5a85408f9f20 .functor AND 1, v0x5a85408eee10_0, L_0x5a85408f9db0, C4<1>, C4<1>;
v0x5a854070c5c0_0 .net *"_ivl_0", 3 0, L_0x5a85408f9c90;  1 drivers
L_0x77910626e5b8 .functor BUFT 1, C4<0>, C4<0>, C4<0>, C4<0>;
v0x5a854070c6c0_0 .net *"_ivl_3", 0 0, L_0x77910626e5b8;  1 drivers
L_0x77910626e600 .functor BUFT 1, C4<0001>, C4<0>, C4<0>, C4<0>;
v0x5a854070c7a0_0 .net/2u *"_ivl_4", 3 0, L_0x77910626e600;  1 drivers
v0x5a854070c860_0 .net *"_ivl_6", 0 0, L_0x5a85408f9db0;  1 drivers
L_0x5a85408f9c90 .concat [ 3 1 0 0], v0x5a85408eef00_0, L_0x77910626e5b8;
L_0x5a85408f9db0 .cmp/eq 4, L_0x5a85408f9c90, L_0x77910626e600;
S_0x5a8540728ab0 .scope module, "u_pe" "pe" 7 101, 8 30 0, S_0x5a85406d87f0;
 .timescale -9 -12;
    .port_info 0 /INPUT 1 "clk";
    .port_info 1 /INPUT 1 "rst_n";
    .port_info 2 /INPUT 1 "weight_load";
    .port_info 3 /INPUT 8 "weight_in";
    .port_info 4 /INPUT 8 "act_in";
    .port_info 5 /OUTPUT 8 "act_out";
    .port_info 6 /INPUT 32 "psum_in";
    .port_info 7 /OUTPUT 32 "psum_out";
P_0x5a8540728c90 .param/l "ACC_W" 0 8 32, +C4<00000000000000000000000000100000>;
P_0x5a8540728cd0 .param/l "DATA_W" 0 8 31, +C4<00000000000000000000000000001000>;
v0x5a8540713500_0 .net "act_in", 7 0, L_0x5a85408fa080;  1 drivers
v0x5a8540713600_0 .var "act_out", 7 0;
v0x5a85407136e0_0 .net "clk", 0 0, v0x5a85408f2100_0;  alias, 1 drivers
v0x5a8540713780_0 .net "psum_in", 31 0, L_0x5a85408fa270;  1 drivers
v0x5a854071e040_0 .var "psum_out", 31 0;
v0x5a854071e170_0 .net "rst_n", 0 0, v0x5a85408f21a0_0;  alias, 1 drivers
v0x5a854071e210_0 .net "weight_in", 7 0, L_0x5a85408f9fe0;  1 drivers
v0x5a854071e2f0_0 .net "weight_load", 0 0, L_0x5a85408f9f20;  1 drivers
v0x5a854071e3b0_0 .var "weight_reg", 7 0;
S_0x5a85406ec4c0 .scope generate, "gen_col[3]" "gen_col[3]" 7 100, 7 100 0, S_0x5a85407f00d0;
 .timescale -9 -12;
P_0x5a8540713860 .param/l "col" 1 7 100, +C4<011>;
L_0x5a85408fa600 .functor AND 1, v0x5a85408eee10_0, L_0x5a85408fa490, C4<1>, C4<1>;
v0x5a85408a4720_0 .net *"_ivl_0", 3 0, L_0x5a85408fa340;  1 drivers
L_0x77910626e648 .functor BUFT 1, C4<0>, C4<0>, C4<0>, C4<0>;
v0x5a85408a4820_0 .net *"_ivl_3", 0 0, L_0x77910626e648;  1 drivers
L_0x77910626e690 .functor BUFT 1, C4<0001>, C4<0>, C4<0>, C4<0>;
v0x5a85408a4900_0 .net/2u *"_ivl_4", 3 0, L_0x77910626e690;  1 drivers
v0x5a85408a49f0_0 .net *"_ivl_6", 0 0, L_0x5a85408fa490;  1 drivers
L_0x5a85408fa340 .concat [ 3 1 0 0], v0x5a85408eef00_0, L_0x77910626e648;
L_0x5a85408fa490 .cmp/eq 4, L_0x5a85408fa340, L_0x77910626e690;
S_0x5a85406ec700 .scope module, "u_pe" "pe" 7 101, 8 30 0, S_0x5a85406ec4c0;
 .timescale -9 -12;
    .port_info 0 /INPUT 1 "clk";
    .port_info 1 /INPUT 1 "rst_n";
    .port_info 2 /INPUT 1 "weight_load";
    .port_info 3 /INPUT 8 "weight_in";
    .port_info 4 /INPUT 8 "act_in";
    .port_info 5 /OUTPUT 8 "act_out";
    .port_info 6 /INPUT 32 "psum_in";
    .port_info 7 /OUTPUT 32 "psum_out";
P_0x5a854070c920 .param/l "ACC_W" 0 8 32, +C4<00000000000000000000000000100000>;
P_0x5a854070c960 .param/l "DATA_W" 0 8 31, +C4<00000000000000000000000000001000>;
v0x5a85406916f0_0 .net "act_in", 7 0, L_0x5a85408fa8c0;  1 drivers
v0x5a85406917f0_0 .var "act_out", 7 0;
v0x5a85406918d0_0 .net "clk", 0 0, v0x5a85408f2100_0;  alias, 1 drivers
v0x5a85408a4130_0 .net "psum_in", 31 0, L_0x5a85408fa960;  1 drivers
v0x5a85408a41d0_0 .var "psum_out", 31 0;
v0x5a85408a42b0_0 .net "rst_n", 0 0, v0x5a85408f21a0_0;  alias, 1 drivers
v0x5a85408a4350_0 .net "weight_in", 7 0, L_0x5a85408fa6c0;  1 drivers
v0x5a85408a4430_0 .net "weight_load", 0 0, L_0x5a85408fa600;  1 drivers
v0x5a85408a44f0_0 .var "weight_reg", 7 0;
S_0x5a85408a4ab0 .scope generate, "gen_col[4]" "gen_col[4]" 7 100, 7 100 0, S_0x5a85407f00d0;
 .timescale -9 -12;
P_0x5a85408a4cb0 .param/l "col" 1 7 100, +C4<0100>;
L_0x5a85408fae60 .functor AND 1, v0x5a85408eee10_0, L_0x5a85408facf0, C4<1>, C4<1>;
v0x5a85408a5b40_0 .net *"_ivl_0", 3 0, L_0x5a85408faba0;  1 drivers
L_0x77910626e6d8 .functor BUFT 1, C4<0>, C4<0>, C4<0>, C4<0>;
v0x5a85408a5c40_0 .net *"_ivl_3", 0 0, L_0x77910626e6d8;  1 drivers
L_0x77910626e720 .functor BUFT 1, C4<0001>, C4<0>, C4<0>, C4<0>;
v0x5a85408a5d20_0 .net/2u *"_ivl_4", 3 0, L_0x77910626e720;  1 drivers
v0x5a85408a5de0_0 .net *"_ivl_6", 0 0, L_0x5a85408facf0;  1 drivers
L_0x5a85408faba0 .concat [ 3 1 0 0], v0x5a85408eef00_0, L_0x77910626e6d8;
L_0x5a85408facf0 .cmp/eq 4, L_0x5a85408faba0, L_0x77910626e720;
S_0x5a85408a4d90 .scope module, "u_pe" "pe" 7 101, 8 30 0, S_0x5a85408a4ab0;
 .timescale -9 -12;
    .port_info 0 /INPUT 1 "clk";
    .port_info 1 /INPUT 1 "rst_n";
    .port_info 2 /INPUT 1 "weight_load";
    .port_info 3 /INPUT 8 "weight_in";
    .port_info 4 /INPUT 8 "act_in";
    .port_info 5 /OUTPUT 8 "act_out";
    .port_info 6 /INPUT 32 "psum_in";
    .port_info 7 /OUTPUT 32 "psum_out";
P_0x5a85408a4f70 .param/l "ACC_W" 0 8 32, +C4<00000000000000000000000000100000>;
P_0x5a85408a4fb0 .param/l "DATA_W" 0 8 31, +C4<00000000000000000000000000001000>;
v0x5a85408a5280_0 .net "act_in", 7 0, L_0x5a85408fafc0;  1 drivers
v0x5a85408a5380_0 .var "act_out", 7 0;
v0x5a85408a5460_0 .net "clk", 0 0, v0x5a85408f2100_0;  alias, 1 drivers
v0x5a85408a5530_0 .net "psum_in", 31 0, L_0x5a85408fb1e0;  1 drivers
v0x5a85408a55f0_0 .var "psum_out", 31 0;
v0x5a85408a5720_0 .net "rst_n", 0 0, v0x5a85408f21a0_0;  alias, 1 drivers
v0x5a85408a57c0_0 .net "weight_in", 7 0, L_0x5a85408faf20;  1 drivers
v0x5a85408a58a0_0 .net "weight_load", 0 0, L_0x5a85408fae60;  1 drivers
v0x5a85408a5960_0 .var "weight_reg", 7 0;
S_0x5a85408a5ea0 .scope generate, "gen_col[5]" "gen_col[5]" 7 100, 7 100 0, S_0x5a85407f00d0;
 .timescale -9 -12;
P_0x5a85408a6050 .param/l "col" 1 7 100, +C4<0101>;
L_0x5a85408fb570 .functor AND 1, v0x5a85408eee10_0, L_0x5a85408fb400, C4<1>, C4<1>;
v0x5a85408a6f10_0 .net *"_ivl_0", 3 0, L_0x5a85408fb2b0;  1 drivers
L_0x77910626e768 .functor BUFT 1, C4<0>, C4<0>, C4<0>, C4<0>;
v0x5a85408a7010_0 .net *"_ivl_3", 0 0, L_0x77910626e768;  1 drivers
L_0x77910626e7b0 .functor BUFT 1, C4<0001>, C4<0>, C4<0>, C4<0>;
v0x5a85408a70f0_0 .net/2u *"_ivl_4", 3 0, L_0x77910626e7b0;  1 drivers
v0x5a85408a71b0_0 .net *"_ivl_6", 0 0, L_0x5a85408fb400;  1 drivers
L_0x5a85408fb2b0 .concat [ 3 1 0 0], v0x5a85408eef00_0, L_0x77910626e768;
L_0x5a85408fb400 .cmp/eq 4, L_0x5a85408fb2b0, L_0x77910626e7b0;
S_0x5a85408a6130 .scope module, "u_pe" "pe" 7 101, 8 30 0, S_0x5a85408a5ea0;
 .timescale -9 -12;
    .port_info 0 /INPUT 1 "clk";
    .port_info 1 /INPUT 1 "rst_n";
    .port_info 2 /INPUT 1 "weight_load";
    .port_info 3 /INPUT 8 "weight_in";
    .port_info 4 /INPUT 8 "act_in";
    .port_info 5 /OUTPUT 8 "act_out";
    .port_info 6 /INPUT 32 "psum_in";
    .port_info 7 /OUTPUT 32 "psum_out";
P_0x5a85408a6310 .param/l "ACC_W" 0 8 32, +C4<00000000000000000000000000100000>;
P_0x5a85408a6350 .param/l "DATA_W" 0 8 31, +C4<00000000000000000000000000001000>;
v0x5a85408a6650_0 .net "act_in", 7 0, L_0x5a85408fbc80;  1 drivers
v0x5a85408a6750_0 .var "act_out", 7 0;
v0x5a85408a6830_0 .net "clk", 0 0, v0x5a85408f2100_0;  alias, 1 drivers
v0x5a85408a6900_0 .net "psum_in", 31 0, L_0x5a85408fbd20;  1 drivers
v0x5a85408a69c0_0 .var "psum_out", 31 0;
v0x5a85408a6af0_0 .net "rst_n", 0 0, v0x5a85408f21a0_0;  alias, 1 drivers
v0x5a85408a6b90_0 .net "weight_in", 7 0, L_0x5a85408fb840;  1 drivers
v0x5a85408a6c70_0 .net "weight_load", 0 0, L_0x5a85408fb570;  1 drivers
v0x5a85408a6d30_0 .var "weight_reg", 7 0;
S_0x5a85408a7270 .scope generate, "gen_col[6]" "gen_col[6]" 7 100, 7 100 0, S_0x5a85407f00d0;
 .timescale -9 -12;
P_0x5a85408a7420 .param/l "col" 1 7 100, +C4<0110>;
L_0x5a85408fc250 .functor AND 1, v0x5a85408eee10_0, L_0x5a85408fc0e0, C4<1>, C4<1>;
v0x5a85408a82e0_0 .net *"_ivl_0", 3 0, L_0x5a85408fbf90;  1 drivers
L_0x77910626e7f8 .functor BUFT 1, C4<0>, C4<0>, C4<0>, C4<0>;
v0x5a85408a83e0_0 .net *"_ivl_3", 0 0, L_0x77910626e7f8;  1 drivers
L_0x77910626e840 .functor BUFT 1, C4<0001>, C4<0>, C4<0>, C4<0>;
v0x5a85408a84c0_0 .net/2u *"_ivl_4", 3 0, L_0x77910626e840;  1 drivers
v0x5a85408a8580_0 .net *"_ivl_6", 0 0, L_0x5a85408fc0e0;  1 drivers
L_0x5a85408fbf90 .concat [ 3 1 0 0], v0x5a85408eef00_0, L_0x77910626e7f8;
L_0x5a85408fc0e0 .cmp/eq 4, L_0x5a85408fbf90, L_0x77910626e840;
S_0x5a85408a7500 .scope module, "u_pe" "pe" 7 101, 8 30 0, S_0x5a85408a7270;
 .timescale -9 -12;
    .port_info 0 /INPUT 1 "clk";
    .port_info 1 /INPUT 1 "rst_n";
    .port_info 2 /INPUT 1 "weight_load";
    .port_info 3 /INPUT 8 "weight_in";
    .port_info 4 /INPUT 8 "act_in";
    .port_info 5 /OUTPUT 8 "act_out";
    .port_info 6 /INPUT 32 "psum_in";
    .port_info 7 /OUTPUT 32 "psum_out";
P_0x5a85408a76e0 .param/l "ACC_W" 0 8 32, +C4<00000000000000000000000000100000>;
P_0x5a85408a7720 .param/l "DATA_W" 0 8 31, +C4<00000000000000000000000000001000>;
v0x5a85408a7a20_0 .net "act_in", 7 0, L_0x5a85408fc3b0;  1 drivers
v0x5a85408a7b20_0 .var "act_out", 7 0;
v0x5a85408a7c00_0 .net "clk", 0 0, v0x5a85408f2100_0;  alias, 1 drivers
v0x5a85408a7cd0_0 .net "psum_in", 31 0, L_0x5a85408fc600;  1 drivers
v0x5a85408a7d90_0 .var "psum_out", 31 0;
v0x5a85408a7ec0_0 .net "rst_n", 0 0, v0x5a85408f21a0_0;  alias, 1 drivers
v0x5a85408a7f60_0 .net "weight_in", 7 0, L_0x5a85408fc310;  1 drivers
v0x5a85408a8040_0 .net "weight_load", 0 0, L_0x5a85408fc250;  1 drivers
v0x5a85408a8100_0 .var "weight_reg", 7 0;
S_0x5a85408a8640 .scope generate, "gen_col[7]" "gen_col[7]" 7 100, 7 100 0, S_0x5a85407f00d0;
 .timescale -9 -12;
P_0x5a85408a87f0 .param/l "col" 1 7 100, +C4<0111>;
L_0x5a85408fc990 .functor AND 1, v0x5a85408eee10_0, L_0x5a85408fc820, C4<1>, C4<1>;
v0x5a85408a96b0_0 .net *"_ivl_0", 3 0, L_0x5a85408fc6d0;  1 drivers
L_0x77910626e888 .functor BUFT 1, C4<0>, C4<0>, C4<0>, C4<0>;
v0x5a85408a97b0_0 .net *"_ivl_3", 0 0, L_0x77910626e888;  1 drivers
L_0x77910626e8d0 .functor BUFT 1, C4<0001>, C4<0>, C4<0>, C4<0>;
v0x5a85408a9890_0 .net/2u *"_ivl_4", 3 0, L_0x77910626e8d0;  1 drivers
v0x5a85408a9950_0 .net *"_ivl_6", 0 0, L_0x5a85408fc820;  1 drivers
L_0x5a85408fc6d0 .concat [ 3 1 0 0], v0x5a85408eef00_0, L_0x77910626e888;
L_0x5a85408fc820 .cmp/eq 4, L_0x5a85408fc6d0, L_0x77910626e8d0;
S_0x5a85408a88d0 .scope module, "u_pe" "pe" 7 101, 8 30 0, S_0x5a85408a8640;
 .timescale -9 -12;
    .port_info 0 /INPUT 1 "clk";
    .port_info 1 /INPUT 1 "rst_n";
    .port_info 2 /INPUT 1 "weight_load";
    .port_info 3 /INPUT 8 "weight_in";
    .port_info 4 /INPUT 8 "act_in";
    .port_info 5 /OUTPUT 8 "act_out";
    .port_info 6 /INPUT 32 "psum_in";
    .port_info 7 /OUTPUT 32 "psum_out";
P_0x5a85408a8ab0 .param/l "ACC_W" 0 8 32, +C4<00000000000000000000000000100000>;
P_0x5a85408a8af0 .param/l "DATA_W" 0 8 31, +C4<00000000000000000000000000001000>;
v0x5a85408a8df0_0 .net "act_in", 7 0, L_0x5a85408fccb0;  1 drivers
v0x5a85408a8ef0_0 .var "act_out", 7 0;
v0x5a85408a8fd0_0 .net "clk", 0 0, v0x5a85408f2100_0;  alias, 1 drivers
v0x5a85408a90a0_0 .net "psum_in", 31 0, L_0x5a85408fcf60;  1 drivers
v0x5a85408a9160_0 .var "psum_out", 31 0;
v0x5a85408a9290_0 .net "rst_n", 0 0, v0x5a85408f21a0_0;  alias, 1 drivers
v0x5a85408a9330_0 .net "weight_in", 7 0, L_0x5a85408fca50;  1 drivers
v0x5a85408a9410_0 .net "weight_load", 0 0, L_0x5a85408fc990;  1 drivers
v0x5a85408a94d0_0 .var "weight_reg", 7 0;
S_0x5a85408a9a10 .scope generate, "gen_row[2]" "gen_row[2]" 7 99, 7 99 0, S_0x5a8540882ad0;
 .timescale -9 -12;
P_0x5a85408a9bc0 .param/l "row" 1 7 99, +C4<010>;
S_0x5a85408a9ca0 .scope generate, "gen_col[0]" "gen_col[0]" 7 100, 7 100 0, S_0x5a85408a9a10;
 .timescale -9 -12;
P_0x5a85408a9ea0 .param/l "col" 1 7 100, +C4<00>;
L_0x5a85408fd8e0 .functor AND 1, v0x5a85408eee10_0, L_0x5a85408fd770, C4<1>, C4<1>;
v0x5a85408aaf70_0 .net *"_ivl_0", 3 0, L_0x5a85408fd410;  1 drivers
L_0x77910626e918 .functor BUFT 1, C4<0>, C4<0>, C4<0>, C4<0>;
v0x5a85408ab070_0 .net *"_ivl_3", 0 0, L_0x77910626e918;  1 drivers
L_0x77910626e960 .functor BUFT 1, C4<0010>, C4<0>, C4<0>, C4<0>;
v0x5a85408ab150_0 .net/2u *"_ivl_4", 3 0, L_0x77910626e960;  1 drivers
v0x5a85408ab210_0 .net *"_ivl_6", 0 0, L_0x5a85408fd770;  1 drivers
L_0x5a85408fd410 .concat [ 3 1 0 0], v0x5a85408eef00_0, L_0x77910626e918;
L_0x5a85408fd770 .cmp/eq 4, L_0x5a85408fd410, L_0x77910626e960;
S_0x5a85408a9f80 .scope module, "u_pe" "pe" 7 101, 8 30 0, S_0x5a85408a9ca0;
 .timescale -9 -12;
    .port_info 0 /INPUT 1 "clk";
    .port_info 1 /INPUT 1 "rst_n";
    .port_info 2 /INPUT 1 "weight_load";
    .port_info 3 /INPUT 8 "weight_in";
    .port_info 4 /INPUT 8 "act_in";
    .port_info 5 /OUTPUT 8 "act_out";
    .port_info 6 /INPUT 32 "psum_in";
    .port_info 7 /OUTPUT 32 "psum_out";
P_0x5a85408aa160 .param/l "ACC_W" 0 8 32, +C4<00000000000000000000000000100000>;
P_0x5a85408aa1a0 .param/l "DATA_W" 0 8 31, +C4<00000000000000000000000000001000>;
v0x5a85408aa4a0_0 .net "act_in", 7 0, L_0x5a85408fda40;  1 drivers
v0x5a85408aa5a0_0 .var "act_out", 7 0;
v0x5a85408aa680_0 .net "clk", 0 0, v0x5a85408f2100_0;  alias, 1 drivers
v0x5a85408aa750_0 .net "psum_in", 31 0, L_0x5a85408fdcc0;  1 drivers
v0x5a85408aa810_0 .var "psum_out", 31 0;
v0x5a85408aa940_0 .net "rst_n", 0 0, v0x5a85408f21a0_0;  alias, 1 drivers
v0x5a85408aabf0_0 .net "weight_in", 7 0, L_0x5a85408fd9a0;  1 drivers
v0x5a85408aacd0_0 .net "weight_load", 0 0, L_0x5a85408fd8e0;  1 drivers
v0x5a85408aad90_0 .var "weight_reg", 7 0;
S_0x5a85408ab2d0 .scope generate, "gen_col[1]" "gen_col[1]" 7 100, 7 100 0, S_0x5a85408a9a10;
 .timescale -9 -12;
P_0x5a85408ab4a0 .param/l "col" 1 7 100, +C4<01>;
L_0x5a85408fe050 .functor AND 1, v0x5a85408eee10_0, L_0x5a85408fdee0, C4<1>, C4<1>;
v0x5a85408ac340_0 .net *"_ivl_0", 3 0, L_0x5a85408fdd90;  1 drivers
L_0x77910626e9a8 .functor BUFT 1, C4<0>, C4<0>, C4<0>, C4<0>;
v0x5a85408ac440_0 .net *"_ivl_3", 0 0, L_0x77910626e9a8;  1 drivers
L_0x77910626e9f0 .functor BUFT 1, C4<0010>, C4<0>, C4<0>, C4<0>;
v0x5a85408ac520_0 .net/2u *"_ivl_4", 3 0, L_0x77910626e9f0;  1 drivers
v0x5a85408ac5e0_0 .net *"_ivl_6", 0 0, L_0x5a85408fdee0;  1 drivers
L_0x5a85408fdd90 .concat [ 3 1 0 0], v0x5a85408eef00_0, L_0x77910626e9a8;
L_0x5a85408fdee0 .cmp/eq 4, L_0x5a85408fdd90, L_0x77910626e9f0;
S_0x5a85408ab560 .scope module, "u_pe" "pe" 7 101, 8 30 0, S_0x5a85408ab2d0;
 .timescale -9 -12;
    .port_info 0 /INPUT 1 "clk";
    .port_info 1 /INPUT 1 "rst_n";
    .port_info 2 /INPUT 1 "weight_load";
    .port_info 3 /INPUT 8 "weight_in";
    .port_info 4 /INPUT 8 "act_in";
    .port_info 5 /OUTPUT 8 "act_out";
    .port_info 6 /INPUT 32 "psum_in";
    .port_info 7 /OUTPUT 32 "psum_out";
P_0x5a85408ab740 .param/l "ACC_W" 0 8 32, +C4<00000000000000000000000000100000>;
P_0x5a85408ab780 .param/l "DATA_W" 0 8 31, +C4<00000000000000000000000000001000>;
v0x5a85408aba80_0 .net "act_in", 7 0, L_0x5a85408fe3a0;  1 drivers
v0x5a85408abb80_0 .var "act_out", 7 0;
v0x5a85408abc60_0 .net "clk", 0 0, v0x5a85408f2100_0;  alias, 1 drivers
v0x5a85408abd30_0 .net "psum_in", 31 0, L_0x5a85408fe440;  1 drivers
v0x5a85408abdf0_0 .var "psum_out", 31 0;
v0x5a85408abf20_0 .net "rst_n", 0 0, v0x5a85408f21a0_0;  alias, 1 drivers
v0x5a85408abfc0_0 .net "weight_in", 7 0, L_0x5a85408fe110;  1 drivers
v0x5a85408ac0a0_0 .net "weight_load", 0 0, L_0x5a85408fe050;  1 drivers
v0x5a85408ac160_0 .var "weight_reg", 7 0;
S_0x5a85408ac6a0 .scope generate, "gen_col[2]" "gen_col[2]" 7 100, 7 100 0, S_0x5a85408a9a10;
 .timescale -9 -12;
P_0x5a85408ac880 .param/l "col" 1 7 100, +C4<010>;
L_0x5a85408fe9d0 .functor AND 1, v0x5a85408eee10_0, L_0x5a85408fe860, C4<1>, C4<1>;
v0x5a85408ad720_0 .net *"_ivl_0", 3 0, L_0x5a85408fe710;  1 drivers
L_0x77910626ea38 .functor BUFT 1, C4<0>, C4<0>, C4<0>, C4<0>;
v0x5a85408ad820_0 .net *"_ivl_3", 0 0, L_0x77910626ea38;  1 drivers
L_0x77910626ea80 .functor BUFT 1, C4<0010>, C4<0>, C4<0>, C4<0>;
v0x5a85408ad900_0 .net/2u *"_ivl_4", 3 0, L_0x77910626ea80;  1 drivers
v0x5a85408ad9c0_0 .net *"_ivl_6", 0 0, L_0x5a85408fe860;  1 drivers
L_0x5a85408fe710 .concat [ 3 1 0 0], v0x5a85408eef00_0, L_0x77910626ea38;
L_0x5a85408fe860 .cmp/eq 4, L_0x5a85408fe710, L_0x77910626ea80;
S_0x5a85408ac940 .scope module, "u_pe" "pe" 7 101, 8 30 0, S_0x5a85408ac6a0;
 .timescale -9 -12;
    .port_info 0 /INPUT 1 "clk";
    .port_info 1 /INPUT 1 "rst_n";
    .port_info 2 /INPUT 1 "weight_load";
    .port_info 3 /INPUT 8 "weight_in";
    .port_info 4 /INPUT 8 "act_in";
    .port_info 5 /OUTPUT 8 "act_out";
    .port_info 6 /INPUT 32 "psum_in";
    .port_info 7 /OUTPUT 32 "psum_out";
P_0x5a85408acb20 .param/l "ACC_W" 0 8 32, +C4<00000000000000000000000000100000>;
P_0x5a85408acb60 .param/l "DATA_W" 0 8 31, +C4<00000000000000000000000000001000>;
v0x5a85408ace60_0 .net "act_in", 7 0, L_0x5a85408feb30;  1 drivers
v0x5a85408acf60_0 .var "act_out", 7 0;
v0x5a85408ad040_0 .net "clk", 0 0, v0x5a85408f2100_0;  alias, 1 drivers
v0x5a85408ad110_0 .net "psum_in", 31 0, L_0x5a85408fede0;  1 drivers
v0x5a85408ad1d0_0 .var "psum_out", 31 0;
v0x5a85408ad300_0 .net "rst_n", 0 0, v0x5a85408f21a0_0;  alias, 1 drivers
v0x5a85408ad3a0_0 .net "weight_in", 7 0, L_0x5a85408fea90;  1 drivers
v0x5a85408ad480_0 .net "weight_load", 0 0, L_0x5a85408fe9d0;  1 drivers
v0x5a85408ad540_0 .var "weight_reg", 7 0;
S_0x5a85408ada80 .scope generate, "gen_col[3]" "gen_col[3]" 7 100, 7 100 0, S_0x5a85408a9a10;
 .timescale -9 -12;
P_0x5a85408adc30 .param/l "col" 1 7 100, +C4<011>;
L_0x5a85408ff170 .functor AND 1, v0x5a85408eee10_0, L_0x5a85408ff000, C4<1>, C4<1>;
v0x5a85408aeaf0_0 .net *"_ivl_0", 3 0, L_0x5a85408feeb0;  1 drivers
L_0x77910626eac8 .functor BUFT 1, C4<0>, C4<0>, C4<0>, C4<0>;
v0x5a85408aebf0_0 .net *"_ivl_3", 0 0, L_0x77910626eac8;  1 drivers
L_0x77910626eb10 .functor BUFT 1, C4<0010>, C4<0>, C4<0>, C4<0>;
v0x5a85408aecd0_0 .net/2u *"_ivl_4", 3 0, L_0x77910626eb10;  1 drivers
v0x5a85408aed90_0 .net *"_ivl_6", 0 0, L_0x5a85408ff000;  1 drivers
L_0x5a85408feeb0 .concat [ 3 1 0 0], v0x5a85408eef00_0, L_0x77910626eac8;
L_0x5a85408ff000 .cmp/eq 4, L_0x5a85408feeb0, L_0x77910626eb10;
S_0x5a85408add10 .scope module, "u_pe" "pe" 7 101, 8 30 0, S_0x5a85408ada80;
 .timescale -9 -12;
    .port_info 0 /INPUT 1 "clk";
    .port_info 1 /INPUT 1 "rst_n";
    .port_info 2 /INPUT 1 "weight_load";
    .port_info 3 /INPUT 8 "weight_in";
    .port_info 4 /INPUT 8 "act_in";
    .port_info 5 /OUTPUT 8 "act_out";
    .port_info 6 /INPUT 32 "psum_in";
    .port_info 7 /OUTPUT 32 "psum_out";
P_0x5a85408adef0 .param/l "ACC_W" 0 8 32, +C4<00000000000000000000000000100000>;
P_0x5a85408adf30 .param/l "DATA_W" 0 8 31, +C4<00000000000000000000000000001000>;
v0x5a85408ae230_0 .net "act_in", 7 0, L_0x5a85408ff4f0;  1 drivers
v0x5a85408ae330_0 .var "act_out", 7 0;
v0x5a85408ae410_0 .net "clk", 0 0, v0x5a85408f2100_0;  alias, 1 drivers
v0x5a85408ae4e0_0 .net "psum_in", 31 0, L_0x5a85408ff590;  1 drivers
v0x5a85408ae5a0_0 .var "psum_out", 31 0;
v0x5a85408ae6d0_0 .net "rst_n", 0 0, v0x5a85408f21a0_0;  alias, 1 drivers
v0x5a85408ae770_0 .net "weight_in", 7 0, L_0x5a85408ff230;  1 drivers
v0x5a85408ae850_0 .net "weight_load", 0 0, L_0x5a85408ff170;  1 drivers
v0x5a85408ae910_0 .var "weight_reg", 7 0;
S_0x5a85408aee50 .scope generate, "gen_col[4]" "gen_col[4]" 7 100, 7 100 0, S_0x5a85408a9a10;
 .timescale -9 -12;
P_0x5a85408af050 .param/l "col" 1 7 100, +C4<0100>;
L_0x5a85408ffb50 .functor AND 1, v0x5a85408eee10_0, L_0x5a85408ff9e0, C4<1>, C4<1>;
v0x5a85408afee0_0 .net *"_ivl_0", 3 0, L_0x5a85408ff890;  1 drivers
L_0x77910626eb58 .functor BUFT 1, C4<0>, C4<0>, C4<0>, C4<0>;
v0x5a85408affe0_0 .net *"_ivl_3", 0 0, L_0x77910626eb58;  1 drivers
L_0x77910626eba0 .functor BUFT 1, C4<0010>, C4<0>, C4<0>, C4<0>;
v0x5a85408b00c0_0 .net/2u *"_ivl_4", 3 0, L_0x77910626eba0;  1 drivers
v0x5a85408b0180_0 .net *"_ivl_6", 0 0, L_0x5a85408ff9e0;  1 drivers
L_0x5a85408ff890 .concat [ 3 1 0 0], v0x5a85408eef00_0, L_0x77910626eb58;
L_0x5a85408ff9e0 .cmp/eq 4, L_0x5a85408ff890, L_0x77910626eba0;
S_0x5a85408af130 .scope module, "u_pe" "pe" 7 101, 8 30 0, S_0x5a85408aee50;
 .timescale -9 -12;
    .port_info 0 /INPUT 1 "clk";
    .port_info 1 /INPUT 1 "rst_n";
    .port_info 2 /INPUT 1 "weight_load";
    .port_info 3 /INPUT 8 "weight_in";
    .port_info 4 /INPUT 8 "act_in";
    .port_info 5 /OUTPUT 8 "act_out";
    .port_info 6 /INPUT 32 "psum_in";
    .port_info 7 /OUTPUT 32 "psum_out";
P_0x5a85408af310 .param/l "ACC_W" 0 8 32, +C4<00000000000000000000000000100000>;
P_0x5a85408af350 .param/l "DATA_W" 0 8 31, +C4<00000000000000000000000000001000>;
v0x5a85408af620_0 .net "act_in", 7 0, L_0x5a85408ffcb0;  1 drivers
v0x5a85408af720_0 .var "act_out", 7 0;
v0x5a85408af800_0 .net "clk", 0 0, v0x5a85408f2100_0;  alias, 1 drivers
v0x5a85408af8d0_0 .net "psum_in", 31 0, L_0x5a85408fff90;  1 drivers
v0x5a85408af990_0 .var "psum_out", 31 0;
v0x5a85408afac0_0 .net "rst_n", 0 0, v0x5a85408f21a0_0;  alias, 1 drivers
v0x5a85408afb60_0 .net "weight_in", 7 0, L_0x5a85408ffc10;  1 drivers
v0x5a85408afc40_0 .net "weight_load", 0 0, L_0x5a85408ffb50;  1 drivers
v0x5a85408afd00_0 .var "weight_reg", 7 0;
S_0x5a85408b0240 .scope generate, "gen_col[5]" "gen_col[5]" 7 100, 7 100 0, S_0x5a85408a9a10;
 .timescale -9 -12;
P_0x5a85408b03f0 .param/l "col" 1 7 100, +C4<0101>;
L_0x5a8540900320 .functor AND 1, v0x5a85408eee10_0, L_0x5a85409001b0, C4<1>, C4<1>;
v0x5a85408b12b0_0 .net *"_ivl_0", 3 0, L_0x5a8540900060;  1 drivers
L_0x77910626ebe8 .functor BUFT 1, C4<0>, C4<0>, C4<0>, C4<0>;
v0x5a85408b13b0_0 .net *"_ivl_3", 0 0, L_0x77910626ebe8;  1 drivers
L_0x77910626ec30 .functor BUFT 1, C4<0010>, C4<0>, C4<0>, C4<0>;
v0x5a85408b1490_0 .net/2u *"_ivl_4", 3 0, L_0x77910626ec30;  1 drivers
v0x5a85408b1550_0 .net *"_ivl_6", 0 0, L_0x5a85409001b0;  1 drivers
L_0x5a8540900060 .concat [ 3 1 0 0], v0x5a85408eef00_0, L_0x77910626ebe8;
L_0x5a85409001b0 .cmp/eq 4, L_0x5a8540900060, L_0x77910626ec30;
S_0x5a85408b04d0 .scope module, "u_pe" "pe" 7 101, 8 30 0, S_0x5a85408b0240;
 .timescale -9 -12;
    .port_info 0 /INPUT 1 "clk";
    .port_info 1 /INPUT 1 "rst_n";
    .port_info 2 /INPUT 1 "weight_load";
    .port_info 3 /INPUT 8 "weight_in";
    .port_info 4 /INPUT 8 "act_in";
    .port_info 5 /OUTPUT 8 "act_out";
    .port_info 6 /INPUT 32 "psum_in";
    .port_info 7 /OUTPUT 32 "psum_out";
P_0x5a85408b06b0 .param/l "ACC_W" 0 8 32, +C4<00000000000000000000000000100000>;
P_0x5a85408b06f0 .param/l "DATA_W" 0 8 31, +C4<00000000000000000000000000001000>;
v0x5a85408b09f0_0 .net "act_in", 7 0, L_0x5a85409006d0;  1 drivers
v0x5a85408b0af0_0 .var "act_out", 7 0;
v0x5a85408b0bd0_0 .net "clk", 0 0, v0x5a85408f2100_0;  alias, 1 drivers
v0x5a85408b0ca0_0 .net "psum_in", 31 0, L_0x5a8540900770;  1 drivers
v0x5a85408b0d60_0 .var "psum_out", 31 0;
v0x5a85408b0e90_0 .net "rst_n", 0 0, v0x5a85408f21a0_0;  alias, 1 drivers
v0x5a85408b0f30_0 .net "weight_in", 7 0, L_0x5a85409003e0;  1 drivers
v0x5a85408b1010_0 .net "weight_load", 0 0, L_0x5a8540900320;  1 drivers
v0x5a85408b10d0_0 .var "weight_reg", 7 0;
S_0x5a85408b1610 .scope generate, "gen_col[6]" "gen_col[6]" 7 100, 7 100 0, S_0x5a85408a9a10;
 .timescale -9 -12;
P_0x5a85408b17c0 .param/l "col" 1 7 100, +C4<0110>;
L_0x5a8540900d60 .functor AND 1, v0x5a85408eee10_0, L_0x5a8540900bf0, C4<1>, C4<1>;
v0x5a85408b2680_0 .net *"_ivl_0", 3 0, L_0x5a8540900aa0;  1 drivers
L_0x77910626ec78 .functor BUFT 1, C4<0>, C4<0>, C4<0>, C4<0>;
v0x5a85408b2780_0 .net *"_ivl_3", 0 0, L_0x77910626ec78;  1 drivers
L_0x77910626ecc0 .functor BUFT 1, C4<0010>, C4<0>, C4<0>, C4<0>;
v0x5a85408b2860_0 .net/2u *"_ivl_4", 3 0, L_0x77910626ecc0;  1 drivers
v0x5a85408b2920_0 .net *"_ivl_6", 0 0, L_0x5a8540900bf0;  1 drivers
L_0x5a8540900aa0 .concat [ 3 1 0 0], v0x5a85408eef00_0, L_0x77910626ec78;
L_0x5a8540900bf0 .cmp/eq 4, L_0x5a8540900aa0, L_0x77910626ecc0;
S_0x5a85408b18a0 .scope module, "u_pe" "pe" 7 101, 8 30 0, S_0x5a85408b1610;
 .timescale -9 -12;
    .port_info 0 /INPUT 1 "clk";
    .port_info 1 /INPUT 1 "rst_n";
    .port_info 2 /INPUT 1 "weight_load";
    .port_info 3 /INPUT 8 "weight_in";
    .port_info 4 /INPUT 8 "act_in";
    .port_info 5 /OUTPUT 8 "act_out";
    .port_info 6 /INPUT 32 "psum_in";
    .port_info 7 /OUTPUT 32 "psum_out";
P_0x5a85408b1a80 .param/l "ACC_W" 0 8 32, +C4<00000000000000000000000000100000>;
P_0x5a85408b1ac0 .param/l "DATA_W" 0 8 31, +C4<00000000000000000000000000001000>;
v0x5a85408b1dc0_0 .net "act_in", 7 0, L_0x5a8540900ec0;  1 drivers
v0x5a85408b1ec0_0 .var "act_out", 7 0;
v0x5a85408b1fa0_0 .net "clk", 0 0, v0x5a85408f2100_0;  alias, 1 drivers
v0x5a85408b2070_0 .net "psum_in", 31 0, L_0x5a85409011d0;  1 drivers
v0x5a85408b2130_0 .var "psum_out", 31 0;
v0x5a85408b2260_0 .net "rst_n", 0 0, v0x5a85408f21a0_0;  alias, 1 drivers
v0x5a85408b2300_0 .net "weight_in", 7 0, L_0x5a8540900e20;  1 drivers
v0x5a85408b23e0_0 .net "weight_load", 0 0, L_0x5a8540900d60;  1 drivers
v0x5a85408b24a0_0 .var "weight_reg", 7 0;
S_0x5a85408b29e0 .scope generate, "gen_col[7]" "gen_col[7]" 7 100, 7 100 0, S_0x5a85408a9a10;
 .timescale -9 -12;
P_0x5a85408b2b90 .param/l "col" 1 7 100, +C4<0111>;
L_0x5a8540901560 .functor AND 1, v0x5a85408eee10_0, L_0x5a85409013f0, C4<1>, C4<1>;
v0x5a85408b3a50_0 .net *"_ivl_0", 3 0, L_0x5a85409012a0;  1 drivers
L_0x77910626ed08 .functor BUFT 1, C4<0>, C4<0>, C4<0>, C4<0>;
v0x5a85408b3b50_0 .net *"_ivl_3", 0 0, L_0x77910626ed08;  1 drivers
L_0x77910626ed50 .functor BUFT 1, C4<0010>, C4<0>, C4<0>, C4<0>;
v0x5a85408b3c30_0 .net/2u *"_ivl_4", 3 0, L_0x77910626ed50;  1 drivers
v0x5a85408b3cf0_0 .net *"_ivl_6", 0 0, L_0x5a85409013f0;  1 drivers
L_0x5a85409012a0 .concat [ 3 1 0 0], v0x5a85408eef00_0, L_0x77910626ed08;
L_0x5a85409013f0 .cmp/eq 4, L_0x5a85409012a0, L_0x77910626ed50;
S_0x5a85408b2c70 .scope module, "u_pe" "pe" 7 101, 8 30 0, S_0x5a85408b29e0;
 .timescale -9 -12;
    .port_info 0 /INPUT 1 "clk";
    .port_info 1 /INPUT 1 "rst_n";
    .port_info 2 /INPUT 1 "weight_load";
    .port_info 3 /INPUT 8 "weight_in";
    .port_info 4 /INPUT 8 "act_in";
    .port_info 5 /OUTPUT 8 "act_out";
    .port_info 6 /INPUT 32 "psum_in";
    .port_info 7 /OUTPUT 32 "psum_out";
P_0x5a85408b2e50 .param/l "ACC_W" 0 8 32, +C4<00000000000000000000000000100000>;
P_0x5a85408b2e90 .param/l "DATA_W" 0 8 31, +C4<00000000000000000000000000001000>;
v0x5a85408b3190_0 .net "act_in", 7 0, L_0x5a8540901940;  1 drivers
v0x5a85408b3290_0 .var "act_out", 7 0;
v0x5a85408b3370_0 .net "clk", 0 0, v0x5a85408f2100_0;  alias, 1 drivers
v0x5a85408b3440_0 .net "psum_in", 31 0, L_0x5a85409019e0;  1 drivers
v0x5a85408b3500_0 .var "psum_out", 31 0;
v0x5a85408b3630_0 .net "rst_n", 0 0, v0x5a85408f21a0_0;  alias, 1 drivers
v0x5a85408b36d0_0 .net "weight_in", 7 0, L_0x5a8540901620;  1 drivers
v0x5a85408b37b0_0 .net "weight_load", 0 0, L_0x5a8540901560;  1 drivers
v0x5a85408b3870_0 .var "weight_reg", 7 0;
S_0x5a85408b3db0 .scope generate, "gen_row[3]" "gen_row[3]" 7 99, 7 99 0, S_0x5a8540882ad0;
 .timescale -9 -12;
P_0x5a85408b3f60 .param/l "row" 1 7 99, +C4<011>;
S_0x5a85408b4040 .scope generate, "gen_col[0]" "gen_col[0]" 7 100, 7 100 0, S_0x5a85408b3db0;
 .timescale -9 -12;
P_0x5a85408b4240 .param/l "col" 1 7 100, +C4<00>;
L_0x5a8540902000 .functor AND 1, v0x5a85408eee10_0, L_0x5a8540901e90, C4<1>, C4<1>;
v0x5a85408b5100_0 .net *"_ivl_0", 3 0, L_0x5a8540901d40;  1 drivers
L_0x77910626ed98 .functor BUFT 1, C4<0>, C4<0>, C4<0>, C4<0>;
v0x5a85408b5200_0 .net *"_ivl_3", 0 0, L_0x77910626ed98;  1 drivers
L_0x77910626ede0 .functor BUFT 1, C4<0011>, C4<0>, C4<0>, C4<0>;
v0x5a85408b52e0_0 .net/2u *"_ivl_4", 3 0, L_0x77910626ede0;  1 drivers
v0x5a85408b53a0_0 .net *"_ivl_6", 0 0, L_0x5a8540901e90;  1 drivers
L_0x5a8540901d40 .concat [ 3 1 0 0], v0x5a85408eef00_0, L_0x77910626ed98;
L_0x5a8540901e90 .cmp/eq 4, L_0x5a8540901d40, L_0x77910626ede0;
S_0x5a85408b4320 .scope module, "u_pe" "pe" 7 101, 8 30 0, S_0x5a85408b4040;
 .timescale -9 -12;
    .port_info 0 /INPUT 1 "clk";
    .port_info 1 /INPUT 1 "rst_n";
    .port_info 2 /INPUT 1 "weight_load";
    .port_info 3 /INPUT 8 "weight_in";
    .port_info 4 /INPUT 8 "act_in";
    .port_info 5 /OUTPUT 8 "act_out";
    .port_info 6 /INPUT 32 "psum_in";
    .port_info 7 /OUTPUT 32 "psum_out";
P_0x5a85408b4500 .param/l "ACC_W" 0 8 32, +C4<00000000000000000000000000100000>;
P_0x5a85408b4540 .param/l "DATA_W" 0 8 31, +C4<00000000000000000000000000001000>;
v0x5a85408b4840_0 .net "act_in", 7 0, L_0x5a8540902160;  1 drivers
v0x5a85408b4940_0 .var "act_out", 7 0;
v0x5a85408b4a20_0 .net "clk", 0 0, v0x5a85408f2100_0;  alias, 1 drivers
v0x5a85408b4af0_0 .net "psum_in", 31 0, L_0x5a85409024a0;  1 drivers
v0x5a85408b4bb0_0 .var "psum_out", 31 0;
v0x5a85408b4ce0_0 .net "rst_n", 0 0, v0x5a85408f21a0_0;  alias, 1 drivers
v0x5a85408b4d80_0 .net "weight_in", 7 0, L_0x5a85409020c0;  1 drivers
v0x5a85408b4e60_0 .net "weight_load", 0 0, L_0x5a8540902000;  1 drivers
v0x5a85408b4f20_0 .var "weight_reg", 7 0;
S_0x5a85408b5460 .scope generate, "gen_col[1]" "gen_col[1]" 7 100, 7 100 0, S_0x5a85408b3db0;
 .timescale -9 -12;
P_0x5a85408b5630 .param/l "col" 1 7 100, +C4<01>;
L_0x5a8540902830 .functor AND 1, v0x5a85408eee10_0, L_0x5a85409026c0, C4<1>, C4<1>;
v0x5a85408b64d0_0 .net *"_ivl_0", 3 0, L_0x5a8540902570;  1 drivers
L_0x77910626ee28 .functor BUFT 1, C4<0>, C4<0>, C4<0>, C4<0>;
v0x5a85408b65d0_0 .net *"_ivl_3", 0 0, L_0x77910626ee28;  1 drivers
L_0x77910626ee70 .functor BUFT 1, C4<0011>, C4<0>, C4<0>, C4<0>;
v0x5a85408b66b0_0 .net/2u *"_ivl_4", 3 0, L_0x77910626ee70;  1 drivers
v0x5a85408b6770_0 .net *"_ivl_6", 0 0, L_0x5a85409026c0;  1 drivers
L_0x5a8540902570 .concat [ 3 1 0 0], v0x5a85408eef00_0, L_0x77910626ee28;
L_0x5a85409026c0 .cmp/eq 4, L_0x5a8540902570, L_0x77910626ee70;
S_0x5a85408b56f0 .scope module, "u_pe" "pe" 7 101, 8 30 0, S_0x5a85408b5460;
 .timescale -9 -12;
    .port_info 0 /INPUT 1 "clk";
    .port_info 1 /INPUT 1 "rst_n";
    .port_info 2 /INPUT 1 "weight_load";
    .port_info 3 /INPUT 8 "weight_in";
    .port_info 4 /INPUT 8 "act_in";
    .port_info 5 /OUTPUT 8 "act_out";
    .port_info 6 /INPUT 32 "psum_in";
    .port_info 7 /OUTPUT 32 "psum_out";
P_0x5a85408b58d0 .param/l "ACC_W" 0 8 32, +C4<00000000000000000000000000100000>;
P_0x5a85408b5910 .param/l "DATA_W" 0 8 31, +C4<00000000000000000000000000001000>;
v0x5a85408b5c10_0 .net "act_in", 7 0, L_0x5a8540902c40;  1 drivers
v0x5a85408b5d10_0 .var "act_out", 7 0;
v0x5a85408b5df0_0 .net "clk", 0 0, v0x5a85408f2100_0;  alias, 1 drivers
v0x5a85408b5ec0_0 .net "psum_in", 31 0, L_0x5a8540902ce0;  1 drivers
v0x5a85408b5f80_0 .var "psum_out", 31 0;
v0x5a85408b60b0_0 .net "rst_n", 0 0, v0x5a85408f21a0_0;  alias, 1 drivers
v0x5a85408b6150_0 .net "weight_in", 7 0, L_0x5a85409028f0;  1 drivers
v0x5a85408b6230_0 .net "weight_load", 0 0, L_0x5a8540902830;  1 drivers
v0x5a85408b62f0_0 .var "weight_reg", 7 0;
S_0x5a85408b6830 .scope generate, "gen_col[2]" "gen_col[2]" 7 100, 7 100 0, S_0x5a85408b3db0;
 .timescale -9 -12;
P_0x5a85408b6a10 .param/l "col" 1 7 100, +C4<010>;
L_0x5a8540903330 .functor AND 1, v0x5a85408eee10_0, L_0x5a85409031c0, C4<1>, C4<1>;
v0x5a85408b78b0_0 .net *"_ivl_0", 3 0, L_0x5a8540903070;  1 drivers
L_0x77910626eeb8 .functor BUFT 1, C4<0>, C4<0>, C4<0>, C4<0>;
v0x5a85408b79b0_0 .net *"_ivl_3", 0 0, L_0x77910626eeb8;  1 drivers
L_0x77910626ef00 .functor BUFT 1, C4<0011>, C4<0>, C4<0>, C4<0>;
v0x5a85408b7a90_0 .net/2u *"_ivl_4", 3 0, L_0x77910626ef00;  1 drivers
v0x5a85408b7b50_0 .net *"_ivl_6", 0 0, L_0x5a85409031c0;  1 drivers
L_0x5a8540903070 .concat [ 3 1 0 0], v0x5a85408eef00_0, L_0x77910626eeb8;
L_0x5a85409031c0 .cmp/eq 4, L_0x5a8540903070, L_0x77910626ef00;
S_0x5a85408b6ad0 .scope module, "u_pe" "pe" 7 101, 8 30 0, S_0x5a85408b6830;
 .timescale -9 -12;
    .port_info 0 /INPUT 1 "clk";
    .port_info 1 /INPUT 1 "rst_n";
    .port_info 2 /INPUT 1 "weight_load";
    .port_info 3 /INPUT 8 "weight_in";
    .port_info 4 /INPUT 8 "act_in";
    .port_info 5 /OUTPUT 8 "act_out";
    .port_info 6 /INPUT 32 "psum_in";
    .port_info 7 /OUTPUT 32 "psum_out";
P_0x5a85408b6cb0 .param/l "ACC_W" 0 8 32, +C4<00000000000000000000000000100000>;
P_0x5a85408b6cf0 .param/l "DATA_W" 0 8 31, +C4<00000000000000000000000000001000>;
v0x5a85408b6ff0_0 .net "act_in", 7 0, L_0x5a8540903490;  1 drivers
v0x5a85408b70f0_0 .var "act_out", 7 0;
v0x5a85408b71d0_0 .net "clk", 0 0, v0x5a85408f2100_0;  alias, 1 drivers
v0x5a85408b72a0_0 .net "psum_in", 31 0, L_0x5a8540903800;  1 drivers
v0x5a85408b7360_0 .var "psum_out", 31 0;
v0x5a85408b7490_0 .net "rst_n", 0 0, v0x5a85408f21a0_0;  alias, 1 drivers
v0x5a85408b7530_0 .net "weight_in", 7 0, L_0x5a85409033f0;  1 drivers
v0x5a85408b7610_0 .net "weight_load", 0 0, L_0x5a8540903330;  1 drivers
v0x5a85408b76d0_0 .var "weight_reg", 7 0;
S_0x5a85408b7c10 .scope generate, "gen_col[3]" "gen_col[3]" 7 100, 7 100 0, S_0x5a85408b3db0;
 .timescale -9 -12;
P_0x5a85408b7dc0 .param/l "col" 1 7 100, +C4<011>;
L_0x5a8540903b90 .functor AND 1, v0x5a85408eee10_0, L_0x5a8540903a20, C4<1>, C4<1>;
v0x5a85408b8c80_0 .net *"_ivl_0", 3 0, L_0x5a85409038d0;  1 drivers
L_0x77910626ef48 .functor BUFT 1, C4<0>, C4<0>, C4<0>, C4<0>;
v0x5a85408b8d80_0 .net *"_ivl_3", 0 0, L_0x77910626ef48;  1 drivers
L_0x77910626ef90 .functor BUFT 1, C4<0011>, C4<0>, C4<0>, C4<0>;
v0x5a85408b8e60_0 .net/2u *"_ivl_4", 3 0, L_0x77910626ef90;  1 drivers
v0x5a85408b8f20_0 .net *"_ivl_6", 0 0, L_0x5a8540903a20;  1 drivers
L_0x5a85409038d0 .concat [ 3 1 0 0], v0x5a85408eef00_0, L_0x77910626ef48;
L_0x5a8540903a20 .cmp/eq 4, L_0x5a85409038d0, L_0x77910626ef90;
S_0x5a85408b7ea0 .scope module, "u_pe" "pe" 7 101, 8 30 0, S_0x5a85408b7c10;
 .timescale -9 -12;
    .port_info 0 /INPUT 1 "clk";
    .port_info 1 /INPUT 1 "rst_n";
    .port_info 2 /INPUT 1 "weight_load";
    .port_info 3 /INPUT 8 "weight_in";
    .port_info 4 /INPUT 8 "act_in";
    .port_info 5 /OUTPUT 8 "act_out";
    .port_info 6 /INPUT 32 "psum_in";
    .port_info 7 /OUTPUT 32 "psum_out";
P_0x5a85408b8080 .param/l "ACC_W" 0 8 32, +C4<00000000000000000000000000100000>;
P_0x5a85408b80c0 .param/l "DATA_W" 0 8 31, +C4<00000000000000000000000000001000>;
v0x5a85408b83c0_0 .net "act_in", 7 0, L_0x5a8540903fd0;  1 drivers
v0x5a85408b84c0_0 .var "act_out", 7 0;
v0x5a85408b85a0_0 .net "clk", 0 0, v0x5a85408f2100_0;  alias, 1 drivers
v0x5a85408b8670_0 .net "psum_in", 31 0, L_0x5a8540904070;  1 drivers
v0x5a85408b8730_0 .var "psum_out", 31 0;
v0x5a85408b8860_0 .net "rst_n", 0 0, v0x5a85408f21a0_0;  alias, 1 drivers
v0x5a85408b8900_0 .net "weight_in", 7 0, L_0x5a8540903c50;  1 drivers
v0x5a85408b89e0_0 .net "weight_load", 0 0, L_0x5a8540903b90;  1 drivers
v0x5a85408b8aa0_0 .var "weight_reg", 7 0;
S_0x5a85408b8fe0 .scope generate, "gen_col[4]" "gen_col[4]" 7 100, 7 100 0, S_0x5a85408b3db0;
 .timescale -9 -12;
P_0x5a85408b91e0 .param/l "col" 1 7 100, +C4<0100>;
L_0x5a85409046f0 .functor AND 1, v0x5a85408eee10_0, L_0x5a8540904580, C4<1>, C4<1>;
v0x5a85408ba070_0 .net *"_ivl_0", 3 0, L_0x5a8540904430;  1 drivers
L_0x77910626efd8 .functor BUFT 1, C4<0>, C4<0>, C4<0>, C4<0>;
v0x5a85408ba170_0 .net *"_ivl_3", 0 0, L_0x77910626efd8;  1 drivers
L_0x77910626f020 .functor BUFT 1, C4<0011>, C4<0>, C4<0>, C4<0>;
v0x5a85408ba250_0 .net/2u *"_ivl_4", 3 0, L_0x77910626f020;  1 drivers
v0x5a85408ba310_0 .net *"_ivl_6", 0 0, L_0x5a8540904580;  1 drivers
L_0x5a8540904430 .concat [ 3 1 0 0], v0x5a85408eef00_0, L_0x77910626efd8;
L_0x5a8540904580 .cmp/eq 4, L_0x5a8540904430, L_0x77910626f020;
S_0x5a85408b92c0 .scope module, "u_pe" "pe" 7 101, 8 30 0, S_0x5a85408b8fe0;
 .timescale -9 -12;
    .port_info 0 /INPUT 1 "clk";
    .port_info 1 /INPUT 1 "rst_n";
    .port_info 2 /INPUT 1 "weight_load";
    .port_info 3 /INPUT 8 "weight_in";
    .port_info 4 /INPUT 8 "act_in";
    .port_info 5 /OUTPUT 8 "act_out";
    .port_info 6 /INPUT 32 "psum_in";
    .port_info 7 /OUTPUT 32 "psum_out";
P_0x5a85408b94a0 .param/l "ACC_W" 0 8 32, +C4<00000000000000000000000000100000>;
P_0x5a85408b94e0 .param/l "DATA_W" 0 8 31, +C4<00000000000000000000000000001000>;
v0x5a85408b97b0_0 .net "act_in", 7 0, L_0x5a8540904850;  1 drivers
v0x5a85408b98b0_0 .var "act_out", 7 0;
v0x5a85408b9990_0 .net "clk", 0 0, v0x5a85408f2100_0;  alias, 1 drivers
v0x5a85408b9a60_0 .net "psum_in", 31 0, L_0x5a8540904bf0;  1 drivers
v0x5a85408b9b20_0 .var "psum_out", 31 0;
v0x5a85408b9c50_0 .net "rst_n", 0 0, v0x5a85408f21a0_0;  alias, 1 drivers
v0x5a85408b9cf0_0 .net "weight_in", 7 0, L_0x5a85409047b0;  1 drivers
v0x5a85408b9dd0_0 .net "weight_load", 0 0, L_0x5a85409046f0;  1 drivers
v0x5a85408b9e90_0 .var "weight_reg", 7 0;
S_0x5a85408ba3d0 .scope generate, "gen_col[5]" "gen_col[5]" 7 100, 7 100 0, S_0x5a85408b3db0;
 .timescale -9 -12;
P_0x5a85408ba580 .param/l "col" 1 7 100, +C4<0101>;
L_0x5a8540904f80 .functor AND 1, v0x5a85408eee10_0, L_0x5a8540904e10, C4<1>, C4<1>;
v0x5a85408bb440_0 .net *"_ivl_0", 3 0, L_0x5a8540904cc0;  1 drivers
L_0x77910626f068 .functor BUFT 1, C4<0>, C4<0>, C4<0>, C4<0>;
v0x5a85408bb540_0 .net *"_ivl_3", 0 0, L_0x77910626f068;  1 drivers
L_0x77910626f0b0 .functor BUFT 1, C4<0011>, C4<0>, C4<0>, C4<0>;
v0x5a85408bb620_0 .net/2u *"_ivl_4", 3 0, L_0x77910626f0b0;  1 drivers
v0x5a85408bb6e0_0 .net *"_ivl_6", 0 0, L_0x5a8540904e10;  1 drivers
L_0x5a8540904cc0 .concat [ 3 1 0 0], v0x5a85408eef00_0, L_0x77910626f068;
L_0x5a8540904e10 .cmp/eq 4, L_0x5a8540904cc0, L_0x77910626f0b0;
S_0x5a85408ba660 .scope module, "u_pe" "pe" 7 101, 8 30 0, S_0x5a85408ba3d0;
 .timescale -9 -12;
    .port_info 0 /INPUT 1 "clk";
    .port_info 1 /INPUT 1 "rst_n";
    .port_info 2 /INPUT 1 "weight_load";
    .port_info 3 /INPUT 8 "weight_in";
    .port_info 4 /INPUT 8 "act_in";
    .port_info 5 /OUTPUT 8 "act_out";
    .port_info 6 /INPUT 32 "psum_in";
    .port_info 7 /OUTPUT 32 "psum_out";
P_0x5a85408ba840 .param/l "ACC_W" 0 8 32, +C4<00000000000000000000000000100000>;
P_0x5a85408ba880 .param/l "DATA_W" 0 8 31, +C4<00000000000000000000000000001000>;
v0x5a85408bab80_0 .net "act_in", 7 0, L_0x5a8540905800;  1 drivers
v0x5a85408bac80_0 .var "act_out", 7 0;
v0x5a85408bad60_0 .net "clk", 0 0, v0x5a85408f2100_0;  alias, 1 drivers
v0x5a85408bae30_0 .net "psum_in", 31 0, L_0x5a85409058a0;  1 drivers
v0x5a85408baef0_0 .var "psum_out", 31 0;
v0x5a85408bb020_0 .net "rst_n", 0 0, v0x5a85408f21a0_0;  alias, 1 drivers
v0x5a85408bb0c0_0 .net "weight_in", 7 0, L_0x5a8540905040;  1 drivers
v0x5a85408bb1a0_0 .net "weight_load", 0 0, L_0x5a8540904f80;  1 drivers
v0x5a85408bb260_0 .var "weight_reg", 7 0;
S_0x5a85408bb7a0 .scope generate, "gen_col[6]" "gen_col[6]" 7 100, 7 100 0, S_0x5a85408b3db0;
 .timescale -9 -12;
P_0x5a85408bb950 .param/l "col" 1 7 100, +C4<0110>;
L_0x5a8540905ec0 .functor AND 1, v0x5a85408eee10_0, L_0x5a8540905d50, C4<1>, C4<1>;
v0x5a85408bc810_0 .net *"_ivl_0", 3 0, L_0x5a8540905c60;  1 drivers
L_0x77910626f0f8 .functor BUFT 1, C4<0>, C4<0>, C4<0>, C4<0>;
v0x5a85408bc910_0 .net *"_ivl_3", 0 0, L_0x77910626f0f8;  1 drivers
L_0x77910626f140 .functor BUFT 1, C4<0011>, C4<0>, C4<0>, C4<0>;
v0x5a85408bc9f0_0 .net/2u *"_ivl_4", 3 0, L_0x77910626f140;  1 drivers
v0x5a85408bcab0_0 .net *"_ivl_6", 0 0, L_0x5a8540905d50;  1 drivers
L_0x5a8540905c60 .concat [ 3 1 0 0], v0x5a85408eef00_0, L_0x77910626f0f8;
L_0x5a8540905d50 .cmp/eq 4, L_0x5a8540905c60, L_0x77910626f140;
S_0x5a85408bba30 .scope module, "u_pe" "pe" 7 101, 8 30 0, S_0x5a85408bb7a0;
 .timescale -9 -12;
    .port_info 0 /INPUT 1 "clk";
    .port_info 1 /INPUT 1 "rst_n";
    .port_info 2 /INPUT 1 "weight_load";
    .port_info 3 /INPUT 8 "weight_in";
    .port_info 4 /INPUT 8 "act_in";
    .port_info 5 /OUTPUT 8 "act_out";
    .port_info 6 /INPUT 32 "psum_in";
    .port_info 7 /OUTPUT 32 "psum_out";
P_0x5a85408bbc10 .param/l "ACC_W" 0 8 32, +C4<00000000000000000000000000100000>;
P_0x5a85408bbc50 .param/l "DATA_W" 0 8 31, +C4<00000000000000000000000000001000>;
v0x5a85408bbf50_0 .net "act_in", 7 0, L_0x5a8540906020;  1 drivers
v0x5a85408bc050_0 .var "act_out", 7 0;
v0x5a85408bc130_0 .net "clk", 0 0, v0x5a85408f2100_0;  alias, 1 drivers
v0x5a85408bc200_0 .net "psum_in", 31 0, L_0x5a85409063f0;  1 drivers
v0x5a85408bc2c0_0 .var "psum_out", 31 0;
v0x5a85408bc3f0_0 .net "rst_n", 0 0, v0x5a85408f21a0_0;  alias, 1 drivers
v0x5a85408bc490_0 .net "weight_in", 7 0, L_0x5a8540905f80;  1 drivers
v0x5a85408bc570_0 .net "weight_load", 0 0, L_0x5a8540905ec0;  1 drivers
v0x5a85408bc630_0 .var "weight_reg", 7 0;
S_0x5a85408bcb70 .scope generate, "gen_col[7]" "gen_col[7]" 7 100, 7 100 0, S_0x5a85408b3db0;
 .timescale -9 -12;
P_0x5a85408bcd20 .param/l "col" 1 7 100, +C4<0111>;
L_0x5a8540906780 .functor AND 1, v0x5a85408eee10_0, L_0x5a8540906610, C4<1>, C4<1>;
v0x5a85408bdbe0_0 .net *"_ivl_0", 3 0, L_0x5a85409064c0;  1 drivers
L_0x77910626f188 .functor BUFT 1, C4<0>, C4<0>, C4<0>, C4<0>;
v0x5a85408bdce0_0 .net *"_ivl_3", 0 0, L_0x77910626f188;  1 drivers
L_0x77910626f1d0 .functor BUFT 1, C4<0011>, C4<0>, C4<0>, C4<0>;
v0x5a85408bddc0_0 .net/2u *"_ivl_4", 3 0, L_0x77910626f1d0;  1 drivers
v0x5a85408bde80_0 .net *"_ivl_6", 0 0, L_0x5a8540906610;  1 drivers
L_0x5a85409064c0 .concat [ 3 1 0 0], v0x5a85408eef00_0, L_0x77910626f188;
L_0x5a8540906610 .cmp/eq 4, L_0x5a85409064c0, L_0x77910626f1d0;
S_0x5a85408bce00 .scope module, "u_pe" "pe" 7 101, 8 30 0, S_0x5a85408bcb70;
 .timescale -9 -12;
    .port_info 0 /INPUT 1 "clk";
    .port_info 1 /INPUT 1 "rst_n";
    .port_info 2 /INPUT 1 "weight_load";
    .port_info 3 /INPUT 8 "weight_in";
    .port_info 4 /INPUT 8 "act_in";
    .port_info 5 /OUTPUT 8 "act_out";
    .port_info 6 /INPUT 32 "psum_in";
    .port_info 7 /OUTPUT 32 "psum_out";
P_0x5a85408bcfe0 .param/l "ACC_W" 0 8 32, +C4<00000000000000000000000000100000>;
P_0x5a85408bd020 .param/l "DATA_W" 0 8 31, +C4<00000000000000000000000000001000>;
v0x5a85408bd320_0 .net "act_in", 7 0, L_0x5a8540906c20;  1 drivers
v0x5a85408bd420_0 .var "act_out", 7 0;
v0x5a85408bd500_0 .net "clk", 0 0, v0x5a85408f2100_0;  alias, 1 drivers
v0x5a85408bd5d0_0 .net "psum_in", 31 0, L_0x5a85409070d0;  1 drivers
v0x5a85408bd690_0 .var "psum_out", 31 0;
v0x5a85408bd7c0_0 .net "rst_n", 0 0, v0x5a85408f21a0_0;  alias, 1 drivers
v0x5a85408bd860_0 .net "weight_in", 7 0, L_0x5a8540906840;  1 drivers
v0x5a85408bd940_0 .net "weight_load", 0 0, L_0x5a8540906780;  1 drivers
v0x5a85408bda00_0 .var "weight_reg", 7 0;
S_0x5a85408bdf40 .scope generate, "gen_row[4]" "gen_row[4]" 7 99, 7 99 0, S_0x5a8540882ad0;
 .timescale -9 -12;
P_0x5a85408be0f0 .param/l "row" 1 7 99, +C4<0100>;
S_0x5a85408be1d0 .scope generate, "gen_col[0]" "gen_col[0]" 7 100, 7 100 0, S_0x5a85408bdf40;
 .timescale -9 -12;
P_0x5a85408be3d0 .param/l "col" 1 7 100, +C4<00>;
L_0x5a8540907fd0 .functor AND 1, v0x5a85408eee10_0, L_0x5a8540907e60, C4<1>, C4<1>;
v0x5a85408bf6a0_0 .net *"_ivl_0", 4 0, L_0x5a8540907900;  1 drivers
L_0x77910626f218 .functor BUFT 1, C4<00>, C4<0>, C4<0>, C4<0>;
v0x5a85408bf7a0_0 .net *"_ivl_3", 1 0, L_0x77910626f218;  1 drivers
L_0x77910626f260 .functor BUFT 1, C4<00100>, C4<0>, C4<0>, C4<0>;
v0x5a85408bf880_0 .net/2u *"_ivl_4", 4 0, L_0x77910626f260;  1 drivers
v0x5a85408bf940_0 .net *"_ivl_6", 0 0, L_0x5a8540907e60;  1 drivers
L_0x5a8540907900 .concat [ 3 2 0 0], v0x5a85408eef00_0, L_0x77910626f218;
L_0x5a8540907e60 .cmp/eq 5, L_0x5a8540907900, L_0x77910626f260;
S_0x5a85408be4b0 .scope module, "u_pe" "pe" 7 101, 8 30 0, S_0x5a85408be1d0;
 .timescale -9 -12;
    .port_info 0 /INPUT 1 "clk";
    .port_info 1 /INPUT 1 "rst_n";
    .port_info 2 /INPUT 1 "weight_load";
    .port_info 3 /INPUT 8 "weight_in";
    .port_info 4 /INPUT 8 "act_in";
    .port_info 5 /OUTPUT 8 "act_out";
    .port_info 6 /INPUT 32 "psum_in";
    .port_info 7 /OUTPUT 32 "psum_out";
P_0x5a85408be690 .param/l "ACC_W" 0 8 32, +C4<00000000000000000000000000100000>;
P_0x5a85408be6d0 .param/l "DATA_W" 0 8 31, +C4<00000000000000000000000000001000>;
v0x5a85408be9d0_0 .net "act_in", 7 0, L_0x5a8540908130;  1 drivers
v0x5a85408bead0_0 .var "act_out", 7 0;
v0x5a85408bebb0_0 .net "clk", 0 0, v0x5a85408f2100_0;  alias, 1 drivers
v0x5a85408bec80_0 .net "psum_in", 31 0, L_0x5a8540908530;  1 drivers
v0x5a85408bed40_0 .var "psum_out", 31 0;
v0x5a85408bee70_0 .net "rst_n", 0 0, v0x5a85408f21a0_0;  alias, 1 drivers
v0x5a85408bf320_0 .net "weight_in", 7 0, L_0x5a8540908090;  1 drivers
v0x5a85408bf400_0 .net "weight_load", 0 0, L_0x5a8540907fd0;  1 drivers
v0x5a85408bf4c0_0 .var "weight_reg", 7 0;
S_0x5a85408bfa00 .scope generate, "gen_col[1]" "gen_col[1]" 7 100, 7 100 0, S_0x5a85408bdf40;
 .timescale -9 -12;
P_0x5a85408bfbd0 .param/l "col" 1 7 100, +C4<01>;
L_0x5a85409088c0 .functor AND 1, v0x5a85408eee10_0, L_0x5a8540908750, C4<1>, C4<1>;
v0x5a85408c0a70_0 .net *"_ivl_0", 4 0, L_0x5a8540908600;  1 drivers
L_0x77910626f2a8 .functor BUFT 1, C4<00>, C4<0>, C4<0>, C4<0>;
v0x5a85408c0b70_0 .net *"_ivl_3", 1 0, L_0x77910626f2a8;  1 drivers
L_0x77910626f2f0 .functor BUFT 1, C4<00100>, C4<0>, C4<0>, C4<0>;
v0x5a85408c0c50_0 .net/2u *"_ivl_4", 4 0, L_0x77910626f2f0;  1 drivers
v0x5a85408c0d10_0 .net *"_ivl_6", 0 0, L_0x5a8540908750;  1 drivers
L_0x5a8540908600 .concat [ 3 2 0 0], v0x5a85408eef00_0, L_0x77910626f2a8;
L_0x5a8540908750 .cmp/eq 5, L_0x5a8540908600, L_0x77910626f2f0;
S_0x5a85408bfc90 .scope module, "u_pe" "pe" 7 101, 8 30 0, S_0x5a85408bfa00;
 .timescale -9 -12;
    .port_info 0 /INPUT 1 "clk";
    .port_info 1 /INPUT 1 "rst_n";
    .port_info 2 /INPUT 1 "weight_load";
    .port_info 3 /INPUT 8 "weight_in";
    .port_info 4 /INPUT 8 "act_in";
    .port_info 5 /OUTPUT 8 "act_out";
    .port_info 6 /INPUT 32 "psum_in";
    .port_info 7 /OUTPUT 32 "psum_out";
P_0x5a85408bfe70 .param/l "ACC_W" 0 8 32, +C4<00000000000000000000000000100000>;
P_0x5a85408bfeb0 .param/l "DATA_W" 0 8 31, +C4<00000000000000000000000000001000>;
v0x5a85408c01b0_0 .net "act_in", 7 0, L_0x5a8540908d90;  1 drivers
v0x5a85408c02b0_0 .var "act_out", 7 0;
v0x5a85408c0390_0 .net "clk", 0 0, v0x5a85408f2100_0;  alias, 1 drivers
v0x5a85408c0460_0 .net "psum_in", 31 0, L_0x5a8540908e30;  1 drivers
v0x5a85408c0520_0 .var "psum_out", 31 0;
v0x5a85408c0650_0 .net "rst_n", 0 0, v0x5a85408f21a0_0;  alias, 1 drivers
v0x5a85408c06f0_0 .net "weight_in", 7 0, L_0x5a8540908980;  1 drivers
v0x5a85408c07d0_0 .net "weight_load", 0 0, L_0x5a85409088c0;  1 drivers
v0x5a85408c0890_0 .var "weight_reg", 7 0;
S_0x5a85408c0dd0 .scope generate, "gen_col[2]" "gen_col[2]" 7 100, 7 100 0, S_0x5a85408bdf40;
 .timescale -9 -12;
P_0x5a85408c0fb0 .param/l "col" 1 7 100, +C4<010>;
L_0x5a8540909540 .functor AND 1, v0x5a85408eee10_0, L_0x5a85409093d0, C4<1>, C4<1>;
v0x5a85408c1e50_0 .net *"_ivl_0", 4 0, L_0x5a8540909280;  1 drivers
L_0x77910626f338 .functor BUFT 1, C4<00>, C4<0>, C4<0>, C4<0>;
v0x5a85408c1f50_0 .net *"_ivl_3", 1 0, L_0x77910626f338;  1 drivers
L_0x77910626f380 .functor BUFT 1, C4<00100>, C4<0>, C4<0>, C4<0>;
v0x5a85408c2030_0 .net/2u *"_ivl_4", 4 0, L_0x77910626f380;  1 drivers
v0x5a85408c20f0_0 .net *"_ivl_6", 0 0, L_0x5a85409093d0;  1 drivers
L_0x5a8540909280 .concat [ 3 2 0 0], v0x5a85408eef00_0, L_0x77910626f338;
L_0x5a85409093d0 .cmp/eq 5, L_0x5a8540909280, L_0x77910626f380;
S_0x5a85408c1070 .scope module, "u_pe" "pe" 7 101, 8 30 0, S_0x5a85408c0dd0;
 .timescale -9 -12;
    .port_info 0 /INPUT 1 "clk";
    .port_info 1 /INPUT 1 "rst_n";
    .port_info 2 /INPUT 1 "weight_load";
    .port_info 3 /INPUT 8 "weight_in";
    .port_info 4 /INPUT 8 "act_in";
    .port_info 5 /OUTPUT 8 "act_out";
    .port_info 6 /INPUT 32 "psum_in";
    .port_info 7 /OUTPUT 32 "psum_out";
P_0x5a85408c1250 .param/l "ACC_W" 0 8 32, +C4<00000000000000000000000000100000>;
P_0x5a85408c1290 .param/l "DATA_W" 0 8 31, +C4<00000000000000000000000000001000>;
v0x5a85408c1590_0 .net "act_in", 7 0, L_0x5a85409096a0;  1 drivers
v0x5a85408c1690_0 .var "act_out", 7 0;
v0x5a85408c1770_0 .net "clk", 0 0, v0x5a85408f2100_0;  alias, 1 drivers
v0x5a85408c1840_0 .net "psum_in", 31 0, L_0x5a8540909ad0;  1 drivers
v0x5a85408c1900_0 .var "psum_out", 31 0;
v0x5a85408c1a30_0 .net "rst_n", 0 0, v0x5a85408f21a0_0;  alias, 1 drivers
v0x5a85408c1ad0_0 .net "weight_in", 7 0, L_0x5a8540909600;  1 drivers
v0x5a85408c1bb0_0 .net "weight_load", 0 0, L_0x5a8540909540;  1 drivers
v0x5a85408c1c70_0 .var "weight_reg", 7 0;
S_0x5a85408c21b0 .scope generate, "gen_col[3]" "gen_col[3]" 7 100, 7 100 0, S_0x5a85408bdf40;
 .timescale -9 -12;
P_0x5a85408c2360 .param/l "col" 1 7 100, +C4<011>;
L_0x5a8540909e60 .functor AND 1, v0x5a85408eee10_0, L_0x5a8540909cf0, C4<1>, C4<1>;
v0x5a85408c3220_0 .net *"_ivl_0", 4 0, L_0x5a8540909ba0;  1 drivers
L_0x77910626f3c8 .functor BUFT 1, C4<00>, C4<0>, C4<0>, C4<0>;
v0x5a85408c3320_0 .net *"_ivl_3", 1 0, L_0x77910626f3c8;  1 drivers
L_0x77910626f410 .functor BUFT 1, C4<00100>, C4<0>, C4<0>, C4<0>;
v0x5a85408c3400_0 .net/2u *"_ivl_4", 4 0, L_0x77910626f410;  1 drivers
v0x5a85408c34c0_0 .net *"_ivl_6", 0 0, L_0x5a8540909cf0;  1 drivers
L_0x5a8540909ba0 .concat [ 3 2 0 0], v0x5a85408eef00_0, L_0x77910626f3c8;
L_0x5a8540909cf0 .cmp/eq 5, L_0x5a8540909ba0, L_0x77910626f410;
S_0x5a85408c2440 .scope module, "u_pe" "pe" 7 101, 8 30 0, S_0x5a85408c21b0;
 .timescale -9 -12;
    .port_info 0 /INPUT 1 "clk";
    .port_info 1 /INPUT 1 "rst_n";
    .port_info 2 /INPUT 1 "weight_load";
    .port_info 3 /INPUT 8 "weight_in";
    .port_info 4 /INPUT 8 "act_in";
    .port_info 5 /OUTPUT 8 "act_out";
    .port_info 6 /INPUT 32 "psum_in";
    .port_info 7 /OUTPUT 32 "psum_out";
P_0x5a85408c2620 .param/l "ACC_W" 0 8 32, +C4<00000000000000000000000000100000>;
P_0x5a85408c2660 .param/l "DATA_W" 0 8 31, +C4<00000000000000000000000000001000>;
v0x5a85408c2960_0 .net "act_in", 7 0, L_0x5a854090a360;  1 drivers
v0x5a85408c2a60_0 .var "act_out", 7 0;
v0x5a85408c2b40_0 .net "clk", 0 0, v0x5a85408f2100_0;  alias, 1 drivers
v0x5a85408c2c10_0 .net "psum_in", 31 0, L_0x5a854090a400;  1 drivers
v0x5a85408c2cd0_0 .var "psum_out", 31 0;
v0x5a85408c2e00_0 .net "rst_n", 0 0, v0x5a85408f21a0_0;  alias, 1 drivers
v0x5a85408c2ea0_0 .net "weight_in", 7 0, L_0x5a8540909f20;  1 drivers
v0x5a85408c2f80_0 .net "weight_load", 0 0, L_0x5a8540909e60;  1 drivers
v0x5a85408c3040_0 .var "weight_reg", 7 0;
S_0x5a85408c3580 .scope generate, "gen_col[4]" "gen_col[4]" 7 100, 7 100 0, S_0x5a85408bdf40;
 .timescale -9 -12;
P_0x5a85408c3780 .param/l "col" 1 7 100, +C4<0100>;
L_0x5a854090ab40 .functor AND 1, v0x5a85408eee10_0, L_0x5a854090a9d0, C4<1>, C4<1>;
v0x5a85408c4610_0 .net *"_ivl_0", 4 0, L_0x5a854090a880;  1 drivers
L_0x77910626f458 .functor BUFT 1, C4<00>, C4<0>, C4<0>, C4<0>;
v0x5a85408c4710_0 .net *"_ivl_3", 1 0, L_0x77910626f458;  1 drivers
L_0x77910626f4a0 .functor BUFT 1, C4<00100>, C4<0>, C4<0>, C4<0>;
v0x5a85408c47f0_0 .net/2u *"_ivl_4", 4 0, L_0x77910626f4a0;  1 drivers
v0x5a85408c48b0_0 .net *"_ivl_6", 0 0, L_0x5a854090a9d0;  1 drivers
L_0x5a854090a880 .concat [ 3 2 0 0], v0x5a85408eef00_0, L_0x77910626f458;
L_0x5a854090a9d0 .cmp/eq 5, L_0x5a854090a880, L_0x77910626f4a0;
S_0x5a85408c3860 .scope module, "u_pe" "pe" 7 101, 8 30 0, S_0x5a85408c3580;
 .timescale -9 -12;
    .port_info 0 /INPUT 1 "clk";
    .port_info 1 /INPUT 1 "rst_n";
    .port_info 2 /INPUT 1 "weight_load";
    .port_info 3 /INPUT 8 "weight_in";
    .port_info 4 /INPUT 8 "act_in";
    .port_info 5 /OUTPUT 8 "act_out";
    .port_info 6 /INPUT 32 "psum_in";
    .port_info 7 /OUTPUT 32 "psum_out";
P_0x5a85408c3a40 .param/l "ACC_W" 0 8 32, +C4<00000000000000000000000000100000>;
P_0x5a85408c3a80 .param/l "DATA_W" 0 8 31, +C4<00000000000000000000000000001000>;
v0x5a85408c3d50_0 .net "act_in", 7 0, L_0x5a854090aca0;  1 drivers
v0x5a85408c3e50_0 .var "act_out", 7 0;
v0x5a85408c3f30_0 .net "clk", 0 0, v0x5a85408f2100_0;  alias, 1 drivers
v0x5a85408c4000_0 .net "psum_in", 31 0, L_0x5a854090b100;  1 drivers
v0x5a85408c40c0_0 .var "psum_out", 31 0;
v0x5a85408c41f0_0 .net "rst_n", 0 0, v0x5a85408f21a0_0;  alias, 1 drivers
v0x5a85408c4290_0 .net "weight_in", 7 0, L_0x5a854090ac00;  1 drivers
v0x5a85408c4370_0 .net "weight_load", 0 0, L_0x5a854090ab40;  1 drivers
v0x5a85408c4430_0 .var "weight_reg", 7 0;
S_0x5a85408c4970 .scope generate, "gen_col[5]" "gen_col[5]" 7 100, 7 100 0, S_0x5a85408bdf40;
 .timescale -9 -12;
P_0x5a85408c4b20 .param/l "col" 1 7 100, +C4<0101>;
L_0x5a854090b490 .functor AND 1, v0x5a85408eee10_0, L_0x5a854090b320, C4<1>, C4<1>;
v0x5a85408c59e0_0 .net *"_ivl_0", 4 0, L_0x5a854090b1d0;  1 drivers
L_0x77910626f4e8 .functor BUFT 1, C4<00>, C4<0>, C4<0>, C4<0>;
v0x5a85408c5ae0_0 .net *"_ivl_3", 1 0, L_0x77910626f4e8;  1 drivers
L_0x77910626f530 .functor BUFT 1, C4<00100>, C4<0>, C4<0>, C4<0>;
v0x5a85408c5bc0_0 .net/2u *"_ivl_4", 4 0, L_0x77910626f530;  1 drivers
v0x5a85408c5c80_0 .net *"_ivl_6", 0 0, L_0x5a854090b320;  1 drivers
L_0x5a854090b1d0 .concat [ 3 2 0 0], v0x5a85408eef00_0, L_0x77910626f4e8;
L_0x5a854090b320 .cmp/eq 5, L_0x5a854090b1d0, L_0x77910626f530;
S_0x5a85408c4c00 .scope module, "u_pe" "pe" 7 101, 8 30 0, S_0x5a85408c4970;
 .timescale -9 -12;
    .port_info 0 /INPUT 1 "clk";
    .port_info 1 /INPUT 1 "rst_n";
    .port_info 2 /INPUT 1 "weight_load";
    .port_info 3 /INPUT 8 "weight_in";
    .port_info 4 /INPUT 8 "act_in";
    .port_info 5 /OUTPUT 8 "act_out";
    .port_info 6 /INPUT 32 "psum_in";
    .port_info 7 /OUTPUT 32 "psum_out";
P_0x5a85408c4de0 .param/l "ACC_W" 0 8 32, +C4<00000000000000000000000000100000>;
P_0x5a85408c4e20 .param/l "DATA_W" 0 8 31, +C4<00000000000000000000000000001000>;
v0x5a85408c5120_0 .net "act_in", 7 0, L_0x5a854090b9c0;  1 drivers
v0x5a85408c5220_0 .var "act_out", 7 0;
v0x5a85408c5300_0 .net "clk", 0 0, v0x5a85408f2100_0;  alias, 1 drivers
v0x5a85408c53d0_0 .net "psum_in", 31 0, L_0x5a854090ba60;  1 drivers
v0x5a85408c5490_0 .var "psum_out", 31 0;
v0x5a85408c55c0_0 .net "rst_n", 0 0, v0x5a85408f21a0_0;  alias, 1 drivers
v0x5a85408c5660_0 .net "weight_in", 7 0, L_0x5a854090b550;  1 drivers
v0x5a85408c5740_0 .net "weight_load", 0 0, L_0x5a854090b490;  1 drivers
v0x5a85408c5800_0 .var "weight_reg", 7 0;
S_0x5a85408c5d40 .scope generate, "gen_col[6]" "gen_col[6]" 7 100, 7 100 0, S_0x5a85408bdf40;
 .timescale -9 -12;
P_0x5a85408c5ef0 .param/l "col" 1 7 100, +C4<0110>;
L_0x5a854090c1d0 .functor AND 1, v0x5a85408eee10_0, L_0x5a854090c060, C4<1>, C4<1>;
v0x5a85408c6db0_0 .net *"_ivl_0", 4 0, L_0x5a854090bf10;  1 drivers
L_0x77910626f578 .functor BUFT 1, C4<00>, C4<0>, C4<0>, C4<0>;
v0x5a85408c6eb0_0 .net *"_ivl_3", 1 0, L_0x77910626f578;  1 drivers
L_0x77910626f5c0 .functor BUFT 1, C4<00100>, C4<0>, C4<0>, C4<0>;
v0x5a85408c6f90_0 .net/2u *"_ivl_4", 4 0, L_0x77910626f5c0;  1 drivers
v0x5a85408c7050_0 .net *"_ivl_6", 0 0, L_0x5a854090c060;  1 drivers
L_0x5a854090bf10 .concat [ 3 2 0 0], v0x5a85408eef00_0, L_0x77910626f578;
L_0x5a854090c060 .cmp/eq 5, L_0x5a854090bf10, L_0x77910626f5c0;
S_0x5a85408c5fd0 .scope module, "u_pe" "pe" 7 101, 8 30 0, S_0x5a85408c5d40;
 .timescale -9 -12;
    .port_info 0 /INPUT 1 "clk";
    .port_info 1 /INPUT 1 "rst_n";
    .port_info 2 /INPUT 1 "weight_load";
    .port_info 3 /INPUT 8 "weight_in";
    .port_info 4 /INPUT 8 "act_in";
    .port_info 5 /OUTPUT 8 "act_out";
    .port_info 6 /INPUT 32 "psum_in";
    .port_info 7 /OUTPUT 32 "psum_out";
P_0x5a85408c61b0 .param/l "ACC_W" 0 8 32, +C4<00000000000000000000000000100000>;
P_0x5a85408c61f0 .param/l "DATA_W" 0 8 31, +C4<00000000000000000000000000001000>;
v0x5a85408c64f0_0 .net "act_in", 7 0, L_0x5a854090c330;  1 drivers
v0x5a85408c65f0_0 .var "act_out", 7 0;
v0x5a85408c66d0_0 .net "clk", 0 0, v0x5a85408f2100_0;  alias, 1 drivers
v0x5a85408c67a0_0 .net "psum_in", 31 0, L_0x5a854090c7c0;  1 drivers
v0x5a85408c6860_0 .var "psum_out", 31 0;
v0x5a85408c6990_0 .net "rst_n", 0 0, v0x5a85408f21a0_0;  alias, 1 drivers
v0x5a85408c6a30_0 .net "weight_in", 7 0, L_0x5a854090c290;  1 drivers
v0x5a85408c6b10_0 .net "weight_load", 0 0, L_0x5a854090c1d0;  1 drivers
v0x5a85408c6bd0_0 .var "weight_reg", 7 0;
S_0x5a85408c7110 .scope generate, "gen_col[7]" "gen_col[7]" 7 100, 7 100 0, S_0x5a85408bdf40;
 .timescale -9 -12;
P_0x5a85408c72c0 .param/l "col" 1 7 100, +C4<0111>;
L_0x5a854090cb50 .functor AND 1, v0x5a85408eee10_0, L_0x5a854090c9e0, C4<1>, C4<1>;
v0x5a85408c8180_0 .net *"_ivl_0", 4 0, L_0x5a854090c890;  1 drivers
L_0x77910626f608 .functor BUFT 1, C4<00>, C4<0>, C4<0>, C4<0>;
v0x5a85408c8280_0 .net *"_ivl_3", 1 0, L_0x77910626f608;  1 drivers
L_0x77910626f650 .functor BUFT 1, C4<00100>, C4<0>, C4<0>, C4<0>;
v0x5a85408c8360_0 .net/2u *"_ivl_4", 4 0, L_0x77910626f650;  1 drivers
v0x5a85408c8420_0 .net *"_ivl_6", 0 0, L_0x5a854090c9e0;  1 drivers
L_0x5a854090c890 .concat [ 3 2 0 0], v0x5a85408eef00_0, L_0x77910626f608;
L_0x5a854090c9e0 .cmp/eq 5, L_0x5a854090c890, L_0x77910626f650;
S_0x5a85408c73a0 .scope module, "u_pe" "pe" 7 101, 8 30 0, S_0x5a85408c7110;
 .timescale -9 -12;
    .port_info 0 /INPUT 1 "clk";
    .port_info 1 /INPUT 1 "rst_n";
    .port_info 2 /INPUT 1 "weight_load";
    .port_info 3 /INPUT 8 "weight_in";
    .port_info 4 /INPUT 8 "act_in";
    .port_info 5 /OUTPUT 8 "act_out";
    .port_info 6 /INPUT 32 "psum_in";
    .port_info 7 /OUTPUT 32 "psum_out";
P_0x5a85408c7580 .param/l "ACC_W" 0 8 32, +C4<00000000000000000000000000100000>;
P_0x5a85408c75c0 .param/l "DATA_W" 0 8 31, +C4<00000000000000000000000000001000>;
v0x5a85408c78c0_0 .net "act_in", 7 0, L_0x5a854090d0b0;  1 drivers
v0x5a85408c79c0_0 .var "act_out", 7 0;
v0x5a85408c7aa0_0 .net "clk", 0 0, v0x5a85408f2100_0;  alias, 1 drivers
v0x5a85408c7b70_0 .net "psum_in", 31 0, L_0x5a854090d150;  1 drivers
v0x5a85408c7c30_0 .var "psum_out", 31 0;
v0x5a85408c7d60_0 .net "rst_n", 0 0, v0x5a85408f21a0_0;  alias, 1 drivers
v0x5a85408c7e00_0 .net "weight_in", 7 0, L_0x5a854090cc10;  1 drivers
v0x5a85408c7ee0_0 .net "weight_load", 0 0, L_0x5a854090cb50;  1 drivers
v0x5a85408c7fa0_0 .var "weight_reg", 7 0;
S_0x5a85408c84e0 .scope generate, "gen_row[5]" "gen_row[5]" 7 99, 7 99 0, S_0x5a8540882ad0;
 .timescale -9 -12;
P_0x5a85408c8690 .param/l "row" 1 7 99, +C4<0101>;
S_0x5a85408c8770 .scope generate, "gen_col[0]" "gen_col[0]" 7 100, 7 100 0, S_0x5a85408c84e0;
 .timescale -9 -12;
P_0x5a85408c8970 .param/l "col" 1 7 100, +C4<00>;
L_0x5a854090d8f0 .functor AND 1, v0x5a85408eee10_0, L_0x5a854090d780, C4<1>, C4<1>;
v0x5a85408c9830_0 .net *"_ivl_0", 4 0, L_0x5a854090d630;  1 drivers
L_0x77910626f698 .functor BUFT 1, C4<00>, C4<0>, C4<0>, C4<0>;
v0x5a85408c9930_0 .net *"_ivl_3", 1 0, L_0x77910626f698;  1 drivers
L_0x77910626f6e0 .functor BUFT 1, C4<00101>, C4<0>, C4<0>, C4<0>;
v0x5a85408c9a10_0 .net/2u *"_ivl_4", 4 0, L_0x77910626f6e0;  1 drivers
v0x5a85408c9ad0_0 .net *"_ivl_6", 0 0, L_0x5a854090d780;  1 drivers
L_0x5a854090d630 .concat [ 3 2 0 0], v0x5a85408eef00_0, L_0x77910626f698;
L_0x5a854090d780 .cmp/eq 5, L_0x5a854090d630, L_0x77910626f6e0;
S_0x5a85408c8a50 .scope module, "u_pe" "pe" 7 101, 8 30 0, S_0x5a85408c8770;
 .timescale -9 -12;
    .port_info 0 /INPUT 1 "clk";
    .port_info 1 /INPUT 1 "rst_n";
    .port_info 2 /INPUT 1 "weight_load";
    .port_info 3 /INPUT 8 "weight_in";
    .port_info 4 /INPUT 8 "act_in";
    .port_info 5 /OUTPUT 8 "act_out";
    .port_info 6 /INPUT 32 "psum_in";
    .port_info 7 /OUTPUT 32 "psum_out";
P_0x5a85408c8c30 .param/l "ACC_W" 0 8 32, +C4<00000000000000000000000000100000>;
P_0x5a85408c8c70 .param/l "DATA_W" 0 8 31, +C4<00000000000000000000000000001000>;
v0x5a85408c8f70_0 .net "act_in", 7 0, L_0x5a854090da50;  1 drivers
v0x5a85408c9070_0 .var "act_out", 7 0;
v0x5a85408c9150_0 .net "clk", 0 0, v0x5a85408f2100_0;  alias, 1 drivers
v0x5a85408c9220_0 .net "psum_in", 31 0, L_0x5a854090df10;  1 drivers
v0x5a85408c92e0_0 .var "psum_out", 31 0;
v0x5a85408c9410_0 .net "rst_n", 0 0, v0x5a85408f21a0_0;  alias, 1 drivers
v0x5a85408c94b0_0 .net "weight_in", 7 0, L_0x5a854090d9b0;  1 drivers
v0x5a85408c9590_0 .net "weight_load", 0 0, L_0x5a854090d8f0;  1 drivers
v0x5a85408c9650_0 .var "weight_reg", 7 0;
S_0x5a85408c9b90 .scope generate, "gen_col[1]" "gen_col[1]" 7 100, 7 100 0, S_0x5a85408c84e0;
 .timescale -9 -12;
P_0x5a85408c9d60 .param/l "col" 1 7 100, +C4<01>;
L_0x5a854090e2a0 .functor AND 1, v0x5a85408eee10_0, L_0x5a854090e130, C4<1>, C4<1>;
v0x5a85408cac00_0 .net *"_ivl_0", 4 0, L_0x5a854090dfe0;  1 drivers
L_0x77910626f728 .functor BUFT 1, C4<00>, C4<0>, C4<0>, C4<0>;
v0x5a85408cad00_0 .net *"_ivl_3", 1 0, L_0x77910626f728;  1 drivers
L_0x77910626f770 .functor BUFT 1, C4<00101>, C4<0>, C4<0>, C4<0>;
v0x5a85408cade0_0 .net/2u *"_ivl_4", 4 0, L_0x77910626f770;  1 drivers
v0x5a85408caea0_0 .net *"_ivl_6", 0 0, L_0x5a854090e130;  1 drivers
L_0x5a854090dfe0 .concat [ 3 2 0 0], v0x5a85408eef00_0, L_0x77910626f728;
L_0x5a854090e130 .cmp/eq 5, L_0x5a854090dfe0, L_0x77910626f770;
S_0x5a85408c9e20 .scope module, "u_pe" "pe" 7 101, 8 30 0, S_0x5a85408c9b90;
 .timescale -9 -12;
    .port_info 0 /INPUT 1 "clk";
    .port_info 1 /INPUT 1 "rst_n";
    .port_info 2 /INPUT 1 "weight_load";
    .port_info 3 /INPUT 8 "weight_in";
    .port_info 4 /INPUT 8 "act_in";
    .port_info 5 /OUTPUT 8 "act_out";
    .port_info 6 /INPUT 32 "psum_in";
    .port_info 7 /OUTPUT 32 "psum_out";
P_0x5a85408ca000 .param/l "ACC_W" 0 8 32, +C4<00000000000000000000000000100000>;
P_0x5a85408ca040 .param/l "DATA_W" 0 8 31, +C4<00000000000000000000000000001000>;
v0x5a85408ca340_0 .net "act_in", 7 0, L_0x5a854090daf0;  1 drivers
v0x5a85408ca440_0 .var "act_out", 7 0;
v0x5a85408ca520_0 .net "clk", 0 0, v0x5a85408f2100_0;  alias, 1 drivers
v0x5a85408ca5f0_0 .net "psum_in", 31 0, L_0x5a854090db90;  1 drivers
v0x5a85408ca6b0_0 .var "psum_out", 31 0;
v0x5a85408ca7e0_0 .net "rst_n", 0 0, v0x5a85408f21a0_0;  alias, 1 drivers
v0x5a85408ca880_0 .net "weight_in", 7 0, L_0x5a854090e360;  1 drivers
v0x5a85408ca960_0 .net "weight_load", 0 0, L_0x5a854090e2a0;  1 drivers
v0x5a85408caa20_0 .var "weight_reg", 7 0;
S_0x5a85408caf60 .scope generate, "gen_col[2]" "gen_col[2]" 7 100, 7 100 0, S_0x5a85408c84e0;
 .timescale -9 -12;
P_0x5a85408cb140 .param/l "col" 1 7 100, +C4<010>;
L_0x5a854090e890 .functor AND 1, v0x5a85408eee10_0, L_0x5a854090ddb0, C4<1>, C4<1>;
v0x5a85408cbfe0_0 .net *"_ivl_0", 4 0, L_0x5a854090dc60;  1 drivers
L_0x77910626f7b8 .functor BUFT 1, C4<00>, C4<0>, C4<0>, C4<0>;
v0x5a85408cc0e0_0 .net *"_ivl_3", 1 0, L_0x77910626f7b8;  1 drivers
L_0x77910626f800 .functor BUFT 1, C4<00101>, C4<0>, C4<0>, C4<0>;
v0x5a85408cc1c0_0 .net/2u *"_ivl_4", 4 0, L_0x77910626f800;  1 drivers
v0x5a85408cc280_0 .net *"_ivl_6", 0 0, L_0x5a854090ddb0;  1 drivers
L_0x5a854090dc60 .concat [ 3 2 0 0], v0x5a85408eef00_0, L_0x77910626f7b8;
L_0x5a854090ddb0 .cmp/eq 5, L_0x5a854090dc60, L_0x77910626f800;
S_0x5a85408cb200 .scope module, "u_pe" "pe" 7 101, 8 30 0, S_0x5a85408caf60;
 .timescale -9 -12;
    .port_info 0 /INPUT 1 "clk";
    .port_info 1 /INPUT 1 "rst_n";
    .port_info 2 /INPUT 1 "weight_load";
    .port_info 3 /INPUT 8 "weight_in";
    .port_info 4 /INPUT 8 "act_in";
    .port_info 5 /OUTPUT 8 "act_out";
    .port_info 6 /INPUT 32 "psum_in";
    .port_info 7 /OUTPUT 32 "psum_out";
P_0x5a85408cb3e0 .param/l "ACC_W" 0 8 32, +C4<00000000000000000000000000100000>;
P_0x5a85408cb420 .param/l "DATA_W" 0 8 31, +C4<00000000000000000000000000001000>;
v0x5a85408cb720_0 .net "act_in", 7 0, L_0x5a854090e9f0;  1 drivers
v0x5a85408cb820_0 .var "act_out", 7 0;
v0x5a85408cb900_0 .net "clk", 0 0, v0x5a85408f2100_0;  alias, 1 drivers
v0x5a85408cb9d0_0 .net "psum_in", 31 0, L_0x5a854090e400;  1 drivers
v0x5a85408cba90_0 .var "psum_out", 31 0;
v0x5a85408cbbc0_0 .net "rst_n", 0 0, v0x5a85408f21a0_0;  alias, 1 drivers
v0x5a85408cbc60_0 .net "weight_in", 7 0, L_0x5a854090e950;  1 drivers
v0x5a85408cbd40_0 .net "weight_load", 0 0, L_0x5a854090e890;  1 drivers
v0x5a85408cbe00_0 .var "weight_reg", 7 0;
S_0x5a85408cc340 .scope generate, "gen_col[3]" "gen_col[3]" 7 100, 7 100 0, S_0x5a85408c84e0;
 .timescale -9 -12;
P_0x5a85408cc4f0 .param/l "col" 1 7 100, +C4<011>;
L_0x5a854090e790 .functor AND 1, v0x5a85408eee10_0, L_0x5a854090e620, C4<1>, C4<1>;
v0x5a85408cd3b0_0 .net *"_ivl_0", 4 0, L_0x5a854090e4d0;  1 drivers
L_0x77910626f848 .functor BUFT 1, C4<00>, C4<0>, C4<0>, C4<0>;
v0x5a85408cd4b0_0 .net *"_ivl_3", 1 0, L_0x77910626f848;  1 drivers
L_0x77910626f890 .functor BUFT 1, C4<00101>, C4<0>, C4<0>, C4<0>;
v0x5a85408cd590_0 .net/2u *"_ivl_4", 4 0, L_0x77910626f890;  1 drivers
v0x5a85408cd650_0 .net *"_ivl_6", 0 0, L_0x5a854090e620;  1 drivers
L_0x5a854090e4d0 .concat [ 3 2 0 0], v0x5a85408eef00_0, L_0x77910626f848;
L_0x5a854090e620 .cmp/eq 5, L_0x5a854090e4d0, L_0x77910626f890;
S_0x5a85408cc5d0 .scope module, "u_pe" "pe" 7 101, 8 30 0, S_0x5a85408cc340;
 .timescale -9 -12;
    .port_info 0 /INPUT 1 "clk";
    .port_info 1 /INPUT 1 "rst_n";
    .port_info 2 /INPUT 1 "weight_load";
    .port_info 3 /INPUT 8 "weight_in";
    .port_info 4 /INPUT 8 "act_in";
    .port_info 5 /OUTPUT 8 "act_out";
    .port_info 6 /INPUT 32 "psum_in";
    .port_info 7 /OUTPUT 32 "psum_out";
P_0x5a85408cc7b0 .param/l "ACC_W" 0 8 32, +C4<00000000000000000000000000100000>;
P_0x5a85408cc7f0 .param/l "DATA_W" 0 8 31, +C4<00000000000000000000000000001000>;
v0x5a85408ccaf0_0 .net "act_in", 7 0, L_0x5a854090ea90;  1 drivers
v0x5a85408ccbf0_0 .var "act_out", 7 0;
v0x5a85408cccd0_0 .net "clk", 0 0, v0x5a85408f2100_0;  alias, 1 drivers
v0x5a85408ccda0_0 .net "psum_in", 31 0, L_0x5a854090eb30;  1 drivers
v0x5a85408cce60_0 .var "psum_out", 31 0;
v0x5a85408ccf90_0 .net "rst_n", 0 0, v0x5a85408f21a0_0;  alias, 1 drivers
v0x5a85408cd030_0 .net "weight_in", 7 0, L_0x5a854090ef30;  1 drivers
v0x5a85408cd110_0 .net "weight_load", 0 0, L_0x5a854090e790;  1 drivers
v0x5a85408cd1d0_0 .var "weight_reg", 7 0;
S_0x5a85408cd710 .scope generate, "gen_col[4]" "gen_col[4]" 7 100, 7 100 0, S_0x5a85408c84e0;
 .timescale -9 -12;
P_0x5a85408cd910 .param/l "col" 1 7 100, +C4<0100>;
L_0x5a854090f440 .functor AND 1, v0x5a85408eee10_0, L_0x5a854090ed50, C4<1>, C4<1>;
v0x5a85408ce7a0_0 .net *"_ivl_0", 4 0, L_0x5a854090ec00;  1 drivers
L_0x77910626f8d8 .functor BUFT 1, C4<00>, C4<0>, C4<0>, C4<0>;
v0x5a85408ce8a0_0 .net *"_ivl_3", 1 0, L_0x77910626f8d8;  1 drivers
L_0x77910626f920 .functor BUFT 1, C4<00101>, C4<0>, C4<0>, C4<0>;
v0x5a85408ce980_0 .net/2u *"_ivl_4", 4 0, L_0x77910626f920;  1 drivers
v0x5a85408cea40_0 .net *"_ivl_6", 0 0, L_0x5a854090ed50;  1 drivers
L_0x5a854090ec00 .concat [ 3 2 0 0], v0x5a85408eef00_0, L_0x77910626f8d8;
L_0x5a854090ed50 .cmp/eq 5, L_0x5a854090ec00, L_0x77910626f920;
S_0x5a85408cd9f0 .scope module, "u_pe" "pe" 7 101, 8 30 0, S_0x5a85408cd710;
 .timescale -9 -12;
    .port_info 0 /INPUT 1 "clk";
    .port_info 1 /INPUT 1 "rst_n";
    .port_info 2 /INPUT 1 "weight_load";
    .port_info 3 /INPUT 8 "weight_in";
    .port_info 4 /INPUT 8 "act_in";
    .port_info 5 /OUTPUT 8 "act_out";
    .port_info 6 /INPUT 32 "psum_in";
    .port_info 7 /OUTPUT 32 "psum_out";
P_0x5a85408cdbd0 .param/l "ACC_W" 0 8 32, +C4<00000000000000000000000000100000>;
P_0x5a85408cdc10 .param/l "DATA_W" 0 8 31, +C4<00000000000000000000000000001000>;
v0x5a85408cdee0_0 .net "act_in", 7 0, L_0x5a854090f5a0;  1 drivers
v0x5a85408cdfe0_0 .var "act_out", 7 0;
v0x5a85408ce0c0_0 .net "clk", 0 0, v0x5a85408f2100_0;  alias, 1 drivers
v0x5a85408ce190_0 .net "psum_in", 31 0, L_0x5a854090efd0;  1 drivers
v0x5a85408ce250_0 .var "psum_out", 31 0;
v0x5a85408ce380_0 .net "rst_n", 0 0, v0x5a85408f21a0_0;  alias, 1 drivers
v0x5a85408ce420_0 .net "weight_in", 7 0, L_0x5a854090f500;  1 drivers
v0x5a85408ce500_0 .net "weight_load", 0 0, L_0x5a854090f440;  1 drivers
v0x5a85408ce5c0_0 .var "weight_reg", 7 0;
S_0x5a85408ceb00 .scope generate, "gen_col[5]" "gen_col[5]" 7 100, 7 100 0, S_0x5a85408c84e0;
 .timescale -9 -12;
P_0x5a85408cecb0 .param/l "col" 1 7 100, +C4<0101>;
L_0x5a854090f360 .functor AND 1, v0x5a85408eee10_0, L_0x5a854090f1f0, C4<1>, C4<1>;
v0x5a85408cfb70_0 .net *"_ivl_0", 4 0, L_0x5a854090f0a0;  1 drivers
L_0x77910626f968 .functor BUFT 1, C4<00>, C4<0>, C4<0>, C4<0>;
v0x5a85408cfc70_0 .net *"_ivl_3", 1 0, L_0x77910626f968;  1 drivers
L_0x77910626f9b0 .functor BUFT 1, C4<00101>, C4<0>, C4<0>, C4<0>;
v0x5a85408cfd50_0 .net/2u *"_ivl_4", 4 0, L_0x77910626f9b0;  1 drivers
v0x5a85408cfe10_0 .net *"_ivl_6", 0 0, L_0x5a854090f1f0;  1 drivers
L_0x5a854090f0a0 .concat [ 3 2 0 0], v0x5a85408eef00_0, L_0x77910626f968;
L_0x5a854090f1f0 .cmp/eq 5, L_0x5a854090f0a0, L_0x77910626f9b0;
S_0x5a85408ced90 .scope module, "u_pe" "pe" 7 101, 8 30 0, S_0x5a85408ceb00;
 .timescale -9 -12;
    .port_info 0 /INPUT 1 "clk";
    .port_info 1 /INPUT 1 "rst_n";
    .port_info 2 /INPUT 1 "weight_load";
    .port_info 3 /INPUT 8 "weight_in";
    .port_info 4 /INPUT 8 "act_in";
    .port_info 5 /OUTPUT 8 "act_out";
    .port_info 6 /INPUT 32 "psum_in";
    .port_info 7 /OUTPUT 32 "psum_out";
P_0x5a85408cef70 .param/l "ACC_W" 0 8 32, +C4<00000000000000000000000000100000>;
P_0x5a85408cefb0 .param/l "DATA_W" 0 8 31, +C4<00000000000000000000000000001000>;
v0x5a85408cf2b0_0 .net "act_in", 7 0, L_0x5a854090f640;  1 drivers
v0x5a85408cf3b0_0 .var "act_out", 7 0;
v0x5a85408cf490_0 .net "clk", 0 0, v0x5a85408f2100_0;  alias, 1 drivers
v0x5a85408cf560_0 .net "psum_in", 31 0, L_0x5a854090f6e0;  1 drivers
v0x5a85408cf620_0 .var "psum_out", 31 0;
v0x5a85408cf750_0 .net "rst_n", 0 0, v0x5a85408f21a0_0;  alias, 1 drivers
v0x5a85408cf7f0_0 .net "weight_in", 7 0, L_0x5a854090fac0;  1 drivers
v0x5a85408cf8d0_0 .net "weight_load", 0 0, L_0x5a854090f360;  1 drivers
v0x5a85408cf990_0 .var "weight_reg", 7 0;
S_0x5a85408cfed0 .scope generate, "gen_col[6]" "gen_col[6]" 7 100, 7 100 0, S_0x5a85408c84e0;
 .timescale -9 -12;
P_0x5a85408d0080 .param/l "col" 1 7 100, +C4<0110>;
L_0x5a8540910000 .functor AND 1, v0x5a85408eee10_0, L_0x5a854090f900, C4<1>, C4<1>;
v0x5a85408d0f40_0 .net *"_ivl_0", 4 0, L_0x5a854090f7b0;  1 drivers
L_0x77910626f9f8 .functor BUFT 1, C4<00>, C4<0>, C4<0>, C4<0>;
v0x5a85408d1040_0 .net *"_ivl_3", 1 0, L_0x77910626f9f8;  1 drivers
L_0x77910626fa40 .functor BUFT 1, C4<00101>, C4<0>, C4<0>, C4<0>;
v0x5a85408d1120_0 .net/2u *"_ivl_4", 4 0, L_0x77910626fa40;  1 drivers
v0x5a85408d11e0_0 .net *"_ivl_6", 0 0, L_0x5a854090f900;  1 drivers
L_0x5a854090f7b0 .concat [ 3 2 0 0], v0x5a85408eef00_0, L_0x77910626f9f8;
L_0x5a854090f900 .cmp/eq 5, L_0x5a854090f7b0, L_0x77910626fa40;
S_0x5a85408d0160 .scope module, "u_pe" "pe" 7 101, 8 30 0, S_0x5a85408cfed0;
 .timescale -9 -12;
    .port_info 0 /INPUT 1 "clk";
    .port_info 1 /INPUT 1 "rst_n";
    .port_info 2 /INPUT 1 "weight_load";
    .port_info 3 /INPUT 8 "weight_in";
    .port_info 4 /INPUT 8 "act_in";
    .port_info 5 /OUTPUT 8 "act_out";
    .port_info 6 /INPUT 32 "psum_in";
    .port_info 7 /OUTPUT 32 "psum_out";
P_0x5a85408d0340 .param/l "ACC_W" 0 8 32, +C4<00000000000000000000000000100000>;
P_0x5a85408d0380 .param/l "DATA_W" 0 8 31, +C4<00000000000000000000000000001000>;
v0x5a85408d0680_0 .net "act_in", 7 0, L_0x5a8540910110;  1 drivers
v0x5a85408d0780_0 .var "act_out", 7 0;
v0x5a85408d0860_0 .net "clk", 0 0, v0x5a85408f2100_0;  alias, 1 drivers
v0x5a85408d0930_0 .net "psum_in", 31 0, L_0x5a854090fb60;  1 drivers
v0x5a85408d09f0_0 .var "psum_out", 31 0;
v0x5a85408d0b20_0 .net "rst_n", 0 0, v0x5a85408f21a0_0;  alias, 1 drivers
v0x5a85408d0bc0_0 .net "weight_in", 7 0, L_0x5a8540910070;  1 drivers
v0x5a85408d0ca0_0 .net "weight_load", 0 0, L_0x5a8540910000;  1 drivers
v0x5a85408d0d60_0 .var "weight_reg", 7 0;
S_0x5a85408d12a0 .scope generate, "gen_col[7]" "gen_col[7]" 7 100, 7 100 0, S_0x5a85408c84e0;
 .timescale -9 -12;
P_0x5a85408d1450 .param/l "col" 1 7 100, +C4<0111>;
L_0x5a854090fef0 .functor AND 1, v0x5a85408eee10_0, L_0x5a854090fd80, C4<1>, C4<1>;
v0x5a85408d2310_0 .net *"_ivl_0", 4 0, L_0x5a854090fc30;  1 drivers
L_0x77910626fa88 .functor BUFT 1, C4<00>, C4<0>, C4<0>, C4<0>;
v0x5a85408d2410_0 .net *"_ivl_3", 1 0, L_0x77910626fa88;  1 drivers
L_0x77910626fad0 .functor BUFT 1, C4<00101>, C4<0>, C4<0>, C4<0>;
v0x5a85408d24f0_0 .net/2u *"_ivl_4", 4 0, L_0x77910626fad0;  1 drivers
v0x5a85408d25b0_0 .net *"_ivl_6", 0 0, L_0x5a854090fd80;  1 drivers
L_0x5a854090fc30 .concat [ 3 2 0 0], v0x5a85408eef00_0, L_0x77910626fa88;
L_0x5a854090fd80 .cmp/eq 5, L_0x5a854090fc30, L_0x77910626fad0;
S_0x5a85408d1530 .scope module, "u_pe" "pe" 7 101, 8 30 0, S_0x5a85408d12a0;
 .timescale -9 -12;
    .port_info 0 /INPUT 1 "clk";
    .port_info 1 /INPUT 1 "rst_n";
    .port_info 2 /INPUT 1 "weight_load";
    .port_info 3 /INPUT 8 "weight_in";
    .port_info 4 /INPUT 8 "act_in";
    .port_info 5 /OUTPUT 8 "act_out";
    .port_info 6 /INPUT 32 "psum_in";
    .port_info 7 /OUTPUT 32 "psum_out";
P_0x5a85408d1710 .param/l "ACC_W" 0 8 32, +C4<00000000000000000000000000100000>;
P_0x5a85408d1750 .param/l "DATA_W" 0 8 31, +C4<00000000000000000000000000001000>;
v0x5a85408d1a50_0 .net "act_in", 7 0, L_0x5a85409101b0;  1 drivers
v0x5a85408d1b50_0 .var "act_out", 7 0;
v0x5a85408d1c30_0 .net "clk", 0 0, v0x5a85408f2100_0;  alias, 1 drivers
v0x5a85408d1d00_0 .net "psum_in", 31 0, L_0x5a8540910250;  1 drivers
v0x5a85408d1dc0_0 .var "psum_out", 31 0;
v0x5a85408d1ef0_0 .net "rst_n", 0 0, v0x5a85408f21a0_0;  alias, 1 drivers
v0x5a85408d1f90_0 .net "weight_in", 7 0, L_0x5a8540910660;  1 drivers
v0x5a85408d2070_0 .net "weight_load", 0 0, L_0x5a854090fef0;  1 drivers
v0x5a85408d2130_0 .var "weight_reg", 7 0;
S_0x5a85408d2670 .scope generate, "gen_row[6]" "gen_row[6]" 7 99, 7 99 0, S_0x5a8540882ad0;
 .timescale -9 -12;
P_0x5a85408d2820 .param/l "row" 1 7 99, +C4<0110>;
S_0x5a85408d2900 .scope generate, "gen_col[0]" "gen_col[0]" 7 100, 7 100 0, S_0x5a85408d2670;
 .timescale -9 -12;
P_0x5a85408d2b00 .param/l "col" 1 7 100, +C4<00>;
L_0x5a8540910590 .functor AND 1, v0x5a85408eee10_0, L_0x5a8540910420, C4<1>, C4<1>;
v0x5a85408d39c0_0 .net *"_ivl_0", 4 0, L_0x5a8540910320;  1 drivers
L_0x77910626fb18 .functor BUFT 1, C4<00>, C4<0>, C4<0>, C4<0>;
v0x5a85408d3ac0_0 .net *"_ivl_3", 1 0, L_0x77910626fb18;  1 drivers
L_0x77910626fb60 .functor BUFT 1, C4<00110>, C4<0>, C4<0>, C4<0>;
v0x5a85408d3ba0_0 .net/2u *"_ivl_4", 4 0, L_0x77910626fb60;  1 drivers
v0x5a85408d3c60_0 .net *"_ivl_6", 0 0, L_0x5a8540910420;  1 drivers
L_0x5a8540910320 .concat [ 3 2 0 0], v0x5a85408eef00_0, L_0x77910626fb18;
L_0x5a8540910420 .cmp/eq 5, L_0x5a8540910320, L_0x77910626fb60;
S_0x5a85408d2be0 .scope module, "u_pe" "pe" 7 101, 8 30 0, S_0x5a85408d2900;
 .timescale -9 -12;
    .port_info 0 /INPUT 1 "clk";
    .port_info 1 /INPUT 1 "rst_n";
    .port_info 2 /INPUT 1 "weight_load";
    .port_info 3 /INPUT 8 "weight_in";
    .port_info 4 /INPUT 8 "act_in";
    .port_info 5 /OUTPUT 8 "act_out";
    .port_info 6 /INPUT 32 "psum_in";
    .port_info 7 /OUTPUT 32 "psum_out";
P_0x5a85408d2dc0 .param/l "ACC_W" 0 8 32, +C4<00000000000000000000000000100000>;
P_0x5a85408d2e00 .param/l "DATA_W" 0 8 31, +C4<00000000000000000000000000001000>;
v0x5a85408d3100_0 .net "act_in", 7 0, L_0x5a8540910c70;  1 drivers
v0x5a85408d3200_0 .var "act_out", 7 0;
v0x5a85408d32e0_0 .net "clk", 0 0, v0x5a85408f2100_0;  alias, 1 drivers
v0x5a85408d33b0_0 .net "psum_in", 31 0, L_0x5a8540910700;  1 drivers
v0x5a85408d3470_0 .var "psum_out", 31 0;
v0x5a85408d35a0_0 .net "rst_n", 0 0, v0x5a85408f21a0_0;  alias, 1 drivers
v0x5a85408d3640_0 .net "weight_in", 7 0, L_0x5a8540910bd0;  1 drivers
v0x5a85408d3720_0 .net "weight_load", 0 0, L_0x5a8540910590;  1 drivers
v0x5a85408d37e0_0 .var "weight_reg", 7 0;
S_0x5a85408d3d20 .scope generate, "gen_col[1]" "gen_col[1]" 7 100, 7 100 0, S_0x5a85408d2670;
 .timescale -9 -12;
P_0x5a85408d3ef0 .param/l "col" 1 7 100, +C4<01>;
L_0x5a8540910a90 .functor AND 1, v0x5a85408eee10_0, L_0x5a8540910920, C4<1>, C4<1>;
v0x5a85408d4d90_0 .net *"_ivl_0", 4 0, L_0x5a85409107d0;  1 drivers
L_0x77910626fba8 .functor BUFT 1, C4<00>, C4<0>, C4<0>, C4<0>;
v0x5a85408d4e90_0 .net *"_ivl_3", 1 0, L_0x77910626fba8;  1 drivers
L_0x77910626fbf0 .functor BUFT 1, C4<00110>, C4<0>, C4<0>, C4<0>;
v0x5a85408d4f70_0 .net/2u *"_ivl_4", 4 0, L_0x77910626fbf0;  1 drivers
v0x5a85408d5030_0 .net *"_ivl_6", 0 0, L_0x5a8540910920;  1 drivers
L_0x5a85409107d0 .concat [ 3 2 0 0], v0x5a85408eef00_0, L_0x77910626fba8;
L_0x5a8540910920 .cmp/eq 5, L_0x5a85409107d0, L_0x77910626fbf0;
S_0x5a85408d3fb0 .scope module, "u_pe" "pe" 7 101, 8 30 0, S_0x5a85408d3d20;
 .timescale -9 -12;
    .port_info 0 /INPUT 1 "clk";
    .port_info 1 /INPUT 1 "rst_n";
    .port_info 2 /INPUT 1 "weight_load";
    .port_info 3 /INPUT 8 "weight_in";
    .port_info 4 /INPUT 8 "act_in";
    .port_info 5 /OUTPUT 8 "act_out";
    .port_info 6 /INPUT 32 "psum_in";
    .port_info 7 /OUTPUT 32 "psum_out";
P_0x5a85408d4190 .param/l "ACC_W" 0 8 32, +C4<00000000000000000000000000100000>;
P_0x5a85408d41d0 .param/l "DATA_W" 0 8 31, +C4<00000000000000000000000000001000>;
v0x5a85408d44d0_0 .net "act_in", 7 0, L_0x5a8540910d10;  1 drivers
v0x5a85408d45d0_0 .var "act_out", 7 0;
v0x5a85408d46b0_0 .net "clk", 0 0, v0x5a85408f2100_0;  alias, 1 drivers
v0x5a85408d4780_0 .net "psum_in", 31 0, L_0x5a8540910db0;  1 drivers
v0x5a85408d4840_0 .var "psum_out", 31 0;
v0x5a85408d4970_0 .net "rst_n", 0 0, v0x5a85408f21a0_0;  alias, 1 drivers
v0x5a85408d4a10_0 .net "weight_in", 7 0, L_0x5a85409111f0;  1 drivers
v0x5a85408d4af0_0 .net "weight_load", 0 0, L_0x5a8540910a90;  1 drivers
v0x5a85408d4bb0_0 .var "weight_reg", 7 0;
S_0x5a85408d50f0 .scope generate, "gen_col[2]" "gen_col[2]" 7 100, 7 100 0, S_0x5a85408d2670;
 .timescale -9 -12;
P_0x5a85408d52d0 .param/l "col" 1 7 100, +C4<010>;
L_0x5a8540911140 .functor AND 1, v0x5a85408eee10_0, L_0x5a8540910fd0, C4<1>, C4<1>;
v0x5a85408d6170_0 .net *"_ivl_0", 4 0, L_0x5a8540910e80;  1 drivers
L_0x77910626fc38 .functor BUFT 1, C4<00>, C4<0>, C4<0>, C4<0>;
v0x5a85408d6270_0 .net *"_ivl_3", 1 0, L_0x77910626fc38;  1 drivers
L_0x77910626fc80 .functor BUFT 1, C4<00110>, C4<0>, C4<0>, C4<0>;
v0x5a85408d6350_0 .net/2u *"_ivl_4", 4 0, L_0x77910626fc80;  1 drivers
v0x5a85408d6410_0 .net *"_ivl_6", 0 0, L_0x5a8540910fd0;  1 drivers
L_0x5a8540910e80 .concat [ 3 2 0 0], v0x5a85408eef00_0, L_0x77910626fc38;
L_0x5a8540910fd0 .cmp/eq 5, L_0x5a8540910e80, L_0x77910626fc80;
S_0x5a85408d5390 .scope module, "u_pe" "pe" 7 101, 8 30 0, S_0x5a85408d50f0;
 .timescale -9 -12;
    .port_info 0 /INPUT 1 "clk";
    .port_info 1 /INPUT 1 "rst_n";
    .port_info 2 /INPUT 1 "weight_load";
    .port_info 3 /INPUT 8 "weight_in";
    .port_info 4 /INPUT 8 "act_in";
    .port_info 5 /OUTPUT 8 "act_out";
    .port_info 6 /INPUT 32 "psum_in";
    .port_info 7 /OUTPUT 32 "psum_out";
P_0x5a85408d5570 .param/l "ACC_W" 0 8 32, +C4<00000000000000000000000000100000>;
P_0x5a85408d55b0 .param/l "DATA_W" 0 8 31, +C4<00000000000000000000000000001000>;
v0x5a85408d58b0_0 .net "act_in", 7 0, L_0x5a8540911830;  1 drivers
v0x5a85408d59b0_0 .var "act_out", 7 0;
v0x5a85408d5a90_0 .net "clk", 0 0, v0x5a85408f2100_0;  alias, 1 drivers
v0x5a85408d5b60_0 .net "psum_in", 31 0, L_0x5a8540911290;  1 drivers
v0x5a85408d5c20_0 .var "psum_out", 31 0;
v0x5a85408d5d50_0 .net "rst_n", 0 0, v0x5a85408f21a0_0;  alias, 1 drivers
v0x5a85408d5df0_0 .net "weight_in", 7 0, L_0x5a8540911790;  1 drivers
v0x5a85408d5ed0_0 .net "weight_load", 0 0, L_0x5a8540911140;  1 drivers
v0x5a85408d5f90_0 .var "weight_reg", 7 0;
S_0x5a85408d64d0 .scope generate, "gen_col[3]" "gen_col[3]" 7 100, 7 100 0, S_0x5a85408d2670;
 .timescale -9 -12;
P_0x5a85408d6680 .param/l "col" 1 7 100, +C4<011>;
L_0x5a85409115f0 .functor AND 1, v0x5a85408eee10_0, L_0x5a8540911480, C4<1>, C4<1>;
v0x5a85408d7540_0 .net *"_ivl_0", 4 0, L_0x5a8540911330;  1 drivers
L_0x77910626fcc8 .functor BUFT 1, C4<00>, C4<0>, C4<0>, C4<0>;
v0x5a85408d7640_0 .net *"_ivl_3", 1 0, L_0x77910626fcc8;  1 drivers
L_0x77910626fd10 .functor BUFT 1, C4<00110>, C4<0>, C4<0>, C4<0>;
v0x5a85408d7720_0 .net/2u *"_ivl_4", 4 0, L_0x77910626fd10;  1 drivers
v0x5a85408d77e0_0 .net *"_ivl_6", 0 0, L_0x5a8540911480;  1 drivers
L_0x5a8540911330 .concat [ 3 2 0 0], v0x5a85408eef00_0, L_0x77910626fcc8;
L_0x5a8540911480 .cmp/eq 5, L_0x5a8540911330, L_0x77910626fd10;
S_0x5a85408d6760 .scope module, "u_pe" "pe" 7 101, 8 30 0, S_0x5a85408d64d0;
 .timescale -9 -12;
    .port_info 0 /INPUT 1 "clk";
    .port_info 1 /INPUT 1 "rst_n";
    .port_info 2 /INPUT 1 "weight_load";
    .port_info 3 /INPUT 8 "weight_in";
    .port_info 4 /INPUT 8 "act_in";
    .port_info 5 /OUTPUT 8 "act_out";
    .port_info 6 /INPUT 32 "psum_in";
    .port_info 7 /OUTPUT 32 "psum_out";
P_0x5a85408d6940 .param/l "ACC_W" 0 8 32, +C4<00000000000000000000000000100000>;
P_0x5a85408d6980 .param/l "DATA_W" 0 8 31, +C4<00000000000000000000000000001000>;
v0x5a85408d6c80_0 .net "act_in", 7 0, L_0x5a8540911df0;  1 drivers
v0x5a85408d6d80_0 .var "act_out", 7 0;
v0x5a85408d6e60_0 .net "clk", 0 0, v0x5a85408f2100_0;  alias, 1 drivers
v0x5a85408d6f30_0 .net "psum_in", 31 0, L_0x5a8540911e90;  1 drivers
v0x5a85408d6ff0_0 .var "psum_out", 31 0;
v0x5a85408d7120_0 .net "rst_n", 0 0, v0x5a85408f21a0_0;  alias, 1 drivers
v0x5a85408d71c0_0 .net "weight_in", 7 0, L_0x5a85409116b0;  1 drivers
v0x5a85408d72a0_0 .net "weight_load", 0 0, L_0x5a85409115f0;  1 drivers
v0x5a85408d7360_0 .var "weight_reg", 7 0;
S_0x5a85408d78a0 .scope generate, "gen_col[4]" "gen_col[4]" 7 100, 7 100 0, S_0x5a85408d2670;
 .timescale -9 -12;
P_0x5a85408d7aa0 .param/l "col" 1 7 100, +C4<0100>;
L_0x5a8540911b90 .functor AND 1, v0x5a85408eee10_0, L_0x5a8540911a20, C4<1>, C4<1>;
v0x5a85408d8930_0 .net *"_ivl_0", 4 0, L_0x5a85409118d0;  1 drivers
L_0x77910626fd58 .functor BUFT 1, C4<00>, C4<0>, C4<0>, C4<0>;
v0x5a85408d8a30_0 .net *"_ivl_3", 1 0, L_0x77910626fd58;  1 drivers
L_0x77910626fda0 .functor BUFT 1, C4<00110>, C4<0>, C4<0>, C4<0>;
v0x5a85408d8b10_0 .net/2u *"_ivl_4", 4 0, L_0x77910626fda0;  1 drivers
v0x5a85408d8bd0_0 .net *"_ivl_6", 0 0, L_0x5a8540911a20;  1 drivers
L_0x5a85409118d0 .concat [ 3 2 0 0], v0x5a85408eef00_0, L_0x77910626fd58;
L_0x5a8540911a20 .cmp/eq 5, L_0x5a85409118d0, L_0x77910626fda0;
S_0x5a85408d7b80 .scope module, "u_pe" "pe" 7 101, 8 30 0, S_0x5a85408d78a0;
 .timescale -9 -12;
    .port_info 0 /INPUT 1 "clk";
    .port_info 1 /INPUT 1 "rst_n";
    .port_info 2 /INPUT 1 "weight_load";
    .port_info 3 /INPUT 8 "weight_in";
    .port_info 4 /INPUT 8 "act_in";
    .port_info 5 /OUTPUT 8 "act_out";
    .port_info 6 /INPUT 32 "psum_in";
    .port_info 7 /OUTPUT 32 "psum_out";
P_0x5a85408d7d60 .param/l "ACC_W" 0 8 32, +C4<00000000000000000000000000100000>;
P_0x5a85408d7da0 .param/l "DATA_W" 0 8 31, +C4<00000000000000000000000000001000>;
v0x5a85408d8070_0 .net "act_in", 7 0, L_0x5a8540911cf0;  1 drivers
v0x5a85408d8170_0 .var "act_out", 7 0;
v0x5a85408d8250_0 .net "clk", 0 0, v0x5a85408f2100_0;  alias, 1 drivers
v0x5a85408d8320_0 .net "psum_in", 31 0, L_0x5a8540912470;  1 drivers
v0x5a85408d83e0_0 .var "psum_out", 31 0;
v0x5a85408d8510_0 .net "rst_n", 0 0, v0x5a85408f21a0_0;  alias, 1 drivers
v0x5a85408d85b0_0 .net "weight_in", 7 0, L_0x5a8540911c50;  1 drivers
v0x5a85408d8690_0 .net "weight_load", 0 0, L_0x5a8540911b90;  1 drivers
v0x5a85408d8750_0 .var "weight_reg", 7 0;
S_0x5a85408d8c90 .scope generate, "gen_col[5]" "gen_col[5]" 7 100, 7 100 0, S_0x5a85408d2670;
 .timescale -9 -12;
P_0x5a85408d8e40 .param/l "col" 1 7 100, +C4<0101>;
L_0x5a8540912750 .functor AND 1, v0x5a85408eee10_0, L_0x5a85409125e0, C4<1>, C4<1>;
v0x5a85408d9d00_0 .net *"_ivl_0", 4 0, L_0x5a8540912510;  1 drivers
L_0x77910626fde8 .functor BUFT 1, C4<00>, C4<0>, C4<0>, C4<0>;
v0x5a85408d9e00_0 .net *"_ivl_3", 1 0, L_0x77910626fde8;  1 drivers
L_0x77910626fe30 .functor BUFT 1, C4<00110>, C4<0>, C4<0>, C4<0>;
v0x5a85408d9ee0_0 .net/2u *"_ivl_4", 4 0, L_0x77910626fe30;  1 drivers
v0x5a85408d9fa0_0 .net *"_ivl_6", 0 0, L_0x5a85409125e0;  1 drivers
L_0x5a8540912510 .concat [ 3 2 0 0], v0x5a85408eef00_0, L_0x77910626fde8;
L_0x5a85409125e0 .cmp/eq 5, L_0x5a8540912510, L_0x77910626fe30;
S_0x5a85408d8f20 .scope module, "u_pe" "pe" 7 101, 8 30 0, S_0x5a85408d8c90;
 .timescale -9 -12;
    .port_info 0 /INPUT 1 "clk";
    .port_info 1 /INPUT 1 "rst_n";
    .port_info 2 /INPUT 1 "weight_load";
    .port_info 3 /INPUT 8 "weight_in";
    .port_info 4 /INPUT 8 "act_in";
    .port_info 5 /OUTPUT 8 "act_out";
    .port_info 6 /INPUT 32 "psum_in";
    .port_info 7 /OUTPUT 32 "psum_out";
P_0x5a85408d9100 .param/l "ACC_W" 0 8 32, +C4<00000000000000000000000000100000>;
P_0x5a85408d9140 .param/l "DATA_W" 0 8 31, +C4<00000000000000000000000000001000>;
v0x5a85408d9440_0 .net "act_in", 7 0, L_0x5a8540911f30;  1 drivers
v0x5a85408d9540_0 .var "act_out", 7 0;
v0x5a85408d9620_0 .net "clk", 0 0, v0x5a85408f2100_0;  alias, 1 drivers
v0x5a85408d96f0_0 .net "psum_in", 31 0, L_0x5a8540912000;  1 drivers
v0x5a85408d97b0_0 .var "psum_out", 31 0;
v0x5a85408d98e0_0 .net "rst_n", 0 0, v0x5a85408f21a0_0;  alias, 1 drivers
v0x5a85408d9980_0 .net "weight_in", 7 0, L_0x5a8540912810;  1 drivers
v0x5a85408d9a60_0 .net "weight_load", 0 0, L_0x5a8540912750;  1 drivers
v0x5a85408d9b20_0 .var "weight_reg", 7 0;
S_0x5a85408da060 .scope generate, "gen_col[6]" "gen_col[6]" 7 100, 7 100 0, S_0x5a85408d2670;
 .timescale -9 -12;
P_0x5a85408da210 .param/l "col" 1 7 100, +C4<0110>;
L_0x5a8540912390 .functor AND 1, v0x5a85408eee10_0, L_0x5a8540912220, C4<1>, C4<1>;
v0x5a85408db0d0_0 .net *"_ivl_0", 4 0, L_0x5a85409120d0;  1 drivers
L_0x77910626fe78 .functor BUFT 1, C4<00>, C4<0>, C4<0>, C4<0>;
v0x5a85408db1d0_0 .net *"_ivl_3", 1 0, L_0x77910626fe78;  1 drivers
L_0x77910626fec0 .functor BUFT 1, C4<00110>, C4<0>, C4<0>, C4<0>;
v0x5a85408db2b0_0 .net/2u *"_ivl_4", 4 0, L_0x77910626fec0;  1 drivers
v0x5a85408db370_0 .net *"_ivl_6", 0 0, L_0x5a8540912220;  1 drivers
L_0x5a85409120d0 .concat [ 3 2 0 0], v0x5a85408eef00_0, L_0x77910626fe78;
L_0x5a8540912220 .cmp/eq 5, L_0x5a85409120d0, L_0x77910626fec0;
S_0x5a85408da2f0 .scope module, "u_pe" "pe" 7 101, 8 30 0, S_0x5a85408da060;
 .timescale -9 -12;
    .port_info 0 /INPUT 1 "clk";
    .port_info 1 /INPUT 1 "rst_n";
    .port_info 2 /INPUT 1 "weight_load";
    .port_info 3 /INPUT 8 "weight_in";
    .port_info 4 /INPUT 8 "act_in";
    .port_info 5 /OUTPUT 8 "act_out";
    .port_info 6 /INPUT 32 "psum_in";
    .port_info 7 /OUTPUT 32 "psum_out";
P_0x5a85408da4d0 .param/l "ACC_W" 0 8 32, +C4<00000000000000000000000000100000>;
P_0x5a85408da510 .param/l "DATA_W" 0 8 31, +C4<00000000000000000000000000001000>;
v0x5a85408da810_0 .net "act_in", 7 0, L_0x5a8540912eb0;  1 drivers
v0x5a85408da910_0 .var "act_out", 7 0;
v0x5a85408da9f0_0 .net "clk", 0 0, v0x5a85408f2100_0;  alias, 1 drivers
v0x5a85408daac0_0 .net "psum_in", 31 0, L_0x5a85409128b0;  1 drivers
v0x5a85408dab80_0 .var "psum_out", 31 0;
v0x5a85408dacb0_0 .net "rst_n", 0 0, v0x5a85408f21a0_0;  alias, 1 drivers
v0x5a85408dad50_0 .net "weight_in", 7 0, L_0x5a8540912e10;  1 drivers
v0x5a85408dae30_0 .net "weight_load", 0 0, L_0x5a8540912390;  1 drivers
v0x5a85408daef0_0 .var "weight_reg", 7 0;
S_0x5a85408db430 .scope generate, "gen_col[7]" "gen_col[7]" 7 100, 7 100 0, S_0x5a85408d2670;
 .timescale -9 -12;
P_0x5a85408db5e0 .param/l "col" 1 7 100, +C4<0111>;
L_0x5a8540912c40 .functor AND 1, v0x5a85408eee10_0, L_0x5a8540912ad0, C4<1>, C4<1>;
v0x5a85408dc4a0_0 .net *"_ivl_0", 4 0, L_0x5a8540912980;  1 drivers
L_0x77910626ff08 .functor BUFT 1, C4<00>, C4<0>, C4<0>, C4<0>;
v0x5a85408dc5a0_0 .net *"_ivl_3", 1 0, L_0x77910626ff08;  1 drivers
L_0x77910626ff50 .functor BUFT 1, C4<00110>, C4<0>, C4<0>, C4<0>;
v0x5a85408dc680_0 .net/2u *"_ivl_4", 4 0, L_0x77910626ff50;  1 drivers
v0x5a85408dc740_0 .net *"_ivl_6", 0 0, L_0x5a8540912ad0;  1 drivers
L_0x5a8540912980 .concat [ 3 2 0 0], v0x5a85408eef00_0, L_0x77910626ff08;
L_0x5a8540912ad0 .cmp/eq 5, L_0x5a8540912980, L_0x77910626ff50;
S_0x5a85408db6c0 .scope module, "u_pe" "pe" 7 101, 8 30 0, S_0x5a85408db430;
 .timescale -9 -12;
    .port_info 0 /INPUT 1 "clk";
    .port_info 1 /INPUT 1 "rst_n";
    .port_info 2 /INPUT 1 "weight_load";
    .port_info 3 /INPUT 8 "weight_in";
    .port_info 4 /INPUT 8 "act_in";
    .port_info 5 /OUTPUT 8 "act_out";
    .port_info 6 /INPUT 32 "psum_in";
    .port_info 7 /OUTPUT 32 "psum_out";
P_0x5a85408db8a0 .param/l "ACC_W" 0 8 32, +C4<00000000000000000000000000100000>;
P_0x5a85408db8e0 .param/l "DATA_W" 0 8 31, +C4<00000000000000000000000000001000>;
v0x5a85408dbbe0_0 .net "act_in", 7 0, L_0x5a85409134d0;  1 drivers
v0x5a85408dbce0_0 .var "act_out", 7 0;
v0x5a85408dbdc0_0 .net "clk", 0 0, v0x5a85408f2100_0;  alias, 1 drivers
v0x5a85408dbe90_0 .net "psum_in", 31 0, L_0x5a8540913570;  1 drivers
v0x5a85408dbf50_0 .var "psum_out", 31 0;
v0x5a85408dc080_0 .net "rst_n", 0 0, v0x5a85408f21a0_0;  alias, 1 drivers
v0x5a85408dc120_0 .net "weight_in", 7 0, L_0x5a8540912d00;  1 drivers
v0x5a85408dc200_0 .net "weight_load", 0 0, L_0x5a8540912c40;  1 drivers
v0x5a85408dc2c0_0 .var "weight_reg", 7 0;
S_0x5a85408dc800 .scope generate, "gen_row[7]" "gen_row[7]" 7 99, 7 99 0, S_0x5a8540882ad0;
 .timescale -9 -12;
P_0x5a85408dc9b0 .param/l "row" 1 7 99, +C4<0111>;
S_0x5a85408dca90 .scope generate, "gen_col[0]" "gen_col[0]" 7 100, 7 100 0, S_0x5a85408dc800;
 .timescale -9 -12;
P_0x5a85408dcc90 .param/l "col" 1 7 100, +C4<00>;
L_0x5a8540913210 .functor AND 1, v0x5a85408eee10_0, L_0x5a85409130a0, C4<1>, C4<1>;
v0x5a85408ddb50_0 .net *"_ivl_0", 4 0, L_0x5a8540912f50;  1 drivers
L_0x77910626ff98 .functor BUFT 1, C4<00>, C4<0>, C4<0>, C4<0>;
v0x5a85408ddc50_0 .net *"_ivl_3", 1 0, L_0x77910626ff98;  1 drivers
L_0x77910626ffe0 .functor BUFT 1, C4<00111>, C4<0>, C4<0>, C4<0>;
v0x5a85408ddd30_0 .net/2u *"_ivl_4", 4 0, L_0x77910626ffe0;  1 drivers
v0x5a85408dddf0_0 .net *"_ivl_6", 0 0, L_0x5a85409130a0;  1 drivers
L_0x5a8540912f50 .concat [ 3 2 0 0], v0x5a85408eef00_0, L_0x77910626ff98;
L_0x5a85409130a0 .cmp/eq 5, L_0x5a8540912f50, L_0x77910626ffe0;
S_0x5a85408dcd70 .scope module, "u_pe" "pe" 7 101, 8 30 0, S_0x5a85408dca90;
 .timescale -9 -12;
    .port_info 0 /INPUT 1 "clk";
    .port_info 1 /INPUT 1 "rst_n";
    .port_info 2 /INPUT 1 "weight_load";
    .port_info 3 /INPUT 8 "weight_in";
    .port_info 4 /INPUT 8 "act_in";
    .port_info 5 /OUTPUT 8 "act_out";
    .port_info 6 /INPUT 32 "psum_in";
    .port_info 7 /OUTPUT 32 "psum_out";
P_0x5a85408dcf50 .param/l "ACC_W" 0 8 32, +C4<00000000000000000000000000100000>;
P_0x5a85408dcf90 .param/l "DATA_W" 0 8 31, +C4<00000000000000000000000000001000>;
v0x5a85408dd290_0 .net "act_in", 7 0, L_0x5a8540913370;  1 drivers
v0x5a85408dd390_0 .var "act_out", 7 0;
v0x5a85408dd470_0 .net "clk", 0 0, v0x5a85408f2100_0;  alias, 1 drivers
v0x5a85408dd540_0 .net "psum_in", 31 0, L_0x5a8540913410;  1 drivers
v0x5a85408dd600_0 .var "psum_out", 31 0;
v0x5a85408dd730_0 .net "rst_n", 0 0, v0x5a85408f21a0_0;  alias, 1 drivers
v0x5a85408dd7d0_0 .net "weight_in", 7 0, L_0x5a85409132d0;  1 drivers
v0x5a85408dd8b0_0 .net "weight_load", 0 0, L_0x5a8540913210;  1 drivers
v0x5a85408dd970_0 .var "weight_reg", 7 0;
S_0x5a85408ddeb0 .scope generate, "gen_col[1]" "gen_col[1]" 7 100, 7 100 0, S_0x5a85408dc800;
 .timescale -9 -12;
P_0x5a85408de080 .param/l "col" 1 7 100, +C4<01>;
L_0x5a8540913e70 .functor AND 1, v0x5a85408eee10_0, L_0x5a8540913d00, C4<1>, C4<1>;
v0x5a85408def20_0 .net *"_ivl_0", 4 0, L_0x5a8540913bb0;  1 drivers
L_0x779106270028 .functor BUFT 1, C4<00>, C4<0>, C4<0>, C4<0>;
v0x5a85408df020_0 .net *"_ivl_3", 1 0, L_0x779106270028;  1 drivers
L_0x779106270070 .functor BUFT 1, C4<00111>, C4<0>, C4<0>, C4<0>;
v0x5a85408df100_0 .net/2u *"_ivl_4", 4 0, L_0x779106270070;  1 drivers
v0x5a85408df1c0_0 .net *"_ivl_6", 0 0, L_0x5a8540913d00;  1 drivers
L_0x5a8540913bb0 .concat [ 3 2 0 0], v0x5a85408eef00_0, L_0x779106270028;
L_0x5a8540913d00 .cmp/eq 5, L_0x5a8540913bb0, L_0x779106270070;
S_0x5a85408de140 .scope module, "u_pe" "pe" 7 101, 8 30 0, S_0x5a85408ddeb0;
 .timescale -9 -12;
    .port_info 0 /INPUT 1 "clk";
    .port_info 1 /INPUT 1 "rst_n";
    .port_info 2 /INPUT 1 "weight_load";
    .port_info 3 /INPUT 8 "weight_in";
    .port_info 4 /INPUT 8 "act_in";
    .port_info 5 /OUTPUT 8 "act_out";
    .port_info 6 /INPUT 32 "psum_in";
    .port_info 7 /OUTPUT 32 "psum_out";
P_0x5a85408de320 .param/l "ACC_W" 0 8 32, +C4<00000000000000000000000000100000>;
P_0x5a85408de360 .param/l "DATA_W" 0 8 31, +C4<00000000000000000000000000001000>;
v0x5a85408de660_0 .net "act_in", 7 0, L_0x5a8540913610;  1 drivers
v0x5a85408de760_0 .var "act_out", 7 0;
v0x5a85408de840_0 .net "clk", 0 0, v0x5a85408f2100_0;  alias, 1 drivers
v0x5a85408de910_0 .net "psum_in", 31 0, L_0x5a85409136b0;  1 drivers
v0x5a85408de9d0_0 .var "psum_out", 31 0;
v0x5a85408deb00_0 .net "rst_n", 0 0, v0x5a85408f21a0_0;  alias, 1 drivers
v0x5a85408deba0_0 .net "weight_in", 7 0, L_0x5a8540913f30;  1 drivers
v0x5a85408dec80_0 .net "weight_load", 0 0, L_0x5a8540913e70;  1 drivers
v0x5a85408ded40_0 .var "weight_reg", 7 0;
S_0x5a85408df280 .scope generate, "gen_col[2]" "gen_col[2]" 7 100, 7 100 0, S_0x5a85408dc800;
 .timescale -9 -12;
P_0x5a85408df460 .param/l "col" 1 7 100, +C4<010>;
L_0x5a8540913a40 .functor AND 1, v0x5a85408eee10_0, L_0x5a85409138d0, C4<1>, C4<1>;
v0x5a85408e0300_0 .net *"_ivl_0", 4 0, L_0x5a8540913780;  1 drivers
L_0x7791062700b8 .functor BUFT 1, C4<00>, C4<0>, C4<0>, C4<0>;
v0x5a85408e0400_0 .net *"_ivl_3", 1 0, L_0x7791062700b8;  1 drivers
L_0x779106270100 .functor BUFT 1, C4<00111>, C4<0>, C4<0>, C4<0>;
v0x5a85408e04e0_0 .net/2u *"_ivl_4", 4 0, L_0x779106270100;  1 drivers
v0x5a85408e05a0_0 .net *"_ivl_6", 0 0, L_0x5a85409138d0;  1 drivers
L_0x5a8540913780 .concat [ 3 2 0 0], v0x5a85408eef00_0, L_0x7791062700b8;
L_0x5a85409138d0 .cmp/eq 5, L_0x5a8540913780, L_0x779106270100;
S_0x5a85408df520 .scope module, "u_pe" "pe" 7 101, 8 30 0, S_0x5a85408df280;
 .timescale -9 -12;
    .port_info 0 /INPUT 1 "clk";
    .port_info 1 /INPUT 1 "rst_n";
    .port_info 2 /INPUT 1 "weight_load";
    .port_info 3 /INPUT 8 "weight_in";
    .port_info 4 /INPUT 8 "act_in";
    .port_info 5 /OUTPUT 8 "act_out";
    .port_info 6 /INPUT 32 "psum_in";
    .port_info 7 /OUTPUT 32 "psum_out";
P_0x5a85408df700 .param/l "ACC_W" 0 8 32, +C4<00000000000000000000000000100000>;
P_0x5a85408df740 .param/l "DATA_W" 0 8 31, +C4<00000000000000000000000000001000>;
v0x5a85408dfa40_0 .net "act_in", 7 0, L_0x5a8540914590;  1 drivers
v0x5a85408dfb40_0 .var "act_out", 7 0;
v0x5a85408dfc20_0 .net "clk", 0 0, v0x5a85408f2100_0;  alias, 1 drivers
v0x5a85408dfcf0_0 .net "psum_in", 31 0, L_0x5a8540913fd0;  1 drivers
v0x5a85408dfdb0_0 .var "psum_out", 31 0;
v0x5a85408dfee0_0 .net "rst_n", 0 0, v0x5a85408f21a0_0;  alias, 1 drivers
v0x5a85408dff80_0 .net "weight_in", 7 0, L_0x5a8540913b00;  1 drivers
v0x5a85408e0060_0 .net "weight_load", 0 0, L_0x5a8540913a40;  1 drivers
v0x5a85408e0120_0 .var "weight_reg", 7 0;
S_0x5a85408e0660 .scope generate, "gen_col[3]" "gen_col[3]" 7 100, 7 100 0, S_0x5a85408dc800;
 .timescale -9 -12;
P_0x5a85408e0810 .param/l "col" 1 7 100, +C4<011>;
L_0x5a8540914360 .functor AND 1, v0x5a85408eee10_0, L_0x5a85409141f0, C4<1>, C4<1>;
v0x5a85408e16d0_0 .net *"_ivl_0", 4 0, L_0x5a85409140a0;  1 drivers
L_0x779106270148 .functor BUFT 1, C4<00>, C4<0>, C4<0>, C4<0>;
v0x5a85408e17d0_0 .net *"_ivl_3", 1 0, L_0x779106270148;  1 drivers
L_0x779106270190 .functor BUFT 1, C4<00111>, C4<0>, C4<0>, C4<0>;
v0x5a85408e18b0_0 .net/2u *"_ivl_4", 4 0, L_0x779106270190;  1 drivers
v0x5a85408e1970_0 .net *"_ivl_6", 0 0, L_0x5a85409141f0;  1 drivers
L_0x5a85409140a0 .concat [ 3 2 0 0], v0x5a85408eef00_0, L_0x779106270148;
L_0x5a85409141f0 .cmp/eq 5, L_0x5a85409140a0, L_0x779106270190;
S_0x5a85408e08f0 .scope module, "u_pe" "pe" 7 101, 8 30 0, S_0x5a85408e0660;
 .timescale -9 -12;
    .port_info 0 /INPUT 1 "clk";
    .port_info 1 /INPUT 1 "rst_n";
    .port_info 2 /INPUT 1 "weight_load";
    .port_info 3 /INPUT 8 "weight_in";
    .port_info 4 /INPUT 8 "act_in";
    .port_info 5 /OUTPUT 8 "act_out";
    .port_info 6 /INPUT 32 "psum_in";
    .port_info 7 /OUTPUT 32 "psum_out";
P_0x5a85408e0ad0 .param/l "ACC_W" 0 8 32, +C4<00000000000000000000000000100000>;
P_0x5a85408e0b10 .param/l "DATA_W" 0 8 31, +C4<00000000000000000000000000001000>;
v0x5a85408e0e10_0 .net "act_in", 7 0, L_0x5a85409144c0;  1 drivers
v0x5a85408e0f10_0 .var "act_out", 7 0;
v0x5a85408e0ff0_0 .net "clk", 0 0, v0x5a85408f2100_0;  alias, 1 drivers
v0x5a85408e10c0_0 .net "psum_in", 31 0, L_0x5a8540914c10;  1 drivers
v0x5a85408e1180_0 .var "psum_out", 31 0;
v0x5a85408e12b0_0 .net "rst_n", 0 0, v0x5a85408f21a0_0;  alias, 1 drivers
v0x5a85408e1350_0 .net "weight_in", 7 0, L_0x5a8540914420;  1 drivers
v0x5a85408e1430_0 .net "weight_load", 0 0, L_0x5a8540914360;  1 drivers
v0x5a85408e14f0_0 .var "weight_reg", 7 0;
S_0x5a85408e1a30 .scope generate, "gen_col[4]" "gen_col[4]" 7 100, 7 100 0, S_0x5a85408dc800;
 .timescale -9 -12;
P_0x5a85408e1c30 .param/l "col" 1 7 100, +C4<0100>;
L_0x5a85409148f0 .functor AND 1, v0x5a85408eee10_0, L_0x5a8540914780, C4<1>, C4<1>;
v0x5a85408e2ac0_0 .net *"_ivl_0", 4 0, L_0x5a8540914630;  1 drivers
L_0x7791062701d8 .functor BUFT 1, C4<00>, C4<0>, C4<0>, C4<0>;
v0x5a85408e2bc0_0 .net *"_ivl_3", 1 0, L_0x7791062701d8;  1 drivers
L_0x779106270220 .functor BUFT 1, C4<00111>, C4<0>, C4<0>, C4<0>;
v0x5a85408e2ca0_0 .net/2u *"_ivl_4", 4 0, L_0x779106270220;  1 drivers
v0x5a85408e2d60_0 .net *"_ivl_6", 0 0, L_0x5a8540914780;  1 drivers
L_0x5a8540914630 .concat [ 3 2 0 0], v0x5a85408eef00_0, L_0x7791062701d8;
L_0x5a8540914780 .cmp/eq 5, L_0x5a8540914630, L_0x779106270220;
S_0x5a85408e1d10 .scope module, "u_pe" "pe" 7 101, 8 30 0, S_0x5a85408e1a30;
 .timescale -9 -12;
    .port_info 0 /INPUT 1 "clk";
    .port_info 1 /INPUT 1 "rst_n";
    .port_info 2 /INPUT 1 "weight_load";
    .port_info 3 /INPUT 8 "weight_in";
    .port_info 4 /INPUT 8 "act_in";
    .port_info 5 /OUTPUT 8 "act_out";
    .port_info 6 /INPUT 32 "psum_in";
    .port_info 7 /OUTPUT 32 "psum_out";
P_0x5a85408e1ef0 .param/l "ACC_W" 0 8 32, +C4<00000000000000000000000000100000>;
P_0x5a85408e1f30 .param/l "DATA_W" 0 8 31, +C4<00000000000000000000000000001000>;
v0x5a85408e2200_0 .net "act_in", 7 0, L_0x5a8540914a50;  1 drivers
v0x5a85408e2300_0 .var "act_out", 7 0;
v0x5a85408e23e0_0 .net "clk", 0 0, v0x5a85408f2100_0;  alias, 1 drivers
v0x5a85408e24b0_0 .net "psum_in", 31 0, L_0x5a8540914af0;  1 drivers
v0x5a85408e2570_0 .var "psum_out", 31 0;
v0x5a85408e26a0_0 .net "rst_n", 0 0, v0x5a85408f21a0_0;  alias, 1 drivers
v0x5a85408e2740_0 .net "weight_in", 7 0, L_0x5a85409149b0;  1 drivers
v0x5a85408e2820_0 .net "weight_load", 0 0, L_0x5a85409148f0;  1 drivers
v0x5a85408e28e0_0 .var "weight_reg", 7 0;
S_0x5a85408e2e20 .scope generate, "gen_col[5]" "gen_col[5]" 7 100, 7 100 0, S_0x5a85408dc800;
 .timescale -9 -12;
P_0x5a85408e2fd0 .param/l "col" 1 7 100, +C4<0101>;
L_0x5a8540915d50 .functor AND 1, v0x5a85408eee10_0, L_0x5a8540915be0, C4<1>, C4<1>;
v0x5a85408e3e90_0 .net *"_ivl_0", 4 0, L_0x5a85409152b0;  1 drivers
L_0x779106270268 .functor BUFT 1, C4<00>, C4<0>, C4<0>, C4<0>;
v0x5a85408e3f90_0 .net *"_ivl_3", 1 0, L_0x779106270268;  1 drivers
L_0x7791062702b0 .functor BUFT 1, C4<00111>, C4<0>, C4<0>, C4<0>;
v0x5a85408e4070_0 .net/2u *"_ivl_4", 4 0, L_0x7791062702b0;  1 drivers
v0x5a85408e4130_0 .net *"_ivl_6", 0 0, L_0x5a8540915be0;  1 drivers
L_0x5a85409152b0 .concat [ 3 2 0 0], v0x5a85408eef00_0, L_0x779106270268;
L_0x5a8540915be0 .cmp/eq 5, L_0x5a85409152b0, L_0x7791062702b0;
S_0x5a85408e30b0 .scope module, "u_pe" "pe" 7 101, 8 30 0, S_0x5a85408e2e20;
 .timescale -9 -12;
    .port_info 0 /INPUT 1 "clk";
    .port_info 1 /INPUT 1 "rst_n";
    .port_info 2 /INPUT 1 "weight_load";
    .port_info 3 /INPUT 8 "weight_in";
    .port_info 4 /INPUT 8 "act_in";
    .port_info 5 /OUTPUT 8 "act_out";
    .port_info 6 /INPUT 32 "psum_in";
    .port_info 7 /OUTPUT 32 "psum_out";
P_0x5a85408e3290 .param/l "ACC_W" 0 8 32, +C4<00000000000000000000000000100000>;
P_0x5a85408e32d0 .param/l "DATA_W" 0 8 31, +C4<00000000000000000000000000001000>;
v0x5a85408e35d0_0 .net "act_in", 7 0, L_0x5a8540914cb0;  1 drivers
v0x5a85408e36d0_0 .var "act_out", 7 0;
v0x5a85408e37b0_0 .net "clk", 0 0, v0x5a85408f2100_0;  alias, 1 drivers
v0x5a85408e3880_0 .net "psum_in", 31 0, L_0x5a8540914d50;  1 drivers
v0x5a85408e3940_0 .var "psum_out", 31 0;
v0x5a85408e3a70_0 .net "rst_n", 0 0, v0x5a85408f21a0_0;  alias, 1 drivers
v0x5a85408e3b10_0 .net "weight_in", 7 0, L_0x5a8540916620;  1 drivers
v0x5a85408e3bf0_0 .net "weight_load", 0 0, L_0x5a8540915d50;  1 drivers
v0x5a85408e3cb0_0 .var "weight_reg", 7 0;
S_0x5a85408e41f0 .scope generate, "gen_col[6]" "gen_col[6]" 7 100, 7 100 0, S_0x5a85408dc800;
 .timescale -9 -12;
P_0x5a85408e43a0 .param/l "col" 1 7 100, +C4<0110>;
L_0x5a85409150e0 .functor AND 1, v0x5a85408eee10_0, L_0x5a8540914f70, C4<1>, C4<1>;
v0x5a85408e5260_0 .net *"_ivl_0", 4 0, L_0x5a8540914e20;  1 drivers
L_0x7791062702f8 .functor BUFT 1, C4<00>, C4<0>, C4<0>, C4<0>;
v0x5a85408e5360_0 .net *"_ivl_3", 1 0, L_0x7791062702f8;  1 drivers
L_0x779106270340 .functor BUFT 1, C4<00111>, C4<0>, C4<0>, C4<0>;
v0x5a85408e5440_0 .net/2u *"_ivl_4", 4 0, L_0x779106270340;  1 drivers
v0x5a85408e5500_0 .net *"_ivl_6", 0 0, L_0x5a8540914f70;  1 drivers
L_0x5a8540914e20 .concat [ 3 2 0 0], v0x5a85408eef00_0, L_0x7791062702f8;
L_0x5a8540914f70 .cmp/eq 5, L_0x5a8540914e20, L_0x779106270340;
S_0x5a85408e4480 .scope module, "u_pe" "pe" 7 101, 8 30 0, S_0x5a85408e41f0;
 .timescale -9 -12;
    .port_info 0 /INPUT 1 "clk";
    .port_info 1 /INPUT 1 "rst_n";
    .port_info 2 /INPUT 1 "weight_load";
    .port_info 3 /INPUT 8 "weight_in";
    .port_info 4 /INPUT 8 "act_in";
    .port_info 5 /OUTPUT 8 "act_out";
    .port_info 6 /INPUT 32 "psum_in";
    .port_info 7 /OUTPUT 32 "psum_out";
P_0x5a85408e4660 .param/l "ACC_W" 0 8 32, +C4<00000000000000000000000000100000>;
P_0x5a85408e46a0 .param/l "DATA_W" 0 8 31, +C4<00000000000000000000000000001000>;
v0x5a85408e49a0_0 .net "act_in", 7 0, L_0x5a85409174f0;  1 drivers
v0x5a85408e4aa0_0 .var "act_out", 7 0;
v0x5a85408e4b80_0 .net "clk", 0 0, v0x5a85408f2100_0;  alias, 1 drivers
v0x5a85408e4c50_0 .net "psum_in", 31 0, L_0x5a8540916ed0;  1 drivers
v0x5a85408e4d10_0 .var "psum_out", 31 0;
v0x5a85408e4e40_0 .net "rst_n", 0 0, v0x5a85408f21a0_0;  alias, 1 drivers
v0x5a85408e4ee0_0 .net "weight_in", 7 0, L_0x5a85409151a0;  1 drivers
v0x5a85408e4fc0_0 .net "weight_load", 0 0, L_0x5a85409150e0;  1 drivers
v0x5a85408e5080_0 .var "weight_reg", 7 0;
S_0x5a85408e55c0 .scope generate, "gen_col[7]" "gen_col[7]" 7 100, 7 100 0, S_0x5a85408dc800;
 .timescale -9 -12;
P_0x5a85408e5770 .param/l "col" 1 7 100, +C4<0111>;
L_0x5a8540915240 .functor AND 1, v0x5a85408eee10_0, L_0x5a85409170f0, C4<1>, C4<1>;
v0x5a85408e6630_0 .net *"_ivl_0", 4 0, L_0x5a8540916fa0;  1 drivers
L_0x779106270388 .functor BUFT 1, C4<00>, C4<0>, C4<0>, C4<0>;
v0x5a85408e6730_0 .net *"_ivl_3", 1 0, L_0x779106270388;  1 drivers
L_0x7791062703d0 .functor BUFT 1, C4<00111>, C4<0>, C4<0>, C4<0>;
v0x5a85408e6810_0 .net/2u *"_ivl_4", 4 0, L_0x7791062703d0;  1 drivers
v0x5a85408e68d0_0 .net *"_ivl_6", 0 0, L_0x5a85409170f0;  1 drivers
L_0x5a8540916fa0 .concat [ 3 2 0 0], v0x5a85408eef00_0, L_0x779106270388;
L_0x5a85409170f0 .cmp/eq 5, L_0x5a8540916fa0, L_0x7791062703d0;
S_0x5a85408e5850 .scope module, "u_pe" "pe" 7 101, 8 30 0, S_0x5a85408e55c0;
 .timescale -9 -12;
    .port_info 0 /INPUT 1 "clk";
    .port_info 1 /INPUT 1 "rst_n";
    .port_info 2 /INPUT 1 "weight_load";
    .port_info 3 /INPUT 8 "weight_in";
    .port_info 4 /INPUT 8 "act_in";
    .port_info 5 /OUTPUT 8 "act_out";
    .port_info 6 /INPUT 32 "psum_in";
    .port_info 7 /OUTPUT 32 "psum_out";
P_0x5a85408e5a30 .param/l "ACC_W" 0 8 32, +C4<00000000000000000000000000100000>;
P_0x5a85408e5a70 .param/l "DATA_W" 0 8 31, +C4<00000000000000000000000000001000>;
v0x5a85408e5d70_0 .net "act_in", 7 0, L_0x5a8540917350;  1 drivers
v0x5a85408e5e70_0 .var "act_out", 7 0;
v0x5a85408e5f50_0 .net "clk", 0 0, v0x5a85408f2100_0;  alias, 1 drivers
v0x5a85408e6020_0 .net "psum_in", 31 0, L_0x5a8540917590;  1 drivers
v0x5a85408e60e0_0 .var "psum_out", 31 0;
v0x5a85408e6210_0 .net "rst_n", 0 0, v0x5a85408f21a0_0;  alias, 1 drivers
v0x5a85408e62b0_0 .net "weight_in", 7 0, L_0x5a85409172b0;  1 drivers
v0x5a85408e6390_0 .net "weight_load", 0 0, L_0x5a8540915240;  1 drivers
v0x5a85408e6450_0 .var "weight_reg", 7 0;
S_0x5a85408e8680 .scope generate, "unpack_a[0]" "unpack_a[0]" 6 31, 6 31 0, S_0x5a854081e1a0;
 .timescale -9 -12;
P_0x5a85408e8830 .param/l "i" 1 6 31, +C4<00>;
v0x5a85408e8910_0 .net *"_ivl_0", 7 0, L_0x5a85408f38f0;  1 drivers
S_0x5a85408e89f0 .scope generate, "unpack_a[1]" "unpack_a[1]" 6 31, 6 31 0, S_0x5a854081e1a0;
 .timescale -9 -12;
P_0x5a85408e8bf0 .param/l "i" 1 6 31, +C4<01>;
v0x5a85408e8cd0_0 .net *"_ivl_0", 7 0, L_0x5a85408f39f0;  1 drivers
S_0x5a85408e8db0 .scope generate, "unpack_a[2]" "unpack_a[2]" 6 31, 6 31 0, S_0x5a854081e1a0;
 .timescale -9 -12;
P_0x5a85408e8fb0 .param/l "i" 1 6 31, +C4<010>;
v0x5a85408e9090_0 .net *"_ivl_0", 7 0, L_0x5a85408f3a90;  1 drivers
S_0x5a85408e9170 .scope generate, "unpack_a[3]" "unpack_a[3]" 6 31, 6 31 0, S_0x5a854081e1a0;
 .timescale -9 -12;
P_0x5a85408e9370 .param/l "i" 1 6 31, +C4<011>;
v0x5a85408e9450_0 .net *"_ivl_0", 7 0, L_0x5a85408f3ba0;  1 drivers
S_0x5a85408e9530 .scope generate, "unpack_a[4]" "unpack_a[4]" 6 31, 6 31 0, S_0x5a854081e1a0;
 .timescale -9 -12;
P_0x5a85408e9730 .param/l "i" 1 6 31, +C4<0100>;
v0x5a85408e9810_0 .net *"_ivl_0", 7 0, L_0x5a85408f3c40;  1 drivers
S_0x5a85408e98f0 .scope generate, "unpack_a[5]" "unpack_a[5]" 6 31, 6 31 0, S_0x5a854081e1a0;
 .timescale -9 -12;
P_0x5a85408e9af0 .param/l "i" 1 6 31, +C4<0101>;
v0x5a85408e9bd0_0 .net *"_ivl_0", 7 0, L_0x5a85408f3d60;  1 drivers
S_0x5a85408e9cb0 .scope generate, "unpack_a[6]" "unpack_a[6]" 6 31, 6 31 0, S_0x5a854081e1a0;
 .timescale -9 -12;
P_0x5a85408e9eb0 .param/l "i" 1 6 31, +C4<0110>;
v0x5a85408e9f90_0 .net *"_ivl_0", 7 0, L_0x5a85408f3f10;  1 drivers
S_0x5a85408ea070 .scope generate, "unpack_a[7]" "unpack_a[7]" 6 31, 6 31 0, S_0x5a854081e1a0;
 .timescale -9 -12;
P_0x5a85408ea270 .param/l "i" 1 6 31, +C4<0111>;
v0x5a85408ea350_0 .net *"_ivl_0", 7 0, L_0x5a85408f4310;  1 drivers
S_0x5a85408ea430 .scope generate, "unpack_w[0]" "unpack_w[0]" 6 28, 6 28 0, S_0x5a854081e1a0;
 .timescale -9 -12;
P_0x5a85408ea630 .param/l "i" 1 6 28, +C4<00>;
v0x5a85408ea710_0 .net *"_ivl_0", 7 0, L_0x5a85408f2e50;  1 drivers
S_0x5a85408ea7f0 .scope generate, "unpack_w[1]" "unpack_w[1]" 6 28, 6 28 0, S_0x5a854081e1a0;
 .timescale -9 -12;
P_0x5a85408ea9f0 .param/l "i" 1 6 28, +C4<01>;
v0x5a85408eaad0_0 .net *"_ivl_0", 7 0, L_0x5a85408f2ef0;  1 drivers
S_0x5a85408eabb0 .scope generate, "unpack_w[2]" "unpack_w[2]" 6 28, 6 28 0, S_0x5a854081e1a0;
 .timescale -9 -12;
P_0x5a85408eadb0 .param/l "i" 1 6 28, +C4<010>;
v0x5a85408eae90_0 .net *"_ivl_0", 7 0, L_0x5a85408f3020;  1 drivers
S_0x5a85408eaf70 .scope generate, "unpack_w[3]" "unpack_w[3]" 6 28, 6 28 0, S_0x5a854081e1a0;
 .timescale -9 -12;
P_0x5a85408eb170 .param/l "i" 1 6 28, +C4<011>;
v0x5a85408eb250_0 .net *"_ivl_0", 7 0, L_0x5a85408f30c0;  1 drivers
S_0x5a85408eb330 .scope generate, "unpack_w[4]" "unpack_w[4]" 6 28, 6 28 0, S_0x5a854081e1a0;
 .timescale -9 -12;
P_0x5a85408eb530 .param/l "i" 1 6 28, +C4<0100>;
v0x5a85408eb610_0 .net *"_ivl_0", 7 0, L_0x5a85408f3160;  1 drivers
S_0x5a85408eb6f0 .scope generate, "unpack_w[5]" "unpack_w[5]" 6 28, 6 28 0, S_0x5a854081e1a0;
 .timescale -9 -12;
P_0x5a85408eb8f0 .param/l "i" 1 6 28, +C4<0101>;
v0x5a85408eb9d0_0 .net *"_ivl_0", 7 0, L_0x5a85408f3200;  1 drivers
S_0x5a85408ebab0 .scope generate, "unpack_w[6]" "unpack_w[6]" 6 28, 6 28 0, S_0x5a854081e1a0;
 .timescale -9 -12;
P_0x5a85408ebcb0 .param/l "i" 1 6 28, +C4<0110>;
v0x5a85408ebd90_0 .net *"_ivl_0", 7 0, L_0x5a85408f33f0;  1 drivers
S_0x5a85408ebe70 .scope generate, "unpack_w[7]" "unpack_w[7]" 6 28, 6 28 0, S_0x5a854081e1a0;
 .timescale -9 -12;
P_0x5a85408ec070 .param/l "i" 1 6 28, +C4<0111>;
v0x5a85408ec150_0 .net *"_ivl_0", 7 0, L_0x5a85408f3800;  1 drivers
S_0x5a85408ef2d0 .scope module, "u_scratchpad" "scratchpad" 4 78, 9 15 0, S_0x5a854087ccc0;
 .timescale -9 -12;
    .port_info 0 /INPUT 1 "clk";
    .port_info 1 /INPUT 1 "rst_n";
    .port_info 2 /INPUT 6 "sram_a_addr";
    .port_info 3 /INPUT 1 "sram_a_ren";
    .port_info 4 /INPUT 1 "sram_a_wen";
    .port_info 5 /INPUT 8 "sram_a_wdata";
    .port_info 6 /OUTPUT 8 "sram_a_rdata";
    .port_info 7 /INPUT 6 "sram_b_addr";
    .port_info 8 /INPUT 1 "sram_b_ren";
    .port_info 9 /INPUT 1 "sram_b_wen";
    .port_info 10 /INPUT 8 "sram_b_wdata";
    .port_info 11 /OUTPUT 8 "sram_b_rdata";
    .port_info 12 /INPUT 3 "sram_c_addr";
    .port_info 13 /INPUT 1 "sram_c_ren";
    .port_info 14 /INPUT 1 "sram_c_wen";
    .port_info 15 /INPUT 32 "sram_c_wdata";
    .port_info 16 /OUTPUT 32 "sram_c_rdata";
v0x5a8540889ee0_0 .net "clk", 0 0, v0x5a85408f2100_0;  alias, 1 drivers
v0x5a85408ef670_0 .var/i "i", 31 0;
v0x5a85408ef750 .array "mem_a", 63 0, 7 0;
v0x5a85408ef7f0 .array "mem_b", 63 0, 7 0;
v0x5a85408ef8b0 .array "mem_c", 7 0, 31 0;
v0x5a85408ef9c0_0 .net "rst_n", 0 0, v0x5a85408f21a0_0;  alias, 1 drivers
v0x5a85408efa60_0 .net "sram_a_addr", 5 0, v0x5a85408ee300_0;  alias, 1 drivers
v0x5a85408efb20_0 .var "sram_a_rdata", 7 0;
v0x5a85408efbc0_0 .net "sram_a_ren", 0 0, v0x5a85408ee4c0_0;  alias, 1 drivers
L_0x7791062704a8 .functor BUFT 1, C4<00000000>, C4<0>, C4<0>, C4<0>;
v0x5a85408efd20_0 .net "sram_a_wdata", 7 0, L_0x7791062704a8;  1 drivers
L_0x779106270460 .functor BUFT 1, C4<0>, C4<0>, C4<0>, C4<0>;
v0x5a85408efdc0_0 .net "sram_a_wen", 0 0, L_0x779106270460;  1 drivers
v0x5a85408efe80_0 .net "sram_b_addr", 5 0, v0x5a85408ee580_0;  alias, 1 drivers
v0x5a85408eff70_0 .var "sram_b_rdata", 7 0;
v0x5a85408f0040_0 .net "sram_b_ren", 0 0, v0x5a85408ee740_0;  alias, 1 drivers
L_0x779106270538 .functor BUFT 1, C4<00000000>, C4<0>, C4<0>, C4<0>;
v0x5a85408f0110_0 .net "sram_b_wdata", 7 0, L_0x779106270538;  1 drivers
L_0x7791062704f0 .functor BUFT 1, C4<0>, C4<0>, C4<0>, C4<0>;
v0x5a85408f01b0_0 .net "sram_b_wen", 0 0, L_0x7791062704f0;  1 drivers
v0x5a85408f0270_0 .net "sram_c_addr", 2 0, v0x5a85408ee800_0;  alias, 1 drivers
v0x5a85408f0360_0 .var "sram_c_rdata", 31 0;
L_0x779106270580 .functor BUFT 1, C4<0>, C4<0>, C4<0>, C4<0>;
v0x5a85408f0420_0 .net "sram_c_ren", 0 0, L_0x779106270580;  1 drivers
v0x5a85408f04e0_0 .net "sram_c_wdata", 31 0, v0x5a85408ee8e0_0;  alias, 1 drivers
v0x5a85408f05d0_0 .net "sram_c_wen", 0 0, v0x5a85408ee9c0_0;  alias, 1 drivers
    .scope S_0x5a8540861130;
T_3 ;
    %wait E_0x5a85408a3860;
    %load/vec4 v0x5a854081efc0_0;
    %nor/r;
    %flag_set/vec4 8;
    %jmp/0xz  T_3.0, 8;
    %pushi/vec4 0, 0, 8;
    %assign/vec4 v0x5a854081bfa0_0, 0;
    %pushi/vec4 0, 0, 8;
    %assign/vec4 v0x5a8540824a80_0, 0;
    %pushi/vec4 0, 0, 32;
    %assign/vec4 v0x5a85408219a0_0, 0;
    %jmp T_3.1;
T_3.0 ;
    %load/vec4 v0x5a854081bee0_0;
    %flag_set/vec4 8;
    %jmp/0xz  T_3.2, 8;
    %load/vec4 v0x5a854081f080_0;
    %assign/vec4 v0x5a854081bfa0_0, 0;
T_3.2 ;
    %load/vec4 v0x5a8540825180_0;
    %assign/vec4 v0x5a8540824a80_0, 0;
    %load/vec4 v0x5a8540822140_0;
    %load/vec4 v0x5a854081bfa0_0;
    %pad/u 32;
    %load/vec4 v0x5a8540825180_0;
    %pad/u 32;
    %mul;
    %add;
    %assign/vec4 v0x5a85408219a0_0, 0;
T_3.1 ;
    %jmp T_3;
    .thread T_3;
    .scope S_0x5a854085af70;
T_4 ;
    %wait E_0x5a85408a3860;
    %load/vec4 v0x5a854080c380_0;
    %nor/r;
    %flag_set/vec4 8;
    %jmp/0xz  T_4.0, 8;
    %pushi/vec4 0, 0, 8;
    %assign/vec4 v0x5a8540809a60_0, 0;
    %pushi/vec4 0, 0, 8;
    %assign/vec4 v0x5a8540812600_0, 0;
    %pushi/vec4 0, 0, 32;
    %assign/vec4 v0x5a854080ca80_0, 0;
    %jmp T_4.1;
T_4.0 ;
    %load/vec4 v0x5a85408099a0_0;
    %flag_set/vec4 8;
    %jmp/0xz  T_4.2, 8;
    %load/vec4 v0x5a854080c420_0;
    %assign/vec4 v0x5a8540809a60_0, 0;
T_4.2 ;
    %load/vec4 v0x5a8540812540_0;
    %assign/vec4 v0x5a8540812600_0, 0;
    %load/vec4 v0x5a854080fc00_0;
    %load/vec4 v0x5a8540809a60_0;
    %pad/u 32;
    %load/vec4 v0x5a8540812540_0;
    %pad/u 32;
    %mul;
    %add;
    %assign/vec4 v0x5a854080ca80_0, 0;
T_4.1 ;
    %jmp T_4;
    .thread T_4;
    .scope S_0x5a8540854db0;
T_5 ;
    %wait E_0x5a85408a3860;
    %load/vec4 v0x5a85407f9e40_0;
    %nor/r;
    %flag_set/vec4 8;
    %jmp/0xz  T_5.0, 8;
    %pushi/vec4 0, 0, 8;
    %assign/vec4 v0x5a85407f6d60_0, 0;
    %pushi/vec4 0, 0, 8;
    %assign/vec4 v0x5a85407fd620_0, 0;
    %pushi/vec4 0, 0, 32;
    %assign/vec4 v0x5a85407fa600_0, 0;
    %jmp T_5.1;
T_5.0 ;
    %load/vec4 v0x5a85407f7520_0;
    %flag_set/vec4 8;
    %jmp/0xz  T_5.2, 8;
    %load/vec4 v0x5a85407f7460_0;
    %assign/vec4 v0x5a85407f6d60_0, 0;
T_5.2 ;
    %load/vec4 v0x5a8540800000_0;
    %assign/vec4 v0x5a85407fd620_0, 0;
    %load/vec4 v0x5a85407fa540_0;
    %load/vec4 v0x5a85407f6d60_0;
    %pad/u 32;
    %load/vec4 v0x5a8540800000_0;
    %pad/u 32;
    %mul;
    %add;
    %assign/vec4 v0x5a85407fa600_0, 0;
T_5.1 ;
    %jmp T_5;
    .thread T_5;
    .scope S_0x5a854084ebf0;
T_6 ;
    %wait E_0x5a85408a3860;
    %load/vec4 v0x5a8540870920_0;
    %nor/r;
    %flag_set/vec4 8;
    %jmp/0xz  T_6.0, 8;
    %pushi/vec4 0, 0, 8;
    %assign/vec4 v0x5a8540861580_0, 0;
    %pushi/vec4 0, 0, 8;
    %assign/vec4 v0x5a8540879bc0_0, 0;
    %pushi/vec4 0, 0, 32;
    %assign/vec4 v0x5a8540873a00_0, 0;
    %jmp T_6.1;
T_6.0 ;
    %load/vec4 v0x5a85408614c0_0;
    %flag_set/vec4 8;
    %jmp/0xz  T_6.2, 8;
    %load/vec4 v0x5a85408709c0_0;
    %assign/vec4 v0x5a8540861580_0, 0;
T_6.2 ;
    %load/vec4 v0x5a8540889020_0;
    %assign/vec4 v0x5a8540879bc0_0, 0;
    %load/vec4 v0x5a8540876b80_0;
    %load/vec4 v0x5a8540861580_0;
    %pad/u 32;
    %load/vec4 v0x5a8540889020_0;
    %pad/u 32;
    %mul;
    %add;
    %assign/vec4 v0x5a8540873a00_0, 0;
T_6.1 ;
    %jmp T_6;
    .thread T_6;
    .scope S_0x5a8540848a30;
T_7 ;
    %wait E_0x5a85408a3860;
    %load/vec4 v0x5a854082a500_0;
    %nor/r;
    %flag_set/vec4 8;
    %jmp/0xz  T_7.0, 8;
    %pushi/vec4 0, 0, 8;
    %assign/vec4 v0x5a85408274e0_0, 0;
    %pushi/vec4 0, 0, 8;
    %assign/vec4 v0x5a854083fbe0_0, 0;
    %pushi/vec4 0, 0, 32;
    %assign/vec4 v0x5a854082d5e0_0, 0;
    %jmp T_7.1;
T_7.0 ;
    %load/vec4 v0x5a8540827420_0;
    %flag_set/vec4 8;
    %jmp/0xz  T_7.2, 8;
    %load/vec4 v0x5a854082a5a0_0;
    %assign/vec4 v0x5a85408274e0_0, 0;
T_7.2 ;
    %load/vec4 v0x5a854083fb20_0;
    %assign/vec4 v0x5a854083fbe0_0, 0;
    %load/vec4 v0x5a8540830790_0;
    %load/vec4 v0x5a85408274e0_0;
    %pad/u 32;
    %load/vec4 v0x5a854083fb20_0;
    %pad/u 32;
    %mul;
    %add;
    %assign/vec4 v0x5a854082d5e0_0, 0;
T_7.1 ;
    %jmp T_7;
    .thread T_7;
    .scope S_0x5a8540842870;
T_8 ;
    %wait E_0x5a85408a3860;
    %load/vec4 v0x5a85407e1000_0;
    %nor/r;
    %flag_set/vec4 8;
    %jmp/0xz  T_8.0, 8;
    %pushi/vec4 0, 0, 8;
    %assign/vec4 v0x5a85407ddfe0_0, 0;
    %pushi/vec4 0, 0, 8;
    %assign/vec4 v0x5a85407f66e0_0, 0;
    %pushi/vec4 0, 0, 32;
    %assign/vec4 v0x5a85407e4100_0, 0;
    %jmp T_8.1;
T_8.0 ;
    %load/vec4 v0x5a85407ddf20_0;
    %flag_set/vec4 8;
    %jmp/0xz  T_8.2, 8;
    %load/vec4 v0x5a85407e10a0_0;
    %assign/vec4 v0x5a85407ddfe0_0, 0;
T_8.2 ;
    %load/vec4 v0x5a85407f6620_0;
    %assign/vec4 v0x5a85407f66e0_0, 0;
    %load/vec4 v0x5a85407e7260_0;
    %load/vec4 v0x5a85407ddfe0_0;
    %pad/u 32;
    %load/vec4 v0x5a85407f6620_0;
    %pad/u 32;
    %mul;
    %add;
    %assign/vec4 v0x5a85407e4100_0, 0;
T_8.1 ;
    %jmp T_8;
    .thread T_8;
    .scope S_0x5a8540833410;
T_9 ;
    %wait E_0x5a85408a3860;
    %load/vec4 v0x5a8540820ed0_0;
    %nor/r;
    %flag_set/vec4 8;
    %jmp/0xz  T_9.0, 8;
    %pushi/vec4 0, 0, 8;
    %assign/vec4 v0x5a854081deb0_0, 0;
    %pushi/vec4 0, 0, 8;
    %assign/vec4 v0x5a854082a250_0, 0;
    %pushi/vec4 0, 0, 32;
    %assign/vec4 v0x5a8540823fb0_0, 0;
    %jmp T_9.1;
T_9.0 ;
    %load/vec4 v0x5a854081ddf0_0;
    %flag_set/vec4 8;
    %jmp/0xz  T_9.2, 8;
    %load/vec4 v0x5a8540820f70_0;
    %assign/vec4 v0x5a854081deb0_0, 0;
T_9.2 ;
    %load/vec4 v0x5a854082a170_0;
    %assign/vec4 v0x5a854082a250_0, 0;
    %load/vec4 v0x5a8540827160_0;
    %load/vec4 v0x5a854081deb0_0;
    %pad/u 32;
    %load/vec4 v0x5a854082a170_0;
    %pad/u 32;
    %mul;
    %add;
    %assign/vec4 v0x5a8540823fb0_0, 0;
T_9.1 ;
    %jmp T_9;
    .thread T_9;
    .scope S_0x5a854080e990;
T_10 ;
    %wait E_0x5a85408a3860;
    %load/vec4 v0x5a85407fc450_0;
    %nor/r;
    %flag_set/vec4 8;
    %jmp/0xz  T_10.0, 8;
    %pushi/vec4 0, 0, 8;
    %assign/vec4 v0x5a85407f9430_0, 0;
    %pushi/vec4 0, 0, 8;
    %assign/vec4 v0x5a85408057d0_0, 0;
    %pushi/vec4 0, 0, 32;
    %assign/vec4 v0x5a85407ff530_0, 0;
    %jmp T_10.1;
T_10.0 ;
    %load/vec4 v0x5a85407f9370_0;
    %flag_set/vec4 8;
    %jmp/0xz  T_10.2, 8;
    %load/vec4 v0x5a85407fc4f0_0;
    %assign/vec4 v0x5a85407f9430_0, 0;
T_10.2 ;
    %load/vec4 v0x5a85408056f0_0;
    %assign/vec4 v0x5a85408057d0_0, 0;
    %load/vec4 v0x5a85408026b0_0;
    %load/vec4 v0x5a85407f9430_0;
    %pad/u 32;
    %load/vec4 v0x5a85408056f0_0;
    %pad/u 32;
    %mul;
    %add;
    %assign/vec4 v0x5a85407ff530_0, 0;
T_10.1 ;
    %jmp T_10;
    .thread T_10;
    .scope S_0x5a85407e6e30;
T_11 ;
    %wait E_0x5a85408a3860;
    %load/vec4 v0x5a85407d1740_0;
    %nor/r;
    %flag_set/vec4 8;
    %jmp/0xz  T_11.0, 8;
    %pushi/vec4 0, 0, 8;
    %assign/vec4 v0x5a854083d180_0, 0;
    %pushi/vec4 0, 0, 8;
    %assign/vec4 v0x5a85407daab0_0, 0;
    %pushi/vec4 0, 0, 32;
    %assign/vec4 v0x5a85407d48f0_0, 0;
    %jmp T_11.1;
T_11.0 ;
    %load/vec4 v0x5a85407e1f20_0;
    %flag_set/vec4 8;
    %jmp/0xz  T_11.2, 8;
    %load/vec4 v0x5a85407e1e40_0;
    %assign/vec4 v0x5a854083d180_0, 0;
T_11.2 ;
    %load/vec4 v0x5a85407ddc60_0;
    %assign/vec4 v0x5a85407daab0_0, 0;
    %load/vec4 v0x5a85407d7ae0_0;
    %load/vec4 v0x5a854083d180_0;
    %pad/u 32;
    %load/vec4 v0x5a85407ddc60_0;
    %pad/u 32;
    %mul;
    %add;
    %assign/vec4 v0x5a85407d48f0_0, 0;
T_11.1 ;
    %jmp T_11;
    .thread T_11;
    .scope S_0x5a85407db580;
T_12 ;
    %wait E_0x5a85408a3860;
    %load/vec4 v0x5a85407d2380_0;
    %nor/r;
    %flag_set/vec4 8;
    %jmp/0xz  T_12.0, 8;
    %pushi/vec4 0, 0, 8;
    %assign/vec4 v0x5a8540892a00_0, 0;
    %pushi/vec4 0, 0, 8;
    %assign/vec4 v0x5a85407d53c0_0, 0;
    %pushi/vec4 0, 0, 32;
    %assign/vec4 v0x5a85407d2270_0, 0;
    %jmp T_12.1;
T_12.0 ;
    %load/vec4 v0x5a85407e79e0_0;
    %flag_set/vec4 8;
    %jmp/0xz  T_12.2, 8;
    %load/vec4 v0x5a85407e7900_0;
    %assign/vec4 v0x5a8540892a00_0, 0;
T_12.2 ;
    %load/vec4 v0x5a85407d8570_0;
    %assign/vec4 v0x5a85407d53c0_0, 0;
    %load/vec4 v0x5a85407d5540_0;
    %load/vec4 v0x5a8540892a00_0;
    %pad/u 32;
    %load/vec4 v0x5a85407d8570_0;
    %pad/u 32;
    %mul;
    %add;
    %assign/vec4 v0x5a85407d2270_0, 0;
T_12.1 ;
    %jmp T_12;
    .thread T_12;
    .scope S_0x5a8540728ab0;
T_13 ;
    %wait E_0x5a85408a3860;
    %load/vec4 v0x5a854071e170_0;
    %nor/r;
    %flag_set/vec4 8;
    %jmp/0xz  T_13.0, 8;
    %pushi/vec4 0, 0, 8;
    %assign/vec4 v0x5a854071e3b0_0, 0;
    %pushi/vec4 0, 0, 8;
    %assign/vec4 v0x5a8540713600_0, 0;
    %pushi/vec4 0, 0, 32;
    %assign/vec4 v0x5a854071e040_0, 0;
    %jmp T_13.1;
T_13.0 ;
    %load/vec4 v0x5a854071e2f0_0;
    %flag_set/vec4 8;
    %jmp/0xz  T_13.2, 8;
    %load/vec4 v0x5a854071e210_0;
    %assign/vec4 v0x5a854071e3b0_0, 0;
T_13.2 ;
    %load/vec4 v0x5a8540713500_0;
    %assign/vec4 v0x5a8540713600_0, 0;
    %load/vec4 v0x5a8540713780_0;
    %load/vec4 v0x5a854071e3b0_0;
    %pad/u 32;
    %load/vec4 v0x5a8540713500_0;
    %pad/u 32;
    %mul;
    %add;
    %assign/vec4 v0x5a854071e040_0, 0;
T_13.1 ;
    %jmp T_13;
    .thread T_13;
    .scope S_0x5a85406ec700;
T_14 ;
    %wait E_0x5a85408a3860;
    %load/vec4 v0x5a85408a42b0_0;
    %nor/r;
    %flag_set/vec4 8;
    %jmp/0xz  T_14.0, 8;
    %pushi/vec4 0, 0, 8;
    %assign/vec4 v0x5a85408a44f0_0, 0;
    %pushi/vec4 0, 0, 8;
    %assign/vec4 v0x5a85406917f0_0, 0;
    %pushi/vec4 0, 0, 32;
    %assign/vec4 v0x5a85408a41d0_0, 0;
    %jmp T_14.1;
T_14.0 ;
    %load/vec4 v0x5a85408a4430_0;
    %flag_set/vec4 8;
    %jmp/0xz  T_14.2, 8;
    %load/vec4 v0x5a85408a4350_0;
    %assign/vec4 v0x5a85408a44f0_0, 0;
T_14.2 ;
    %load/vec4 v0x5a85406916f0_0;
    %assign/vec4 v0x5a85406917f0_0, 0;
    %load/vec4 v0x5a85408a4130_0;
    %load/vec4 v0x5a85408a44f0_0;
    %pad/u 32;
    %load/vec4 v0x5a85406916f0_0;
    %pad/u 32;
    %mul;
    %add;
    %assign/vec4 v0x5a85408a41d0_0, 0;
T_14.1 ;
    %jmp T_14;
    .thread T_14;
    .scope S_0x5a85408a4d90;
T_15 ;
    %wait E_0x5a85408a3860;
    %load/vec4 v0x5a85408a5720_0;
    %nor/r;
    %flag_set/vec4 8;
    %jmp/0xz  T_15.0, 8;
    %pushi/vec4 0, 0, 8;
    %assign/vec4 v0x5a85408a5960_0, 0;
    %pushi/vec4 0, 0, 8;
    %assign/vec4 v0x5a85408a5380_0, 0;
    %pushi/vec4 0, 0, 32;
    %assign/vec4 v0x5a85408a55f0_0, 0;
    %jmp T_15.1;
T_15.0 ;
    %load/vec4 v0x5a85408a58a0_0;
    %flag_set/vec4 8;
    %jmp/0xz  T_15.2, 8;
    %load/vec4 v0x5a85408a57c0_0;
    %assign/vec4 v0x5a85408a5960_0, 0;
T_15.2 ;
    %load/vec4 v0x5a85408a5280_0;
    %assign/vec4 v0x5a85408a5380_0, 0;
    %load/vec4 v0x5a85408a5530_0;
    %load/vec4 v0x5a85408a5960_0;
    %pad/u 32;
    %load/vec4 v0x5a85408a5280_0;
    %pad/u 32;
    %mul;
    %add;
    %assign/vec4 v0x5a85408a55f0_0, 0;
T_15.1 ;
    %jmp T_15;
    .thread T_15;
    .scope S_0x5a85408a6130;
T_16 ;
    %wait E_0x5a85408a3860;
    %load/vec4 v0x5a85408a6af0_0;
    %nor/r;
    %flag_set/vec4 8;
    %jmp/0xz  T_16.0, 8;
    %pushi/vec4 0, 0, 8;
    %assign/vec4 v0x5a85408a6d30_0, 0;
    %pushi/vec4 0, 0, 8;
    %assign/vec4 v0x5a85408a6750_0, 0;
    %pushi/vec4 0, 0, 32;
    %assign/vec4 v0x5a85408a69c0_0, 0;
    %jmp T_16.1;
T_16.0 ;
    %load/vec4 v0x5a85408a6c70_0;
    %flag_set/vec4 8;
    %jmp/0xz  T_16.2, 8;
    %load/vec4 v0x5a85408a6b90_0;
    %assign/vec4 v0x5a85408a6d30_0, 0;
T_16.2 ;
    %load/vec4 v0x5a85408a6650_0;
    %assign/vec4 v0x5a85408a6750_0, 0;
    %load/vec4 v0x5a85408a6900_0;
    %load/vec4 v0x5a85408a6d30_0;
    %pad/u 32;
    %load/vec4 v0x5a85408a6650_0;
    %pad/u 32;
    %mul;
    %add;
    %assign/vec4 v0x5a85408a69c0_0, 0;
T_16.1 ;
    %jmp T_16;
    .thread T_16;
    .scope S_0x5a85408a7500;
T_17 ;
    %wait E_0x5a85408a3860;
    %load/vec4 v0x5a85408a7ec0_0;
    %nor/r;
    %flag_set/vec4 8;
    %jmp/0xz  T_17.0, 8;
    %pushi/vec4 0, 0, 8;
    %assign/vec4 v0x5a85408a8100_0, 0;
    %pushi/vec4 0, 0, 8;
    %assign/vec4 v0x5a85408a7b20_0, 0;
    %pushi/vec4 0, 0, 32;
    %assign/vec4 v0x5a85408a7d90_0, 0;
    %jmp T_17.1;
T_17.0 ;
    %load/vec4 v0x5a85408a8040_0;
    %flag_set/vec4 8;
    %jmp/0xz  T_17.2, 8;
    %load/vec4 v0x5a85408a7f60_0;
    %assign/vec4 v0x5a85408a8100_0, 0;
T_17.2 ;
    %load/vec4 v0x5a85408a7a20_0;
    %assign/vec4 v0x5a85408a7b20_0, 0;
    %load/vec4 v0x5a85408a7cd0_0;
    %load/vec4 v0x5a85408a8100_0;
    %pad/u 32;
    %load/vec4 v0x5a85408a7a20_0;
    %pad/u 32;
    %mul;
    %add;
    %assign/vec4 v0x5a85408a7d90_0, 0;
T_17.1 ;
    %jmp T_17;
    .thread T_17;
    .scope S_0x5a85408a88d0;
T_18 ;
    %wait E_0x5a85408a3860;
    %load/vec4 v0x5a85408a9290_0;
    %nor/r;
    %flag_set/vec4 8;
    %jmp/0xz  T_18.0, 8;
    %pushi/vec4 0, 0, 8;
    %assign/vec4 v0x5a85408a94d0_0, 0;
    %pushi/vec4 0, 0, 8;
    %assign/vec4 v0x5a85408a8ef0_0, 0;
    %pushi/vec4 0, 0, 32;
    %assign/vec4 v0x5a85408a9160_0, 0;
    %jmp T_18.1;
T_18.0 ;
    %load/vec4 v0x5a85408a9410_0;
    %flag_set/vec4 8;
    %jmp/0xz  T_18.2, 8;
    %load/vec4 v0x5a85408a9330_0;
    %assign/vec4 v0x5a85408a94d0_0, 0;
T_18.2 ;
    %load/vec4 v0x5a85408a8df0_0;
    %assign/vec4 v0x5a85408a8ef0_0, 0;
    %load/vec4 v0x5a85408a90a0_0;
    %load/vec4 v0x5a85408a94d0_0;
    %pad/u 32;
    %load/vec4 v0x5a85408a8df0_0;
    %pad/u 32;
    %mul;
    %add;
    %assign/vec4 v0x5a85408a9160_0, 0;
T_18.1 ;
    %jmp T_18;
    .thread T_18;
    .scope S_0x5a85408a9f80;
T_19 ;
    %wait E_0x5a85408a3860;
    %load/vec4 v0x5a85408aa940_0;
    %nor/r;
    %flag_set/vec4 8;
    %jmp/0xz  T_19.0, 8;
    %pushi/vec4 0, 0, 8;
    %assign/vec4 v0x5a85408aad90_0, 0;
    %pushi/vec4 0, 0, 8;
    %assign/vec4 v0x5a85408aa5a0_0, 0;
    %pushi/vec4 0, 0, 32;
    %assign/vec4 v0x5a85408aa810_0, 0;
    %jmp T_19.1;
T_19.0 ;
    %load/vec4 v0x5a85408aacd0_0;
    %flag_set/vec4 8;
    %jmp/0xz  T_19.2, 8;
    %load/vec4 v0x5a85408aabf0_0;
    %assign/vec4 v0x5a85408aad90_0, 0;
T_19.2 ;
    %load/vec4 v0x5a85408aa4a0_0;
    %assign/vec4 v0x5a85408aa5a0_0, 0;
    %load/vec4 v0x5a85408aa750_0;
    %load/vec4 v0x5a85408aad90_0;
    %pad/u 32;
    %load/vec4 v0x5a85408aa4a0_0;
    %pad/u 32;
    %mul;
    %add;
    %assign/vec4 v0x5a85408aa810_0, 0;
T_19.1 ;
    %jmp T_19;
    .thread T_19;
    .scope S_0x5a85408ab560;
T_20 ;
    %wait E_0x5a85408a3860;
    %load/vec4 v0x5a85408abf20_0;
    %nor/r;
    %flag_set/vec4 8;
    %jmp/0xz  T_20.0, 8;
    %pushi/vec4 0, 0, 8;
    %assign/vec4 v0x5a85408ac160_0, 0;
    %pushi/vec4 0, 0, 8;
    %assign/vec4 v0x5a85408abb80_0, 0;
    %pushi/vec4 0, 0, 32;
    %assign/vec4 v0x5a85408abdf0_0, 0;
    %jmp T_20.1;
T_20.0 ;
    %load/vec4 v0x5a85408ac0a0_0;
    %flag_set/vec4 8;
    %jmp/0xz  T_20.2, 8;
    %load/vec4 v0x5a85408abfc0_0;
    %assign/vec4 v0x5a85408ac160_0, 0;
T_20.2 ;
    %load/vec4 v0x5a85408aba80_0;
    %assign/vec4 v0x5a85408abb80_0, 0;
    %load/vec4 v0x5a85408abd30_0;
    %load/vec4 v0x5a85408ac160_0;
    %pad/u 32;
    %load/vec4 v0x5a85408aba80_0;
    %pad/u 32;
    %mul;
    %add;
    %assign/vec4 v0x5a85408abdf0_0, 0;
T_20.1 ;
    %jmp T_20;
    .thread T_20;
    .scope S_0x5a85408ac940;
T_21 ;
    %wait E_0x5a85408a3860;
    %load/vec4 v0x5a85408ad300_0;
    %nor/r;
    %flag_set/vec4 8;
    %jmp/0xz  T_21.0, 8;
    %pushi/vec4 0, 0, 8;
    %assign/vec4 v0x5a85408ad540_0, 0;
    %pushi/vec4 0, 0, 8;
    %assign/vec4 v0x5a85408acf60_0, 0;
    %pushi/vec4 0, 0, 32;
    %assign/vec4 v0x5a85408ad1d0_0, 0;
    %jmp T_21.1;
T_21.0 ;
    %load/vec4 v0x5a85408ad480_0;
    %flag_set/vec4 8;
    %jmp/0xz  T_21.2, 8;
    %load/vec4 v0x5a85408ad3a0_0;
    %assign/vec4 v0x5a85408ad540_0, 0;
T_21.2 ;
    %load/vec4 v0x5a85408ace60_0;
    %assign/vec4 v0x5a85408acf60_0, 0;
    %load/vec4 v0x5a85408ad110_0;
    %load/vec4 v0x5a85408ad540_0;
    %pad/u 32;
    %load/vec4 v0x5a85408ace60_0;
    %pad/u 32;
    %mul;
    %add;
    %assign/vec4 v0x5a85408ad1d0_0, 0;
T_21.1 ;
    %jmp T_21;
    .thread T_21;
    .scope S_0x5a85408add10;
T_22 ;
    %wait E_0x5a85408a3860;
    %load/vec4 v0x5a85408ae6d0_0;
    %nor/r;
    %flag_set/vec4 8;
    %jmp/0xz  T_22.0, 8;
    %pushi/vec4 0, 0, 8;
    %assign/vec4 v0x5a85408ae910_0, 0;
    %pushi/vec4 0, 0, 8;
    %assign/vec4 v0x5a85408ae330_0, 0;
    %pushi/vec4 0, 0, 32;
    %assign/vec4 v0x5a85408ae5a0_0, 0;
    %jmp T_22.1;
T_22.0 ;
    %load/vec4 v0x5a85408ae850_0;
    %flag_set/vec4 8;
    %jmp/0xz  T_22.2, 8;
    %load/vec4 v0x5a85408ae770_0;
    %assign/vec4 v0x5a85408ae910_0, 0;
T_22.2 ;
    %load/vec4 v0x5a85408ae230_0;
    %assign/vec4 v0x5a85408ae330_0, 0;
    %load/vec4 v0x5a85408ae4e0_0;
    %load/vec4 v0x5a85408ae910_0;
    %pad/u 32;
    %load/vec4 v0x5a85408ae230_0;
    %pad/u 32;
    %mul;
    %add;
    %assign/vec4 v0x5a85408ae5a0_0, 0;
T_22.1 ;
    %jmp T_22;
    .thread T_22;
    .scope S_0x5a85408af130;
T_23 ;
    %wait E_0x5a85408a3860;
    %load/vec4 v0x5a85408afac0_0;
    %nor/r;
    %flag_set/vec4 8;
    %jmp/0xz  T_23.0, 8;
    %pushi/vec4 0, 0, 8;
    %assign/vec4 v0x5a85408afd00_0, 0;
    %pushi/vec4 0, 0, 8;
    %assign/vec4 v0x5a85408af720_0, 0;
    %pushi/vec4 0, 0, 32;
    %assign/vec4 v0x5a85408af990_0, 0;
    %jmp T_23.1;
T_23.0 ;
    %load/vec4 v0x5a85408afc40_0;
    %flag_set/vec4 8;
    %jmp/0xz  T_23.2, 8;
    %load/vec4 v0x5a85408afb60_0;
    %assign/vec4 v0x5a85408afd00_0, 0;
T_23.2 ;
    %load/vec4 v0x5a85408af620_0;
    %assign/vec4 v0x5a85408af720_0, 0;
    %load/vec4 v0x5a85408af8d0_0;
    %load/vec4 v0x5a85408afd00_0;
    %pad/u 32;
    %load/vec4 v0x5a85408af620_0;
    %pad/u 32;
    %mul;
    %add;
    %assign/vec4 v0x5a85408af990_0, 0;
T_23.1 ;
    %jmp T_23;
    .thread T_23;
    .scope S_0x5a85408b04d0;
T_24 ;
    %wait E_0x5a85408a3860;
    %load/vec4 v0x5a85408b0e90_0;
    %nor/r;
    %flag_set/vec4 8;
    %jmp/0xz  T_24.0, 8;
    %pushi/vec4 0, 0, 8;
    %assign/vec4 v0x5a85408b10d0_0, 0;
    %pushi/vec4 0, 0, 8;
    %assign/vec4 v0x5a85408b0af0_0, 0;
    %pushi/vec4 0, 0, 32;
    %assign/vec4 v0x5a85408b0d60_0, 0;
    %jmp T_24.1;
T_24.0 ;
    %load/vec4 v0x5a85408b1010_0;
    %flag_set/vec4 8;
    %jmp/0xz  T_24.2, 8;
    %load/vec4 v0x5a85408b0f30_0;
    %assign/vec4 v0x5a85408b10d0_0, 0;
T_24.2 ;
    %load/vec4 v0x5a85408b09f0_0;
    %assign/vec4 v0x5a85408b0af0_0, 0;
    %load/vec4 v0x5a85408b0ca0_0;
    %load/vec4 v0x5a85408b10d0_0;
    %pad/u 32;
    %load/vec4 v0x5a85408b09f0_0;
    %pad/u 32;
    %mul;
    %add;
    %assign/vec4 v0x5a85408b0d60_0, 0;
T_24.1 ;
    %jmp T_24;
    .thread T_24;
    .scope S_0x5a85408b18a0;
T_25 ;
    %wait E_0x5a85408a3860;
    %load/vec4 v0x5a85408b2260_0;
    %nor/r;
    %flag_set/vec4 8;
    %jmp/0xz  T_25.0, 8;
    %pushi/vec4 0, 0, 8;
    %assign/vec4 v0x5a85408b24a0_0, 0;
    %pushi/vec4 0, 0, 8;
    %assign/vec4 v0x5a85408b1ec0_0, 0;
    %pushi/vec4 0, 0, 32;
    %assign/vec4 v0x5a85408b2130_0, 0;
    %jmp T_25.1;
T_25.0 ;
    %load/vec4 v0x5a85408b23e0_0;
    %flag_set/vec4 8;
    %jmp/0xz  T_25.2, 8;
    %load/vec4 v0x5a85408b2300_0;
    %assign/vec4 v0x5a85408b24a0_0, 0;
T_25.2 ;
    %load/vec4 v0x5a85408b1dc0_0;
    %assign/vec4 v0x5a85408b1ec0_0, 0;
    %load/vec4 v0x5a85408b2070_0;
    %load/vec4 v0x5a85408b24a0_0;
    %pad/u 32;
    %load/vec4 v0x5a85408b1dc0_0;
    %pad/u 32;
    %mul;
    %add;
    %assign/vec4 v0x5a85408b2130_0, 0;
T_25.1 ;
    %jmp T_25;
    .thread T_25;
    .scope S_0x5a85408b2c70;
T_26 ;
    %wait E_0x5a85408a3860;
    %load/vec4 v0x5a85408b3630_0;
    %nor/r;
    %flag_set/vec4 8;
    %jmp/0xz  T_26.0, 8;
    %pushi/vec4 0, 0, 8;
    %assign/vec4 v0x5a85408b3870_0, 0;
    %pushi/vec4 0, 0, 8;
    %assign/vec4 v0x5a85408b3290_0, 0;
    %pushi/vec4 0, 0, 32;
    %assign/vec4 v0x5a85408b3500_0, 0;
    %jmp T_26.1;
T_26.0 ;
    %load/vec4 v0x5a85408b37b0_0;
    %flag_set/vec4 8;
    %jmp/0xz  T_26.2, 8;
    %load/vec4 v0x5a85408b36d0_0;
    %assign/vec4 v0x5a85408b3870_0, 0;
T_26.2 ;
    %load/vec4 v0x5a85408b3190_0;
    %assign/vec4 v0x5a85408b3290_0, 0;
    %load/vec4 v0x5a85408b3440_0;
    %load/vec4 v0x5a85408b3870_0;
    %pad/u 32;
    %load/vec4 v0x5a85408b3190_0;
    %pad/u 32;
    %mul;
    %add;
    %assign/vec4 v0x5a85408b3500_0, 0;
T_26.1 ;
    %jmp T_26;
    .thread T_26;
    .scope S_0x5a85408b4320;
T_27 ;
    %wait E_0x5a85408a3860;
    %load/vec4 v0x5a85408b4ce0_0;
    %nor/r;
    %flag_set/vec4 8;
    %jmp/0xz  T_27.0, 8;
    %pushi/vec4 0, 0, 8;
    %assign/vec4 v0x5a85408b4f20_0, 0;
    %pushi/vec4 0, 0, 8;
    %assign/vec4 v0x5a85408b4940_0, 0;
    %pushi/vec4 0, 0, 32;
    %assign/vec4 v0x5a85408b4bb0_0, 0;
    %jmp T_27.1;
T_27.0 ;
    %load/vec4 v0x5a85408b4e60_0;
    %flag_set/vec4 8;
    %jmp/0xz  T_27.2, 8;
    %load/vec4 v0x5a85408b4d80_0;
    %assign/vec4 v0x5a85408b4f20_0, 0;
T_27.2 ;
    %load/vec4 v0x5a85408b4840_0;
    %assign/vec4 v0x5a85408b4940_0, 0;
    %load/vec4 v0x5a85408b4af0_0;
    %load/vec4 v0x5a85408b4f20_0;
    %pad/u 32;
    %load/vec4 v0x5a85408b4840_0;
    %pad/u 32;
    %mul;
    %add;
    %assign/vec4 v0x5a85408b4bb0_0, 0;
T_27.1 ;
    %jmp T_27;
    .thread T_27;
    .scope S_0x5a85408b56f0;
T_28 ;
    %wait E_0x5a85408a3860;
    %load/vec4 v0x5a85408b60b0_0;
    %nor/r;
    %flag_set/vec4 8;
    %jmp/0xz  T_28.0, 8;
    %pushi/vec4 0, 0, 8;
    %assign/vec4 v0x5a85408b62f0_0, 0;
    %pushi/vec4 0, 0, 8;
    %assign/vec4 v0x5a85408b5d10_0, 0;
    %pushi/vec4 0, 0, 32;
    %assign/vec4 v0x5a85408b5f80_0, 0;
    %jmp T_28.1;
T_28.0 ;
    %load/vec4 v0x5a85408b6230_0;
    %flag_set/vec4 8;
    %jmp/0xz  T_28.2, 8;
    %load/vec4 v0x5a85408b6150_0;
    %assign/vec4 v0x5a85408b62f0_0, 0;
T_28.2 ;
    %load/vec4 v0x5a85408b5c10_0;
    %assign/vec4 v0x5a85408b5d10_0, 0;
    %load/vec4 v0x5a85408b5ec0_0;
    %load/vec4 v0x5a85408b62f0_0;
    %pad/u 32;
    %load/vec4 v0x5a85408b5c10_0;
    %pad/u 32;
    %mul;
    %add;
    %assign/vec4 v0x5a85408b5f80_0, 0;
T_28.1 ;
    %jmp T_28;
    .thread T_28;
    .scope S_0x5a85408b6ad0;
T_29 ;
    %wait E_0x5a85408a3860;
    %load/vec4 v0x5a85408b7490_0;
    %nor/r;
    %flag_set/vec4 8;
    %jmp/0xz  T_29.0, 8;
    %pushi/vec4 0, 0, 8;
    %assign/vec4 v0x5a85408b76d0_0, 0;
    %pushi/vec4 0, 0, 8;
    %assign/vec4 v0x5a85408b70f0_0, 0;
    %pushi/vec4 0, 0, 32;
    %assign/vec4 v0x5a85408b7360_0, 0;
    %jmp T_29.1;
T_29.0 ;
    %load/vec4 v0x5a85408b7610_0;
    %flag_set/vec4 8;
    %jmp/0xz  T_29.2, 8;
    %load/vec4 v0x5a85408b7530_0;
    %assign/vec4 v0x5a85408b76d0_0, 0;
T_29.2 ;
    %load/vec4 v0x5a85408b6ff0_0;
    %assign/vec4 v0x5a85408b70f0_0, 0;
    %load/vec4 v0x5a85408b72a0_0;
    %load/vec4 v0x5a85408b76d0_0;
    %pad/u 32;
    %load/vec4 v0x5a85408b6ff0_0;
    %pad/u 32;
    %mul;
    %add;
    %assign/vec4 v0x5a85408b7360_0, 0;
T_29.1 ;
    %jmp T_29;
    .thread T_29;
    .scope S_0x5a85408b7ea0;
T_30 ;
    %wait E_0x5a85408a3860;
    %load/vec4 v0x5a85408b8860_0;
    %nor/r;
    %flag_set/vec4 8;
    %jmp/0xz  T_30.0, 8;
    %pushi/vec4 0, 0, 8;
    %assign/vec4 v0x5a85408b8aa0_0, 0;
    %pushi/vec4 0, 0, 8;
    %assign/vec4 v0x5a85408b84c0_0, 0;
    %pushi/vec4 0, 0, 32;
    %assign/vec4 v0x5a85408b8730_0, 0;
    %jmp T_30.1;
T_30.0 ;
    %load/vec4 v0x5a85408b89e0_0;
    %flag_set/vec4 8;
    %jmp/0xz  T_30.2, 8;
    %load/vec4 v0x5a85408b8900_0;
    %assign/vec4 v0x5a85408b8aa0_0, 0;
T_30.2 ;
    %load/vec4 v0x5a85408b83c0_0;
    %assign/vec4 v0x5a85408b84c0_0, 0;
    %load/vec4 v0x5a85408b8670_0;
    %load/vec4 v0x5a85408b8aa0_0;
    %pad/u 32;
    %load/vec4 v0x5a85408b83c0_0;
    %pad/u 32;
    %mul;
    %add;
    %assign/vec4 v0x5a85408b8730_0, 0;
T_30.1 ;
    %jmp T_30;
    .thread T_30;
    .scope S_0x5a85408b92c0;
T_31 ;
    %wait E_0x5a85408a3860;
    %load/vec4 v0x5a85408b9c50_0;
    %nor/r;
    %flag_set/vec4 8;
    %jmp/0xz  T_31.0, 8;
    %pushi/vec4 0, 0, 8;
    %assign/vec4 v0x5a85408b9e90_0, 0;
    %pushi/vec4 0, 0, 8;
    %assign/vec4 v0x5a85408b98b0_0, 0;
    %pushi/vec4 0, 0, 32;
    %assign/vec4 v0x5a85408b9b20_0, 0;
    %jmp T_31.1;
T_31.0 ;
    %load/vec4 v0x5a85408b9dd0_0;
    %flag_set/vec4 8;
    %jmp/0xz  T_31.2, 8;
    %load/vec4 v0x5a85408b9cf0_0;
    %assign/vec4 v0x5a85408b9e90_0, 0;
T_31.2 ;
    %load/vec4 v0x5a85408b97b0_0;
    %assign/vec4 v0x5a85408b98b0_0, 0;
    %load/vec4 v0x5a85408b9a60_0;
    %load/vec4 v0x5a85408b9e90_0;
    %pad/u 32;
    %load/vec4 v0x5a85408b97b0_0;
    %pad/u 32;
    %mul;
    %add;
    %assign/vec4 v0x5a85408b9b20_0, 0;
T_31.1 ;
    %jmp T_31;
    .thread T_31;
    .scope S_0x5a85408ba660;
T_32 ;
    %wait E_0x5a85408a3860;
    %load/vec4 v0x5a85408bb020_0;
    %nor/r;
    %flag_set/vec4 8;
    %jmp/0xz  T_32.0, 8;
    %pushi/vec4 0, 0, 8;
    %assign/vec4 v0x5a85408bb260_0, 0;
    %pushi/vec4 0, 0, 8;
    %assign/vec4 v0x5a85408bac80_0, 0;
    %pushi/vec4 0, 0, 32;
    %assign/vec4 v0x5a85408baef0_0, 0;
    %jmp T_32.1;
T_32.0 ;
    %load/vec4 v0x5a85408bb1a0_0;
    %flag_set/vec4 8;
    %jmp/0xz  T_32.2, 8;
    %load/vec4 v0x5a85408bb0c0_0;
    %assign/vec4 v0x5a85408bb260_0, 0;
T_32.2 ;
    %load/vec4 v0x5a85408bab80_0;
    %assign/vec4 v0x5a85408bac80_0, 0;
    %load/vec4 v0x5a85408bae30_0;
    %load/vec4 v0x5a85408bb260_0;
    %pad/u 32;
    %load/vec4 v0x5a85408bab80_0;
    %pad/u 32;
    %mul;
    %add;
    %assign/vec4 v0x5a85408baef0_0, 0;
T_32.1 ;
    %jmp T_32;
    .thread T_32;
    .scope S_0x5a85408bba30;
T_33 ;
    %wait E_0x5a85408a3860;
    %load/vec4 v0x5a85408bc3f0_0;
    %nor/r;
    %flag_set/vec4 8;
    %jmp/0xz  T_33.0, 8;
    %pushi/vec4 0, 0, 8;
    %assign/vec4 v0x5a85408bc630_0, 0;
    %pushi/vec4 0, 0, 8;
    %assign/vec4 v0x5a85408bc050_0, 0;
    %pushi/vec4 0, 0, 32;
    %assign/vec4 v0x5a85408bc2c0_0, 0;
    %jmp T_33.1;
T_33.0 ;
    %load/vec4 v0x5a85408bc570_0;
    %flag_set/vec4 8;
    %jmp/0xz  T_33.2, 8;
    %load/vec4 v0x5a85408bc490_0;
    %assign/vec4 v0x5a85408bc630_0, 0;
T_33.2 ;
    %load/vec4 v0x5a85408bbf50_0;
    %assign/vec4 v0x5a85408bc050_0, 0;
    %load/vec4 v0x5a85408bc200_0;
    %load/vec4 v0x5a85408bc630_0;
    %pad/u 32;
    %load/vec4 v0x5a85408bbf50_0;
    %pad/u 32;
    %mul;
    %add;
    %assign/vec4 v0x5a85408bc2c0_0, 0;
T_33.1 ;
    %jmp T_33;
    .thread T_33;
    .scope S_0x5a85408bce00;
T_34 ;
    %wait E_0x5a85408a3860;
    %load/vec4 v0x5a85408bd7c0_0;
    %nor/r;
    %flag_set/vec4 8;
    %jmp/0xz  T_34.0, 8;
    %pushi/vec4 0, 0, 8;
    %assign/vec4 v0x5a85408bda00_0, 0;
    %pushi/vec4 0, 0, 8;
    %assign/vec4 v0x5a85408bd420_0, 0;
    %pushi/vec4 0, 0, 32;
    %assign/vec4 v0x5a85408bd690_0, 0;
    %jmp T_34.1;
T_34.0 ;
    %load/vec4 v0x5a85408bd940_0;
    %flag_set/vec4 8;
    %jmp/0xz  T_34.2, 8;
    %load/vec4 v0x5a85408bd860_0;
    %assign/vec4 v0x5a85408bda00_0, 0;
T_34.2 ;
    %load/vec4 v0x5a85408bd320_0;
    %assign/vec4 v0x5a85408bd420_0, 0;
    %load/vec4 v0x5a85408bd5d0_0;
    %load/vec4 v0x5a85408bda00_0;
    %pad/u 32;
    %load/vec4 v0x5a85408bd320_0;
    %pad/u 32;
    %mul;
    %add;
    %assign/vec4 v0x5a85408bd690_0, 0;
T_34.1 ;
    %jmp T_34;
    .thread T_34;
    .scope S_0x5a85408be4b0;
T_35 ;
    %wait E_0x5a85408a3860;
    %load/vec4 v0x5a85408bee70_0;
    %nor/r;
    %flag_set/vec4 8;
    %jmp/0xz  T_35.0, 8;
    %pushi/vec4 0, 0, 8;
    %assign/vec4 v0x5a85408bf4c0_0, 0;
    %pushi/vec4 0, 0, 8;
    %assign/vec4 v0x5a85408bead0_0, 0;
    %pushi/vec4 0, 0, 32;
    %assign/vec4 v0x5a85408bed40_0, 0;
    %jmp T_35.1;
T_35.0 ;
    %load/vec4 v0x5a85408bf400_0;
    %flag_set/vec4 8;
    %jmp/0xz  T_35.2, 8;
    %load/vec4 v0x5a85408bf320_0;
    %assign/vec4 v0x5a85408bf4c0_0, 0;
T_35.2 ;
    %load/vec4 v0x5a85408be9d0_0;
    %assign/vec4 v0x5a85408bead0_0, 0;
    %load/vec4 v0x5a85408bec80_0;
    %load/vec4 v0x5a85408bf4c0_0;
    %pad/u 32;
    %load/vec4 v0x5a85408be9d0_0;
    %pad/u 32;
    %mul;
    %add;
    %assign/vec4 v0x5a85408bed40_0, 0;
T_35.1 ;
    %jmp T_35;
    .thread T_35;
    .scope S_0x5a85408bfc90;
T_36 ;
    %wait E_0x5a85408a3860;
    %load/vec4 v0x5a85408c0650_0;
    %nor/r;
    %flag_set/vec4 8;
    %jmp/0xz  T_36.0, 8;
    %pushi/vec4 0, 0, 8;
    %assign/vec4 v0x5a85408c0890_0, 0;
    %pushi/vec4 0, 0, 8;
    %assign/vec4 v0x5a85408c02b0_0, 0;
    %pushi/vec4 0, 0, 32;
    %assign/vec4 v0x5a85408c0520_0, 0;
    %jmp T_36.1;
T_36.0 ;
    %load/vec4 v0x5a85408c07d0_0;
    %flag_set/vec4 8;
    %jmp/0xz  T_36.2, 8;
    %load/vec4 v0x5a85408c06f0_0;
    %assign/vec4 v0x5a85408c0890_0, 0;
T_36.2 ;
    %load/vec4 v0x5a85408c01b0_0;
    %assign/vec4 v0x5a85408c02b0_0, 0;
    %load/vec4 v0x5a85408c0460_0;
    %load/vec4 v0x5a85408c0890_0;
    %pad/u 32;
    %load/vec4 v0x5a85408c01b0_0;
    %pad/u 32;
    %mul;
    %add;
    %assign/vec4 v0x5a85408c0520_0, 0;
T_36.1 ;
    %jmp T_36;
    .thread T_36;
    .scope S_0x5a85408c1070;
T_37 ;
    %wait E_0x5a85408a3860;
    %load/vec4 v0x5a85408c1a30_0;
    %nor/r;
    %flag_set/vec4 8;
    %jmp/0xz  T_37.0, 8;
    %pushi/vec4 0, 0, 8;
    %assign/vec4 v0x5a85408c1c70_0, 0;
    %pushi/vec4 0, 0, 8;
    %assign/vec4 v0x5a85408c1690_0, 0;
    %pushi/vec4 0, 0, 32;
    %assign/vec4 v0x5a85408c1900_0, 0;
    %jmp T_37.1;
T_37.0 ;
    %load/vec4 v0x5a85408c1bb0_0;
    %flag_set/vec4 8;
    %jmp/0xz  T_37.2, 8;
    %load/vec4 v0x5a85408c1ad0_0;
    %assign/vec4 v0x5a85408c1c70_0, 0;
T_37.2 ;
    %load/vec4 v0x5a85408c1590_0;
    %assign/vec4 v0x5a85408c1690_0, 0;
    %load/vec4 v0x5a85408c1840_0;
    %load/vec4 v0x5a85408c1c70_0;
    %pad/u 32;
    %load/vec4 v0x5a85408c1590_0;
    %pad/u 32;
    %mul;
    %add;
    %assign/vec4 v0x5a85408c1900_0, 0;
T_37.1 ;
    %jmp T_37;
    .thread T_37;
    .scope S_0x5a85408c2440;
T_38 ;
    %wait E_0x5a85408a3860;
    %load/vec4 v0x5a85408c2e00_0;
    %nor/r;
    %flag_set/vec4 8;
    %jmp/0xz  T_38.0, 8;
    %pushi/vec4 0, 0, 8;
    %assign/vec4 v0x5a85408c3040_0, 0;
    %pushi/vec4 0, 0, 8;
    %assign/vec4 v0x5a85408c2a60_0, 0;
    %pushi/vec4 0, 0, 32;
    %assign/vec4 v0x5a85408c2cd0_0, 0;
    %jmp T_38.1;
T_38.0 ;
    %load/vec4 v0x5a85408c2f80_0;
    %flag_set/vec4 8;
    %jmp/0xz  T_38.2, 8;
    %load/vec4 v0x5a85408c2ea0_0;
    %assign/vec4 v0x5a85408c3040_0, 0;
T_38.2 ;
    %load/vec4 v0x5a85408c2960_0;
    %assign/vec4 v0x5a85408c2a60_0, 0;
    %load/vec4 v0x5a85408c2c10_0;
    %load/vec4 v0x5a85408c3040_0;
    %pad/u 32;
    %load/vec4 v0x5a85408c2960_0;
    %pad/u 32;
    %mul;
    %add;
    %assign/vec4 v0x5a85408c2cd0_0, 0;
T_38.1 ;
    %jmp T_38;
    .thread T_38;
    .scope S_0x5a85408c3860;
T_39 ;
    %wait E_0x5a85408a3860;
    %load/vec4 v0x5a85408c41f0_0;
    %nor/r;
    %flag_set/vec4 8;
    %jmp/0xz  T_39.0, 8;
    %pushi/vec4 0, 0, 8;
    %assign/vec4 v0x5a85408c4430_0, 0;
    %pushi/vec4 0, 0, 8;
    %assign/vec4 v0x5a85408c3e50_0, 0;
    %pushi/vec4 0, 0, 32;
    %assign/vec4 v0x5a85408c40c0_0, 0;
    %jmp T_39.1;
T_39.0 ;
    %load/vec4 v0x5a85408c4370_0;
    %flag_set/vec4 8;
    %jmp/0xz  T_39.2, 8;
    %load/vec4 v0x5a85408c4290_0;
    %assign/vec4 v0x5a85408c4430_0, 0;
T_39.2 ;
    %load/vec4 v0x5a85408c3d50_0;
    %assign/vec4 v0x5a85408c3e50_0, 0;
    %load/vec4 v0x5a85408c4000_0;
    %load/vec4 v0x5a85408c4430_0;
    %pad/u 32;
    %load/vec4 v0x5a85408c3d50_0;
    %pad/u 32;
    %mul;
    %add;
    %assign/vec4 v0x5a85408c40c0_0, 0;
T_39.1 ;
    %jmp T_39;
    .thread T_39;
    .scope S_0x5a85408c4c00;
T_40 ;
    %wait E_0x5a85408a3860;
    %load/vec4 v0x5a85408c55c0_0;
    %nor/r;
    %flag_set/vec4 8;
    %jmp/0xz  T_40.0, 8;
    %pushi/vec4 0, 0, 8;
    %assign/vec4 v0x5a85408c5800_0, 0;
    %pushi/vec4 0, 0, 8;
    %assign/vec4 v0x5a85408c5220_0, 0;
    %pushi/vec4 0, 0, 32;
    %assign/vec4 v0x5a85408c5490_0, 0;
    %jmp T_40.1;
T_40.0 ;
    %load/vec4 v0x5a85408c5740_0;
    %flag_set/vec4 8;
    %jmp/0xz  T_40.2, 8;
    %load/vec4 v0x5a85408c5660_0;
    %assign/vec4 v0x5a85408c5800_0, 0;
T_40.2 ;
    %load/vec4 v0x5a85408c5120_0;
    %assign/vec4 v0x5a85408c5220_0, 0;
    %load/vec4 v0x5a85408c53d0_0;
    %load/vec4 v0x5a85408c5800_0;
    %pad/u 32;
    %load/vec4 v0x5a85408c5120_0;
    %pad/u 32;
    %mul;
    %add;
    %assign/vec4 v0x5a85408c5490_0, 0;
T_40.1 ;
    %jmp T_40;
    .thread T_40;
    .scope S_0x5a85408c5fd0;
T_41 ;
    %wait E_0x5a85408a3860;
    %load/vec4 v0x5a85408c6990_0;
    %nor/r;
    %flag_set/vec4 8;
    %jmp/0xz  T_41.0, 8;
    %pushi/vec4 0, 0, 8;
    %assign/vec4 v0x5a85408c6bd0_0, 0;
    %pushi/vec4 0, 0, 8;
    %assign/vec4 v0x5a85408c65f0_0, 0;
    %pushi/vec4 0, 0, 32;
    %assign/vec4 v0x5a85408c6860_0, 0;
    %jmp T_41.1;
T_41.0 ;
    %load/vec4 v0x5a85408c6b10_0;
    %flag_set/vec4 8;
    %jmp/0xz  T_41.2, 8;
    %load/vec4 v0x5a85408c6a30_0;
    %assign/vec4 v0x5a85408c6bd0_0, 0;
T_41.2 ;
    %load/vec4 v0x5a85408c64f0_0;
    %assign/vec4 v0x5a85408c65f0_0, 0;
    %load/vec4 v0x5a85408c67a0_0;
    %load/vec4 v0x5a85408c6bd0_0;
    %pad/u 32;
    %load/vec4 v0x5a85408c64f0_0;
    %pad/u 32;
    %mul;
    %add;
    %assign/vec4 v0x5a85408c6860_0, 0;
T_41.1 ;
    %jmp T_41;
    .thread T_41;
    .scope S_0x5a85408c73a0;
T_42 ;
    %wait E_0x5a85408a3860;
    %load/vec4 v0x5a85408c7d60_0;
    %nor/r;
    %flag_set/vec4 8;
    %jmp/0xz  T_42.0, 8;
    %pushi/vec4 0, 0, 8;
    %assign/vec4 v0x5a85408c7fa0_0, 0;
    %pushi/vec4 0, 0, 8;
    %assign/vec4 v0x5a85408c79c0_0, 0;
    %pushi/vec4 0, 0, 32;
    %assign/vec4 v0x5a85408c7c30_0, 0;
    %jmp T_42.1;
T_42.0 ;
    %load/vec4 v0x5a85408c7ee0_0;
    %flag_set/vec4 8;
    %jmp/0xz  T_42.2, 8;
    %load/vec4 v0x5a85408c7e00_0;
    %assign/vec4 v0x5a85408c7fa0_0, 0;
T_42.2 ;
    %load/vec4 v0x5a85408c78c0_0;
    %assign/vec4 v0x5a85408c79c0_0, 0;
    %load/vec4 v0x5a85408c7b70_0;
    %load/vec4 v0x5a85408c7fa0_0;
    %pad/u 32;
    %load/vec4 v0x5a85408c78c0_0;
    %pad/u 32;
    %mul;
    %add;
    %assign/vec4 v0x5a85408c7c30_0, 0;
T_42.1 ;
    %jmp T_42;
    .thread T_42;
    .scope S_0x5a85408c8a50;
T_43 ;
    %wait E_0x5a85408a3860;
    %load/vec4 v0x5a85408c9410_0;
    %nor/r;
    %flag_set/vec4 8;
    %jmp/0xz  T_43.0, 8;
    %pushi/vec4 0, 0, 8;
    %assign/vec4 v0x5a85408c9650_0, 0;
    %pushi/vec4 0, 0, 8;
    %assign/vec4 v0x5a85408c9070_0, 0;
    %pushi/vec4 0, 0, 32;
    %assign/vec4 v0x5a85408c92e0_0, 0;
    %jmp T_43.1;
T_43.0 ;
    %load/vec4 v0x5a85408c9590_0;
    %flag_set/vec4 8;
    %jmp/0xz  T_43.2, 8;
    %load/vec4 v0x5a85408c94b0_0;
    %assign/vec4 v0x5a85408c9650_0, 0;
T_43.2 ;
    %load/vec4 v0x5a85408c8f70_0;
    %assign/vec4 v0x5a85408c9070_0, 0;
    %load/vec4 v0x5a85408c9220_0;
    %load/vec4 v0x5a85408c9650_0;
    %pad/u 32;
    %load/vec4 v0x5a85408c8f70_0;
    %pad/u 32;
    %mul;
    %add;
    %assign/vec4 v0x5a85408c92e0_0, 0;
T_43.1 ;
    %jmp T_43;
    .thread T_43;
    .scope S_0x5a85408c9e20;
T_44 ;
    %wait E_0x5a85408a3860;
    %load/vec4 v0x5a85408ca7e0_0;
    %nor/r;
    %flag_set/vec4 8;
    %jmp/0xz  T_44.0, 8;
    %pushi/vec4 0, 0, 8;
    %assign/vec4 v0x5a85408caa20_0, 0;
    %pushi/vec4 0, 0, 8;
    %assign/vec4 v0x5a85408ca440_0, 0;
    %pushi/vec4 0, 0, 32;
    %assign/vec4 v0x5a85408ca6b0_0, 0;
    %jmp T_44.1;
T_44.0 ;
    %load/vec4 v0x5a85408ca960_0;
    %flag_set/vec4 8;
    %jmp/0xz  T_44.2, 8;
    %load/vec4 v0x5a85408ca880_0;
    %assign/vec4 v0x5a85408caa20_0, 0;
T_44.2 ;
    %load/vec4 v0x5a85408ca340_0;
    %assign/vec4 v0x5a85408ca440_0, 0;
    %load/vec4 v0x5a85408ca5f0_0;
    %load/vec4 v0x5a85408caa20_0;
    %pad/u 32;
    %load/vec4 v0x5a85408ca340_0;
    %pad/u 32;
    %mul;
    %add;
    %assign/vec4 v0x5a85408ca6b0_0, 0;
T_44.1 ;
    %jmp T_44;
    .thread T_44;
    .scope S_0x5a85408cb200;
T_45 ;
    %wait E_0x5a85408a3860;
    %load/vec4 v0x5a85408cbbc0_0;
    %nor/r;
    %flag_set/vec4 8;
    %jmp/0xz  T_45.0, 8;
    %pushi/vec4 0, 0, 8;
    %assign/vec4 v0x5a85408cbe00_0, 0;
    %pushi/vec4 0, 0, 8;
    %assign/vec4 v0x5a85408cb820_0, 0;
    %pushi/vec4 0, 0, 32;
    %assign/vec4 v0x5a85408cba90_0, 0;
    %jmp T_45.1;
T_45.0 ;
    %load/vec4 v0x5a85408cbd40_0;
    %flag_set/vec4 8;
    %jmp/0xz  T_45.2, 8;
    %load/vec4 v0x5a85408cbc60_0;
    %assign/vec4 v0x5a85408cbe00_0, 0;
T_45.2 ;
    %load/vec4 v0x5a85408cb720_0;
    %assign/vec4 v0x5a85408cb820_0, 0;
    %load/vec4 v0x5a85408cb9d0_0;
    %load/vec4 v0x5a85408cbe00_0;
    %pad/u 32;
    %load/vec4 v0x5a85408cb720_0;
    %pad/u 32;
    %mul;
    %add;
    %assign/vec4 v0x5a85408cba90_0, 0;
T_45.1 ;
    %jmp T_45;
    .thread T_45;
    .scope S_0x5a85408cc5d0;
T_46 ;
    %wait E_0x5a85408a3860;
    %load/vec4 v0x5a85408ccf90_0;
    %nor/r;
    %flag_set/vec4 8;
    %jmp/0xz  T_46.0, 8;
    %pushi/vec4 0, 0, 8;
    %assign/vec4 v0x5a85408cd1d0_0, 0;
    %pushi/vec4 0, 0, 8;
    %assign/vec4 v0x5a85408ccbf0_0, 0;
    %pushi/vec4 0, 0, 32;
    %assign/vec4 v0x5a85408cce60_0, 0;
    %jmp T_46.1;
T_46.0 ;
    %load/vec4 v0x5a85408cd110_0;
    %flag_set/vec4 8;
    %jmp/0xz  T_46.2, 8;
    %load/vec4 v0x5a85408cd030_0;
    %assign/vec4 v0x5a85408cd1d0_0, 0;
T_46.2 ;
    %load/vec4 v0x5a85408ccaf0_0;
    %assign/vec4 v0x5a85408ccbf0_0, 0;
    %load/vec4 v0x5a85408ccda0_0;
    %load/vec4 v0x5a85408cd1d0_0;
    %pad/u 32;
    %load/vec4 v0x5a85408ccaf0_0;
    %pad/u 32;
    %mul;
    %add;
    %assign/vec4 v0x5a85408cce60_0, 0;
T_46.1 ;
    %jmp T_46;
    .thread T_46;
    .scope S_0x5a85408cd9f0;
T_47 ;
    %wait E_0x5a85408a3860;
    %load/vec4 v0x5a85408ce380_0;
    %nor/r;
    %flag_set/vec4 8;
    %jmp/0xz  T_47.0, 8;
    %pushi/vec4 0, 0, 8;
    %assign/vec4 v0x5a85408ce5c0_0, 0;
    %pushi/vec4 0, 0, 8;
    %assign/vec4 v0x5a85408cdfe0_0, 0;
    %pushi/vec4 0, 0, 32;
    %assign/vec4 v0x5a85408ce250_0, 0;
    %jmp T_47.1;
T_47.0 ;
    %load/vec4 v0x5a85408ce500_0;
    %flag_set/vec4 8;
    %jmp/0xz  T_47.2, 8;
    %load/vec4 v0x5a85408ce420_0;
    %assign/vec4 v0x5a85408ce5c0_0, 0;
T_47.2 ;
    %load/vec4 v0x5a85408cdee0_0;
    %assign/vec4 v0x5a85408cdfe0_0, 0;
    %load/vec4 v0x5a85408ce190_0;
    %load/vec4 v0x5a85408ce5c0_0;
    %pad/u 32;
    %load/vec4 v0x5a85408cdee0_0;
    %pad/u 32;
    %mul;
    %add;
    %assign/vec4 v0x5a85408ce250_0, 0;
T_47.1 ;
    %jmp T_47;
    .thread T_47;
    .scope S_0x5a85408ced90;
T_48 ;
    %wait E_0x5a85408a3860;
    %load/vec4 v0x5a85408cf750_0;
    %nor/r;
    %flag_set/vec4 8;
    %jmp/0xz  T_48.0, 8;
    %pushi/vec4 0, 0, 8;
    %assign/vec4 v0x5a85408cf990_0, 0;
    %pushi/vec4 0, 0, 8;
    %assign/vec4 v0x5a85408cf3b0_0, 0;
    %pushi/vec4 0, 0, 32;
    %assign/vec4 v0x5a85408cf620_0, 0;
    %jmp T_48.1;
T_48.0 ;
    %load/vec4 v0x5a85408cf8d0_0;
    %flag_set/vec4 8;
    %jmp/0xz  T_48.2, 8;
    %load/vec4 v0x5a85408cf7f0_0;
    %assign/vec4 v0x5a85408cf990_0, 0;
T_48.2 ;
    %load/vec4 v0x5a85408cf2b0_0;
    %assign/vec4 v0x5a85408cf3b0_0, 0;
    %load/vec4 v0x5a85408cf560_0;
    %load/vec4 v0x5a85408cf990_0;
    %pad/u 32;
    %load/vec4 v0x5a85408cf2b0_0;
    %pad/u 32;
    %mul;
    %add;
    %assign/vec4 v0x5a85408cf620_0, 0;
T_48.1 ;
    %jmp T_48;
    .thread T_48;
    .scope S_0x5a85408d0160;
T_49 ;
    %wait E_0x5a85408a3860;
    %load/vec4 v0x5a85408d0b20_0;
    %nor/r;
    %flag_set/vec4 8;
    %jmp/0xz  T_49.0, 8;
    %pushi/vec4 0, 0, 8;
    %assign/vec4 v0x5a85408d0d60_0, 0;
    %pushi/vec4 0, 0, 8;
    %assign/vec4 v0x5a85408d0780_0, 0;
    %pushi/vec4 0, 0, 32;
    %assign/vec4 v0x5a85408d09f0_0, 0;
    %jmp T_49.1;
T_49.0 ;
    %load/vec4 v0x5a85408d0ca0_0;
    %flag_set/vec4 8;
    %jmp/0xz  T_49.2, 8;
    %load/vec4 v0x5a85408d0bc0_0;
    %assign/vec4 v0x5a85408d0d60_0, 0;
T_49.2 ;
    %load/vec4 v0x5a85408d0680_0;
    %assign/vec4 v0x5a85408d0780_0, 0;
    %load/vec4 v0x5a85408d0930_0;
    %load/vec4 v0x5a85408d0d60_0;
    %pad/u 32;
    %load/vec4 v0x5a85408d0680_0;
    %pad/u 32;
    %mul;
    %add;
    %assign/vec4 v0x5a85408d09f0_0, 0;
T_49.1 ;
    %jmp T_49;
    .thread T_49;
    .scope S_0x5a85408d1530;
T_50 ;
    %wait E_0x5a85408a3860;
    %load/vec4 v0x5a85408d1ef0_0;
    %nor/r;
    %flag_set/vec4 8;
    %jmp/0xz  T_50.0, 8;
    %pushi/vec4 0, 0, 8;
    %assign/vec4 v0x5a85408d2130_0, 0;
    %pushi/vec4 0, 0, 8;
    %assign/vec4 v0x5a85408d1b50_0, 0;
    %pushi/vec4 0, 0, 32;
    %assign/vec4 v0x5a85408d1dc0_0, 0;
    %jmp T_50.1;
T_50.0 ;
    %load/vec4 v0x5a85408d2070_0;
    %flag_set/vec4 8;
    %jmp/0xz  T_50.2, 8;
    %load/vec4 v0x5a85408d1f90_0;
    %assign/vec4 v0x5a85408d2130_0, 0;
T_50.2 ;
    %load/vec4 v0x5a85408d1a50_0;
    %assign/vec4 v0x5a85408d1b50_0, 0;
    %load/vec4 v0x5a85408d1d00_0;
    %load/vec4 v0x5a85408d2130_0;
    %pad/u 32;
    %load/vec4 v0x5a85408d1a50_0;
    %pad/u 32;
    %mul;
    %add;
    %assign/vec4 v0x5a85408d1dc0_0, 0;
T_50.1 ;
    %jmp T_50;
    .thread T_50;
    .scope S_0x5a85408d2be0;
T_51 ;
    %wait E_0x5a85408a3860;
    %load/vec4 v0x5a85408d35a0_0;
    %nor/r;
    %flag_set/vec4 8;
    %jmp/0xz  T_51.0, 8;
    %pushi/vec4 0, 0, 8;
    %assign/vec4 v0x5a85408d37e0_0, 0;
    %pushi/vec4 0, 0, 8;
    %assign/vec4 v0x5a85408d3200_0, 0;
    %pushi/vec4 0, 0, 32;
    %assign/vec4 v0x5a85408d3470_0, 0;
    %jmp T_51.1;
T_51.0 ;
    %load/vec4 v0x5a85408d3720_0;
    %flag_set/vec4 8;
    %jmp/0xz  T_51.2, 8;
    %load/vec4 v0x5a85408d3640_0;
    %assign/vec4 v0x5a85408d37e0_0, 0;
T_51.2 ;
    %load/vec4 v0x5a85408d3100_0;
    %assign/vec4 v0x5a85408d3200_0, 0;
    %load/vec4 v0x5a85408d33b0_0;
    %load/vec4 v0x5a85408d37e0_0;
    %pad/u 32;
    %load/vec4 v0x5a85408d3100_0;
    %pad/u 32;
    %mul;
    %add;
    %assign/vec4 v0x5a85408d3470_0, 0;
T_51.1 ;
    %jmp T_51;
    .thread T_51;
    .scope S_0x5a85408d3fb0;
T_52 ;
    %wait E_0x5a85408a3860;
    %load/vec4 v0x5a85408d4970_0;
    %nor/r;
    %flag_set/vec4 8;
    %jmp/0xz  T_52.0, 8;
    %pushi/vec4 0, 0, 8;
    %assign/vec4 v0x5a85408d4bb0_0, 0;
    %pushi/vec4 0, 0, 8;
    %assign/vec4 v0x5a85408d45d0_0, 0;
    %pushi/vec4 0, 0, 32;
    %assign/vec4 v0x5a85408d4840_0, 0;
    %jmp T_52.1;
T_52.0 ;
    %load/vec4 v0x5a85408d4af0_0;
    %flag_set/vec4 8;
    %jmp/0xz  T_52.2, 8;
    %load/vec4 v0x5a85408d4a10_0;
    %assign/vec4 v0x5a85408d4bb0_0, 0;
T_52.2 ;
    %load/vec4 v0x5a85408d44d0_0;
    %assign/vec4 v0x5a85408d45d0_0, 0;
    %load/vec4 v0x5a85408d4780_0;
    %load/vec4 v0x5a85408d4bb0_0;
    %pad/u 32;
    %load/vec4 v0x5a85408d44d0_0;
    %pad/u 32;
    %mul;
    %add;
    %assign/vec4 v0x5a85408d4840_0, 0;
T_52.1 ;
    %jmp T_52;
    .thread T_52;
    .scope S_0x5a85408d5390;
T_53 ;
    %wait E_0x5a85408a3860;
    %load/vec4 v0x5a85408d5d50_0;
    %nor/r;
    %flag_set/vec4 8;
    %jmp/0xz  T_53.0, 8;
    %pushi/vec4 0, 0, 8;
    %assign/vec4 v0x5a85408d5f90_0, 0;
    %pushi/vec4 0, 0, 8;
    %assign/vec4 v0x5a85408d59b0_0, 0;
    %pushi/vec4 0, 0, 32;
    %assign/vec4 v0x5a85408d5c20_0, 0;
    %jmp T_53.1;
T_53.0 ;
    %load/vec4 v0x5a85408d5ed0_0;
    %flag_set/vec4 8;
    %jmp/0xz  T_53.2, 8;
    %load/vec4 v0x5a85408d5df0_0;
    %assign/vec4 v0x5a85408d5f90_0, 0;
T_53.2 ;
    %load/vec4 v0x5a85408d58b0_0;
    %assign/vec4 v0x5a85408d59b0_0, 0;
    %load/vec4 v0x5a85408d5b60_0;
    %load/vec4 v0x5a85408d5f90_0;
    %pad/u 32;
    %load/vec4 v0x5a85408d58b0_0;
    %pad/u 32;
    %mul;
    %add;
    %assign/vec4 v0x5a85408d5c20_0, 0;
T_53.1 ;
    %jmp T_53;
    .thread T_53;
    .scope S_0x5a85408d6760;
T_54 ;
    %wait E_0x5a85408a3860;
    %load/vec4 v0x5a85408d7120_0;
    %nor/r;
    %flag_set/vec4 8;
    %jmp/0xz  T_54.0, 8;
    %pushi/vec4 0, 0, 8;
    %assign/vec4 v0x5a85408d7360_0, 0;
    %pushi/vec4 0, 0, 8;
    %assign/vec4 v0x5a85408d6d80_0, 0;
    %pushi/vec4 0, 0, 32;
    %assign/vec4 v0x5a85408d6ff0_0, 0;
    %jmp T_54.1;
T_54.0 ;
    %load/vec4 v0x5a85408d72a0_0;
    %flag_set/vec4 8;
    %jmp/0xz  T_54.2, 8;
    %load/vec4 v0x5a85408d71c0_0;
    %assign/vec4 v0x5a85408d7360_0, 0;
T_54.2 ;
    %load/vec4 v0x5a85408d6c80_0;
    %assign/vec4 v0x5a85408d6d80_0, 0;
    %load/vec4 v0x5a85408d6f30_0;
    %load/vec4 v0x5a85408d7360_0;
    %pad/u 32;
    %load/vec4 v0x5a85408d6c80_0;
    %pad/u 32;
    %mul;
    %add;
    %assign/vec4 v0x5a85408d6ff0_0, 0;
T_54.1 ;
    %jmp T_54;
    .thread T_54;
    .scope S_0x5a85408d7b80;
T_55 ;
    %wait E_0x5a85408a3860;
    %load/vec4 v0x5a85408d8510_0;
    %nor/r;
    %flag_set/vec4 8;
    %jmp/0xz  T_55.0, 8;
    %pushi/vec4 0, 0, 8;
    %assign/vec4 v0x5a85408d8750_0, 0;
    %pushi/vec4 0, 0, 8;
    %assign/vec4 v0x5a85408d8170_0, 0;
    %pushi/vec4 0, 0, 32;
    %assign/vec4 v0x5a85408d83e0_0, 0;
    %jmp T_55.1;
T_55.0 ;
    %load/vec4 v0x5a85408d8690_0;
    %flag_set/vec4 8;
    %jmp/0xz  T_55.2, 8;
    %load/vec4 v0x5a85408d85b0_0;
    %assign/vec4 v0x5a85408d8750_0, 0;
T_55.2 ;
    %load/vec4 v0x5a85408d8070_0;
    %assign/vec4 v0x5a85408d8170_0, 0;
    %load/vec4 v0x5a85408d8320_0;
    %load/vec4 v0x5a85408d8750_0;
    %pad/u 32;
    %load/vec4 v0x5a85408d8070_0;
    %pad/u 32;
    %mul;
    %add;
    %assign/vec4 v0x5a85408d83e0_0, 0;
T_55.1 ;
    %jmp T_55;
    .thread T_55;
    .scope S_0x5a85408d8f20;
T_56 ;
    %wait E_0x5a85408a3860;
    %load/vec4 v0x5a85408d98e0_0;
    %nor/r;
    %flag_set/vec4 8;
    %jmp/0xz  T_56.0, 8;
    %pushi/vec4 0, 0, 8;
    %assign/vec4 v0x5a85408d9b20_0, 0;
    %pushi/vec4 0, 0, 8;
    %assign/vec4 v0x5a85408d9540_0, 0;
    %pushi/vec4 0, 0, 32;
    %assign/vec4 v0x5a85408d97b0_0, 0;
    %jmp T_56.1;
T_56.0 ;
    %load/vec4 v0x5a85408d9a60_0;
    %flag_set/vec4 8;
    %jmp/0xz  T_56.2, 8;
    %load/vec4 v0x5a85408d9980_0;
    %assign/vec4 v0x5a85408d9b20_0, 0;
T_56.2 ;
    %load/vec4 v0x5a85408d9440_0;
    %assign/vec4 v0x5a85408d9540_0, 0;
    %load/vec4 v0x5a85408d96f0_0;
    %load/vec4 v0x5a85408d9b20_0;
    %pad/u 32;
    %load/vec4 v0x5a85408d9440_0;
    %pad/u 32;
    %mul;
    %add;
    %assign/vec4 v0x5a85408d97b0_0, 0;
T_56.1 ;
    %jmp T_56;
    .thread T_56;
    .scope S_0x5a85408da2f0;
T_57 ;
    %wait E_0x5a85408a3860;
    %load/vec4 v0x5a85408dacb0_0;
    %nor/r;
    %flag_set/vec4 8;
    %jmp/0xz  T_57.0, 8;
    %pushi/vec4 0, 0, 8;
    %assign/vec4 v0x5a85408daef0_0, 0;
    %pushi/vec4 0, 0, 8;
    %assign/vec4 v0x5a85408da910_0, 0;
    %pushi/vec4 0, 0, 32;
    %assign/vec4 v0x5a85408dab80_0, 0;
    %jmp T_57.1;
T_57.0 ;
    %load/vec4 v0x5a85408dae30_0;
    %flag_set/vec4 8;
    %jmp/0xz  T_57.2, 8;
    %load/vec4 v0x5a85408dad50_0;
    %assign/vec4 v0x5a85408daef0_0, 0;
T_57.2 ;
    %load/vec4 v0x5a85408da810_0;
    %assign/vec4 v0x5a85408da910_0, 0;
    %load/vec4 v0x5a85408daac0_0;
    %load/vec4 v0x5a85408daef0_0;
    %pad/u 32;
    %load/vec4 v0x5a85408da810_0;
    %pad/u 32;
    %mul;
    %add;
    %assign/vec4 v0x5a85408dab80_0, 0;
T_57.1 ;
    %jmp T_57;
    .thread T_57;
    .scope S_0x5a85408db6c0;
T_58 ;
    %wait E_0x5a85408a3860;
    %load/vec4 v0x5a85408dc080_0;
    %nor/r;
    %flag_set/vec4 8;
    %jmp/0xz  T_58.0, 8;
    %pushi/vec4 0, 0, 8;
    %assign/vec4 v0x5a85408dc2c0_0, 0;
    %pushi/vec4 0, 0, 8;
    %assign/vec4 v0x5a85408dbce0_0, 0;
    %pushi/vec4 0, 0, 32;
    %assign/vec4 v0x5a85408dbf50_0, 0;
    %jmp T_58.1;
T_58.0 ;
    %load/vec4 v0x5a85408dc200_0;
    %flag_set/vec4 8;
    %jmp/0xz  T_58.2, 8;
    %load/vec4 v0x5a85408dc120_0;
    %assign/vec4 v0x5a85408dc2c0_0, 0;
T_58.2 ;
    %load/vec4 v0x5a85408dbbe0_0;
    %assign/vec4 v0x5a85408dbce0_0, 0;
    %load/vec4 v0x5a85408dbe90_0;
    %load/vec4 v0x5a85408dc2c0_0;
    %pad/u 32;
    %load/vec4 v0x5a85408dbbe0_0;
    %pad/u 32;
    %mul;
    %add;
    %assign/vec4 v0x5a85408dbf50_0, 0;
T_58.1 ;
    %jmp T_58;
    .thread T_58;
    .scope S_0x5a85408dcd70;
T_59 ;
    %wait E_0x5a85408a3860;
    %load/vec4 v0x5a85408dd730_0;
    %nor/r;
    %flag_set/vec4 8;
    %jmp/0xz  T_59.0, 8;
    %pushi/vec4 0, 0, 8;
    %assign/vec4 v0x5a85408dd970_0, 0;
    %pushi/vec4 0, 0, 8;
    %assign/vec4 v0x5a85408dd390_0, 0;
    %pushi/vec4 0, 0, 32;
    %assign/vec4 v0x5a85408dd600_0, 0;
    %jmp T_59.1;
T_59.0 ;
    %load/vec4 v0x5a85408dd8b0_0;
    %flag_set/vec4 8;
    %jmp/0xz  T_59.2, 8;
    %load/vec4 v0x5a85408dd7d0_0;
    %assign/vec4 v0x5a85408dd970_0, 0;
T_59.2 ;
    %load/vec4 v0x5a85408dd290_0;
    %assign/vec4 v0x5a85408dd390_0, 0;
    %load/vec4 v0x5a85408dd540_0;
    %load/vec4 v0x5a85408dd970_0;
    %pad/u 32;
    %load/vec4 v0x5a85408dd290_0;
    %pad/u 32;
    %mul;
    %add;
    %assign/vec4 v0x5a85408dd600_0, 0;
T_59.1 ;
    %jmp T_59;
    .thread T_59;
    .scope S_0x5a85408de140;
T_60 ;
    %wait E_0x5a85408a3860;
    %load/vec4 v0x5a85408deb00_0;
    %nor/r;
    %flag_set/vec4 8;
    %jmp/0xz  T_60.0, 8;
    %pushi/vec4 0, 0, 8;
    %assign/vec4 v0x5a85408ded40_0, 0;
    %pushi/vec4 0, 0, 8;
    %assign/vec4 v0x5a85408de760_0, 0;
    %pushi/vec4 0, 0, 32;
    %assign/vec4 v0x5a85408de9d0_0, 0;
    %jmp T_60.1;
T_60.0 ;
    %load/vec4 v0x5a85408dec80_0;
    %flag_set/vec4 8;
    %jmp/0xz  T_60.2, 8;
    %load/vec4 v0x5a85408deba0_0;
    %assign/vec4 v0x5a85408ded40_0, 0;
T_60.2 ;
    %load/vec4 v0x5a85408de660_0;
    %assign/vec4 v0x5a85408de760_0, 0;
    %load/vec4 v0x5a85408de910_0;
    %load/vec4 v0x5a85408ded40_0;
    %pad/u 32;
    %load/vec4 v0x5a85408de660_0;
    %pad/u 32;
    %mul;
    %add;
    %assign/vec4 v0x5a85408de9d0_0, 0;
T_60.1 ;
    %jmp T_60;
    .thread T_60;
    .scope S_0x5a85408df520;
T_61 ;
    %wait E_0x5a85408a3860;
    %load/vec4 v0x5a85408dfee0_0;
    %nor/r;
    %flag_set/vec4 8;
    %jmp/0xz  T_61.0, 8;
    %pushi/vec4 0, 0, 8;
    %assign/vec4 v0x5a85408e0120_0, 0;
    %pushi/vec4 0, 0, 8;
    %assign/vec4 v0x5a85408dfb40_0, 0;
    %pushi/vec4 0, 0, 32;
    %assign/vec4 v0x5a85408dfdb0_0, 0;
    %jmp T_61.1;
T_61.0 ;
    %load/vec4 v0x5a85408e0060_0;
    %flag_set/vec4 8;
    %jmp/0xz  T_61.2, 8;
    %load/vec4 v0x5a85408dff80_0;
    %assign/vec4 v0x5a85408e0120_0, 0;
T_61.2 ;
    %load/vec4 v0x5a85408dfa40_0;
    %assign/vec4 v0x5a85408dfb40_0, 0;
    %load/vec4 v0x5a85408dfcf0_0;
    %load/vec4 v0x5a85408e0120_0;
    %pad/u 32;
    %load/vec4 v0x5a85408dfa40_0;
    %pad/u 32;
    %mul;
    %add;
    %assign/vec4 v0x5a85408dfdb0_0, 0;
T_61.1 ;
    %jmp T_61;
    .thread T_61;
    .scope S_0x5a85408e08f0;
T_62 ;
    %wait E_0x5a85408a3860;
    %load/vec4 v0x5a85408e12b0_0;
    %nor/r;
    %flag_set/vec4 8;
    %jmp/0xz  T_62.0, 8;
    %pushi/vec4 0, 0, 8;
    %assign/vec4 v0x5a85408e14f0_0, 0;
    %pushi/vec4 0, 0, 8;
    %assign/vec4 v0x5a85408e0f10_0, 0;
    %pushi/vec4 0, 0, 32;
    %assign/vec4 v0x5a85408e1180_0, 0;
    %jmp T_62.1;
T_62.0 ;
    %load/vec4 v0x5a85408e1430_0;
    %flag_set/vec4 8;
    %jmp/0xz  T_62.2, 8;
    %load/vec4 v0x5a85408e1350_0;
    %assign/vec4 v0x5a85408e14f0_0, 0;
T_62.2 ;
    %load/vec4 v0x5a85408e0e10_0;
    %assign/vec4 v0x5a85408e0f10_0, 0;
    %load/vec4 v0x5a85408e10c0_0;
    %load/vec4 v0x5a85408e14f0_0;
    %pad/u 32;
    %load/vec4 v0x5a85408e0e10_0;
    %pad/u 32;
    %mul;
    %add;
    %assign/vec4 v0x5a85408e1180_0, 0;
T_62.1 ;
    %jmp T_62;
    .thread T_62;
    .scope S_0x5a85408e1d10;
T_63 ;
    %wait E_0x5a85408a3860;
    %load/vec4 v0x5a85408e26a0_0;
    %nor/r;
    %flag_set/vec4 8;
    %jmp/0xz  T_63.0, 8;
    %pushi/vec4 0, 0, 8;
    %assign/vec4 v0x5a85408e28e0_0, 0;
    %pushi/vec4 0, 0, 8;
    %assign/vec4 v0x5a85408e2300_0, 0;
    %pushi/vec4 0, 0, 32;
    %assign/vec4 v0x5a85408e2570_0, 0;
    %jmp T_63.1;
T_63.0 ;
    %load/vec4 v0x5a85408e2820_0;
    %flag_set/vec4 8;
    %jmp/0xz  T_63.2, 8;
    %load/vec4 v0x5a85408e2740_0;
    %assign/vec4 v0x5a85408e28e0_0, 0;
T_63.2 ;
    %load/vec4 v0x5a85408e2200_0;
    %assign/vec4 v0x5a85408e2300_0, 0;
    %load/vec4 v0x5a85408e24b0_0;
    %load/vec4 v0x5a85408e28e0_0;
    %pad/u 32;
    %load/vec4 v0x5a85408e2200_0;
    %pad/u 32;
    %mul;
    %add;
    %assign/vec4 v0x5a85408e2570_0, 0;
T_63.1 ;
    %jmp T_63;
    .thread T_63;
    .scope S_0x5a85408e30b0;
T_64 ;
    %wait E_0x5a85408a3860;
    %load/vec4 v0x5a85408e3a70_0;
    %nor/r;
    %flag_set/vec4 8;
    %jmp/0xz  T_64.0, 8;
    %pushi/vec4 0, 0, 8;
    %assign/vec4 v0x5a85408e3cb0_0, 0;
    %pushi/vec4 0, 0, 8;
    %assign/vec4 v0x5a85408e36d0_0, 0;
    %pushi/vec4 0, 0, 32;
    %assign/vec4 v0x5a85408e3940_0, 0;
    %jmp T_64.1;
T_64.0 ;
    %load/vec4 v0x5a85408e3bf0_0;
    %flag_set/vec4 8;
    %jmp/0xz  T_64.2, 8;
    %load/vec4 v0x5a85408e3b10_0;
    %assign/vec4 v0x5a85408e3cb0_0, 0;
T_64.2 ;
    %load/vec4 v0x5a85408e35d0_0;
    %assign/vec4 v0x5a85408e36d0_0, 0;
    %load/vec4 v0x5a85408e3880_0;
    %load/vec4 v0x5a85408e3cb0_0;
    %pad/u 32;
    %load/vec4 v0x5a85408e35d0_0;
    %pad/u 32;
    %mul;
    %add;
    %assign/vec4 v0x5a85408e3940_0, 0;
T_64.1 ;
    %jmp T_64;
    .thread T_64;
    .scope S_0x5a85408e4480;
T_65 ;
    %wait E_0x5a85408a3860;
    %load/vec4 v0x5a85408e4e40_0;
    %nor/r;
    %flag_set/vec4 8;
    %jmp/0xz  T_65.0, 8;
    %pushi/vec4 0, 0, 8;
    %assign/vec4 v0x5a85408e5080_0, 0;
    %pushi/vec4 0, 0, 8;
    %assign/vec4 v0x5a85408e4aa0_0, 0;
    %pushi/vec4 0, 0, 32;
    %assign/vec4 v0x5a85408e4d10_0, 0;
    %jmp T_65.1;
T_65.0 ;
    %load/vec4 v0x5a85408e4fc0_0;
    %flag_set/vec4 8;
    %jmp/0xz  T_65.2, 8;
    %load/vec4 v0x5a85408e4ee0_0;
    %assign/vec4 v0x5a85408e5080_0, 0;
T_65.2 ;
    %load/vec4 v0x5a85408e49a0_0;
    %assign/vec4 v0x5a85408e4aa0_0, 0;
    %load/vec4 v0x5a85408e4c50_0;
    %load/vec4 v0x5a85408e5080_0;
    %pad/u 32;
    %load/vec4 v0x5a85408e49a0_0;
    %pad/u 32;
    %mul;
    %add;
    %assign/vec4 v0x5a85408e4d10_0, 0;
T_65.1 ;
    %jmp T_65;
    .thread T_65;
    .scope S_0x5a85408e5850;
T_66 ;
    %wait E_0x5a85408a3860;
    %load/vec4 v0x5a85408e6210_0;
    %nor/r;
    %flag_set/vec4 8;
    %jmp/0xz  T_66.0, 8;
    %pushi/vec4 0, 0, 8;
    %assign/vec4 v0x5a85408e6450_0, 0;
    %pushi/vec4 0, 0, 8;
    %assign/vec4 v0x5a85408e5e70_0, 0;
    %pushi/vec4 0, 0, 32;
    %assign/vec4 v0x5a85408e60e0_0, 0;
    %jmp T_66.1;
T_66.0 ;
    %load/vec4 v0x5a85408e6390_0;
    %flag_set/vec4 8;
    %jmp/0xz  T_66.2, 8;
    %load/vec4 v0x5a85408e62b0_0;
    %assign/vec4 v0x5a85408e6450_0, 0;
T_66.2 ;
    %load/vec4 v0x5a85408e5d70_0;
    %assign/vec4 v0x5a85408e5e70_0, 0;
    %load/vec4 v0x5a85408e6020_0;
    %load/vec4 v0x5a85408e6450_0;
    %pad/u 32;
    %load/vec4 v0x5a85408e5d70_0;
    %pad/u 32;
    %mul;
    %add;
    %assign/vec4 v0x5a85408e60e0_0, 0;
T_66.1 ;
    %jmp T_66;
    .thread T_66;
    .scope S_0x5a8540882ad0;
T_67 ;
    %wait E_0x5a85408a3860;
    %load/vec4 v0x5a85408e7a20_0;
    %nor/r;
    %flag_set/vec4 8;
    %jmp/0xz  T_67.0, 8;
    %pushi/vec4 0, 0, 64;
    %assign/vec4 v0x5a85408e6c50_0, 0;
    %pushi/vec4 0, 0, 64;
    %assign/vec4 v0x5a85408e6d40_0, 0;
    %jmp T_67.1;
T_67.0 ;
    %load/vec4 v0x5a85408e6b50_0;
    %assign/vec4 v0x5a85408e6c50_0, 0;
    %load/vec4 v0x5a85408e6c50_0;
    %assign/vec4 v0x5a85408e6d40_0, 0;
T_67.1 ;
    %jmp T_67;
    .thread T_67;
    .scope S_0x5a8540882ad0;
T_68 ;
    %wait E_0x5a85408a3860;
    %load/vec4 v0x5a85408e7a20_0;
    %nor/r;
    %flag_set/vec4 8;
    %jmp/0xz  T_68.0, 8;
    %pushi/vec4 0, 0, 256;
    %assign/vec4 v0x5a85408e77a0_0, 0;
    %pushi/vec4 0, 0, 256;
    %assign/vec4 v0x5a85408e76b0_0, 0;
    %jmp T_68.1;
T_68.0 ;
    %load/vec4 v0x5a85408e7890_0;
    %parti/s 256, 2048, 13;
    %assign/vec4 v0x5a85408e77a0_0, 0;
    %load/vec4 v0x5a85408e77a0_0;
    %assign/vec4 v0x5a85408e76b0_0, 0;
T_68.1 ;
    %jmp T_68;
    .thread T_68;
    .scope S_0x5a85408676a0;
T_69 ;
    %wait E_0x5a85406f5820;
    %load/vec4 v0x5a85408ee260_0;
    %nor/r;
    %flag_set/vec4 8;
    %jmp/0xz  T_69.0, 8;
    %pushi/vec4 0, 0, 32;
    %assign/vec4 v0x5a85408ede20_0, 0;
    %pushi/vec4 0, 0, 32;
    %assign/vec4 v0x5a85408edee0_0, 0;
    %pushi/vec4 0, 0, 32;
    %assign/vec4 v0x5a85408edfc0_0, 0;
    %jmp T_69.1;
T_69.0 ;
    %load/vec4 v0x5a85408ed450_0;
    %flag_set/vec4 9;
    %flag_get/vec4 9;
    %jmp/0 T_69.4, 9;
    %load/vec4 v0x5a85408ed5f0_0;
    %and;
T_69.4;
    %flag_set/vec4 8;
    %jmp/0xz  T_69.2, 8;
    %load/vec4 v0x5a85408ed2e0_0;
    %parti/s 4, 0, 2;
    %dup/vec4;
    %pushi/vec4 0, 0, 4;
    %cmp/u;
    %jmp/1 T_69.5, 6;
    %dup/vec4;
    %pushi/vec4 4, 0, 4;
    %cmp/u;
    %jmp/1 T_69.6, 6;
    %dup/vec4;
    %pushi/vec4 8, 0, 4;
    %cmp/u;
    %jmp/1 T_69.7, 6;
    %jmp T_69.9;
T_69.5 ;
    %load/vec4 v0x5a85408ed510_0;
    %assign/vec4 v0x5a85408ede20_0, 0;
    %jmp T_69.9;
T_69.6 ;
    %load/vec4 v0x5a85408ed510_0;
    %assign/vec4 v0x5a85408edee0_0, 0;
    %jmp T_69.9;
T_69.7 ;
    %load/vec4 v0x5a85408ed510_0;
    %assign/vec4 v0x5a85408edfc0_0, 0;
    %jmp T_69.9;
T_69.9 ;
    %pop/vec4 1;
T_69.2 ;
T_69.1 ;
    %jmp T_69;
    .thread T_69;
    .scope S_0x5a85408676a0;
T_70 ;
    %wait E_0x5a85406f5820;
    %load/vec4 v0x5a85408ee260_0;
    %nor/r;
    %flag_set/vec4 8;
    %jmp/0xz  T_70.0, 8;
    %pushi/vec4 0, 0, 1;
    %assign/vec4 v0x5a85408edc70_0, 0;
    %jmp T_70.1;
T_70.0 ;
    %load/vec4 v0x5a85408edee0_0;
    %parti/s 1, 0, 2;
    %assign/vec4 v0x5a85408edc70_0, 0;
T_70.1 ;
    %jmp T_70;
    .thread T_70;
    .scope S_0x5a85408676a0;
T_71 ;
    %wait E_0x5a85406f5820;
    %load/vec4 v0x5a85408ee260_0;
    %nor/r;
    %flag_set/vec4 8;
    %jmp/0xz  T_71.0, 8;
    %pushi/vec4 0, 0, 4;
    %assign/vec4 v0x5a85408eea80_0, 0;
    %pushi/vec4 0, 0, 4;
    %assign/vec4 v0x5a85408ee180_0, 0;
    %pushi/vec4 0, 0, 4;
    %assign/vec4 v0x5a85408ed750_0, 0;
    %pushi/vec4 0, 0, 4;
    %assign/vec4 v0x5a85408edad0_0, 0;
    %pushi/vec4 0, 0, 4;
    %assign/vec4 v0x5a85408ed9f0_0, 0;
    %pushi/vec4 0, 0, 5;
    %assign/vec4 v0x5a85408ed830_0, 0;
    %pushi/vec4 0, 0, 1;
    %assign/vec4 v0x5a85408eee10_0, 0;
    %pushi/vec4 0, 0, 3;
    %assign/vec4 v0x5a85408eef00_0, 0;
    %pushi/vec4 0, 0, 1;
    %assign/vec4 v0x5a85408ecd20_0, 0;
    %pushi/vec4 0, 0, 6;
    %assign/vec4 v0x5a85408ee300_0, 0;
    %pushi/vec4 0, 0, 1;
    %assign/vec4 v0x5a85408ee4c0_0, 0;
    %pushi/vec4 0, 0, 6;
    %assign/vec4 v0x5a85408ee580_0, 0;
    %pushi/vec4 0, 0, 1;
    %assign/vec4 v0x5a85408ee740_0, 0;
    %pushi/vec4 0, 0, 3;
    %assign/vec4 v0x5a85408ee800_0, 0;
    %pushi/vec4 0, 0, 1;
    %assign/vec4 v0x5a85408ee9c0_0, 0;
    %pushi/vec4 0, 0, 32;
    %assign/vec4 v0x5a85408ee8e0_0, 0;
    %pushi/vec4 0, 0, 32;
    %assign/vec4 v0x5a85408ee0a0_0, 0;
    %pushi/vec4 0, 0, 32;
    %store/vec4 v0x5a85408ed910_0, 0, 32;
T_71.2 ;
    %load/vec4 v0x5a85408ed910_0;
    %cmpi/s 8, 0, 32;
    %jmp/0xz T_71.3, 5;
    %pushi/vec4 0, 0, 8;
    %ix/getv/s 3, v0x5a85408ed910_0;
    %ix/load 4, 0, 0; Constant delay
    %assign/vec4/a/d v0x5a85408eeb60, 0, 4;
    ; show_stmt_assign_vector: Get l-value for compressed += operand
    %load/vec4 v0x5a85408ed910_0;
    %pushi/vec4 1, 0, 32;
    %add;
    %store/vec4 v0x5a85408ed910_0, 0, 32;
    %jmp T_71.2;
T_71.3 ;
    %pushi/vec4 0, 0, 32;
    %store/vec4 v0x5a85408ed910_0, 0, 32;
T_71.4 ;
    %load/vec4 v0x5a85408ed910_0;
    %cmpi/s 8, 0, 32;
    %jmp/0xz T_71.5, 5;
    %pushi/vec4 0, 0, 8;
    %ix/getv/s 3, v0x5a85408ed910_0;
    %ix/load 4, 0, 0; Constant delay
    %assign/vec4/a/d v0x5a85408ecdf0, 0, 4;
    ; show_stmt_assign_vector: Get l-value for compressed += operand
    %load/vec4 v0x5a85408ed910_0;
    %pushi/vec4 1, 0, 32;
    %add;
    %store/vec4 v0x5a85408ed910_0, 0, 32;
    %jmp T_71.4;
T_71.5 ;
    %pushi/vec4 0, 0, 32;
    %store/vec4 v0x5a85408ed910_0, 0, 32;
T_71.6 ;
    %load/vec4 v0x5a85408ed910_0;
    %cmpi/s 8, 0, 32;
    %jmp/0xz T_71.7, 5;
    %pushi/vec4 0, 0, 8;
    %ix/getv/s 3, v0x5a85408ed910_0;
    %ix/load 4, 0, 0; Constant delay
    %assign/vec4/a/d v0x5a85408eceb0, 0, 4;
    ; show_stmt_assign_vector: Get l-value for compressed += operand
    %load/vec4 v0x5a85408ed910_0;
    %pushi/vec4 1, 0, 32;
    %add;
    %store/vec4 v0x5a85408ed910_0, 0, 32;
    %jmp T_71.6;
T_71.7 ;
    %jmp T_71.1;
T_71.0 ;
    %pushi/vec4 0, 0, 1;
    %assign/vec4 v0x5a85408eee10_0, 0;
    %pushi/vec4 0, 0, 1;
    %assign/vec4 v0x5a85408ee4c0_0, 0;
    %pushi/vec4 0, 0, 1;
    %assign/vec4 v0x5a85408ee740_0, 0;
    %pushi/vec4 0, 0, 1;
    %assign/vec4 v0x5a85408ee9c0_0, 0;
    %pushi/vec4 0, 0, 1;
    %assign/vec4 v0x5a85408ecd20_0, 0;
    %load/vec4 v0x5a85408eea80_0;
    %dup/vec4;
    %pushi/vec4 0, 0, 4;
    %cmp/u;
    %jmp/1 T_71.8, 6;
    %dup/vec4;
    %pushi/vec4 1, 0, 4;
    %cmp/u;
    %jmp/1 T_71.9, 6;
    %dup/vec4;
    %pushi/vec4 2, 0, 4;
    %cmp/u;
    %jmp/1 T_71.10, 6;
    %dup/vec4;
    %pushi/vec4 3, 0, 4;
    %cmp/u;
    %jmp/1 T_71.11, 6;
    %dup/vec4;
    %pushi/vec4 4, 0, 4;
    %cmp/u;
    %jmp/1 T_71.12, 6;
    %dup/vec4;
    %pushi/vec4 5, 0, 4;
    %cmp/u;
    %jmp/1 T_71.13, 6;
    %dup/vec4;
    %pushi/vec4 6, 0, 4;
    %cmp/u;
    %jmp/1 T_71.14, 6;
    %dup/vec4;
    %pushi/vec4 7, 0, 4;
    %cmp/u;
    %jmp/1 T_71.15, 6;
    %dup/vec4;
    %pushi/vec4 8, 0, 4;
    %cmp/u;
    %jmp/1 T_71.16, 6;
    %dup/vec4;
    %pushi/vec4 9, 0, 4;
    %cmp/u;
    %jmp/1 T_71.17, 6;
    %pushi/vec4 0, 0, 4;
    %assign/vec4 v0x5a85408eea80_0, 0;
    %jmp T_71.19;
T_71.8 ;
    %pushi/vec4 0, 0, 32;
    %assign/vec4 v0x5a85408ee0a0_0, 0;
    %load/vec4 v0x5a85408edbb0_0;
    %flag_set/vec4 8;
    %jmp/0xz  T_71.20, 8;
    %pushi/vec4 1, 0, 4;
    %assign/vec4 v0x5a85408eea80_0, 0;
    %pushi/vec4 0, 0, 4;
    %assign/vec4 v0x5a85408ee180_0, 0;
    %pushi/vec4 0, 0, 4;
    %assign/vec4 v0x5a85408ed750_0, 0;
    %pushi/vec4 1, 0, 1;
    %ix/load 4, 0, 0;
    %ix/load 5, 0, 0;
    %flag_set/imm 4, 0;
    %assign/vec4/off/d v0x5a85408ee0a0_0, 4, 5;
T_71.20 ;
    %jmp T_71.19;
T_71.9 ;
    %load/vec4 v0x5a85408ee180_0;
    %parti/s 3, 0, 2;
    %load/vec4 v0x5a85408ed750_0;
    %parti/s 3, 0, 2;
    %concat/vec4; draw_concat_vec4
    %assign/vec4 v0x5a85408ee580_0, 0;
    %pushi/vec4 1, 0, 1;
    %assign/vec4 v0x5a85408ee740_0, 0;
    %load/vec4 v0x5a85408ed750_0;
    %assign/vec4 v0x5a85408ed9f0_0, 0;
    %load/vec4 v0x5a85408ee180_0;
    %assign/vec4 v0x5a85408edad0_0, 0;
    %load/vec4 v0x5a85408ee180_0;
    %parti/s 3, 0, 2;
    %assign/vec4 v0x5a85408eef00_0, 0;
    %pushi/vec4 2, 0, 4;
    %assign/vec4 v0x5a85408eea80_0, 0;
    %jmp T_71.19;
T_71.10 ;
    %pushi/vec4 3, 0, 4;
    %assign/vec4 v0x5a85408eea80_0, 0;
    %jmp T_71.19;
T_71.11 ;
    %load/vec4 v0x5a85408ee660_0;
    %load/vec4 v0x5a85408ed9f0_0;
    %pad/u 5;
    %ix/vec4 3;
    %ix/load 4, 0, 0; Constant delay
    %assign/vec4/a/d v0x5a85408eeb60, 0, 4;
    %load/vec4 v0x5a85408ed9f0_0;
    %pad/u 32;
    %cmpi/e 7, 0, 32;
    %jmp/0xz  T_71.22, 4;
    %pushi/vec4 4, 0, 4;
    %assign/vec4 v0x5a85408eea80_0, 0;
    %jmp T_71.23;
T_71.22 ;
    %load/vec4 v0x5a85408ed9f0_0;
    %addi 1, 0, 4;
    %assign/vec4 v0x5a85408ed750_0, 0;
    %pushi/vec4 1, 0, 4;
    %assign/vec4 v0x5a85408eea80_0, 0;
T_71.23 ;
    %jmp T_71.19;
T_71.12 ;
    %pushi/vec4 1, 0, 1;
    %assign/vec4 v0x5a85408eee10_0, 0;
    %load/vec4 v0x5a85408edad0_0;
    %pad/u 32;
    %cmpi/e 7, 0, 32;
    %jmp/0xz  T_71.24, 4;
    %pushi/vec4 0, 0, 4;
    %assign/vec4 v0x5a85408ee180_0, 0;
    %pushi/vec4 0, 0, 4;
    %assign/vec4 v0x5a85408ed750_0, 0;
    %pushi/vec4 5, 0, 4;
    %assign/vec4 v0x5a85408eea80_0, 0;
    %jmp T_71.25;
T_71.24 ;
    %load/vec4 v0x5a85408edad0_0;
    %addi 1, 0, 4;
    %assign/vec4 v0x5a85408ee180_0, 0;
    %pushi/vec4 0, 0, 4;
    %assign/vec4 v0x5a85408ed750_0, 0;
    %pushi/vec4 1, 0, 4;
    %assign/vec4 v0x5a85408eea80_0, 0;
T_71.25 ;
    %jmp T_71.19;
T_71.13 ;
    %load/vec4 v0x5a85408ee180_0;
    %parti/s 3, 0, 2;
    %concati/vec4 0, 0, 3;
    %assign/vec4 v0x5a85408ee300_0, 0;
    %pushi/vec4 1, 0, 1;
    %assign/vec4 v0x5a85408ee4c0_0, 0;
    %load/vec4 v0x5a85408ee180_0;
    %assign/vec4 v0x5a85408edad0_0, 0;
    %pushi/vec4 6, 0, 4;
    %assign/vec4 v0x5a85408eea80_0, 0;
    %jmp T_71.19;
T_71.14 ;
    %pushi/vec4 7, 0, 4;
    %assign/vec4 v0x5a85408eea80_0, 0;
    %jmp T_71.19;
T_71.15 ;
    %load/vec4 v0x5a85408ee3e0_0;
    %load/vec4 v0x5a85408edad0_0;
    %pad/u 5;
    %ix/vec4 3;
    %ix/load 4, 0, 0; Constant delay
    %assign/vec4/a/d v0x5a85408ecdf0, 0, 4;
    %load/vec4 v0x5a85408edad0_0;
    %pad/u 32;
    %cmpi/e 7, 0, 32;
    %jmp/0xz  T_71.26, 4;
    %pushi/vec4 8, 0, 4;
    %assign/vec4 v0x5a85408eea80_0, 0;
    %pushi/vec4 0, 0, 5;
    %assign/vec4 v0x5a85408ed830_0, 0;
    %pushi/vec4 0, 0, 32;
    %store/vec4 v0x5a85408ed910_0, 0, 32;
T_71.28 ;
    %load/vec4 v0x5a85408ed910_0;
    %cmpi/s 8, 0, 32;
    %jmp/0xz T_71.29, 5;
    %pushi/vec4 0, 0, 8;
    %ix/getv/s 3, v0x5a85408ed910_0;
    %ix/load 4, 0, 0; Constant delay
    %assign/vec4/a/d v0x5a85408eceb0, 0, 4;
    ; show_stmt_assign_vector: Get l-value for compressed += operand
    %load/vec4 v0x5a85408ed910_0;
    %pushi/vec4 1, 0, 32;
    %add;
    %store/vec4 v0x5a85408ed910_0, 0, 32;
    %jmp T_71.28;
T_71.29 ;
    %jmp T_71.27;
T_71.26 ;
    %load/vec4 v0x5a85408edad0_0;
    %addi 1, 0, 4;
    %assign/vec4 v0x5a85408ee180_0, 0;
    %pushi/vec4 5, 0, 4;
    %assign/vec4 v0x5a85408eea80_0, 0;
T_71.27 ;
    %jmp T_71.19;
T_71.16 ;
    %pushi/vec4 0, 0, 32;
    %store/vec4 v0x5a85408ed910_0, 0, 32;
T_71.30 ;
    %load/vec4 v0x5a85408ed910_0;
    %cmpi/s 8, 0, 32;
    %jmp/0xz T_71.31, 5;
    %pushi/vec4 0, 0, 8;
    %ix/getv/s 3, v0x5a85408ed910_0;
    %ix/load 4, 0, 0; Constant delay
    %assign/vec4/a/d v0x5a85408eceb0, 0, 4;
    ; show_stmt_assign_vector: Get l-value for compressed += operand
    %load/vec4 v0x5a85408ed910_0;
    %pushi/vec4 1, 0, 32;
    %add;
    %store/vec4 v0x5a85408ed910_0, 0, 32;
    %jmp T_71.30;
T_71.31 ;
    %load/vec4 v0x5a85408ed830_0;
    %pad/u 32;
    %cmpi/u 8, 0, 32;
    %jmp/0xz  T_71.32, 5;
    %load/vec4 v0x5a85408ed830_0;
    %parti/s 3, 0, 2;
    %pad/u 5;
    %ix/vec4 4;
    %load/vec4a v0x5a85408ecdf0, 4;
    %load/vec4 v0x5a85408ed830_0;
    %parti/s 3, 0, 2;
    %pad/u 5;
    %ix/vec4 3;
    %ix/load 4, 0, 0; Constant delay
    %assign/vec4/a/d v0x5a85408eceb0, 0, 4;
T_71.32 ;
    %load/vec4 v0x5a85408ed830_0;
    %cmpi/u 13, 0, 5;
    %flag_inv 5; GE is !LT
    %flag_get/vec4 5;
    %jmp/0 T_71.36, 5;
    %load/vec4 v0x5a85408ed830_0;
    %cmpi/u 20, 0, 5;
    %flag_get/vec4 4;
    %flag_get/vec4 5;
    %or;
    %and;
T_71.36;
    %flag_set/vec4 8;
    %jmp/0xz  T_71.34, 8;
    %load/vec4 v0x5a85408ed830_0;
    %subi 13, 0, 5;
    %pad/u 3;
    %assign/vec4 v0x5a85408ee800_0, 0;
    %pushi/vec4 1, 0, 1;
    %assign/vec4 v0x5a85408ee9c0_0, 0;
    %load/vec4 v0x5a85408edd30_0;
    %load/vec4 v0x5a85408ed830_0;
    %pad/u 32;
    %subi 13, 0, 32;
    %muli 32, 0, 32;
    %part/u 32;
    %assign/vec4 v0x5a85408ee8e0_0, 0;
T_71.34 ;
    %load/vec4 v0x5a85408ed830_0;
    %cmpi/e 20, 0, 5;
    %jmp/0xz  T_71.37, 4;
    %pushi/vec4 9, 0, 4;
    %assign/vec4 v0x5a85408eea80_0, 0;
    %jmp T_71.38;
T_71.37 ;
    %load/vec4 v0x5a85408ed830_0;
    %addi 1, 0, 5;
    %assign/vec4 v0x5a85408ed830_0, 0;
T_71.38 ;
    %jmp T_71.19;
T_71.17 ;
    %pushi/vec4 1, 0, 1;
    %assign/vec4 v0x5a85408ecd20_0, 0;
    %pushi/vec4 0, 0, 1;
    %ix/load 4, 0, 0;
    %ix/load 5, 0, 0;
    %flag_set/imm 4, 0;
    %assign/vec4/off/d v0x5a85408ee0a0_0, 4, 5;
    %pushi/vec4 1, 0, 1;
    %ix/load 4, 1, 0;
    %ix/load 5, 0, 0;
    %flag_set/imm 4, 0;
    %assign/vec4/off/d v0x5a85408ee0a0_0, 4, 5;
    %pushi/vec4 0, 0, 32;
    %assign/vec4 v0x5a85408edee0_0, 0;
    %pushi/vec4 0, 0, 4;
    %assign/vec4 v0x5a85408eea80_0, 0;
    %jmp T_71.19;
T_71.19 ;
    %pop/vec4 1;
T_71.1 ;
    %jmp T_71;
    .thread T_71;
    .scope S_0x5a85408ef2d0;
T_72 ;
    %wait E_0x5a85406f5820;
    %load/vec4 v0x5a85408ef9c0_0;
    %nor/r;
    %flag_set/vec4 8;
    %jmp/0xz  T_72.0, 8;
    %pushi/vec4 0, 0, 32;
    %store/vec4 v0x5a85408ef670_0, 0, 32;
T_72.2 ;
    %load/vec4 v0x5a85408ef670_0;
    %cmpi/s 64, 0, 32;
    %jmp/0xz T_72.3, 5;
    %pushi/vec4 0, 0, 8;
    %ix/getv/s 3, v0x5a85408ef670_0;
    %ix/load 4, 0, 0; Constant delay
    %assign/vec4/a/d v0x5a85408ef750, 0, 4;
    %load/vec4 v0x5a85408ef670_0;
    %addi 1, 0, 32;
    %store/vec4 v0x5a85408ef670_0, 0, 32;
    %jmp T_72.2;
T_72.3 ;
    %pushi/vec4 0, 0, 8;
    %assign/vec4 v0x5a85408efb20_0, 0;
    %jmp T_72.1;
T_72.0 ;
    %load/vec4 v0x5a85408efdc0_0;
    %flag_set/vec4 8;
    %jmp/0xz  T_72.4, 8;
    %load/vec4 v0x5a85408efd20_0;
    %load/vec4 v0x5a85408efa60_0;
    %pad/u 8;
    %ix/vec4 3;
    %ix/load 4, 0, 0; Constant delay
    %assign/vec4/a/d v0x5a85408ef750, 0, 4;
T_72.4 ;
    %load/vec4 v0x5a85408efbc0_0;
    %flag_set/vec4 8;
    %jmp/0xz  T_72.6, 8;
    %load/vec4 v0x5a85408efa60_0;
    %pad/u 8;
    %ix/vec4 4;
    %load/vec4a v0x5a85408ef750, 4;
    %assign/vec4 v0x5a85408efb20_0, 0;
T_72.6 ;
T_72.1 ;
    %jmp T_72;
    .thread T_72;
    .scope S_0x5a85408ef2d0;
T_73 ;
    %wait E_0x5a85406f5820;
    %load/vec4 v0x5a85408ef9c0_0;
    %nor/r;
    %flag_set/vec4 8;
    %jmp/0xz  T_73.0, 8;
    %pushi/vec4 0, 0, 32;
    %store/vec4 v0x5a85408ef670_0, 0, 32;
T_73.2 ;
    %load/vec4 v0x5a85408ef670_0;
    %cmpi/s 64, 0, 32;
    %jmp/0xz T_73.3, 5;
    %pushi/vec4 0, 0, 8;
    %ix/getv/s 3, v0x5a85408ef670_0;
    %ix/load 4, 0, 0; Constant delay
    %assign/vec4/a/d v0x5a85408ef7f0, 0, 4;
    %load/vec4 v0x5a85408ef670_0;
    %addi 1, 0, 32;
    %store/vec4 v0x5a85408ef670_0, 0, 32;
    %jmp T_73.2;
T_73.3 ;
    %pushi/vec4 0, 0, 8;
    %assign/vec4 v0x5a85408eff70_0, 0;
    %jmp T_73.1;
T_73.0 ;
    %load/vec4 v0x5a85408f01b0_0;
    %flag_set/vec4 8;
    %jmp/0xz  T_73.4, 8;
    %load/vec4 v0x5a85408f0110_0;
    %load/vec4 v0x5a85408efe80_0;
    %pad/u 8;
    %ix/vec4 3;
    %ix/load 4, 0, 0; Constant delay
    %assign/vec4/a/d v0x5a85408ef7f0, 0, 4;
T_73.4 ;
    %load/vec4 v0x5a85408f0040_0;
    %flag_set/vec4 8;
    %jmp/0xz  T_73.6, 8;
    %load/vec4 v0x5a85408efe80_0;
    %pad/u 8;
    %ix/vec4 4;
    %load/vec4a v0x5a85408ef7f0, 4;
    %assign/vec4 v0x5a85408eff70_0, 0;
T_73.6 ;
T_73.1 ;
    %jmp T_73;
    .thread T_73;
    .scope S_0x5a85408ef2d0;
T_74 ;
    %wait E_0x5a85406f5820;
    %load/vec4 v0x5a85408ef9c0_0;
    %nor/r;
    %flag_set/vec4 8;
    %jmp/0xz  T_74.0, 8;
    %pushi/vec4 0, 0, 32;
    %store/vec4 v0x5a85408ef670_0, 0, 32;
T_74.2 ;
    %load/vec4 v0x5a85408ef670_0;
    %cmpi/s 8, 0, 32;
    %jmp/0xz T_74.3, 5;
    %pushi/vec4 0, 0, 32;
    %ix/getv/s 3, v0x5a85408ef670_0;
    %ix/load 4, 0, 0; Constant delay
    %assign/vec4/a/d v0x5a85408ef8b0, 0, 4;
    %load/vec4 v0x5a85408ef670_0;
    %addi 1, 0, 32;
    %store/vec4 v0x5a85408ef670_0, 0, 32;
    %jmp T_74.2;
T_74.3 ;
    %pushi/vec4 0, 0, 32;
    %assign/vec4 v0x5a85408f0360_0, 0;
    %jmp T_74.1;
T_74.0 ;
    %load/vec4 v0x5a85408f05d0_0;
    %flag_set/vec4 8;
    %jmp/0xz  T_74.4, 8;
    %load/vec4 v0x5a85408f04e0_0;
    %load/vec4 v0x5a85408f0270_0;
    %pad/u 5;
    %ix/vec4 3;
    %ix/load 4, 0, 0; Constant delay
    %assign/vec4/a/d v0x5a85408ef8b0, 0, 4;
T_74.4 ;
    %load/vec4 v0x5a85408f0420_0;
    %flag_set/vec4 8;
    %jmp/0xz  T_74.6, 8;
    %load/vec4 v0x5a85408f0270_0;
    %pad/u 5;
    %ix/vec4 4;
    %load/vec4a v0x5a85408ef8b0, 4;
    %assign/vec4 v0x5a85408f0360_0, 0;
T_74.6 ;
T_74.1 ;
    %jmp T_74;
    .thread T_74;
    .scope S_0x5a85408645c0;
T_75 ;
    %pushi/vec4 0, 0, 1;
    %store/vec4 v0x5a85408f2100_0, 0, 1;
    %end;
    .thread T_75;
    .scope S_0x5a85408645c0;
T_76 ;
    %delay 5000, 0;
    %load/vec4 v0x5a85408f2100_0;
    %inv;
    %store/vec4 v0x5a85408f2100_0, 0, 1;
    %jmp T_76;
    .thread T_76;
    .scope S_0x5a85408645c0;
T_77 ;
    %delay 20000000, 0;
    %vpi_call/w 3 239 "$display", "[TB2] TIMEOUT" {0 0 0};
    %vpi_call/w 3 240 "$finish" {0 0 0};
    %end;
    .thread T_77;
    .scope S_0x5a85408645c0;
T_78 ;
    %pushi/vec4 0, 0, 1;
    %store/vec4 v0x5a85408f21a0_0, 0, 1;
    %pushi/vec4 0, 0, 32;
    %store/vec4 v0x5a85408f1cf0_0, 0, 32;
    %pushi/vec4 0, 0, 1;
    %store/vec4 v0x5a85408f1de0_0, 0, 1;
    %pushi/vec4 0, 0, 32;
    %store/vec4 v0x5a85408f1f20_0, 0, 32;
    %pushi/vec4 0, 0, 1;
    %store/vec4 v0x5a85408f2010_0, 0, 1;
    %pushi/vec4 0, 0, 1;
    %store/vec4 v0x5a85408f1af0_0, 0, 1;
    %pushi/vec4 0, 0, 1;
    %store/vec4 v0x5a85408f1c00_0, 0, 1;
    %pushi/vec4 4, 0, 32;
T_78.0 %dup/vec4;
    %pushi/vec4 0, 0, 32;
    %cmp/s;
    %jmp/1xz T_78.1, 5;
    %jmp/1 T_78.1, 4;
    %pushi/vec4 1, 0, 32;
    %sub;
    %wait E_0x5a85406f75c0;
    %jmp T_78.0;
T_78.1 ;
    %pop/vec4 1;
    %pushi/vec4 1, 0, 1;
    %store/vec4 v0x5a85408f21a0_0, 0, 1;
    %pushi/vec4 2, 0, 32;
T_78.2 %dup/vec4;
    %pushi/vec4 0, 0, 32;
    %cmp/s;
    %jmp/1xz T_78.3, 5;
    %jmp/1 T_78.3, 4;
    %pushi/vec4 1, 0, 32;
    %sub;
    %wait E_0x5a85406f75c0;
    %jmp T_78.2;
T_78.3 ;
    %pop/vec4 1;
    %fork TD_accel_wrapper_tb2.preload_memories, S_0x5a85407ed3a0;
    %join;
    %vpi_call/w 3 304 "$display", "[TB2] Kicking MMUL" {0 0 0};
    %pushi/vec4 2684354564, 0, 32;
    %store/vec4 v0x5a85407dfb40_0, 0, 32;
    %pushi/vec4 1, 0, 32;
    %store/vec4 v0x5a85407dca60_0, 0, 32;
    %fork TD_accel_wrapper_tb2.axil_write, S_0x5a85407f0480;
    %join;
    %wait E_0x5a85406f7280;
    %vpi_call/w 3 308 "$display", "[TB2] accel_done received at time %0t", $time {0 0 0};
    %pushi/vec4 2, 0, 32;
T_78.4 %dup/vec4;
    %pushi/vec4 0, 0, 32;
    %cmp/s;
    %jmp/1xz T_78.5, 5;
    %jmp/1 T_78.5, 4;
    %pushi/vec4 1, 0, 32;
    %sub;
    %wait E_0x5a85406f75c0;
    %jmp T_78.4;
T_78.5 ;
    %pop/vec4 1;
    %fork TD_accel_wrapper_tb2.check_results, S_0x5a85407ea2c0;
    %join;
    %vpi_call/w 3 312 "$finish" {0 0 0};
    %end;
    .thread T_78;
    .scope S_0x5a85408645c0;
T_79 ;
    %vpi_call/w 3 316 "$dumpfile", "accel_wrapper_tb2.vcd" {0 0 0};
    %vpi_call/w 3 317 "$dumpvars", 32'sb00000000000000000000000000000000, S_0x5a85408645c0 {0 0 0};
    %end;
    .thread T_79;
# The file index is used to find the file name in the following table.
:file_names 10;
    "N/A";
    "<interactive>";
    "-";
    "../tb/accel_wrapper_tb.sv";
    "../rtl/accel/accel_wrapper.sv";
    "../rtl/accel/accel_top.sv";
    "../rtl/accel/systolic_array_wrap.sv";
    "../rtl/accel/systolic_array.sv";
    "../rtl/accel/pe.sv";
    "../rtl/accel/scratchpad.sv";
