#! /usr/bin/vvp
:ivl_version "12.0 (stable)";
:ivl_delay_selection "TYPICAL";
:vpi_time_precision - 12;
:vpi_module "/usr/lib/x86_64-linux-gnu/ivl/system.vpi";
:vpi_module "/usr/lib/x86_64-linux-gnu/ivl/vhdl_sys.vpi";
:vpi_module "/usr/lib/x86_64-linux-gnu/ivl/vhdl_textio.vpi";
:vpi_module "/usr/lib/x86_64-linux-gnu/ivl/v2005_math.vpi";
:vpi_module "/usr/lib/x86_64-linux-gnu/ivl/va_math.vpi";
:vpi_module "/usr/lib/x86_64-linux-gnu/ivl/v2009.vpi";
S_0x56e45f5f2b80 .scope package, "$unit" "$unit" 2 1;
 .timescale 0 0;
S_0x56e45f788730 .scope module, "accel_wrapper_tb" "accel_wrapper_tb" 3 14;
 .timescale -9 -12;
P_0x56e45f5f26c0 .param/l "ACC_W" 1 3 20, +C4<00000000000000000000000000100000>;
P_0x56e45f5f2700 .param/l "AXIL_MLOAD_ADDR" 1 3 26, C4<10100000000000000000000000000000>;
P_0x56e45f5f2740 .param/l "AXIL_MMUL_KICK" 1 3 27, C4<10100000000000000000000000000100>;
P_0x56e45f5f2780 .param/l "AXIL_MSTORE_ADDR" 1 3 28, C4<10100000000000000000000000001000>;
P_0x56e45f5f27c0 .param/l "CLK_HALF" 1 3 23, +C4<00000000000000000000000000000101>;
P_0x56e45f5f2800 .param/l "COLS" 1 3 22, +C4<00000000000000000000000000001000>;
P_0x56e45f5f2840 .param/l "DATA_W" 1 3 19, +C4<00000000000000000000000000001000>;
P_0x56e45f5f2880 .param/l "ROWS" 1 3 21, +C4<00000000000000000000000000001000>;
v0x56e45f7e4c50_0 .net "accel_done", 0 0, v0x56e45f7dfe30_0;  1 drivers
v0x56e45f7e4d10_0 .var "axil_araddr", 0 0;
v0x56e45f7e4e20_0 .var "axil_arvalid", 0 0;
v0x56e45f7e4f10_0 .var "axil_awaddr", 31 0;
v0x56e45f7e5000_0 .var "axil_awvalid", 0 0;
v0x56e45f7e5140_0 .var "axil_wdata", 31 0;
v0x56e45f7e5230_0 .var "axil_wvalid", 0 0;
v0x56e45f7e5320_0 .var "clk", 0 0;
v0x56e45f7e53c0_0 .var "rst_n", 0 0;
E_0x56e45f492260 .event posedge, v0x56e45f7dfe30_0;
S_0x56e45f70e430 .scope task, "axil_write" "axil_write" 3 81, 3 81 0, S_0x56e45f788730;
 .timescale -9 -12;
v0x56e45f617c90_0 .var "addr", 31 0;
v0x56e45f614bb0_0 .var "data", 31 0;
E_0x56e45f4925a0 .event negedge, v0x56e45f63b6f0_0;
TD_accel_wrapper_tb.axil_write ;
    %wait E_0x56e45f4925a0;
    %load/vec4 v0x56e45f617c90_0;
    %store/vec4 v0x56e45f7e4f10_0, 0, 32;
    %pushi/vec4 1, 0, 1;
    %store/vec4 v0x56e45f7e5000_0, 0, 1;
    %load/vec4 v0x56e45f614bb0_0;
    %store/vec4 v0x56e45f7e5140_0, 0, 32;
    %pushi/vec4 1, 0, 1;
    %store/vec4 v0x56e45f7e5230_0, 0, 1;
    %wait E_0x56e45f4925a0;
    %pushi/vec4 0, 0, 1;
    %store/vec4 v0x56e45f7e5000_0, 0, 1;
    %pushi/vec4 0, 0, 1;
    %store/vec4 v0x56e45f7e5230_0, 0, 1;
    %end;
S_0x56e45f711510 .scope task, "check_results" "check_results" 3 118, 3 118 0, S_0x56e45f788730;
 .timescale -9 -12;
v0x56e45f611ad0_0 .var/i "col", 31 0;
v0x56e45f60e9f0_0 .var "expected", 31 0;
v0x56e45f60b910_0 .var "got", 31 0;
v0x56e45f5ef420_0 .var/i "pass_cnt", 31 0;
TD_accel_wrapper_tb.check_results ;
    %pushi/vec4 0, 0, 32;
    %store/vec4 v0x56e45f5ef420_0, 0, 32;
    %pushi/vec4 0, 0, 32;
    %store/vec4 v0x56e45f611ad0_0, 0, 32;
T_1.0 ;
    %load/vec4 v0x56e45f611ad0_0;
    %cmpi/s 8, 0, 32;
    %jmp/0xz T_1.1, 5;
    %load/vec4 v0x56e45f611ad0_0;
    %addi 1, 0, 32;
    %store/vec4 v0x56e45f60e9f0_0, 0, 32;
    %ix/getv/s 4, v0x56e45f611ad0_0;
    %load/vec4a v0x56e45f7e2ad0, 4;
    %store/vec4 v0x56e45f60b910_0, 0, 32;
    %load/vec4 v0x56e45f60b910_0;
    %load/vec4 v0x56e45f60e9f0_0;
    %cmp/e;
    %jmp/0xz  T_1.2, 6;
    %vpi_call/w 3 129 "$display", "[PASS] mem_c[%0d] = %0d (expected %0d)", v0x56e45f611ad0_0, v0x56e45f60b910_0, v0x56e45f60e9f0_0 {0 0 0};
    %load/vec4 v0x56e45f5ef420_0;
    %addi 1, 0, 32;
    %store/vec4 v0x56e45f5ef420_0, 0, 32;
    %jmp T_1.3;
T_1.2 ;
    %vpi_call/w 3 132 "$display", "[FAIL] mem_c[%0d] = %0d (expected %0d)", v0x56e45f611ad0_0, v0x56e45f60b910_0, v0x56e45f60e9f0_0 {0 0 0};
T_1.3 ;
    %load/vec4 v0x56e45f611ad0_0;
    %addi 1, 0, 32;
    %store/vec4 v0x56e45f611ad0_0, 0, 32;
    %jmp T_1.0;
T_1.1 ;
    %vpi_call/w 3 135 "$display", "-----------------------------" {0 0 0};
    %vpi_call/w 3 136 "$display", "Results: %0d/8 passed", v0x56e45f5ef420_0 {0 0 0};
    %load/vec4 v0x56e45f5ef420_0;
    %cmpi/e 8, 0, 32;
    %jmp/0xz  T_1.4, 4;
    %vpi_call/w 3 138 "$display", "ALL TESTS PASSED" {0 0 0};
    %jmp T_1.5;
T_1.4 ;
    %vpi_call/w 3 140 "$display", "TESTS FAILED" {0 0 0};
T_1.5 ;
    %end;
S_0x56e45f7a0e30 .scope task, "preload_memories" "preload_memories" 3 97, 3 97 0, S_0x56e45f788730;
 .timescale -9 -12;
v0x56e45f48bb80_0 .var/i "col", 31 0;
v0x56e45f6bcbd0_0 .var/i "row", 31 0;
TD_accel_wrapper_tb.preload_memories ;
    %pushi/vec4 0, 0, 32;
    %store/vec4 v0x56e45f6bcbd0_0, 0, 32;
T_2.6 ;
    %load/vec4 v0x56e45f6bcbd0_0;
    %cmpi/s 8, 0, 32;
    %jmp/0xz T_2.7, 5;
    %pushi/vec4 0, 0, 32;
    %store/vec4 v0x56e45f48bb80_0, 0, 32;
T_2.8 ;
    %load/vec4 v0x56e45f48bb80_0;
    %cmpi/s 8, 0, 32;
    %jmp/0xz T_2.9, 5;
    %load/vec4 v0x56e45f6bcbd0_0;
    %load/vec4 v0x56e45f48bb80_0;
    %cmp/e;
    %flag_mov 8, 4;
    %jmp/0 T_2.10, 8;
    %pushi/vec4 1, 0, 8;
    %jmp/1 T_2.11, 8;
T_2.10 ; End of true expr.
    %pushi/vec4 0, 0, 8;
    %jmp/0 T_2.11, 8;
 ; End of false expr.
    %blend;
T_2.11;
    %load/vec4 v0x56e45f6bcbd0_0;
    %muli 8, 0, 32;
    %load/vec4 v0x56e45f48bb80_0;
    %add;
    %ix/vec4/s 4;
    %store/vec4a v0x56e45f7e2a10, 4, 0;
    %load/vec4 v0x56e45f6bcbd0_0;
    %addi 1, 0, 32;
    %pad/s 8;
    %load/vec4 v0x56e45f6bcbd0_0;
    %muli 8, 0, 32;
    %load/vec4 v0x56e45f48bb80_0;
    %add;
    %ix/vec4/s 4;
    %store/vec4a v0x56e45f7e2970, 4, 0;
    %load/vec4 v0x56e45f48bb80_0;
    %addi 1, 0, 32;
    %store/vec4 v0x56e45f48bb80_0, 0, 32;
    %jmp T_2.8;
T_2.9 ;
    %load/vec4 v0x56e45f6bcbd0_0;
    %addi 1, 0, 32;
    %store/vec4 v0x56e45f6bcbd0_0, 0, 32;
    %jmp T_2.6;
T_2.7 ;
    %vpi_call/w 3 110 "$display", "[TB] Scratchpad preloaded: identity weights, activations 1..8" {0 0 0};
    %end;
S_0x56e45f78b810 .scope module, "u_dut" "accel_wrapper" 3 51, 4 10 0, S_0x56e45f788730;
 .timescale -9 -12;
    .port_info 0 /INPUT 1 "clk";
    .port_info 1 /INPUT 1 "rst_n";
    .port_info 2 /INPUT 32 "axil_awaddr";
    .port_info 3 /INPUT 1 "axil_awvalid";
    .port_info 4 /INPUT 32 "axil_wdata";
    .port_info 5 /INPUT 1 "axil_wvalid";
    .port_info 6 /INPUT 1 "axil_araddr";
    .port_info 7 /INPUT 1 "axil_arvalid";
    .port_info 8 /OUTPUT 1 "accel_done";
P_0x56e45f7c4620 .param/l "ACC_W" 0 4 12, +C4<00000000000000000000000000100000>;
P_0x56e45f7c4660 .param/l "COLS" 0 4 14, +C4<00000000000000000000000000001000>;
P_0x56e45f7c46a0 .param/l "DATA_W" 0 4 11, +C4<00000000000000000000000000001000>;
P_0x56e45f7c46e0 .param/l "ROWS" 0 4 13, +C4<00000000000000000000000000001000>;
v0x56e45f7e3aa0_0 .net "accel_done", 0 0, v0x56e45f7dfe30_0;  alias, 1 drivers
v0x56e45f7e3b90_0 .net "axil_araddr", 0 0, v0x56e45f7e4d10_0;  1 drivers
v0x56e45f7e3c60_0 .net "axil_arvalid", 0 0, v0x56e45f7e4e20_0;  1 drivers
v0x56e45f7e3d60_0 .net "axil_awaddr", 31 0, v0x56e45f7e4f10_0;  1 drivers
v0x56e45f7e3e30_0 .net "axil_awvalid", 0 0, v0x56e45f7e5000_0;  1 drivers
v0x56e45f7e3ed0_0 .net "axil_wdata", 31 0, v0x56e45f7e5140_0;  1 drivers
v0x56e45f7e3fa0_0 .net "axil_wvalid", 0 0, v0x56e45f7e5230_0;  1 drivers
v0x56e45f7e4070_0 .net "clk", 0 0, v0x56e45f7e5320_0;  1 drivers
v0x56e45f7e4110_0 .net "rst_n", 0 0, v0x56e45f7e53c0_0;  1 drivers
v0x56e45f7e41b0_0 .net "sram_a_addr", 5 0, v0x56e45f7e1520_0;  1 drivers
v0x56e45f7e4250_0 .net "sram_a_rdata", 7 0, v0x56e45f7e2d40_0;  1 drivers
v0x56e45f7e4340_0 .net "sram_a_ren", 0 0, v0x56e45f7e16e0_0;  1 drivers
v0x56e45f7e4430_0 .net "sram_b_addr", 5 0, v0x56e45f7e17a0_0;  1 drivers
v0x56e45f7e4520_0 .net "sram_b_rdata", 7 0, v0x56e45f7e3190_0;  1 drivers
v0x56e45f7e4610_0 .net "sram_b_ren", 0 0, v0x56e45f7e1960_0;  1 drivers
v0x56e45f7e4700_0 .net "sram_c_addr", 2 0, v0x56e45f7e1a20_0;  1 drivers
v0x56e45f7e47f0_0 .net "sram_c_wdata", 31 0, v0x56e45f7e1b00_0;  1 drivers
v0x56e45f7e49f0_0 .net "sram_c_wen", 0 0, v0x56e45f7e1be0_0;  1 drivers
S_0x56e45f78e8f0 .scope module, "u_accel_top" "accel_top" 4 54, 5 4 0, S_0x56e45f78b810;
 .timescale -9 -12;
    .port_info 0 /INPUT 1 "clk";
    .port_info 1 /INPUT 1 "rst_n";
    .port_info 2 /INPUT 32 "axil_awaddr";
    .port_info 3 /INPUT 1 "axil_awvalid";
    .port_info 4 /INPUT 32 "axil_wdata";
    .port_info 5 /INPUT 1 "axil_wvalid";
    .port_info 6 /INPUT 1 "axil_araddr";
    .port_info 7 /INPUT 1 "axil_arvalid";
    .port_info 8 /OUTPUT 1 "accel_done";
    .port_info 9 /OUTPUT 6 "sram_a_addr";
    .port_info 10 /OUTPUT 1 "sram_a_ren";
    .port_info 11 /INPUT 8 "sram_a_rdata";
    .port_info 12 /OUTPUT 6 "sram_b_addr";
    .port_info 13 /OUTPUT 1 "sram_b_ren";
    .port_info 14 /INPUT 8 "sram_b_rdata";
    .port_info 15 /OUTPUT 3 "sram_c_addr";
    .port_info 16 /OUTPUT 1 "sram_c_wen";
    .port_info 17 /OUTPUT 32 "sram_c_wdata";
P_0x56e45f4812e0 .param/l "ACC_W" 0 5 6, +C4<00000000000000000000000000100000>;
P_0x56e45f481320 .param/l "COLS" 0 5 8, +C4<00000000000000000000000000001000>;
P_0x56e45f481360 .param/l "COMPUTE" 1 5 94, C4<1000>;
P_0x56e45f4813a0 .param/l "DATA_W" 0 5 5, +C4<00000000000000000000000000001000>;
P_0x56e45f4813e0 .param/l "DONE" 1 5 95, C4<1001>;
P_0x56e45f481420 .param/l "IDLE" 1 5 86, C4<0000>;
P_0x56e45f481460 .param/l "LOAD_A_LAT" 1 5 93, C4<0111>;
P_0x56e45f4814a0 .param/l "LOAD_A_REQ" 1 5 91, C4<0101>;
P_0x56e45f4814e0 .param/l "LOAD_A_WAIT" 1 5 92, C4<0110>;
P_0x56e45f481520 .param/l "LOAD_W_FIRE" 1 5 90, C4<0100>;
P_0x56e45f481560 .param/l "LOAD_W_LAT" 1 5 89, C4<0011>;
P_0x56e45f4815a0 .param/l "LOAD_W_REQ" 1 5 87, C4<0001>;
P_0x56e45f4815e0 .param/l "LOAD_W_WAIT" 1 5 88, C4<0010>;
P_0x56e45f481620 .param/l "ROWS" 0 5 7, +C4<00000000000000000000000000001000>;
L_0x56e45f873180 .functor AND 1, L_0x56e45f872f80, L_0x56e45f873050, C4<1>, C4<1>;
v0x56e45f7dfc70_0 .net *"_ivl_35", 0 0, L_0x56e45f872f80;  1 drivers
v0x56e45f7dfd70_0 .net *"_ivl_37", 0 0, L_0x56e45f873050;  1 drivers
v0x56e45f7dfe30_0 .var "accel_done", 0 0;
v0x56e45f7dff00 .array "act_buf", 7 0, 7 0;
v0x56e45f7dffc0 .array "act_in_arr", 7 0, 7 0;
v0x56e45f7e01d0_0 .net "act_in_flat", 63 0, L_0x56e45f84cb90;  1 drivers
v0x56e45f7e0290_0 .net "axil_araddr", 0 0, v0x56e45f7e4d10_0;  alias, 1 drivers
v0x56e45f7e0330_0 .net "axil_arvalid", 0 0, v0x56e45f7e4e20_0;  alias, 1 drivers
v0x56e45f7e03f0_0 .net "axil_awaddr", 31 0, v0x56e45f7e4f10_0;  alias, 1 drivers
v0x56e45f7e0560_0 .net "axil_awvalid", 0 0, v0x56e45f7e5000_0;  alias, 1 drivers
v0x56e45f7e0620_0 .net "axil_wdata", 31 0, v0x56e45f7e5140_0;  alias, 1 drivers
v0x56e45f7e0700_0 .net "axil_wvalid", 0 0, v0x56e45f7e5230_0;  alias, 1 drivers
v0x56e45f7e07c0_0 .net "clk", 0 0, v0x56e45f7e5320_0;  alias, 1 drivers
v0x56e45f7e0860_0 .var "col_cnt", 3 0;
v0x56e45f7e0940_0 .var "compute_cnt", 4 0;
v0x56e45f7e0a20_0 .var/i "k", 31 0;
v0x56e45f7e0b00_0 .var "latch_col", 3 0;
v0x56e45f7e0cf0_0 .var "latch_row", 3 0;
v0x56e45f7e0dd0_0 .net "mmul_kick", 0 0, L_0x56e45f873180;  1 drivers
v0x56e45f7e0e90_0 .var "mmul_prev", 0 0;
v0x56e45f7e0f50_0 .net "psum_out_w", 255 0, L_0x56e45f84ed70;  1 drivers
v0x56e45f7e1040_0 .var "reg_mload", 31 0;
v0x56e45f7e1100_0 .var "reg_mmul", 31 0;
v0x56e45f7e11e0_0 .var "reg_mstore", 31 0;
v0x56e45f7e12c0_0 .var "reg_status", 31 0;
v0x56e45f7e13a0_0 .var "row_cnt", 3 0;
v0x56e45f7e1480_0 .net "rst_n", 0 0, v0x56e45f7e53c0_0;  alias, 1 drivers
v0x56e45f7e1520_0 .var "sram_a_addr", 5 0;
v0x56e45f7e1600_0 .net "sram_a_rdata", 7 0, v0x56e45f7e2d40_0;  alias, 1 drivers
v0x56e45f7e16e0_0 .var "sram_a_ren", 0 0;
v0x56e45f7e17a0_0 .var "sram_b_addr", 5 0;
v0x56e45f7e1880_0 .net "sram_b_rdata", 7 0, v0x56e45f7e3190_0;  alias, 1 drivers
v0x56e45f7e1960_0 .var "sram_b_ren", 0 0;
v0x56e45f7e1a20_0 .var "sram_c_addr", 2 0;
v0x56e45f7e1b00_0 .var "sram_c_wdata", 31 0;
v0x56e45f7e1be0_0 .var "sram_c_wen", 0 0;
v0x56e45f7e1ca0_0 .var "state", 3 0;
v0x56e45f7e1d80 .array "weight_data_arr", 7 0, 7 0;
v0x56e45f7e1f40_0 .net "weight_data_flat", 63 0, L_0x56e45f84c3a0;  1 drivers
v0x56e45f7e2030_0 .var "weight_load", 0 0;
v0x56e45f7e2120_0 .var "weight_row", 2 0;
E_0x56e45f490800/0 .event negedge, v0x56e45f641150_0;
E_0x56e45f490800/1 .event posedge, v0x56e45f63b6f0_0;
E_0x56e45f490800 .event/or E_0x56e45f490800/0, E_0x56e45f490800/1;
v0x56e45f7e1d80_0 .array/port v0x56e45f7e1d80, 0;
v0x56e45f7e1d80_1 .array/port v0x56e45f7e1d80, 1;
v0x56e45f7e1d80_2 .array/port v0x56e45f7e1d80, 2;
v0x56e45f7e1d80_3 .array/port v0x56e45f7e1d80, 3;
LS_0x56e45f84c3a0_0_0 .concat8 [ 8 8 8 8], v0x56e45f7e1d80_0, v0x56e45f7e1d80_1, v0x56e45f7e1d80_2, v0x56e45f7e1d80_3;
v0x56e45f7e1d80_4 .array/port v0x56e45f7e1d80, 4;
v0x56e45f7e1d80_5 .array/port v0x56e45f7e1d80, 5;
v0x56e45f7e1d80_6 .array/port v0x56e45f7e1d80, 6;
v0x56e45f7e1d80_7 .array/port v0x56e45f7e1d80, 7;
LS_0x56e45f84c3a0_0_4 .concat8 [ 8 8 8 8], v0x56e45f7e1d80_4, v0x56e45f7e1d80_5, v0x56e45f7e1d80_6, v0x56e45f7e1d80_7;
L_0x56e45f84c3a0 .concat8 [ 32 32 0 0], LS_0x56e45f84c3a0_0_0, LS_0x56e45f84c3a0_0_4;
v0x56e45f7dffc0_0 .array/port v0x56e45f7dffc0, 0;
v0x56e45f7dffc0_1 .array/port v0x56e45f7dffc0, 1;
v0x56e45f7dffc0_2 .array/port v0x56e45f7dffc0, 2;
v0x56e45f7dffc0_3 .array/port v0x56e45f7dffc0, 3;
LS_0x56e45f84cb90_0_0 .concat8 [ 8 8 8 8], v0x56e45f7dffc0_0, v0x56e45f7dffc0_1, v0x56e45f7dffc0_2, v0x56e45f7dffc0_3;
v0x56e45f7dffc0_4 .array/port v0x56e45f7dffc0, 4;
v0x56e45f7dffc0_5 .array/port v0x56e45f7dffc0, 5;
v0x56e45f7dffc0_6 .array/port v0x56e45f7dffc0, 6;
v0x56e45f7dffc0_7 .array/port v0x56e45f7dffc0, 7;
LS_0x56e45f84cb90_0_4 .concat8 [ 8 8 8 8], v0x56e45f7dffc0_4, v0x56e45f7dffc0_5, v0x56e45f7dffc0_6, v0x56e45f7dffc0_7;
L_0x56e45f84cb90 .concat8 [ 32 32 0 0], LS_0x56e45f84cb90_0_0, LS_0x56e45f84cb90_0_4;
L_0x56e45f872f80 .part v0x56e45f7e1100_0, 0, 1;
L_0x56e45f873050 .reduce/nor v0x56e45f7e0e90_0;
S_0x56e45f7919d0 .scope generate, "pack_a[0]" "pack_a[0]" 5 57, 5 57 0, S_0x56e45f78e8f0;
 .timescale -9 -12;
P_0x56e45f7192f0 .param/l "gi" 1 5 57, +C4<00>;
v0x56e45f5f6830_0 .net *"_ivl_2", 7 0, v0x56e45f7dffc0_0;  1 drivers
S_0x56e45f7792d0 .scope generate, "pack_a[1]" "pack_a[1]" 5 57, 5 57 0, S_0x56e45f78e8f0;
 .timescale -9 -12;
P_0x56e45f722590 .param/l "gi" 1 5 57, +C4<01>;
v0x56e45f6042b0_0 .net *"_ivl_2", 7 0, v0x56e45f7dffc0_1;  1 drivers
S_0x56e45f757930 .scope generate, "pack_a[2]" "pack_a[2]" 5 57, 5 57 0, S_0x56e45f78e8f0;
 .timescale -9 -12;
P_0x56e45f72b810 .param/l "gi" 1 5 57, +C4<010>;
v0x56e45f6c8f50_0 .net *"_ivl_2", 7 0, v0x56e45f7dffc0_2;  1 drivers
S_0x56e45f75aa10 .scope generate, "pack_a[3]" "pack_a[3]" 5 57, 5 57 0, S_0x56e45f78e8f0;
 .timescale -9 -12;
P_0x56e45f7319f0 .param/l "gi" 1 5 57, +C4<011>;
v0x56e45f6c5e70_0 .net *"_ivl_2", 7 0, v0x56e45f7dffc0_3;  1 drivers
S_0x56e45f75daf0 .scope generate, "pack_a[4]" "pack_a[4]" 5 57, 5 57 0, S_0x56e45f78e8f0;
 .timescale -9 -12;
P_0x56e45f73acc0 .param/l "gi" 1 5 57, +C4<0100>;
v0x56e45f6c2d90_0 .net *"_ivl_2", 7 0, v0x56e45f7dffc0_4;  1 drivers
S_0x56e45f760bd0 .scope generate, "pack_a[5]" "pack_a[5]" 5 57, 5 57 0, S_0x56e45f78e8f0;
 .timescale -9 -12;
P_0x56e45f743f30 .param/l "gi" 1 5 57, +C4<0101>;
v0x56e45f6bfcb0_0 .net *"_ivl_2", 7 0, v0x56e45f7dffc0_5;  1 drivers
S_0x56e45f770030 .scope generate, "pack_a[6]" "pack_a[6]" 5 57, 5 57 0, S_0x56e45f78e8f0;
 .timescale -9 -12;
P_0x56e45f74d1b0 .param/l "gi" 1 5 57, +C4<0110>;
v0x56e45f753370_0 .net *"_ivl_2", 7 0, v0x56e45f7dffc0_6;  1 drivers
S_0x56e45f773110 .scope generate, "pack_a[7]" "pack_a[7]" 5 57, 5 57 0, S_0x56e45f78e8f0;
 .timescale -9 -12;
P_0x56e45f76bac0 .param/l "gi" 1 5 57, +C4<0111>;
v0x56e45f768990_0 .net *"_ivl_2", 7 0, v0x56e45f7dffc0_7;  1 drivers
S_0x56e45f7761f0 .scope generate, "pack_w[0]" "pack_w[0]" 5 54, 5 54 0, S_0x56e45f78e8f0;
 .timescale -9 -12;
P_0x56e45f73ac70 .param/l "gi" 1 5 54, +C4<00>;
v0x56e45f7658b0_0 .net *"_ivl_2", 7 0, v0x56e45f7e1d80_0;  1 drivers
S_0x56e45f7484d0 .scope generate, "pack_w[1]" "pack_w[1]" 5 54, 5 54 0, S_0x56e45f78e8f0;
 .timescale -9 -12;
P_0x56e45f77af20 .param/l "gi" 1 5 54, +C4<01>;
v0x56e45f7627d0_0 .net *"_ivl_2", 7 0, v0x56e45f7e1d80_1;  1 drivers
S_0x56e45f726b30 .scope generate, "pack_w[2]" "pack_w[2]" 5 54, 5 54 0, S_0x56e45f78e8f0;
 .timescale -9 -12;
P_0x56e45f784190 .param/l "gi" 1 5 54, +C4<010>;
v0x56e45f75f6f0_0 .net *"_ivl_2", 7 0, v0x56e45f7e1d80_2;  1 drivers
S_0x56e45f729c10 .scope generate, "pack_w[3]" "pack_w[3]" 5 54, 5 54 0, S_0x56e45f78e8f0;
 .timescale -9 -12;
P_0x56e45f78d410 .param/l "gi" 1 5 54, +C4<011>;
v0x56e45f75c610_0 .net *"_ivl_2", 7 0, v0x56e45f7e1d80_3;  1 drivers
S_0x56e45f72ccf0 .scope generate, "pack_w[4]" "pack_w[4]" 5 54, 5 54 0, S_0x56e45f78e8f0;
 .timescale -9 -12;
P_0x56e45f793620 .param/l "gi" 1 5 54, +C4<0100>;
v0x56e45f759530_0 .net *"_ivl_2", 7 0, v0x56e45f7e1d80_4;  1 drivers
S_0x56e45f72fdd0 .scope generate, "pack_w[5]" "pack_w[5]" 5 54, 5 54 0, S_0x56e45f78e8f0;
 .timescale -9 -12;
P_0x56e45f79c890 .param/l "gi" 1 5 54, +C4<0101>;
v0x56e45f756450_0 .net *"_ivl_2", 7 0, v0x56e45f7e1d80_5;  1 drivers
S_0x56e45f73f230 .scope generate, "pack_w[6]" "pack_w[6]" 5 54, 5 54 0, S_0x56e45f78e8f0;
 .timescale -9 -12;
P_0x56e45f7a5b10 .param/l "gi" 1 5 54, +C4<0110>;
v0x56e45f7abcd0_0 .net *"_ivl_2", 7 0, v0x56e45f7e1d80_6;  1 drivers
S_0x56e45f742310 .scope generate, "pack_w[7]" "pack_w[7]" 5 54, 5 54 0, S_0x56e45f78e8f0;
 .timescale -9 -12;
P_0x56e45f4a7f00 .param/l "gi" 1 5 54, +C4<0111>;
v0x56e45f7c6d20_0 .net *"_ivl_2", 7 0, v0x56e45f7e1d80_7;  1 drivers
S_0x56e45f7453f0 .scope module, "u_systolic" "systolic_array_wrap" 5 65, 6 6 0, S_0x56e45f78e8f0;
 .timescale -9 -12;
    .port_info 0 /INPUT 1 "clk";
    .port_info 1 /INPUT 1 "rst_n";
    .port_info 2 /INPUT 1 "weight_load";
    .port_info 3 /INPUT 3 "weight_row";
    .port_info 4 /INPUT 64 "weight_data_flat";
    .port_info 5 /INPUT 64 "act_in_flat";
    .port_info 6 /OUTPUT 256 "psum_out_flat";
P_0x56e45f5f57f0 .param/l "ACC_W" 0 6 10, +C4<00000000000000000000000000100000>;
P_0x56e45f5f5830 .param/l "COLS" 0 6 8, +C4<00000000000000000000000000001000>;
P_0x56e45f5f5870 .param/l "DATA_W" 0 6 9, +C4<00000000000000000000000000001000>;
P_0x56e45f5f58b0 .param/l "ROWS" 0 6 7, +C4<00000000000000000000000000001000>;
v0x56e45f7df340_0 .net "act_in_2d", 63 0, L_0x56e45f84e1b0;  1 drivers
v0x56e45f7df460_0 .net "act_in_flat", 63 0, L_0x56e45f84cb90;  alias, 1 drivers
v0x56e45f7df520_0 .net "clk", 0 0, v0x56e45f7e5320_0;  alias, 1 drivers
v0x56e45f7df5f0_0 .net "psum_out_2d", 255 0, v0x56e45f7da6f0_0;  1 drivers
v0x56e45f7df6f0_0 .net "psum_out_flat", 255 0, L_0x56e45f84ed70;  alias, 1 drivers
v0x56e45f7df7e0_0 .net "rst_n", 0 0, v0x56e45f7e53c0_0;  alias, 1 drivers
v0x56e45f7df880_0 .net "weight_data_2d", 63 0, L_0x56e45f84d600;  1 drivers
v0x56e45f7df950_0 .net "weight_data_flat", 63 0, L_0x56e45f84c3a0;  alias, 1 drivers
v0x56e45f7dfa10_0 .net "weight_load", 0 0, v0x56e45f7e2030_0;  1 drivers
v0x56e45f7dfae0_0 .net "weight_row", 2 0, v0x56e45f7e2120_0;  1 drivers
L_0x56e45f84cfc0 .part L_0x56e45f84c3a0, 0, 8;
L_0x56e45f84d060 .part L_0x56e45f84c3a0, 8, 8;
L_0x56e45f84d190 .part L_0x56e45f84c3a0, 16, 8;
L_0x56e45f84d230 .part L_0x56e45f84c3a0, 24, 8;
L_0x56e45f84d2d0 .part L_0x56e45f84c3a0, 32, 8;
L_0x56e45f84d370 .part L_0x56e45f84c3a0, 40, 8;
L_0x56e45f84d560 .part L_0x56e45f84c3a0, 48, 8;
LS_0x56e45f84d600_0_0 .concat8 [ 8 8 8 8], L_0x56e45f84cfc0, L_0x56e45f84d060, L_0x56e45f84d190, L_0x56e45f84d230;
LS_0x56e45f84d600_0_4 .concat8 [ 8 8 8 8], L_0x56e45f84d2d0, L_0x56e45f84d370, L_0x56e45f84d560, L_0x56e45f84d970;
L_0x56e45f84d600 .concat8 [ 32 32 0 0], LS_0x56e45f84d600_0_0, LS_0x56e45f84d600_0_4;
L_0x56e45f84d970 .part L_0x56e45f84c3a0, 56, 8;
L_0x56e45f84da60 .part L_0x56e45f84cb90, 0, 8;
L_0x56e45f84db60 .part L_0x56e45f84cb90, 8, 8;
L_0x56e45f84dc00 .part L_0x56e45f84cb90, 16, 8;
L_0x56e45f84dd10 .part L_0x56e45f84cb90, 24, 8;
L_0x56e45f84ddb0 .part L_0x56e45f84cb90, 32, 8;
L_0x56e45f84ded0 .part L_0x56e45f84cb90, 40, 8;
L_0x56e45f84e080 .part L_0x56e45f84cb90, 48, 8;
LS_0x56e45f84e1b0_0_0 .concat8 [ 8 8 8 8], L_0x56e45f84da60, L_0x56e45f84db60, L_0x56e45f84dc00, L_0x56e45f84dd10;
LS_0x56e45f84e1b0_0_4 .concat8 [ 8 8 8 8], L_0x56e45f84ddb0, L_0x56e45f84ded0, L_0x56e45f84e080, L_0x56e45f84e480;
L_0x56e45f84e1b0 .concat8 [ 32 32 0 0], LS_0x56e45f84e1b0_0_0, LS_0x56e45f84e1b0_0_4;
L_0x56e45f84e480 .part L_0x56e45f84cb90, 56, 8;
L_0x56e45f84e610 .part v0x56e45f7da6f0_0, 0, 32;
L_0x56e45f84e700 .part v0x56e45f7da6f0_0, 32, 32;
L_0x56e45f84e570 .part v0x56e45f7da6f0_0, 64, 32;
L_0x56e45f84e850 .part v0x56e45f7da6f0_0, 96, 32;
L_0x56e45f84e9b0 .part v0x56e45f7da6f0_0, 128, 32;
L_0x56e45f84ea50 .part v0x56e45f7da6f0_0, 160, 32;
L_0x56e45f84ebc0 .part v0x56e45f7da6f0_0, 192, 32;
LS_0x56e45f84ed70_0_0 .concat8 [ 32 32 32 32], L_0x56e45f84e610, L_0x56e45f84e700, L_0x56e45f84e570, L_0x56e45f84e850;
LS_0x56e45f84ed70_0_4 .concat8 [ 32 32 32 32], L_0x56e45f84e9b0, L_0x56e45f84ea50, L_0x56e45f84ebc0, L_0x56e45f84f170;
L_0x56e45f84ed70 .concat8 [ 128 128 0 0], LS_0x56e45f84ed70_0_0, LS_0x56e45f84ed70_0_4;
L_0x56e45f84f170 .part v0x56e45f7da6f0_0, 224, 32;
S_0x56e45f7176d0 .scope generate, "pack_p[0]" "pack_p[0]" 6 34, 6 34 0, S_0x56e45f7453f0;
 .timescale -9 -12;
P_0x56e45f4b95b0 .param/l "i" 1 6 34, +C4<00>;
v0x56e45f6e09f0_0 .net *"_ivl_0", 31 0, L_0x56e45f84e610;  1 drivers
S_0x56e45f69f7f0 .scope generate, "pack_p[1]" "pack_p[1]" 6 34, 6 34 0, S_0x56e45f7453f0;
 .timescale -9 -12;
P_0x56e45f4c41a0 .param/l "i" 1 6 34, +C4<01>;
v0x56e45f6e2960_0 .net *"_ivl_0", 31 0, L_0x56e45f84e700;  1 drivers
S_0x56e45f6a28d0 .scope generate, "pack_p[2]" "pack_p[2]" 6 34, 6 34 0, S_0x56e45f7453f0;
 .timescale -9 -12;
P_0x56e45f467070 .param/l "i" 1 6 34, +C4<010>;
v0x56e45f6f02d0_0 .net *"_ivl_0", 31 0, L_0x56e45f84e570;  1 drivers
S_0x56e45f6a59b0 .scope generate, "pack_p[3]" "pack_p[3]" 6 34, 6 34 0, S_0x56e45f7453f0;
 .timescale -9 -12;
P_0x56e45f487ca0 .param/l "i" 1 6 34, +C4<011>;
v0x56e45f7b4f70_0 .net *"_ivl_0", 31 0, L_0x56e45f84e850;  1 drivers
S_0x56e45f6b4e10 .scope generate, "pack_p[4]" "pack_p[4]" 6 34, 6 34 0, S_0x56e45f7453f0;
 .timescale -9 -12;
P_0x56e45f7c5cd0 .param/l "i" 1 6 34, +C4<0100>;
v0x56e45f7b1e90_0 .net *"_ivl_0", 31 0, L_0x56e45f84e9b0;  1 drivers
S_0x56e45f622410 .scope generate, "pack_p[5]" "pack_p[5]" 6 34, 6 34 0, S_0x56e45f7453f0;
 .timescale -9 -12;
P_0x56e45f5f6360 .param/l "i" 1 6 34, +C4<0101>;
v0x56e45f7aedb0_0 .net *"_ivl_0", 31 0, L_0x56e45f84ea50;  1 drivers
S_0x56e45f6254f0 .scope generate, "pack_p[6]" "pack_p[6]" 6 34, 6 34 0, S_0x56e45f7453f0;
 .timescale -9 -12;
P_0x56e45f5f7470 .param/l "i" 1 6 34, +C4<0110>;
v0x56e45f5f7ba0_0 .net *"_ivl_0", 31 0, L_0x56e45f84ebc0;  1 drivers
S_0x56e45f6285d0 .scope generate, "pack_p[7]" "pack_p[7]" 6 34, 6 34 0, S_0x56e45f7453f0;
 .timescale -9 -12;
P_0x56e45f5f8310 .param/l "i" 1 6 34, +C4<0111>;
v0x56e45f5f8ad0_0 .net *"_ivl_0", 31 0, L_0x56e45f84f170;  1 drivers
S_0x56e45f69c710 .scope module, "u_sys" "systolic_array" 6 44, 7 43 0, S_0x56e45f7453f0;
 .timescale -9 -12;
    .port_info 0 /INPUT 1 "clk";
    .port_info 1 /INPUT 1 "rst_n";
    .port_info 2 /INPUT 1 "weight_load";
    .port_info 3 /INPUT 3 "weight_row";
    .port_info 4 /INPUT 64 "weight_data";
    .port_info 5 /INPUT 64 "act_in";
    .port_info 6 /OUTPUT 256 "psum_out";
P_0x56e45f5f9270 .param/l "ACC_W" 0 7 47, +C4<00000000000000000000000000100000>;
P_0x56e45f5f92b0 .param/l "COLS" 0 7 45, +C4<00000000000000000000000000001000>;
P_0x56e45f5f92f0 .param/l "DATA_W" 0 7 46, +C4<00000000000000000000000000001000>;
P_0x56e45f5f9330 .param/l "ROWS" 0 7 44, +C4<00000000000000000000000000001000>;
L_0x79ed4f559418 .functor BUFT 1, C4<0000000000000000000000000000000000000000000000000000000000000000000000000000000000000000000000000000000000000000000000000000000000000000000000000000000000000000000000000000000000000000000000000000000000000000000000000000000000000000000000000000000000000000>, C4<0>, C4<0>, C4<0>;
v0x56e45f7d99d0_0 .net/2u *"_ivl_476", 255 0, L_0x79ed4f559418;  1 drivers
v0x56e45f7d9ad0_0 .net "act_h", 575 0, L_0x56e45f871290;  1 drivers
v0x56e45f7d9b90_0 .net "act_in", 63 0, L_0x56e45f84e1b0;  alias, 1 drivers
v0x56e45f7d9c90_0 .var "act_s1", 63 0;
v0x56e45f7d9d80_0 .var "act_s2", 63 0;
v0x56e45f7d9e40_0 .net "clk", 0 0, v0x56e45f7e5320_0;  alias, 1 drivers
v0x56e45f7da6f0_0 .var "psum_out", 255 0;
v0x56e45f7da7e0_0 .var "psum_s11", 255 0;
v0x56e45f7da8d0_0 .net "psum_v", 2303 0, L_0x56e45f871500;  1 drivers
v0x56e45f7daa20_0 .net "rst_n", 0 0, v0x56e45f7e53c0_0;  alias, 1 drivers
v0x56e45f7db2d0_0 .net "weight_data", 63 0, L_0x56e45f84d600;  alias, 1 drivers
v0x56e45f7db3c0_0 .net "weight_load", 0 0, v0x56e45f7e2030_0;  alias, 1 drivers
v0x56e45f7db480_0 .net "weight_row", 2 0, v0x56e45f7e2120_0;  alias, 1 drivers
L_0x56e45f84f260 .part v0x56e45f7d9d80_0, 0, 8;
L_0x56e45f84f300 .part v0x56e45f7d9d80_0, 8, 8;
L_0x56e45f84f3f0 .part v0x56e45f7d9d80_0, 16, 8;
L_0x56e45f84f490 .part v0x56e45f7d9d80_0, 24, 8;
L_0x56e45f84f530 .part v0x56e45f7d9d80_0, 32, 8;
L_0x56e45f84f5d0 .part v0x56e45f7d9d80_0, 40, 8;
L_0x56e45f84f6b0 .part v0x56e45f7d9d80_0, 48, 8;
L_0x56e45f84f750 .part v0x56e45f7d9d80_0, 56, 8;
L_0x56e45f84fae0 .part L_0x56e45f84d600, 0, 8;
L_0x56e45f84fb80 .part L_0x56e45f871290, 0, 8;
L_0x56e45f84fc80 .part L_0x56e45f871500, 0, 32;
L_0x56e45f850040 .part L_0x56e45f84d600, 8, 8;
L_0x56e45f8501e0 .part L_0x56e45f871290, 8, 8;
L_0x56e45f850280 .part L_0x56e45f871500, 32, 32;
L_0x56e45f8506f0 .part L_0x56e45f84d600, 16, 8;
L_0x56e45f850790 .part L_0x56e45f871290, 16, 8;
L_0x56e45f8508c0 .part L_0x56e45f871500, 64, 32;
L_0x56e45f850d10 .part L_0x56e45f84d600, 24, 8;
L_0x56e45f850e50 .part L_0x56e45f871290, 24, 8;
L_0x56e45f850ef0 .part L_0x56e45f871500, 96, 32;
L_0x56e45f851380 .part L_0x56e45f84d600, 32, 8;
L_0x56e45f851420 .part L_0x56e45f871290, 32, 8;
L_0x56e45f851580 .part L_0x56e45f871500, 128, 32;
L_0x56e45f851bf0 .part L_0x56e45f84d600, 40, 8;
L_0x56e45f851e70 .part L_0x56e45f871290, 40, 8;
L_0x56e45f851f10 .part L_0x56e45f871500, 160, 32;
L_0x56e45f852440 .part L_0x56e45f84d600, 48, 8;
L_0x56e45f8524e0 .part L_0x56e45f871290, 48, 8;
L_0x56e45f852670 .part L_0x56e45f871500, 192, 32;
L_0x56e45f852ac0 .part L_0x56e45f84d600, 56, 8;
L_0x56e45f852c60 .part L_0x56e45f871290, 56, 8;
L_0x56e45f852e10 .part L_0x56e45f871500, 224, 32;
L_0x56e45f853590 .part L_0x56e45f84d600, 0, 8;
L_0x56e45f853630 .part L_0x56e45f871290, 72, 8;
L_0x56e45f8537f0 .part L_0x56e45f871500, 256, 32;
L_0x56e45f853c40 .part L_0x56e45f84d600, 8, 8;
L_0x56e45f8536d0 .part L_0x56e45f871290, 80, 8;
L_0x56e45f853e10 .part L_0x56e45f871500, 288, 32;
L_0x56e45f854340 .part L_0x56e45f84d600, 16, 8;
L_0x56e45f8543e0 .part L_0x56e45f871290, 88, 8;
L_0x56e45f8545d0 .part L_0x56e45f871500, 320, 32;
L_0x56e45f854a20 .part L_0x56e45f84d600, 24, 8;
L_0x56e45f854c20 .part L_0x56e45f871290, 96, 8;
L_0x56e45f854cc0 .part L_0x56e45f871500, 352, 32;
L_0x56e45f855280 .part L_0x56e45f84d600, 32, 8;
L_0x56e45f855320 .part L_0x56e45f871290, 104, 8;
L_0x56e45f855540 .part L_0x56e45f871500, 384, 32;
L_0x56e45f855ba0 .part L_0x56e45f84d600, 40, 8;
L_0x56e45f855fe0 .part L_0x56e45f871290, 112, 8;
L_0x56e45f856080 .part L_0x56e45f871500, 416, 32;
L_0x56e45f856670 .part L_0x56e45f84d600, 48, 8;
L_0x56e45f856710 .part L_0x56e45f871290, 120, 8;
L_0x56e45f856960 .part L_0x56e45f871500, 448, 32;
L_0x56e45f856db0 .part L_0x56e45f84d600, 56, 8;
L_0x56e45f857010 .part L_0x56e45f871290, 128, 8;
L_0x56e45f8572c0 .part L_0x56e45f871500, 480, 32;
L_0x56e45f857d00 .part L_0x56e45f84d600, 0, 8;
L_0x56e45f857da0 .part L_0x56e45f871290, 144, 8;
L_0x56e45f858020 .part L_0x56e45f871500, 512, 32;
L_0x56e45f858470 .part L_0x56e45f84d600, 8, 8;
L_0x56e45f858700 .part L_0x56e45f871290, 152, 8;
L_0x56e45f8587a0 .part L_0x56e45f871500, 544, 32;
L_0x56e45f858df0 .part L_0x56e45f84d600, 16, 8;
L_0x56e45f858e90 .part L_0x56e45f871290, 160, 8;
L_0x56e45f859140 .part L_0x56e45f871500, 576, 32;
L_0x56e45f859560 .part L_0x56e45f84d600, 24, 8;
L_0x56e45f859820 .part L_0x56e45f871290, 168, 8;
L_0x56e45f8598c0 .part L_0x56e45f871500, 608, 32;
L_0x56e45f859f10 .part L_0x56e45f84d600, 32, 8;
L_0x56e45f859fb0 .part L_0x56e45f871290, 176, 8;
L_0x56e45f85a290 .part L_0x56e45f871500, 640, 32;
L_0x56e45f85a6b0 .part L_0x56e45f84d600, 40, 8;
L_0x56e45f85a9a0 .part L_0x56e45f871290, 184, 8;
L_0x56e45f85aa40 .part L_0x56e45f871500, 672, 32;
L_0x56e45f85b0c0 .part L_0x56e45f84d600, 48, 8;
L_0x56e45f85b160 .part L_0x56e45f871290, 192, 8;
L_0x56e45f85b470 .part L_0x56e45f871500, 704, 32;
L_0x56e45f85b890 .part L_0x56e45f84d600, 56, 8;
L_0x56e45f85bbb0 .part L_0x56e45f871290, 200, 8;
L_0x56e45f85bc50 .part L_0x56e45f871500, 736, 32;
L_0x56e45f85c300 .part L_0x56e45f84d600, 0, 8;
L_0x56e45f85c3a0 .part L_0x56e45f871290, 216, 8;
L_0x56e45f85c6e0 .part L_0x56e45f871500, 768, 32;
L_0x56e45f85cb30 .part L_0x56e45f84d600, 8, 8;
L_0x56e45f85ce80 .part L_0x56e45f871290, 224, 8;
L_0x56e45f85cf20 .part L_0x56e45f871500, 800, 32;
L_0x56e45f85d520 .part L_0x56e45f84d600, 16, 8;
L_0x56e45f85d5c0 .part L_0x56e45f871290, 232, 8;
L_0x56e45f85d930 .part L_0x56e45f871500, 832, 32;
L_0x56e45f85dd80 .part L_0x56e45f84d600, 24, 8;
L_0x56e45f85e100 .part L_0x56e45f871290, 240, 8;
L_0x56e45f85e1a0 .part L_0x56e45f871500, 864, 32;
L_0x56e45f85e8e0 .part L_0x56e45f84d600, 32, 8;
L_0x56e45f85e980 .part L_0x56e45f871290, 248, 8;
L_0x56e45f85ed20 .part L_0x56e45f871500, 896, 32;
L_0x56e45f85f140 .part L_0x56e45f84d600, 40, 8;
L_0x56e45f85f900 .part L_0x56e45f871290, 256, 8;
L_0x56e45f85f9a0 .part L_0x56e45f871500, 928, 32;
L_0x56e45f8600e0 .part L_0x56e45f84d600, 48, 8;
L_0x56e45f860180 .part L_0x56e45f871290, 264, 8;
L_0x56e45f860550 .part L_0x56e45f871500, 960, 32;
L_0x56e45f860970 .part L_0x56e45f84d600, 56, 8;
L_0x56e45f860d50 .part L_0x56e45f871290, 272, 8;
L_0x56e45f861200 .part L_0x56e45f871500, 992, 32;
L_0x56e45f862190 .part L_0x56e45f84d600, 0, 8;
L_0x56e45f862230 .part L_0x56e45f871290, 288, 8;
L_0x56e45f862630 .part L_0x56e45f871500, 1024, 32;
L_0x56e45f862a50 .part L_0x56e45f84d600, 8, 8;
L_0x56e45f862e60 .part L_0x56e45f871290, 296, 8;
L_0x56e45f862f00 .part L_0x56e45f871500, 1056, 32;
L_0x56e45f8636d0 .part L_0x56e45f84d600, 16, 8;
L_0x56e45f863770 .part L_0x56e45f871290, 304, 8;
L_0x56e45f863ba0 .part L_0x56e45f871500, 1088, 32;
L_0x56e45f863fc0 .part L_0x56e45f84d600, 24, 8;
L_0x56e45f864400 .part L_0x56e45f871290, 312, 8;
L_0x56e45f8644a0 .part L_0x56e45f871500, 1120, 32;
L_0x56e45f864c70 .part L_0x56e45f84d600, 32, 8;
L_0x56e45f864d10 .part L_0x56e45f871290, 320, 8;
L_0x56e45f865170 .part L_0x56e45f871500, 1152, 32;
L_0x56e45f865590 .part L_0x56e45f84d600, 40, 8;
L_0x56e45f865a00 .part L_0x56e45f871290, 328, 8;
L_0x56e45f865aa0 .part L_0x56e45f871500, 1184, 32;
L_0x56e45f8662a0 .part L_0x56e45f84d600, 48, 8;
L_0x56e45f866340 .part L_0x56e45f871290, 336, 8;
L_0x56e45f8667d0 .part L_0x56e45f871500, 1216, 32;
L_0x56e45f866c20 .part L_0x56e45f84d600, 56, 8;
L_0x56e45f8670c0 .part L_0x56e45f871290, 344, 8;
L_0x56e45f867160 .part L_0x56e45f871500, 1248, 32;
L_0x56e45f867960 .part L_0x56e45f84d600, 0, 8;
L_0x56e45f867a00 .part L_0x56e45f871290, 360, 8;
L_0x56e45f867ef0 .part L_0x56e45f871500, 1280, 32;
L_0x56e45f868340 .part L_0x56e45f84d600, 8, 8;
L_0x56e45f867ad0 .part L_0x56e45f871290, 368, 8;
L_0x56e45f867b70 .part L_0x56e45f871500, 1312, 32;
L_0x56e45f868930 .part L_0x56e45f84d600, 16, 8;
L_0x56e45f8689d0 .part L_0x56e45f871290, 376, 8;
L_0x56e45f8683e0 .part L_0x56e45f871500, 1344, 32;
L_0x56e45f868ec0 .part L_0x56e45f84d600, 24, 8;
L_0x56e45f868a70 .part L_0x56e45f871290, 384, 8;
L_0x56e45f868b10 .part L_0x56e45f871500, 1376, 32;
L_0x56e45f869420 .part L_0x56e45f84d600, 32, 8;
L_0x56e45f8694c0 .part L_0x56e45f871290, 392, 8;
L_0x56e45f868f60 .part L_0x56e45f871500, 1408, 32;
L_0x56e45f8699e0 .part L_0x56e45f84d600, 40, 8;
L_0x56e45f869560 .part L_0x56e45f871290, 400, 8;
L_0x56e45f869600 .part L_0x56e45f871500, 1440, 32;
L_0x56e45f869f20 .part L_0x56e45f84d600, 48, 8;
L_0x56e45f869fc0 .part L_0x56e45f871290, 408, 8;
L_0x56e45f869a80 .part L_0x56e45f871500, 1472, 32;
L_0x56e45f86a510 .part L_0x56e45f84d600, 56, 8;
L_0x56e45f86a060 .part L_0x56e45f871290, 416, 8;
L_0x56e45f86a100 .part L_0x56e45f871500, 1504, 32;
L_0x56e45f86aa80 .part L_0x56e45f84d600, 0, 8;
L_0x56e45f86ab20 .part L_0x56e45f871290, 432, 8;
L_0x56e45f86a5b0 .part L_0x56e45f871500, 1536, 32;
L_0x56e45f86b0a0 .part L_0x56e45f84d600, 8, 8;
L_0x56e45f86abc0 .part L_0x56e45f871290, 440, 8;
L_0x56e45f86ac60 .part L_0x56e45f871500, 1568, 32;
L_0x56e45f86b640 .part L_0x56e45f84d600, 16, 8;
L_0x56e45f86b6e0 .part L_0x56e45f871290, 448, 8;
L_0x56e45f86b140 .part L_0x56e45f871500, 1600, 32;
L_0x56e45f86b560 .part L_0x56e45f84d600, 24, 8;
L_0x56e45f86bca0 .part L_0x56e45f871290, 456, 8;
L_0x56e45f86bd40 .part L_0x56e45f871500, 1632, 32;
L_0x56e45f86bb00 .part L_0x56e45f84d600, 32, 8;
L_0x56e45f86bba0 .part L_0x56e45f871290, 464, 8;
L_0x56e45f86c320 .part L_0x56e45f871500, 1664, 32;
L_0x56e45f86c6b0 .part L_0x56e45f84d600, 40, 8;
L_0x56e45f86bde0 .part L_0x56e45f871290, 472, 8;
L_0x56e45f86beb0 .part L_0x56e45f871500, 1696, 32;
L_0x56e45f86ccb0 .part L_0x56e45f84d600, 48, 8;
L_0x56e45f86cd50 .part L_0x56e45f871290, 480, 8;
L_0x56e45f86c750 .part L_0x56e45f871500, 1728, 32;
L_0x56e45f86cba0 .part L_0x56e45f84d600, 56, 8;
L_0x56e45f86d370 .part L_0x56e45f871290, 488, 8;
L_0x56e45f86d410 .part L_0x56e45f871500, 1760, 32;
L_0x56e45f86d170 .part L_0x56e45f84d600, 0, 8;
L_0x56e45f86d210 .part L_0x56e45f871290, 504, 8;
L_0x56e45f86d2b0 .part L_0x56e45f871500, 1792, 32;
L_0x56e45f86ddd0 .part L_0x56e45f84d600, 8, 8;
L_0x56e45f86d4b0 .part L_0x56e45f871290, 512, 8;
L_0x56e45f86d550 .part L_0x56e45f871500, 1824, 32;
L_0x56e45f86d9a0 .part L_0x56e45f84d600, 16, 8;
L_0x56e45f86e430 .part L_0x56e45f871290, 520, 8;
L_0x56e45f86de70 .part L_0x56e45f871500, 1856, 32;
L_0x56e45f86e2c0 .part L_0x56e45f84d600, 24, 8;
L_0x56e45f86e360 .part L_0x56e45f871290, 528, 8;
L_0x56e45f86eab0 .part L_0x56e45f871500, 1888, 32;
L_0x56e45f86e850 .part L_0x56e45f84d600, 32, 8;
L_0x56e45f86e8f0 .part L_0x56e45f871290, 536, 8;
L_0x56e45f86e990 .part L_0x56e45f871500, 1920, 32;
L_0x56e45f8704c0 .part L_0x56e45f84d600, 40, 8;
L_0x56e45f86eb50 .part L_0x56e45f871290, 544, 8;
L_0x56e45f86ebf0 .part L_0x56e45f871500, 1952, 32;
L_0x56e45f86f040 .part L_0x56e45f84d600, 48, 8;
L_0x56e45f871390 .part L_0x56e45f871290, 552, 8;
L_0x56e45f870d70 .part L_0x56e45f871500, 1984, 32;
L_0x56e45f871150 .part L_0x56e45f84d600, 56, 8;
L_0x56e45f8711f0 .part L_0x56e45f871290, 560, 8;
LS_0x56e45f871290_0_0 .concat8 [ 8 8 8 8], L_0x56e45f84f260, v0x56e45f63af90_0, v0x56e45f653690_0, v0x56e45f66bd90_0;
LS_0x56e45f871290_0_4 .concat8 [ 8 8 8 8], v0x56e45f684490_0, v0x56e45f69cb90_0, v0x56e45f6b59f0_0, v0x56e45f6cddb0_0;
LS_0x56e45f871290_0_8 .concat8 [ 8 8 8 8], v0x56e45f6e53a0_0, L_0x56e45f84f300, v0x56e45f714a70_0, v0x56e45f72d170_0;
LS_0x56e45f871290_0_12 .concat8 [ 8 8 8 8], v0x56e45f745870_0, v0x56e45f75df70_0, v0x56e45f776670_0, v0x56e45f78ed70_0;
LS_0x56e45f871290_0_16 .concat8 [ 8 8 8 8], v0x56e45f7a74b0_0, v0x56e45f7c3f20_0, L_0x56e45f84f3f0, v0x56e45f7a7090_0;
LS_0x56e45f871290_0_20 .concat8 [ 8 8 8 8], v0x56e45f6d73f0_0, v0x56e45f711c30_0, v0x56e45f7b09b0_0, v0x56e45f7a1550_0;
LS_0x56e45f871290_0_24 .concat8 [ 8 8 8 8], v0x56e45f78f710_0, v0x56e45f77fbb0_0, v0x56e45f76ac90_0, L_0x56e45f84f490;
LS_0x56e45f871290_0_28 .concat8 [ 8 8 8 8], v0x56e45f754f70_0, v0x56e45f743130_0, v0x56e45f72db10_0, v0x56e45f71b5d0_0;
LS_0x56e45f871290_0_32 .concat8 [ 8 8 8 8], v0x56e45f6167b0_0, v0x56e45f610cf0_0, v0x56e45f6a91b0_0, v0x56e45f696c70_0;
LS_0x56e45f871290_0_36 .concat8 [ 8 8 8 8], L_0x56e45f84f530, v0x56e45f681d50_0, v0x56e45f66f110_0, v0x56e45f65d2d0_0;
LS_0x56e45f871290_0_40 .concat8 [ 8 8 8 8], v0x56e45f64a690_0, v0x56e45f635770_0, v0x56e45f7ad190_0, v0x56e45f763c90_0;
LS_0x56e45f871290_0_44 .concat8 [ 8 8 8 8], v0x56e45f71d910_0, L_0x56e45f84f5d0, v0x56e45f699610_0, v0x56e45f65f570_0;
LS_0x56e45f871290_0_48 .concat8 [ 8 8 8 8], v0x56e45f616070_0, v0x56e45f674800_0, v0x56e45f64fd80_0, v0x56e45f62e4c0_0;
LS_0x56e45f871290_0_52 .concat8 [ 8 8 8 8], v0x56e45f705fb0_0, v0x56e45f6f9d10_0, L_0x56e45f84f6b0, v0x56e45f6cab50_0;
LS_0x56e45f871290_0_56 .concat8 [ 8 8 8 8], v0x56e45f4874a0_0, v0x56e45f7c8aa0_0, v0x56e45f7c9e70_0, v0x56e45f7cb260_0;
LS_0x56e45f871290_0_60 .concat8 [ 8 8 8 8], v0x56e45f7cc630_0, v0x56e45f7cda00_0, v0x56e45f7cedd0_0, L_0x56e45f84f750;
LS_0x56e45f871290_0_64 .concat8 [ 8 8 8 8], v0x56e45f7d0480_0, v0x56e45f7d1850_0, v0x56e45f7d2c30_0, v0x56e45f7d4000_0;
LS_0x56e45f871290_0_68 .concat8 [ 8 8 8 8], v0x56e45f7d53f0_0, v0x56e45f7d67c0_0, v0x56e45f7d7b90_0, v0x56e45f7d8f60_0;
LS_0x56e45f871290_1_0 .concat8 [ 32 32 32 32], LS_0x56e45f871290_0_0, LS_0x56e45f871290_0_4, LS_0x56e45f871290_0_8, LS_0x56e45f871290_0_12;
LS_0x56e45f871290_1_4 .concat8 [ 32 32 32 32], LS_0x56e45f871290_0_16, LS_0x56e45f871290_0_20, LS_0x56e45f871290_0_24, LS_0x56e45f871290_0_28;
LS_0x56e45f871290_1_8 .concat8 [ 32 32 32 32], LS_0x56e45f871290_0_32, LS_0x56e45f871290_0_36, LS_0x56e45f871290_0_40, LS_0x56e45f871290_0_44;
LS_0x56e45f871290_1_12 .concat8 [ 32 32 32 32], LS_0x56e45f871290_0_48, LS_0x56e45f871290_0_52, LS_0x56e45f871290_0_56, LS_0x56e45f871290_0_60;
LS_0x56e45f871290_1_16 .concat8 [ 32 32 0 0], LS_0x56e45f871290_0_64, LS_0x56e45f871290_0_68;
LS_0x56e45f871290_2_0 .concat8 [ 128 128 128 128], LS_0x56e45f871290_1_0, LS_0x56e45f871290_1_4, LS_0x56e45f871290_1_8, LS_0x56e45f871290_1_12;
LS_0x56e45f871290_2_4 .concat8 [ 64 0 0 0], LS_0x56e45f871290_1_16;
L_0x56e45f871290 .concat8 [ 512 64 0 0], LS_0x56e45f871290_2_0, LS_0x56e45f871290_2_4;
L_0x56e45f871430 .part L_0x56e45f871500, 2016, 32;
LS_0x56e45f871500_0_0 .concat8 [ 256 32 32 32], L_0x79ed4f559418, v0x56e45f63e7d0_0, v0x56e45f656ed0_0, v0x56e45f66f5d0_0;
LS_0x56e45f871500_0_4 .concat8 [ 32 32 32 32], v0x56e45f687cd0_0, v0x56e45f6a03d0_0, v0x56e45f6bb490_0, v0x56e45f6e6960_0;
LS_0x56e45f871500_0_8 .concat8 [ 32 32 32 32], v0x56e45f6ffb70_0, v0x56e45f71ac30_0, v0x56e45f7309b0_0, v0x56e45f7490b0_0;
LS_0x56e45f871500_0_12 .concat8 [ 32 32 32 32], v0x56e45f7617b0_0, v0x56e45f779eb0_0, v0x56e45f7925b0_0, v0x56e45f7aacb0_0;
LS_0x56e45f871500_0_16 .concat8 [ 32 32 32 32], v0x56e45f6fc370_0, v0x56e45f6fefd0_0, v0x56e45f6bb090_0, v0x56e45f70eb50_0;
LS_0x56e45f871500_0_20 .concat8 [ 32 32 32 32], v0x56e45f7ad8d0_0, v0x56e45f79e470_0, v0x56e45f78c630_0, v0x56e45f77cad0_0;
LS_0x56e45f871500_0_24 .concat8 [ 32 32 32 32], v0x56e45f767bb0_0, v0x56e45f751f50_0, v0x56e45f73f950_0, v0x56e45f72aa30_0;
LS_0x56e45f871500_0_28 .concat8 [ 32 32 32 32], v0x56e45f7185b0_0, v0x56e45f6c8170_0, v0x56e45f6b86d0_0, v0x56e45f6a60d0_0;
LS_0x56e45f871500_0_32 .concat8 [ 32 32 32 32], v0x56e45f693b90_0, v0x56e45f67ec70_0, v0x56e45f66c0f0_0, v0x56e45f65a1f0_0;
LS_0x56e45f871500_0_36 .concat8 [ 32 32 32 32], v0x56e45f644bd0_0, v0x56e45f632690_0, v0x56e45f79ac50_0, v0x56e45f751750_0;
LS_0x56e45f871500_0_40 .concat8 [ 32 32 32 32], v0x56e45f708250_0, v0x56e45f693450_0, v0x56e45f64d030_0, v0x56e45f6930c0_0;
LS_0x56e45f871500_0_44 .concat8 [ 32 32 32 32], v0x56e45f6717e0_0, v0x56e45f64cd60_0, v0x56e45f628240_0, v0x56e45f7613b0_0;
LS_0x56e45f871500_0_48 .concat8 [ 32 32 32 32], v0x56e45f6f9530_0, v0x56e45f4c3a90_0, v0x56e45f487710_0, v0x56e45f7c8d10_0;
LS_0x56e45f871500_0_52 .concat8 [ 32 32 32 32], v0x56e45f7ca0e0_0, v0x56e45f7cb4d0_0, v0x56e45f7cc8a0_0, v0x56e45f7cdc70_0;
LS_0x56e45f871500_0_56 .concat8 [ 32 32 32 32], v0x56e45f7cf040_0, v0x56e45f7d06f0_0, v0x56e45f7d1ac0_0, v0x56e45f7d2ea0_0;
LS_0x56e45f871500_0_60 .concat8 [ 32 32 32 32], v0x56e45f7d4270_0, v0x56e45f7d5660_0, v0x56e45f7d6a30_0, v0x56e45f7d7e00_0;
LS_0x56e45f871500_0_64 .concat8 [ 32 0 0 0], v0x56e45f7d9140_0;
LS_0x56e45f871500_1_0 .concat8 [ 352 128 128 128], LS_0x56e45f871500_0_0, LS_0x56e45f871500_0_4, LS_0x56e45f871500_0_8, LS_0x56e45f871500_0_12;
LS_0x56e45f871500_1_4 .concat8 [ 128 128 128 128], LS_0x56e45f871500_0_16, LS_0x56e45f871500_0_20, LS_0x56e45f871500_0_24, LS_0x56e45f871500_0_28;
LS_0x56e45f871500_1_8 .concat8 [ 128 128 128 128], LS_0x56e45f871500_0_32, LS_0x56e45f871500_0_36, LS_0x56e45f871500_0_40, LS_0x56e45f871500_0_44;
LS_0x56e45f871500_1_12 .concat8 [ 128 128 128 128], LS_0x56e45f871500_0_48, LS_0x56e45f871500_0_52, LS_0x56e45f871500_0_56, LS_0x56e45f871500_0_60;
LS_0x56e45f871500_1_16 .concat8 [ 32 0 0 0], LS_0x56e45f871500_0_64;
LS_0x56e45f871500_2_0 .concat8 [ 736 512 512 512], LS_0x56e45f871500_1_0, LS_0x56e45f871500_1_4, LS_0x56e45f871500_1_8, LS_0x56e45f871500_1_12;
LS_0x56e45f871500_2_4 .concat8 [ 32 0 0 0], LS_0x56e45f871500_1_16;
L_0x56e45f871500 .concat8 [ 2272 32 0 0], LS_0x56e45f871500_2_0, LS_0x56e45f871500_2_4;
S_0x56e45f66e9f0 .scope generate, "act_feed[0]" "act_feed[0]" 7 88, 7 88 0, S_0x56e45f69c710;
 .timescale -9 -12;
P_0x56e45f613b50 .param/l "r" 1 7 88, +C4<00>;
v0x56e45f616510_0 .net *"_ivl_0", 7 0, L_0x56e45f84f260;  1 drivers
S_0x56e45f671ad0 .scope generate, "act_feed[1]" "act_feed[1]" 7 88, 7 88 0, S_0x56e45f69c710;
 .timescale -9 -12;
P_0x56e45f616cc0 .param/l "r" 1 7 88, +C4<01>;
v0x56e45f619d10_0 .net *"_ivl_0", 7 0, L_0x56e45f84f300;  1 drivers
S_0x56e45f674bb0 .scope generate, "act_feed[2]" "act_feed[2]" 7 88, 7 88 0, S_0x56e45f69c710;
 .timescale -9 -12;
P_0x56e45f61c6d0 .param/l "r" 1 7 88, +C4<010>;
v0x56e45f61cdf0_0 .net *"_ivl_0", 7 0, L_0x56e45f84f3f0;  1 drivers
S_0x56e45f684010 .scope generate, "act_feed[3]" "act_feed[3]" 7 88, 7 88 0, S_0x56e45f69c710;
 .timescale -9 -12;
P_0x56e45f61f7b0 .param/l "r" 1 7 88, +C4<011>;
v0x56e45f61fed0_0 .net *"_ivl_0", 7 0, L_0x56e45f84f490;  1 drivers
S_0x56e45f6870f0 .scope generate, "act_feed[4]" "act_feed[4]" 7 88, 7 88 0, S_0x56e45f69c710;
 .timescale -9 -12;
P_0x56e45f622950 .param/l "r" 1 7 88, +C4<0100>;
v0x56e45f625970_0 .net *"_ivl_0", 7 0, L_0x56e45f84f530;  1 drivers
S_0x56e45f68a1d0 .scope generate, "act_feed[5]" "act_feed[5]" 7 88, 7 88 0, S_0x56e45f69c710;
 .timescale -9 -12;
P_0x56e45f626090 .param/l "r" 1 7 88, +C4<0101>;
v0x56e45f628a50_0 .net *"_ivl_0", 7 0, L_0x56e45f84f5d0;  1 drivers
S_0x56e45f68d2b0 .scope generate, "act_feed[6]" "act_feed[6]" 7 88, 7 88 0, S_0x56e45f69c710;
 .timescale -9 -12;
P_0x56e45f629170 .param/l "r" 1 7 88, +C4<0110>;
v0x56e45f62bb30_0 .net *"_ivl_0", 7 0, L_0x56e45f84f6b0;  1 drivers
S_0x56e45f66b910 .scope generate, "act_feed[7]" "act_feed[7]" 7 88, 7 88 0, S_0x56e45f69c710;
 .timescale -9 -12;
P_0x56e45f62c250 .param/l "r" 1 7 88, +C4<0111>;
v0x56e45f62ec10_0 .net *"_ivl_0", 7 0, L_0x56e45f84f750;  1 drivers
S_0x56e45f63dbf0 .scope generate, "gen_row[0]" "gen_row[0]" 7 99, 7 99 0, S_0x56e45f69c710;
 .timescale -9 -12;
P_0x56e45f622900 .param/l "row" 1 7 99, +C4<00>;
S_0x56e45f640cd0 .scope generate, "gen_col[0]" "gen_col[0]" 7 100, 7 100 0, S_0x56e45f63dbf0;
 .timescale -9 -12;
P_0x56e45f631cf0 .param/l "col" 1 7 100, +C4<00>;
L_0x56e45f84dca0 .functor AND 1, v0x56e45f7e2030_0, L_0x56e45f84f9f0, C4<1>, C4<1>;
v0x56e45f647310_0 .net *"_ivl_0", 3 0, L_0x56e45f84f950;  1 drivers
L_0x79ed4f557018 .functor BUFT 1, C4<0>, C4<0>, C4<0>, C4<0>;
v0x56e45f647a70_0 .net *"_ivl_3", 0 0, L_0x79ed4f557018;  1 drivers
L_0x79ed4f557060 .functor BUFT 1, C4<0000>, C4<0>, C4<0>, C4<0>;
v0x56e45f64a3f0_0 .net/2u *"_ivl_4", 3 0, L_0x79ed4f557060;  1 drivers
v0x56e45f64ab50_0 .net *"_ivl_6", 0 0, L_0x56e45f84f9f0;  1 drivers
L_0x56e45f84f950 .concat [ 3 1 0 0], v0x56e45f7e2120_0, L_0x79ed4f557018;
L_0x56e45f84f9f0 .cmp/eq 4, L_0x56e45f84f950, L_0x79ed4f557060;
S_0x56e45f643db0 .scope module, "u_pe" "pe" 7 101, 8 30 0, S_0x56e45f640cd0;
 .timescale -9 -12;
    .port_info 0 /INPUT 1 "clk";
    .port_info 1 /INPUT 1 "rst_n";
    .port_info 2 /INPUT 1 "weight_load";
    .port_info 3 /INPUT 8 "weight_in";
    .port_info 4 /INPUT 8 "act_in";
    .port_info 5 /OUTPUT 8 "act_out";
    .port_info 6 /INPUT 32 "psum_in";
    .port_info 7 /OUTPUT 32 "psum_out";
P_0x56e45f632460 .param/l "ACC_W" 0 8 32, +C4<00000000000000000000000000100000>;
P_0x56e45f6324a0 .param/l "DATA_W" 0 8 31, +C4<00000000000000000000000000001000>;
v0x56e45f6385d0_0 .net "act_in", 7 0, L_0x56e45f84fb80;  1 drivers
v0x56e45f63af90_0 .var "act_out", 7 0;
v0x56e45f63b6f0_0 .net "clk", 0 0, v0x56e45f7e5320_0;  alias, 1 drivers
v0x56e45f63e070_0 .net "psum_in", 31 0, L_0x56e45f84fc80;  1 drivers
v0x56e45f63e7d0_0 .var "psum_out", 31 0;
v0x56e45f641150_0 .net "rst_n", 0 0, v0x56e45f7e53c0_0;  alias, 1 drivers
v0x56e45f6418b0_0 .net "weight_in", 7 0, L_0x56e45f84fae0;  1 drivers
v0x56e45f644230_0 .net "weight_load", 0 0, L_0x56e45f84dca0;  1 drivers
v0x56e45f644990_0 .var "weight_reg", 7 0;
E_0x56e45f7c7840 .event posedge, v0x56e45f63b6f0_0;
S_0x56e45f653210 .scope generate, "gen_col[1]" "gen_col[1]" 7 100, 7 100 0, S_0x56e45f63dbf0;
 .timescale -9 -12;
P_0x56e45f63b050 .param/l "col" 1 7 100, +C4<01>;
L_0x56e45f84ffd0 .functor AND 1, v0x56e45f7e2030_0, L_0x56e45f84feb0, C4<1>, C4<1>;
v0x56e45f65fa10_0 .net *"_ivl_0", 3 0, L_0x56e45f84fd80;  1 drivers
L_0x79ed4f5570a8 .functor BUFT 1, C4<0>, C4<0>, C4<0>, C4<0>;
v0x56e45f660170_0 .net *"_ivl_3", 0 0, L_0x79ed4f5570a8;  1 drivers
L_0x79ed4f5570f0 .functor BUFT 1, C4<0000>, C4<0>, C4<0>, C4<0>;
v0x56e45f662af0_0 .net/2u *"_ivl_4", 3 0, L_0x79ed4f5570f0;  1 drivers
v0x56e45f663250_0 .net *"_ivl_6", 0 0, L_0x56e45f84feb0;  1 drivers
L_0x56e45f84fd80 .concat [ 3 1 0 0], v0x56e45f7e2120_0, L_0x79ed4f5570a8;
L_0x56e45f84feb0 .cmp/eq 4, L_0x56e45f84fd80, L_0x79ed4f5570f0;
S_0x56e45f6562f0 .scope module, "u_pe" "pe" 7 101, 8 30 0, S_0x56e45f653210;
 .timescale -9 -12;
    .port_info 0 /INPUT 1 "clk";
    .port_info 1 /INPUT 1 "rst_n";
    .port_info 2 /INPUT 1 "weight_load";
    .port_info 3 /INPUT 8 "weight_in";
    .port_info 4 /INPUT 8 "act_in";
    .port_info 5 /OUTPUT 8 "act_out";
    .port_info 6 /INPUT 32 "psum_in";
    .port_info 7 /OUTPUT 32 "psum_out";
P_0x56e45f64d4d0 .param/l "ACC_W" 0 8 32, +C4<00000000000000000000000000100000>;
P_0x56e45f64d510 .param/l "DATA_W" 0 8 31, +C4<00000000000000000000000000001000>;
v0x56e45f650d10_0 .net "act_in", 7 0, L_0x56e45f8501e0;  1 drivers
v0x56e45f653690_0 .var "act_out", 7 0;
v0x56e45f653df0_0 .net "clk", 0 0, v0x56e45f7e5320_0;  alias, 1 drivers
v0x56e45f656770_0 .net "psum_in", 31 0, L_0x56e45f850280;  1 drivers
v0x56e45f656ed0_0 .var "psum_out", 31 0;
v0x56e45f659850_0 .net "rst_n", 0 0, v0x56e45f7e53c0_0;  alias, 1 drivers
v0x56e45f659fb0_0 .net "weight_in", 7 0, L_0x56e45f850040;  1 drivers
v0x56e45f65c930_0 .net "weight_load", 0 0, L_0x56e45f84ffd0;  1 drivers
v0x56e45f65d090_0 .var "weight_reg", 7 0;
S_0x56e45f6593d0 .scope generate, "gen_col[2]" "gen_col[2]" 7 100, 7 100 0, S_0x56e45f63dbf0;
 .timescale -9 -12;
P_0x56e45f653750 .param/l "col" 1 7 100, +C4<010>;
L_0x56e45f850170 .functor AND 1, v0x56e45f7e2030_0, L_0x56e45f850560, C4<1>, C4<1>;
v0x56e45f678110_0 .net *"_ivl_0", 3 0, L_0x56e45f8503f0;  1 drivers
L_0x79ed4f557138 .functor BUFT 1, C4<0>, C4<0>, C4<0>, C4<0>;
v0x56e45f678870_0 .net *"_ivl_3", 0 0, L_0x79ed4f557138;  1 drivers
L_0x79ed4f557180 .functor BUFT 1, C4<0000>, C4<0>, C4<0>, C4<0>;
v0x56e45f67b1f0_0 .net/2u *"_ivl_4", 3 0, L_0x79ed4f557180;  1 drivers
v0x56e45f67b950_0 .net *"_ivl_6", 0 0, L_0x56e45f850560;  1 drivers
L_0x56e45f8503f0 .concat [ 3 1 0 0], v0x56e45f7e2120_0, L_0x79ed4f557138;
L_0x56e45f850560 .cmp/eq 4, L_0x56e45f8503f0, L_0x79ed4f557180;
S_0x56e45f65c4b0 .scope module, "u_pe" "pe" 7 101, 8 30 0, S_0x56e45f6593d0;
 .timescale -9 -12;
    .port_info 0 /INPUT 1 "clk";
    .port_info 1 /INPUT 1 "rst_n";
    .port_info 2 /INPUT 1 "weight_load";
    .port_info 3 /INPUT 8 "weight_in";
    .port_info 4 /INPUT 8 "act_in";
    .port_info 5 /OUTPUT 8 "act_out";
    .port_info 6 /INPUT 32 "psum_in";
    .port_info 7 /OUTPUT 32 "psum_out";
P_0x56e45f665bd0 .param/l "ACC_W" 0 8 32, +C4<00000000000000000000000000100000>;
P_0x56e45f665c10 .param/l "DATA_W" 0 8 31, +C4<00000000000000000000000000001000>;
v0x56e45f669410_0 .net "act_in", 7 0, L_0x56e45f850790;  1 drivers
v0x56e45f66bd90_0 .var "act_out", 7 0;
v0x56e45f66c4f0_0 .net "clk", 0 0, v0x56e45f7e5320_0;  alias, 1 drivers
v0x56e45f66ee70_0 .net "psum_in", 31 0, L_0x56e45f8508c0;  1 drivers
v0x56e45f66f5d0_0 .var "psum_out", 31 0;
v0x56e45f671f50_0 .net "rst_n", 0 0, v0x56e45f7e53c0_0;  alias, 1 drivers
v0x56e45f6726b0_0 .net "weight_in", 7 0, L_0x56e45f8506f0;  1 drivers
v0x56e45f675030_0 .net "weight_load", 0 0, L_0x56e45f850170;  1 drivers
v0x56e45f675790_0 .var "weight_reg", 7 0;
S_0x56e45f63ab10 .scope generate, "gen_col[3]" "gen_col[3]" 7 100, 7 100 0, S_0x56e45f63dbf0;
 .timescale -9 -12;
P_0x56e45f6750f0 .param/l "col" 1 7 100, +C4<011>;
L_0x56e45f850c50 .functor AND 1, v0x56e45f7e2030_0, L_0x56e45f850ae0, C4<1>, C4<1>;
v0x56e45f690810_0 .net *"_ivl_0", 3 0, L_0x56e45f850990;  1 drivers
L_0x79ed4f5571c8 .functor BUFT 1, C4<0>, C4<0>, C4<0>, C4<0>;
v0x56e45f690f70_0 .net *"_ivl_3", 0 0, L_0x79ed4f5571c8;  1 drivers
L_0x79ed4f557210 .functor BUFT 1, C4<0000>, C4<0>, C4<0>, C4<0>;
v0x56e45f6938f0_0 .net/2u *"_ivl_4", 3 0, L_0x79ed4f557210;  1 drivers
v0x56e45f694050_0 .net *"_ivl_6", 0 0, L_0x56e45f850ae0;  1 drivers
L_0x56e45f850990 .concat [ 3 1 0 0], v0x56e45f7e2120_0, L_0x79ed4f5571c8;
L_0x56e45f850ae0 .cmp/eq 4, L_0x56e45f850990, L_0x79ed4f557210;
S_0x56e45f62b6b0 .scope module, "u_pe" "pe" 7 101, 8 30 0, S_0x56e45f63ab10;
 .timescale -9 -12;
    .port_info 0 /INPUT 1 "clk";
    .port_info 1 /INPUT 1 "rst_n";
    .port_info 2 /INPUT 1 "weight_load";
    .port_info 3 /INPUT 8 "weight_in";
    .port_info 4 /INPUT 8 "act_in";
    .port_info 5 /OUTPUT 8 "act_out";
    .port_info 6 /INPUT 32 "psum_in";
    .port_info 7 /OUTPUT 32 "psum_out";
P_0x56e45f67e2d0 .param/l "ACC_W" 0 8 32, +C4<00000000000000000000000000100000>;
P_0x56e45f67e310 .param/l "DATA_W" 0 8 31, +C4<00000000000000000000000000001000>;
v0x56e45f681b10_0 .net "act_in", 7 0, L_0x56e45f850e50;  1 drivers
v0x56e45f684490_0 .var "act_out", 7 0;
v0x56e45f684bf0_0 .net "clk", 0 0, v0x56e45f7e5320_0;  alias, 1 drivers
v0x56e45f687570_0 .net "psum_in", 31 0, L_0x56e45f850ef0;  1 drivers
v0x56e45f687cd0_0 .var "psum_out", 31 0;
v0x56e45f68a650_0 .net "rst_n", 0 0, v0x56e45f7e53c0_0;  alias, 1 drivers
v0x56e45f68adb0_0 .net "weight_in", 7 0, L_0x56e45f850d10;  1 drivers
v0x56e45f68d730_0 .net "weight_load", 0 0, L_0x56e45f850c50;  1 drivers
v0x56e45f68de90_0 .var "weight_reg", 7 0;
S_0x56e45f6d7ce0 .scope generate, "gen_col[4]" "gen_col[4]" 7 100, 7 100 0, S_0x56e45f63dbf0;
 .timescale -9 -12;
P_0x56e45f68d7f0 .param/l "col" 1 7 100, +C4<0100>;
L_0x56e45f8512c0 .functor AND 1, v0x56e45f7e2030_0, L_0x56e45f8511f0, C4<1>, C4<1>;
v0x56e45f6a9670_0 .net *"_ivl_0", 3 0, L_0x56e45f850db0;  1 drivers
L_0x79ed4f557258 .functor BUFT 1, C4<0>, C4<0>, C4<0>, C4<0>;
v0x56e45f6abff0_0 .net *"_ivl_3", 0 0, L_0x79ed4f557258;  1 drivers
L_0x79ed4f5572a0 .functor BUFT 1, C4<0000>, C4<0>, C4<0>, C4<0>;
v0x56e45f6ac750_0 .net/2u *"_ivl_4", 3 0, L_0x79ed4f5572a0;  1 drivers
v0x56e45f6af0d0_0 .net *"_ivl_6", 0 0, L_0x56e45f8511f0;  1 drivers
L_0x56e45f850db0 .concat [ 3 1 0 0], v0x56e45f7e2120_0, L_0x79ed4f557258;
L_0x56e45f8511f0 .cmp/eq 4, L_0x56e45f850db0, L_0x79ed4f5572a0;
S_0x56e45f7b60a0 .scope module, "u_pe" "pe" 7 101, 8 30 0, S_0x56e45f6d7ce0;
 .timescale -9 -12;
    .port_info 0 /INPUT 1 "clk";
    .port_info 1 /INPUT 1 "rst_n";
    .port_info 2 /INPUT 1 "weight_load";
    .port_info 3 /INPUT 8 "weight_in";
    .port_info 4 /INPUT 8 "act_in";
    .port_info 5 /OUTPUT 8 "act_out";
    .port_info 6 /INPUT 32 "psum_in";
    .port_info 7 /OUTPUT 32 "psum_out";
P_0x56e45f6969d0 .param/l "ACC_W" 0 8 32, +C4<00000000000000000000000000100000>;
P_0x56e45f696a10 .param/l "DATA_W" 0 8 31, +C4<00000000000000000000000000001000>;
v0x56e45f69a210_0 .net "act_in", 7 0, L_0x56e45f851420;  1 drivers
v0x56e45f69cb90_0 .var "act_out", 7 0;
v0x56e45f69d2f0_0 .net "clk", 0 0, v0x56e45f7e5320_0;  alias, 1 drivers
v0x56e45f69fc70_0 .net "psum_in", 31 0, L_0x56e45f851580;  1 drivers
v0x56e45f6a03d0_0 .var "psum_out", 31 0;
v0x56e45f6a2d50_0 .net "rst_n", 0 0, v0x56e45f7e53c0_0;  alias, 1 drivers
v0x56e45f6a5e30_0 .net "weight_in", 7 0, L_0x56e45f851380;  1 drivers
v0x56e45f6a6590_0 .net "weight_load", 0 0, L_0x56e45f8512c0;  1 drivers
v0x56e45f6a8f10_0 .var "weight_reg", 7 0;
S_0x56e45f7b2fc0 .scope generate, "gen_col[5]" "gen_col[5]" 7 100, 7 100 0, S_0x56e45f63dbf0;
 .timescale -9 -12;
P_0x56e45f699b80 .param/l "col" 1 7 100, +C4<0101>;
L_0x56e45f851a20 .functor AND 1, v0x56e45f7e2030_0, L_0x56e45f8518b0, C4<1>, C4<1>;
v0x56e45f6c1d70_0 .net *"_ivl_0", 3 0, L_0x56e45f851650;  1 drivers
L_0x79ed4f5572e8 .functor BUFT 1, C4<0>, C4<0>, C4<0>, C4<0>;
v0x56e45f6c4730_0 .net *"_ivl_3", 0 0, L_0x79ed4f5572e8;  1 drivers
L_0x79ed4f557330 .functor BUFT 1, C4<0000>, C4<0>, C4<0>, C4<0>;
v0x56e45f6c4e50_0 .net/2u *"_ivl_4", 3 0, L_0x79ed4f557330;  1 drivers
v0x56e45f6c7810_0 .net *"_ivl_6", 0 0, L_0x56e45f8518b0;  1 drivers
L_0x56e45f851650 .concat [ 3 1 0 0], v0x56e45f7e2120_0, L_0x79ed4f5572e8;
L_0x56e45f8518b0 .cmp/eq 4, L_0x56e45f851650, L_0x79ed4f557330;
S_0x56e45f7afee0 .scope module, "u_pe" "pe" 7 101, 8 30 0, S_0x56e45f7b2fc0;
 .timescale -9 -12;
    .port_info 0 /INPUT 1 "clk";
    .port_info 1 /INPUT 1 "rst_n";
    .port_info 2 /INPUT 1 "weight_load";
    .port_info 3 /INPUT 8 "weight_in";
    .port_info 4 /INPUT 8 "act_in";
    .port_info 5 /OUTPUT 8 "act_out";
    .port_info 6 /INPUT 32 "psum_in";
    .port_info 7 /OUTPUT 32 "psum_out";
P_0x56e45f6af830 .param/l "ACC_W" 0 8 32, +C4<00000000000000000000000000100000>;
P_0x56e45f6af870 .param/l "DATA_W" 0 8 31, +C4<00000000000000000000000000001000>;
v0x56e45f6b5290_0 .net "act_in", 7 0, L_0x56e45f851e70;  1 drivers
v0x56e45f6b59f0_0 .var "act_out", 7 0;
v0x56e45f6b83b0_0 .net "clk", 0 0, v0x56e45f7e5320_0;  alias, 1 drivers
v0x56e45f6b8ad0_0 .net "psum_in", 31 0, L_0x56e45f851f10;  1 drivers
v0x56e45f6bb490_0 .var "psum_out", 31 0;
v0x56e45f6bbbb0_0 .net "rst_n", 0 0, v0x56e45f7e53c0_0;  alias, 1 drivers
v0x56e45f6be570_0 .net "weight_in", 7 0, L_0x56e45f851bf0;  1 drivers
v0x56e45f6bec90_0 .net "weight_load", 0 0, L_0x56e45f851a20;  1 drivers
v0x56e45f6c1650_0 .var "weight_reg", 7 0;
S_0x56e45f7ace00 .scope generate, "gen_col[6]" "gen_col[6]" 7 100, 7 100 0, S_0x56e45f63dbf0;
 .timescale -9 -12;
P_0x56e45f6ac0b0 .param/l "col" 1 7 100, +C4<0110>;
L_0x56e45f852380 .functor AND 1, v0x56e45f7e2030_0, L_0x56e45f852210, C4<1>, C4<1>;
v0x56e45f6e8ed0_0 .net *"_ivl_0", 3 0, L_0x56e45f8520c0;  1 drivers
L_0x79ed4f557378 .functor BUFT 1, C4<0>, C4<0>, C4<0>, C4<0>;
v0x56e45f6e1a30_0 .net *"_ivl_3", 0 0, L_0x79ed4f557378;  1 drivers
L_0x79ed4f5573c0 .functor BUFT 1, C4<0000>, C4<0>, C4<0>, C4<0>;
v0x56e45f6e23c0_0 .net/2u *"_ivl_4", 3 0, L_0x79ed4f5573c0;  1 drivers
v0x56e45f6e2e30_0 .net *"_ivl_6", 0 0, L_0x56e45f852210;  1 drivers
L_0x56e45f8520c0 .concat [ 3 1 0 0], v0x56e45f7e2120_0, L_0x79ed4f557378;
L_0x56e45f852210 .cmp/eq 4, L_0x56e45f8520c0, L_0x79ed4f5573c0;
S_0x56e45f7a9d20 .scope module, "u_pe" "pe" 7 101, 8 30 0, S_0x56e45f7ace00;
 .timescale -9 -12;
    .port_info 0 /INPUT 1 "clk";
    .port_info 1 /INPUT 1 "rst_n";
    .port_info 2 /INPUT 1 "weight_load";
    .port_info 3 /INPUT 8 "weight_in";
    .port_info 4 /INPUT 8 "act_in";
    .port_info 5 /OUTPUT 8 "act_out";
    .port_info 6 /INPUT 32 "psum_in";
    .port_info 7 /OUTPUT 32 "psum_out";
P_0x56e45f6c7f30 .param/l "ACC_W" 0 8 32, +C4<00000000000000000000000000100000>;
P_0x56e45f6c7f70 .param/l "DATA_W" 0 8 31, +C4<00000000000000000000000000001000>;
v0x56e45f6caf20_0 .net "act_in", 7 0, L_0x56e45f8524e0;  1 drivers
v0x56e45f6cddb0_0 .var "act_out", 7 0;
v0x56e45f6e5920_0 .net "clk", 0 0, v0x56e45f7e5320_0;  alias, 1 drivers
v0x56e45f6e6210_0 .net "psum_in", 31 0, L_0x56e45f852670;  1 drivers
v0x56e45f6e6960_0 .var "psum_out", 31 0;
v0x56e45f6e70b0_0 .net "rst_n", 0 0, v0x56e45f7e53c0_0;  alias, 1 drivers
v0x56e45f6e7800_0 .net "weight_in", 7 0, L_0x56e45f852440;  1 drivers
v0x56e45f6e7f50_0 .net "weight_load", 0 0, L_0x56e45f852380;  1 drivers
v0x56e45f6e8730_0 .var "weight_reg", 7 0;
S_0x56e45f7a6c40 .scope generate, "gen_col[7]" "gen_col[7]" 7 100, 7 100 0, S_0x56e45f63dbf0;
 .timescale -9 -12;
P_0x56e45f6bed50 .param/l "col" 1 7 100, +C4<0111>;
L_0x56e45f852a00 .functor AND 1, v0x56e45f7e2030_0, L_0x56e45f852890, C4<1>, C4<1>;
v0x56e45f7086f0_0 .net *"_ivl_0", 3 0, L_0x56e45f852740;  1 drivers
L_0x79ed4f557408 .functor BUFT 1, C4<0>, C4<0>, C4<0>, C4<0>;
v0x56e45f708e10_0 .net *"_ivl_3", 0 0, L_0x79ed4f557408;  1 drivers
L_0x79ed4f557450 .functor BUFT 1, C4<0000>, C4<0>, C4<0>, C4<0>;
v0x56e45f70b7d0_0 .net/2u *"_ivl_4", 3 0, L_0x79ed4f557450;  1 drivers
v0x56e45f70bef0_0 .net *"_ivl_6", 0 0, L_0x56e45f852890;  1 drivers
L_0x56e45f852740 .concat [ 3 1 0 0], v0x56e45f7e2120_0, L_0x79ed4f557408;
L_0x56e45f852890 .cmp/eq 4, L_0x56e45f852740, L_0x79ed4f557450;
S_0x56e45f7a3b60 .scope module, "u_pe" "pe" 7 101, 8 30 0, S_0x56e45f7a6c40;
 .timescale -9 -12;
    .port_info 0 /INPUT 1 "clk";
    .port_info 1 /INPUT 1 "rst_n";
    .port_info 2 /INPUT 1 "weight_load";
    .port_info 3 /INPUT 8 "weight_in";
    .port_info 4 /INPUT 8 "act_in";
    .port_info 5 /OUTPUT 8 "act_out";
    .port_info 6 /INPUT 32 "psum_in";
    .port_info 7 /OUTPUT 32 "psum_out";
P_0x56e45f6e3580 .param/l "ACC_W" 0 8 32, +C4<00000000000000000000000000100000>;
P_0x56e45f6e35c0 .param/l "DATA_W" 0 8 31, +C4<00000000000000000000000000001000>;
v0x56e45f6e4c00_0 .net "act_in", 7 0, L_0x56e45f852c60;  1 drivers
v0x56e45f6e53a0_0 .var "act_out", 7 0;
v0x56e45f6f99b0_0 .net "clk", 0 0, v0x56e45f7e5320_0;  alias, 1 drivers
v0x56e45f6fca90_0 .net "psum_in", 31 0, L_0x56e45f852e10;  1 drivers
v0x56e45f6ffb70_0 .var "psum_out", 31 0;
v0x56e45f702530_0 .net "rst_n", 0 0, v0x56e45f7e53c0_0;  alias, 1 drivers
v0x56e45f702c50_0 .net "weight_in", 7 0, L_0x56e45f852ac0;  1 drivers
v0x56e45f705610_0 .net "weight_load", 0 0, L_0x56e45f852a00;  1 drivers
v0x56e45f705d30_0 .var "weight_reg", 7 0;
S_0x56e45f7a0a80 .scope generate, "gen_row[1]" "gen_row[1]" 7 99, 7 99 0, S_0x56e45f69c710;
 .timescale -9 -12;
P_0x56e45f6e62d0 .param/l "row" 1 7 99, +C4<01>;
S_0x56e45f79d9a0 .scope generate, "gen_col[0]" "gen_col[0]" 7 100, 7 100 0, S_0x56e45f7a0a80;
 .timescale -9 -12;
P_0x56e45f6e2480 .param/l "col" 1 7 100, +C4<00>;
L_0x56e45f8534d0 .functor AND 1, v0x56e45f7e2030_0, L_0x56e45f853360, C4<1>, C4<1>;
v0x56e45f723ed0_0 .net *"_ivl_0", 3 0, L_0x56e45f853100;  1 drivers
L_0x79ed4f557498 .functor BUFT 1, C4<0>, C4<0>, C4<0>, C4<0>;
v0x56e45f7245f0_0 .net *"_ivl_3", 0 0, L_0x79ed4f557498;  1 drivers
L_0x79ed4f5574e0 .functor BUFT 1, C4<0001>, C4<0>, C4<0>, C4<0>;
v0x56e45f726fb0_0 .net/2u *"_ivl_4", 3 0, L_0x79ed4f5574e0;  1 drivers
v0x56e45f727710_0 .net *"_ivl_6", 0 0, L_0x56e45f853360;  1 drivers
L_0x56e45f853100 .concat [ 3 1 0 0], v0x56e45f7e2120_0, L_0x79ed4f557498;
L_0x56e45f853360 .cmp/eq 4, L_0x56e45f853100, L_0x79ed4f5574e0;
S_0x56e45f79a8c0 .scope module, "u_pe" "pe" 7 101, 8 30 0, S_0x56e45f79d9a0;
 .timescale -9 -12;
    .port_info 0 /INPUT 1 "clk";
    .port_info 1 /INPUT 1 "rst_n";
    .port_info 2 /INPUT 1 "weight_load";
    .port_info 3 /INPUT 8 "weight_in";
    .port_info 4 /INPUT 8 "act_in";
    .port_info 5 /OUTPUT 8 "act_out";
    .port_info 6 /INPUT 32 "psum_in";
    .port_info 7 /OUTPUT 32 "psum_out";
P_0x56e45f70e8b0 .param/l "ACC_W" 0 8 32, +C4<00000000000000000000000000100000>;
P_0x56e45f70e8f0 .param/l "DATA_W" 0 8 31, +C4<00000000000000000000000000001000>;
v0x56e45f7120b0_0 .net "act_in", 7 0, L_0x56e45f853630;  1 drivers
v0x56e45f714a70_0 .var "act_out", 7 0;
v0x56e45f715190_0 .net "clk", 0 0, v0x56e45f7e5320_0;  alias, 1 drivers
v0x56e45f718270_0 .net "psum_in", 31 0, L_0x56e45f8537f0;  1 drivers
v0x56e45f71ac30_0 .var "psum_out", 31 0;
v0x56e45f71b350_0 .net "rst_n", 0 0, v0x56e45f7e53c0_0;  alias, 1 drivers
v0x56e45f71e430_0 .net "weight_in", 7 0, L_0x56e45f853590;  1 drivers
v0x56e45f720df0_0 .net "weight_load", 0 0, L_0x56e45f8534d0;  1 drivers
v0x56e45f721510_0 .var "weight_reg", 7 0;
S_0x56e45f7977e0 .scope generate, "gen_col[1]" "gen_col[1]" 7 100, 7 100 0, S_0x56e45f7a0a80;
 .timescale -9 -12;
P_0x56e45f708ed0 .param/l "col" 1 7 100, +C4<01>;
L_0x56e45f853b80 .functor AND 1, v0x56e45f7e2030_0, L_0x56e45f853a10, C4<1>, C4<1>;
v0x56e45f7394f0_0 .net *"_ivl_0", 3 0, L_0x56e45f8538c0;  1 drivers
L_0x79ed4f557528 .functor BUFT 1, C4<0>, C4<0>, C4<0>, C4<0>;
v0x56e45f739c50_0 .net *"_ivl_3", 0 0, L_0x79ed4f557528;  1 drivers
L_0x79ed4f557570 .functor BUFT 1, C4<0001>, C4<0>, C4<0>, C4<0>;
v0x56e45f73c5d0_0 .net/2u *"_ivl_4", 3 0, L_0x79ed4f557570;  1 drivers
v0x56e45f73cd30_0 .net *"_ivl_6", 0 0, L_0x56e45f853a10;  1 drivers
L_0x56e45f8538c0 .concat [ 3 1 0 0], v0x56e45f7e2120_0, L_0x79ed4f557528;
L_0x56e45f853a10 .cmp/eq 4, L_0x56e45f8538c0, L_0x79ed4f557570;
S_0x56e45f794700 .scope module, "u_pe" "pe" 7 101, 8 30 0, S_0x56e45f7977e0;
 .timescale -9 -12;
    .port_info 0 /INPUT 1 "clk";
    .port_info 1 /INPUT 1 "rst_n";
    .port_info 2 /INPUT 1 "weight_load";
    .port_info 3 /INPUT 8 "weight_in";
    .port_info 4 /INPUT 8 "act_in";
    .port_info 5 /OUTPUT 8 "act_out";
    .port_info 6 /INPUT 32 "psum_in";
    .port_info 7 /OUTPUT 32 "psum_out";
P_0x56e45f697130 .param/l "ACC_W" 0 8 32, +C4<00000000000000000000000000100000>;
P_0x56e45f697170 .param/l "DATA_W" 0 8 31, +C4<00000000000000000000000000001000>;
v0x56e45f72a7f0_0 .net "act_in", 7 0, L_0x56e45f8536d0;  1 drivers
v0x56e45f72d170_0 .var "act_out", 7 0;
v0x56e45f72d8d0_0 .net "clk", 0 0, v0x56e45f7e5320_0;  alias, 1 drivers
v0x56e45f730250_0 .net "psum_in", 31 0, L_0x56e45f853e10;  1 drivers
v0x56e45f7309b0_0 .var "psum_out", 31 0;
v0x56e45f733330_0 .net "rst_n", 0 0, v0x56e45f7e53c0_0;  alias, 1 drivers
v0x56e45f733a90_0 .net "weight_in", 7 0, L_0x56e45f853c40;  1 drivers
v0x56e45f736410_0 .net "weight_load", 0 0, L_0x56e45f853b80;  1 drivers
v0x56e45f736b70_0 .var "weight_reg", 7 0;
S_0x56e45f791620 .scope generate, "gen_col[2]" "gen_col[2]" 7 100, 7 100 0, S_0x56e45f7a0a80;
 .timescale -9 -12;
P_0x56e45f7246b0 .param/l "col" 1 7 100, +C4<010>;
L_0x56e45f854280 .functor AND 1, v0x56e45f7e2030_0, L_0x56e45f854110, C4<1>, C4<1>;
v0x56e45f751bf0_0 .net *"_ivl_0", 3 0, L_0x56e45f853ff0;  1 drivers
L_0x79ed4f5575b8 .functor BUFT 1, C4<0>, C4<0>, C4<0>, C4<0>;
v0x56e45f752350_0 .net *"_ivl_3", 0 0, L_0x79ed4f5575b8;  1 drivers
L_0x79ed4f557600 .functor BUFT 1, C4<0001>, C4<0>, C4<0>, C4<0>;
v0x56e45f754cd0_0 .net/2u *"_ivl_4", 3 0, L_0x79ed4f557600;  1 drivers
v0x56e45f755430_0 .net *"_ivl_6", 0 0, L_0x56e45f854110;  1 drivers
L_0x56e45f853ff0 .concat [ 3 1 0 0], v0x56e45f7e2120_0, L_0x79ed4f5575b8;
L_0x56e45f854110 .cmp/eq 4, L_0x56e45f853ff0, L_0x79ed4f557600;
S_0x56e45f78e540 .scope module, "u_pe" "pe" 7 101, 8 30 0, S_0x56e45f791620;
 .timescale -9 -12;
    .port_info 0 /INPUT 1 "clk";
    .port_info 1 /INPUT 1 "rst_n";
    .port_info 2 /INPUT 1 "weight_load";
    .port_info 3 /INPUT 8 "weight_in";
    .port_info 4 /INPUT 8 "act_in";
    .port_info 5 /OUTPUT 8 "act_out";
    .port_info 6 /INPUT 32 "psum_in";
    .port_info 7 /OUTPUT 32 "psum_out";
P_0x56e45f73f6b0 .param/l "ACC_W" 0 8 32, +C4<00000000000000000000000000100000>;
P_0x56e45f73f6f0 .param/l "DATA_W" 0 8 31, +C4<00000000000000000000000000001000>;
v0x56e45f742ef0_0 .net "act_in", 7 0, L_0x56e45f8543e0;  1 drivers
v0x56e45f745870_0 .var "act_out", 7 0;
v0x56e45f745fd0_0 .net "clk", 0 0, v0x56e45f7e5320_0;  alias, 1 drivers
v0x56e45f748950_0 .net "psum_in", 31 0, L_0x56e45f8545d0;  1 drivers
v0x56e45f7490b0_0 .var "psum_out", 31 0;
v0x56e45f74ba30_0 .net "rst_n", 0 0, v0x56e45f7e53c0_0;  alias, 1 drivers
v0x56e45f74c190_0 .net "weight_in", 7 0, L_0x56e45f854340;  1 drivers
v0x56e45f74eb10_0 .net "weight_load", 0 0, L_0x56e45f854280;  1 drivers
v0x56e45f74f270_0 .var "weight_reg", 7 0;
S_0x56e45f78b460 .scope generate, "gen_col[3]" "gen_col[3]" 7 100, 7 100 0, S_0x56e45f7a0a80;
 .timescale -9 -12;
P_0x56e45f739d10 .param/l "col" 1 7 100, +C4<011>;
L_0x56e45f854960 .functor AND 1, v0x56e45f7e2030_0, L_0x56e45f8547f0, C4<1>, C4<1>;
v0x56e45f76a2f0_0 .net *"_ivl_0", 3 0, L_0x56e45f8546a0;  1 drivers
L_0x79ed4f557648 .functor BUFT 1, C4<0>, C4<0>, C4<0>, C4<0>;
v0x56e45f76aa50_0 .net *"_ivl_3", 0 0, L_0x79ed4f557648;  1 drivers
L_0x79ed4f557690 .functor BUFT 1, C4<0001>, C4<0>, C4<0>, C4<0>;
v0x56e45f76d3d0_0 .net/2u *"_ivl_4", 3 0, L_0x79ed4f557690;  1 drivers
v0x56e45f76db30_0 .net *"_ivl_6", 0 0, L_0x56e45f8547f0;  1 drivers
L_0x56e45f8546a0 .concat [ 3 1 0 0], v0x56e45f7e2120_0, L_0x79ed4f557648;
L_0x56e45f8547f0 .cmp/eq 4, L_0x56e45f8546a0, L_0x79ed4f557690;
S_0x56e45f788380 .scope module, "u_pe" "pe" 7 101, 8 30 0, S_0x56e45f78b460;
 .timescale -9 -12;
    .port_info 0 /INPUT 1 "clk";
    .port_info 1 /INPUT 1 "rst_n";
    .port_info 2 /INPUT 1 "weight_load";
    .port_info 3 /INPUT 8 "weight_in";
    .port_info 4 /INPUT 8 "act_in";
    .port_info 5 /OUTPUT 8 "act_out";
    .port_info 6 /INPUT 32 "psum_in";
    .port_info 7 /OUTPUT 32 "psum_out";
P_0x56e45f757db0 .param/l "ACC_W" 0 8 32, +C4<00000000000000000000000000100000>;
P_0x56e45f757df0 .param/l "DATA_W" 0 8 31, +C4<00000000000000000000000000001000>;
v0x56e45f75b5f0_0 .net "act_in", 7 0, L_0x56e45f854c20;  1 drivers
v0x56e45f75df70_0 .var "act_out", 7 0;
v0x56e45f75e6d0_0 .net "clk", 0 0, v0x56e45f7e5320_0;  alias, 1 drivers
v0x56e45f761050_0 .net "psum_in", 31 0, L_0x56e45f854cc0;  1 drivers
v0x56e45f7617b0_0 .var "psum_out", 31 0;
v0x56e45f764130_0 .net "rst_n", 0 0, v0x56e45f7e53c0_0;  alias, 1 drivers
v0x56e45f764890_0 .net "weight_in", 7 0, L_0x56e45f854a20;  1 drivers
v0x56e45f767210_0 .net "weight_load", 0 0, L_0x56e45f854960;  1 drivers
v0x56e45f767970_0 .var "weight_reg", 7 0;
S_0x56e45f7852a0 .scope generate, "gen_col[4]" "gen_col[4]" 7 100, 7 100 0, S_0x56e45f7a0a80;
 .timescale -9 -12;
P_0x56e45f74ebd0 .param/l "col" 1 7 100, +C4<0100>;
L_0x56e45f8551c0 .functor AND 1, v0x56e45f7e2030_0, L_0x56e45f855050, C4<1>, C4<1>;
v0x56e45f7829f0_0 .net *"_ivl_0", 3 0, L_0x56e45f854f00;  1 drivers
L_0x79ed4f5576d8 .functor BUFT 1, C4<0>, C4<0>, C4<0>, C4<0>;
v0x56e45f783150_0 .net *"_ivl_3", 0 0, L_0x79ed4f5576d8;  1 drivers
L_0x79ed4f557720 .functor BUFT 1, C4<0001>, C4<0>, C4<0>, C4<0>;
v0x56e45f785ad0_0 .net/2u *"_ivl_4", 3 0, L_0x79ed4f557720;  1 drivers
v0x56e45f786230_0 .net *"_ivl_6", 0 0, L_0x56e45f855050;  1 drivers
L_0x56e45f854f00 .concat [ 3 1 0 0], v0x56e45f7e2120_0, L_0x79ed4f5576d8;
L_0x56e45f855050 .cmp/eq 4, L_0x56e45f854f00, L_0x79ed4f557720;
S_0x56e45f7821c0 .scope module, "u_pe" "pe" 7 101, 8 30 0, S_0x56e45f7852a0;
 .timescale -9 -12;
    .port_info 0 /INPUT 1 "clk";
    .port_info 1 /INPUT 1 "rst_n";
    .port_info 2 /INPUT 1 "weight_load";
    .port_info 3 /INPUT 8 "weight_in";
    .port_info 4 /INPUT 8 "act_in";
    .port_info 5 /OUTPUT 8 "act_out";
    .port_info 6 /INPUT 32 "psum_in";
    .port_info 7 /OUTPUT 32 "psum_out";
P_0x56e45f7704b0 .param/l "ACC_W" 0 8 32, +C4<00000000000000000000000000100000>;
P_0x56e45f7704f0 .param/l "DATA_W" 0 8 31, +C4<00000000000000000000000000001000>;
v0x56e45f773cf0_0 .net "act_in", 7 0, L_0x56e45f855320;  1 drivers
v0x56e45f776670_0 .var "act_out", 7 0;
v0x56e45f776dd0_0 .net "clk", 0 0, v0x56e45f7e5320_0;  alias, 1 drivers
v0x56e45f779750_0 .net "psum_in", 31 0, L_0x56e45f855540;  1 drivers
v0x56e45f779eb0_0 .var "psum_out", 31 0;
v0x56e45f77c830_0 .net "rst_n", 0 0, v0x56e45f7e53c0_0;  alias, 1 drivers
v0x56e45f77cf90_0 .net "weight_in", 7 0, L_0x56e45f855280;  1 drivers
v0x56e45f77f910_0 .net "weight_load", 0 0, L_0x56e45f8551c0;  1 drivers
v0x56e45f780070_0 .var "weight_reg", 7 0;
S_0x56e45f77f0e0 .scope generate, "gen_col[5]" "gen_col[5]" 7 100, 7 100 0, S_0x56e45f7a0a80;
 .timescale -9 -12;
P_0x56e45f761110 .param/l "col" 1 7 100, +C4<0101>;
L_0x56e45f8558d0 .functor AND 1, v0x56e45f7e2030_0, L_0x56e45f855760, C4<1>, C4<1>;
v0x56e45f79b0f0_0 .net *"_ivl_0", 3 0, L_0x56e45f855610;  1 drivers
L_0x79ed4f557768 .functor BUFT 1, C4<0>, C4<0>, C4<0>, C4<0>;
v0x56e45f79b850_0 .net *"_ivl_3", 0 0, L_0x79ed4f557768;  1 drivers
L_0x79ed4f5577b0 .functor BUFT 1, C4<0001>, C4<0>, C4<0>, C4<0>;
v0x56e45f79e1d0_0 .net/2u *"_ivl_4", 3 0, L_0x79ed4f5577b0;  1 drivers
v0x56e45f79e930_0 .net *"_ivl_6", 0 0, L_0x56e45f855760;  1 drivers
L_0x56e45f855610 .concat [ 3 1 0 0], v0x56e45f7e2120_0, L_0x79ed4f557768;
L_0x56e45f855760 .cmp/eq 4, L_0x56e45f855610, L_0x79ed4f5577b0;
S_0x56e45f77c000 .scope module, "u_pe" "pe" 7 101, 8 30 0, S_0x56e45f77f0e0;
 .timescale -9 -12;
    .port_info 0 /INPUT 1 "clk";
    .port_info 1 /INPUT 1 "rst_n";
    .port_info 2 /INPUT 1 "weight_load";
    .port_info 3 /INPUT 8 "weight_in";
    .port_info 4 /INPUT 8 "act_in";
    .port_info 5 /OUTPUT 8 "act_out";
    .port_info 6 /INPUT 32 "psum_in";
    .port_info 7 /OUTPUT 32 "psum_out";
P_0x56e45f788bb0 .param/l "ACC_W" 0 8 32, +C4<00000000000000000000000000100000>;
P_0x56e45f788bf0 .param/l "DATA_W" 0 8 31, +C4<00000000000000000000000000001000>;
v0x56e45f78c3f0_0 .net "act_in", 7 0, L_0x56e45f855fe0;  1 drivers
v0x56e45f78ed70_0 .var "act_out", 7 0;
v0x56e45f78f4d0_0 .net "clk", 0 0, v0x56e45f7e5320_0;  alias, 1 drivers
v0x56e45f791e50_0 .net "psum_in", 31 0, L_0x56e45f856080;  1 drivers
v0x56e45f7925b0_0 .var "psum_out", 31 0;
v0x56e45f794f30_0 .net "rst_n", 0 0, v0x56e45f7e53c0_0;  alias, 1 drivers
v0x56e45f795690_0 .net "weight_in", 7 0, L_0x56e45f855ba0;  1 drivers
v0x56e45f798010_0 .net "weight_load", 0 0, L_0x56e45f8558d0;  1 drivers
v0x56e45f798770_0 .var "weight_reg", 7 0;
S_0x56e45f778f20 .scope generate, "gen_col[6]" "gen_col[6]" 7 100, 7 100 0, S_0x56e45f7a0a80;
 .timescale -9 -12;
P_0x56e45f770cd0 .param/l "col" 1 7 100, +C4<0110>;
L_0x56e45f8565b0 .functor AND 1, v0x56e45f7e2030_0, L_0x56e45f856440, C4<1>, C4<1>;
v0x56e45f7b3830_0 .net *"_ivl_0", 3 0, L_0x56e45f8562f0;  1 drivers
L_0x79ed4f5577f8 .functor BUFT 1, C4<0>, C4<0>, C4<0>, C4<0>;
v0x56e45f7b3f50_0 .net *"_ivl_3", 0 0, L_0x79ed4f5577f8;  1 drivers
L_0x79ed4f557840 .functor BUFT 1, C4<0001>, C4<0>, C4<0>, C4<0>;
v0x56e45f7b6910_0 .net/2u *"_ivl_4", 3 0, L_0x79ed4f557840;  1 drivers
v0x56e45f6f6cb0_0 .net *"_ivl_6", 0 0, L_0x56e45f856440;  1 drivers
L_0x56e45f8562f0 .concat [ 3 1 0 0], v0x56e45f7e2120_0, L_0x79ed4f5577f8;
L_0x56e45f856440 .cmp/eq 4, L_0x56e45f8562f0, L_0x79ed4f557840;
S_0x56e45f775e40 .scope module, "u_pe" "pe" 7 101, 8 30 0, S_0x56e45f778f20;
 .timescale -9 -12;
    .port_info 0 /INPUT 1 "clk";
    .port_info 1 /INPUT 1 "rst_n";
    .port_info 2 /INPUT 1 "weight_load";
    .port_info 3 /INPUT 8 "weight_in";
    .port_info 4 /INPUT 8 "act_in";
    .port_info 5 /OUTPUT 8 "act_out";
    .port_info 6 /INPUT 32 "psum_in";
    .port_info 7 /OUTPUT 32 "psum_out";
P_0x56e45f7a12b0 .param/l "ACC_W" 0 8 32, +C4<00000000000000000000000000100000>;
P_0x56e45f7a12f0 .param/l "DATA_W" 0 8 31, +C4<00000000000000000000000000001000>;
v0x56e45f7a4af0_0 .net "act_in", 7 0, L_0x56e45f856710;  1 drivers
v0x56e45f7a74b0_0 .var "act_out", 7 0;
v0x56e45f7a7bd0_0 .net "clk", 0 0, v0x56e45f7e5320_0;  alias, 1 drivers
v0x56e45f7aa590_0 .net "psum_in", 31 0, L_0x56e45f856960;  1 drivers
v0x56e45f7aacb0_0 .var "psum_out", 31 0;
v0x56e45f7ad670_0 .net "rst_n", 0 0, v0x56e45f7e53c0_0;  alias, 1 drivers
v0x56e45f7add90_0 .net "weight_in", 7 0, L_0x56e45f856670;  1 drivers
v0x56e45f7b0750_0 .net "weight_load", 0 0, L_0x56e45f8565b0;  1 drivers
v0x56e45f7b0e70_0 .var "weight_reg", 7 0;
S_0x56e45f772d60 .scope generate, "gen_col[7]" "gen_col[7]" 7 100, 7 100 0, S_0x56e45f7a0a80;
 .timescale -9 -12;
P_0x56e45f7862f0 .param/l "col" 1 7 100, +C4<0111>;
L_0x56e45f856cf0 .functor AND 1, v0x56e45f7e2030_0, L_0x56e45f856b80, C4<1>, C4<1>;
v0x56e45f613430_0 .net *"_ivl_0", 3 0, L_0x56e45f856a30;  1 drivers
L_0x79ed4f557888 .functor BUFT 1, C4<0>, C4<0>, C4<0>, C4<0>;
v0x56e45f610350_0 .net *"_ivl_3", 0 0, L_0x79ed4f557888;  1 drivers
L_0x79ed4f5578d0 .functor BUFT 1, C4<0001>, C4<0>, C4<0>, C4<0>;
v0x56e45f60d270_0 .net/2u *"_ivl_4", 3 0, L_0x79ed4f5578d0;  1 drivers
v0x56e45f60a840_0 .net *"_ivl_6", 0 0, L_0x56e45f856b80;  1 drivers
L_0x56e45f856a30 .concat [ 3 1 0 0], v0x56e45f7e2120_0, L_0x79ed4f557888;
L_0x56e45f856b80 .cmp/eq 4, L_0x56e45f856a30, L_0x79ed4f5578d0;
S_0x56e45f76fc80 .scope module, "u_pe" "pe" 7 101, 8 30 0, S_0x56e45f772d60;
 .timescale -9 -12;
    .port_info 0 /INPUT 1 "clk";
    .port_info 1 /INPUT 1 "rst_n";
    .port_info 2 /INPUT 1 "weight_load";
    .port_info 3 /INPUT 8 "weight_in";
    .port_info 4 /INPUT 8 "act_in";
    .port_info 5 /OUTPUT 8 "act_out";
    .port_info 6 /INPUT 32 "psum_in";
    .port_info 7 /OUTPUT 32 "psum_out";
P_0x56e45f7b6f40 .param/l "ACC_W" 0 8 32, +C4<00000000000000000000000000100000>;
P_0x56e45f7b6f80 .param/l "DATA_W" 0 8 31, +C4<00000000000000000000000000001000>;
v0x56e45f7c3860_0 .net "act_in", 7 0, L_0x56e45f857010;  1 drivers
v0x56e45f7c3f20_0 .var "act_out", 7 0;
v0x56e45f7c3b70_0 .net "clk", 0 0, v0x56e45f7e5320_0;  alias, 1 drivers
v0x56e45f6ff450_0 .net "psum_in", 31 0, L_0x56e45f8572c0;  1 drivers
v0x56e45f6fc370_0 .var "psum_out", 31 0;
v0x56e45f6f9290_0 .net "rst_n", 0 0, v0x56e45f7e53c0_0;  alias, 1 drivers
v0x56e45f6f9330_0 .net "weight_in", 7 0, L_0x56e45f856db0;  1 drivers
v0x56e45f6f6860_0 .net "weight_load", 0 0, L_0x56e45f856cf0;  1 drivers
v0x56e45f6f6140_0 .var "weight_reg", 7 0;
S_0x56e45f76cba0 .scope generate, "gen_row[2]" "gen_row[2]" 7 99, 7 99 0, S_0x56e45f69c710;
 .timescale -9 -12;
P_0x56e45f79e9f0 .param/l "row" 1 7 99, +C4<010>;
S_0x56e45f769ac0 .scope generate, "gen_col[0]" "gen_col[0]" 7 100, 7 100 0, S_0x56e45f76cba0;
 .timescale -9 -12;
P_0x56e45f7b0810 .param/l "col" 1 7 100, +C4<00>;
L_0x56e45f857c40 .functor AND 1, v0x56e45f7e2030_0, L_0x56e45f857ad0, C4<1>, C4<1>;
v0x56e45f6f5c90_0 .net *"_ivl_0", 3 0, L_0x56e45f857770;  1 drivers
L_0x79ed4f557918 .functor BUFT 1, C4<0>, C4<0>, C4<0>, C4<0>;
v0x56e45f6d8090_0 .net *"_ivl_3", 0 0, L_0x79ed4f557918;  1 drivers
L_0x79ed4f557960 .functor BUFT 1, C4<0010>, C4<0>, C4<0>, C4<0>;
v0x56e45f6d79d0_0 .net/2u *"_ivl_4", 3 0, L_0x79ed4f557960;  1 drivers
v0x56e45f6d7a90_0 .net *"_ivl_6", 0 0, L_0x56e45f857ad0;  1 drivers
L_0x56e45f857770 .concat [ 3 1 0 0], v0x56e45f7e2120_0, L_0x79ed4f557918;
L_0x56e45f857ad0 .cmp/eq 4, L_0x56e45f857770, L_0x79ed4f557960;
S_0x56e45f7669e0 .scope module, "u_pe" "pe" 7 101, 8 30 0, S_0x56e45f769ac0;
 .timescale -9 -12;
    .port_info 0 /INPUT 1 "clk";
    .port_info 1 /INPUT 1 "rst_n";
    .port_info 2 /INPUT 1 "weight_load";
    .port_info 3 /INPUT 8 "weight_in";
    .port_info 4 /INPUT 8 "act_in";
    .port_info 5 /OUTPUT 8 "act_out";
    .port_info 6 /INPUT 32 "psum_in";
    .port_info 7 /OUTPUT 32 "psum_out";
P_0x56e45f60a120 .param/l "ACC_W" 0 8 32, +C4<00000000000000000000000000100000>;
P_0x56e45f60a160 .param/l "DATA_W" 0 8 31, +C4<00000000000000000000000000001000>;
v0x56e45f7a6ff0_0 .net "act_in", 7 0, L_0x56e45f857da0;  1 drivers
v0x56e45f7a7090_0 .var "act_out", 7 0;
v0x56e45f7a3f10_0 .net "clk", 0 0, v0x56e45f7e5320_0;  alias, 1 drivers
v0x56e45f717b50_0 .net "psum_in", 31 0, L_0x56e45f858020;  1 drivers
v0x56e45f6fefd0_0 .var "psum_out", 31 0;
v0x56e45f6fbef0_0 .net "rst_n", 0 0, v0x56e45f7e53c0_0;  alias, 1 drivers
v0x56e45f6fbf90_0 .net "weight_in", 7 0, L_0x56e45f857d00;  1 drivers
v0x56e45f71dd10_0 .net "weight_load", 0 0, L_0x56e45f857c40;  1 drivers
v0x56e45f6f8e10_0 .var "weight_reg", 7 0;
S_0x56e45f763900 .scope generate, "gen_col[1]" "gen_col[1]" 7 100, 7 100 0, S_0x56e45f76cba0;
 .timescale -9 -12;
P_0x56e45f60a200 .param/l "col" 1 7 100, +C4<01>;
L_0x56e45f8583b0 .functor AND 1, v0x56e45f7e2030_0, L_0x56e45f858240, C4<1>, C4<1>;
v0x56e45f60fed0_0 .net *"_ivl_0", 3 0, L_0x56e45f8580f0;  1 drivers
L_0x79ed4f5579a8 .functor BUFT 1, C4<0>, C4<0>, C4<0>, C4<0>;
v0x56e45f60cdf0_0 .net *"_ivl_3", 0 0, L_0x79ed4f5579a8;  1 drivers
L_0x79ed4f5579f0 .functor BUFT 1, C4<0010>, C4<0>, C4<0>, C4<0>;
v0x56e45f609c70_0 .net/2u *"_ivl_4", 3 0, L_0x79ed4f5579f0;  1 drivers
v0x56e45f609d30_0 .net *"_ivl_6", 0 0, L_0x56e45f858240;  1 drivers
L_0x56e45f8580f0 .concat [ 3 1 0 0], v0x56e45f7e2120_0, L_0x79ed4f5579a8;
L_0x56e45f858240 .cmp/eq 4, L_0x56e45f8580f0, L_0x79ed4f5579f0;
S_0x56e45f760820 .scope module, "u_pe" "pe" 7 101, 8 30 0, S_0x56e45f763900;
 .timescale -9 -12;
    .port_info 0 /INPUT 1 "clk";
    .port_info 1 /INPUT 1 "rst_n";
    .port_info 2 /INPUT 1 "weight_load";
    .port_info 3 /INPUT 8 "weight_in";
    .port_info 4 /INPUT 8 "act_in";
    .port_info 5 /OUTPUT 8 "act_out";
    .port_info 6 /INPUT 32 "psum_in";
    .port_info 7 /OUTPUT 32 "psum_out";
P_0x56e45f7aa1a0 .param/l "ACC_W" 0 8 32, +C4<00000000000000000000000000100000>;
P_0x56e45f7aa1e0 .param/l "DATA_W" 0 8 31, +C4<00000000000000000000000000001000>;
v0x56e45f6d7330_0 .net "act_in", 7 0, L_0x56e45f858700;  1 drivers
v0x56e45f6d73f0_0 .var "act_out", 7 0;
v0x56e45f6be0b0_0 .net "clk", 0 0, v0x56e45f7e5320_0;  alias, 1 drivers
v0x56e45f6bafd0_0 .net "psum_in", 31 0, L_0x56e45f8587a0;  1 drivers
v0x56e45f6bb090_0 .var "psum_out", 31 0;
v0x56e45f6b7ef0_0 .net "rst_n", 0 0, v0x56e45f7e53c0_0;  alias, 1 drivers
v0x56e45f6b7f90_0 .net "weight_in", 7 0, L_0x56e45f858470;  1 drivers
v0x56e45f612fb0_0 .net "weight_load", 0 0, L_0x56e45f8583b0;  1 drivers
v0x56e45f613070_0 .var "weight_reg", 7 0;
S_0x56e45f75d740 .scope generate, "gen_col[2]" "gen_col[2]" 7 100, 7 100 0, S_0x56e45f76cba0;
 .timescale -9 -12;
P_0x56e45f6bbc50 .param/l "col" 1 7 100, +C4<010>;
L_0x56e45f858d30 .functor AND 1, v0x56e45f7e2030_0, L_0x56e45f858bc0, C4<1>, C4<1>;
v0x56e45f7058b0_0 .net *"_ivl_0", 3 0, L_0x56e45f858a70;  1 drivers
L_0x79ed4f557a38 .functor BUFT 1, C4<0>, C4<0>, C4<0>, C4<0>;
v0x56e45f702ed0_0 .net *"_ivl_3", 0 0, L_0x79ed4f557a38;  1 drivers
L_0x79ed4f557a80 .functor BUFT 1, C4<0010>, C4<0>, C4<0>, C4<0>;
v0x56e45f7027d0_0 .net/2u *"_ivl_4", 3 0, L_0x79ed4f557a80;  1 drivers
v0x56e45f702890_0 .net *"_ivl_6", 0 0, L_0x56e45f858bc0;  1 drivers
L_0x56e45f858a70 .concat [ 3 1 0 0], v0x56e45f7e2120_0, L_0x79ed4f557a38;
L_0x56e45f858bc0 .cmp/eq 4, L_0x56e45f858a70, L_0x79ed4f557a80;
S_0x56e45f75a660 .scope module, "u_pe" "pe" 7 101, 8 30 0, S_0x56e45f75d740;
 .timescale -9 -12;
    .port_info 0 /INPUT 1 "clk";
    .port_info 1 /INPUT 1 "rst_n";
    .port_info 2 /INPUT 1 "weight_load";
    .port_info 3 /INPUT 8 "weight_in";
    .port_info 4 /INPUT 8 "act_in";
    .port_info 5 /OUTPUT 8 "act_out";
    .port_info 6 /INPUT 32 "psum_in";
    .port_info 7 /OUTPUT 32 "psum_out";
P_0x56e45f6d76e0 .param/l "ACC_W" 0 8 32, +C4<00000000000000000000000000100000>;
P_0x56e45f6d7720 .param/l "DATA_W" 0 8 31, +C4<00000000000000000000000000001000>;
v0x56e45f712330_0 .net "act_in", 7 0, L_0x56e45f858e90;  1 drivers
v0x56e45f711c30_0 .var "act_out", 7 0;
v0x56e45f70f250_0 .net "clk", 0 0, v0x56e45f7e5320_0;  alias, 1 drivers
v0x56e45f70f2f0_0 .net "psum_in", 31 0, L_0x56e45f859140;  1 drivers
v0x56e45f70eb50_0 .var "psum_out", 31 0;
v0x56e45f70c170_0 .net "rst_n", 0 0, v0x56e45f7e53c0_0;  alias, 1 drivers
v0x56e45f70c210_0 .net "weight_in", 7 0, L_0x56e45f858df0;  1 drivers
v0x56e45f708990_0 .net "weight_load", 0 0, L_0x56e45f858d30;  1 drivers
v0x56e45f708a50_0 .var "weight_reg", 7 0;
S_0x56e45f757580 .scope generate, "gen_col[3]" "gen_col[3]" 7 100, 7 100 0, S_0x56e45f76cba0;
 .timescale -9 -12;
P_0x56e45f794fd0 .param/l "col" 1 7 100, +C4<011>;
L_0x56e45f8594a0 .functor AND 1, v0x56e45f7e2030_0, L_0x56e45f859330, C4<1>, C4<1>;
v0x56e45f7a7e10_0 .net *"_ivl_0", 3 0, L_0x56e45f8591e0;  1 drivers
L_0x79ed4f557ac8 .functor BUFT 1, C4<0>, C4<0>, C4<0>, C4<0>;
v0x56e45f7a7710_0 .net *"_ivl_3", 0 0, L_0x79ed4f557ac8;  1 drivers
L_0x79ed4f557b10 .functor BUFT 1, C4<0010>, C4<0>, C4<0>, C4<0>;
v0x56e45f6fcd10_0 .net/2u *"_ivl_4", 3 0, L_0x79ed4f557b10;  1 drivers
v0x56e45f6fcdd0_0 .net *"_ivl_6", 0 0, L_0x56e45f859330;  1 drivers
L_0x56e45f8591e0 .concat [ 3 1 0 0], v0x56e45f7e2120_0, L_0x79ed4f557ac8;
L_0x56e45f859330 .cmp/eq 4, L_0x56e45f8591e0, L_0x79ed4f557b10;
S_0x56e45f7544a0 .scope module, "u_pe" "pe" 7 101, 8 30 0, S_0x56e45f757580;
 .timescale -9 -12;
    .port_info 0 /INPUT 1 "clk";
    .port_info 1 /INPUT 1 "rst_n";
    .port_info 2 /INPUT 1 "weight_load";
    .port_info 3 /INPUT 8 "weight_in";
    .port_info 4 /INPUT 8 "act_in";
    .port_info 5 /OUTPUT 8 "act_out";
    .port_info 6 /INPUT 32 "psum_in";
    .port_info 7 /OUTPUT 32 "psum_out";
P_0x56e45f714de0 .param/l "ACC_W" 0 8 32, +C4<00000000000000000000000000100000>;
P_0x56e45f714e20 .param/l "DATA_W" 0 8 31, +C4<00000000000000000000000000001000>;
v0x56e45f7b10b0_0 .net "act_in", 7 0, L_0x56e45f859820;  1 drivers
v0x56e45f7b09b0_0 .var "act_out", 7 0;
v0x56e45f7adfd0_0 .net "clk", 0 0, v0x56e45f7e5320_0;  alias, 1 drivers
v0x56e45f7ae070_0 .net "psum_in", 31 0, L_0x56e45f8598c0;  1 drivers
v0x56e45f7ad8d0_0 .var "psum_out", 31 0;
v0x56e45f7aaef0_0 .net "rst_n", 0 0, v0x56e45f7e53c0_0;  alias, 1 drivers
v0x56e45f7aaf90_0 .net "weight_in", 7 0, L_0x56e45f859560;  1 drivers
v0x56e45f7aa7f0_0 .net "weight_load", 0 0, L_0x56e45f8594a0;  1 drivers
v0x56e45f7aa8b0_0 .var "weight_reg", 7 0;
S_0x56e45f7513c0 .scope generate, "gen_col[4]" "gen_col[4]" 7 100, 7 100 0, S_0x56e45f76cba0;
 .timescale -9 -12;
P_0x56e45f60a900 .param/l "col" 1 7 100, +C4<0100>;
L_0x56e45f859e50 .functor AND 1, v0x56e45f7e2030_0, L_0x56e45f859ce0, C4<1>, C4<1>;
v0x56e45f7989b0_0 .net *"_ivl_0", 3 0, L_0x56e45f859b90;  1 drivers
L_0x79ed4f557b58 .functor BUFT 1, C4<0>, C4<0>, C4<0>, C4<0>;
v0x56e45f7982b0_0 .net *"_ivl_3", 0 0, L_0x79ed4f557b58;  1 drivers
L_0x79ed4f557ba0 .functor BUFT 1, C4<0010>, C4<0>, C4<0>, C4<0>;
v0x56e45f7958d0_0 .net/2u *"_ivl_4", 3 0, L_0x79ed4f557ba0;  1 drivers
v0x56e45f795990_0 .net *"_ivl_6", 0 0, L_0x56e45f859ce0;  1 drivers
L_0x56e45f859b90 .concat [ 3 1 0 0], v0x56e45f7e2120_0, L_0x79ed4f557b58;
L_0x56e45f859ce0 .cmp/eq 4, L_0x56e45f859b90, L_0x79ed4f557ba0;
S_0x56e45f74e2e0 .scope module, "u_pe" "pe" 7 101, 8 30 0, S_0x56e45f7513c0;
 .timescale -9 -12;
    .port_info 0 /INPUT 1 "clk";
    .port_info 1 /INPUT 1 "rst_n";
    .port_info 2 /INPUT 1 "weight_load";
    .port_info 3 /INPUT 8 "weight_in";
    .port_info 4 /INPUT 8 "act_in";
    .port_info 5 /OUTPUT 8 "act_out";
    .port_info 6 /INPUT 32 "psum_in";
    .port_info 7 /OUTPUT 32 "psum_out";
P_0x56e45f7b3b60 .param/l "ACC_W" 0 8 32, +C4<00000000000000000000000000100000>;
P_0x56e45f7b3ba0 .param/l "DATA_W" 0 8 31, +C4<00000000000000000000000000001000>;
v0x56e45f7a1c50_0 .net "act_in", 7 0, L_0x56e45f859fb0;  1 drivers
v0x56e45f7a1550_0 .var "act_out", 7 0;
v0x56e45f79eb70_0 .net "clk", 0 0, v0x56e45f7e5320_0;  alias, 1 drivers
v0x56e45f79ec10_0 .net "psum_in", 31 0, L_0x56e45f85a290;  1 drivers
v0x56e45f79e470_0 .var "psum_out", 31 0;
v0x56e45f79ba90_0 .net "rst_n", 0 0, v0x56e45f7e53c0_0;  alias, 1 drivers
v0x56e45f79bb30_0 .net "weight_in", 7 0, L_0x56e45f859f10;  1 drivers
v0x56e45f79b390_0 .net "weight_load", 0 0, L_0x56e45f859e50;  1 drivers
v0x56e45f79b450_0 .var "weight_reg", 7 0;
S_0x56e45f74b200 .scope generate, "gen_col[5]" "gen_col[5]" 7 100, 7 100 0, S_0x56e45f76cba0;
 .timescale -9 -12;
P_0x56e45f798ab0 .param/l "col" 1 7 100, +C4<0101>;
L_0x56e45f85a5f0 .functor AND 1, v0x56e45f7e2030_0, L_0x56e45f85a480, C4<1>, C4<1>;
v0x56e45f788e50_0 .net *"_ivl_0", 3 0, L_0x56e45f85a330;  1 drivers
L_0x79ed4f557be8 .functor BUFT 1, C4<0>, C4<0>, C4<0>, C4<0>;
v0x56e45f786470_0 .net *"_ivl_3", 0 0, L_0x79ed4f557be8;  1 drivers
L_0x79ed4f557c30 .functor BUFT 1, C4<0010>, C4<0>, C4<0>, C4<0>;
v0x56e45f785d70_0 .net/2u *"_ivl_4", 3 0, L_0x79ed4f557c30;  1 drivers
v0x56e45f785e30_0 .net *"_ivl_6", 0 0, L_0x56e45f85a480;  1 drivers
L_0x56e45f85a330 .concat [ 3 1 0 0], v0x56e45f7e2120_0, L_0x79ed4f557be8;
L_0x56e45f85a480 .cmp/eq 4, L_0x56e45f85a330, L_0x79ed4f557c30;
S_0x56e45f748120 .scope module, "u_pe" "pe" 7 101, 8 30 0, S_0x56e45f74b200;
 .timescale -9 -12;
    .port_info 0 /INPUT 1 "clk";
    .port_info 1 /INPUT 1 "rst_n";
    .port_info 2 /INPUT 1 "weight_load";
    .port_info 3 /INPUT 8 "weight_in";
    .port_info 4 /INPUT 8 "act_in";
    .port_info 5 /OUTPUT 8 "act_out";
    .port_info 6 /INPUT 32 "psum_in";
    .port_info 7 /OUTPUT 32 "psum_out";
P_0x56e45f7a4700 .param/l "ACC_W" 0 8 32, +C4<00000000000000000000000000100000>;
P_0x56e45f7a4740 .param/l "DATA_W" 0 8 31, +C4<00000000000000000000000000001000>;
v0x56e45f7920f0_0 .net "act_in", 7 0, L_0x56e45f85a9a0;  1 drivers
v0x56e45f78f710_0 .var "act_out", 7 0;
v0x56e45f78f010_0 .net "clk", 0 0, v0x56e45f7e5320_0;  alias, 1 drivers
v0x56e45f78f0b0_0 .net "psum_in", 31 0, L_0x56e45f85aa40;  1 drivers
v0x56e45f78c630_0 .var "psum_out", 31 0;
v0x56e45f78bf30_0 .net "rst_n", 0 0, v0x56e45f7e53c0_0;  alias, 1 drivers
v0x56e45f78bfd0_0 .net "weight_in", 7 0, L_0x56e45f85a6b0;  1 drivers
v0x56e45f789550_0 .net "weight_load", 0 0, L_0x56e45f85a5f0;  1 drivers
v0x56e45f789610_0 .var "weight_reg", 7 0;
S_0x56e45f745040 .scope generate, "gen_col[6]" "gen_col[6]" 7 100, 7 100 0, S_0x56e45f76cba0;
 .timescale -9 -12;
P_0x56e45f788f50 .param/l "col" 1 7 100, +C4<0110>;
L_0x56e45f85b000 .functor AND 1, v0x56e45f7e2030_0, L_0x56e45f85ae90, C4<1>, C4<1>;
v0x56e45f777010_0 .net *"_ivl_0", 3 0, L_0x56e45f85ad40;  1 drivers
L_0x79ed4f557c78 .functor BUFT 1, C4<0>, C4<0>, C4<0>, C4<0>;
v0x56e45f776910_0 .net *"_ivl_3", 0 0, L_0x79ed4f557c78;  1 drivers
L_0x79ed4f557cc0 .functor BUFT 1, C4<0010>, C4<0>, C4<0>, C4<0>;
v0x56e45f773f30_0 .net/2u *"_ivl_4", 3 0, L_0x79ed4f557cc0;  1 drivers
v0x56e45f773ff0_0 .net *"_ivl_6", 0 0, L_0x56e45f85ae90;  1 drivers
L_0x56e45f85ad40 .concat [ 3 1 0 0], v0x56e45f7e2120_0, L_0x79ed4f557c78;
L_0x56e45f85ae90 .cmp/eq 4, L_0x56e45f85ad40, L_0x79ed4f557cc0;
S_0x56e45f741f60 .scope module, "u_pe" "pe" 7 101, 8 30 0, S_0x56e45f745040;
 .timescale -9 -12;
    .port_info 0 /INPUT 1 "clk";
    .port_info 1 /INPUT 1 "rst_n";
    .port_info 2 /INPUT 1 "weight_load";
    .port_info 3 /INPUT 8 "weight_in";
    .port_info 4 /INPUT 8 "act_in";
    .port_info 5 /OUTPUT 8 "act_out";
    .port_info 6 /INPUT 32 "psum_in";
    .port_info 7 /OUTPUT 32 "psum_out";
P_0x56e45f7928c0 .param/l "ACC_W" 0 8 32, +C4<00000000000000000000000000100000>;
P_0x56e45f792900 .param/l "DATA_W" 0 8 31, +C4<00000000000000000000000000001000>;
v0x56e45f7802b0_0 .net "act_in", 7 0, L_0x56e45f85b160;  1 drivers
v0x56e45f77fbb0_0 .var "act_out", 7 0;
v0x56e45f77d1d0_0 .net "clk", 0 0, v0x56e45f7e5320_0;  alias, 1 drivers
v0x56e45f77d270_0 .net "psum_in", 31 0, L_0x56e45f85b470;  1 drivers
v0x56e45f77cad0_0 .var "psum_out", 31 0;
v0x56e45f77a0f0_0 .net "rst_n", 0 0, v0x56e45f7e53c0_0;  alias, 1 drivers
v0x56e45f77a190_0 .net "weight_in", 7 0, L_0x56e45f85b0c0;  1 drivers
v0x56e45f7799f0_0 .net "weight_load", 0 0, L_0x56e45f85b000;  1 drivers
v0x56e45f779ab0_0 .var "weight_reg", 7 0;
S_0x56e45f73ee80 .scope generate, "gen_col[7]" "gen_col[7]" 7 100, 7 100 0, S_0x56e45f76cba0;
 .timescale -9 -12;
P_0x56e45f7769f0 .param/l "col" 1 7 100, +C4<0111>;
L_0x56e45f85b7d0 .functor AND 1, v0x56e45f7e2030_0, L_0x56e45f85b660, C4<1>, C4<1>;
v0x56e45f7643d0_0 .net *"_ivl_0", 3 0, L_0x56e45f85b510;  1 drivers
L_0x79ed4f557d08 .functor BUFT 1, C4<0>, C4<0>, C4<0>, C4<0>;
v0x56e45f7619f0_0 .net *"_ivl_3", 0 0, L_0x79ed4f557d08;  1 drivers
L_0x79ed4f557d50 .functor BUFT 1, C4<0010>, C4<0>, C4<0>, C4<0>;
v0x56e45f75e910_0 .net/2u *"_ivl_4", 3 0, L_0x79ed4f557d50;  1 drivers
v0x56e45f75e9d0_0 .net *"_ivl_6", 0 0, L_0x56e45f85b660;  1 drivers
L_0x56e45f85b510 .concat [ 3 1 0 0], v0x56e45f7e2120_0, L_0x79ed4f557d08;
L_0x56e45f85b660 .cmp/eq 4, L_0x56e45f85b510, L_0x79ed4f557d50;
S_0x56e45f73bda0 .scope module, "u_pe" "pe" 7 101, 8 30 0, S_0x56e45f73ee80;
 .timescale -9 -12;
    .port_info 0 /INPUT 1 "clk";
    .port_info 1 /INPUT 1 "rst_n";
    .port_info 2 /INPUT 1 "weight_load";
    .port_info 3 /INPUT 8 "weight_in";
    .port_info 4 /INPUT 8 "act_in";
    .port_info 5 /OUTPUT 8 "act_out";
    .port_info 6 /INPUT 32 "psum_in";
    .port_info 7 /OUTPUT 32 "psum_out";
P_0x56e45f770e50 .param/l "ACC_W" 0 8 32, +C4<00000000000000000000000000100000>;
P_0x56e45f770e90 .param/l "DATA_W" 0 8 31, +C4<00000000000000000000000000001000>;
v0x56e45f76d670_0 .net "act_in", 7 0, L_0x56e45f85bbb0;  1 drivers
v0x56e45f76ac90_0 .var "act_out", 7 0;
v0x56e45f76a590_0 .net "clk", 0 0, v0x56e45f7e5320_0;  alias, 1 drivers
v0x56e45f76a630_0 .net "psum_in", 31 0, L_0x56e45f85bc50;  1 drivers
v0x56e45f767bb0_0 .var "psum_out", 31 0;
v0x56e45f7674b0_0 .net "rst_n", 0 0, v0x56e45f7e53c0_0;  alias, 1 drivers
v0x56e45f767550_0 .net "weight_in", 7 0, L_0x56e45f85b890;  1 drivers
v0x56e45f764ad0_0 .net "weight_load", 0 0, L_0x56e45f85b7d0;  1 drivers
v0x56e45f764b90_0 .var "weight_reg", 7 0;
S_0x56e45f738cc0 .scope generate, "gen_row[3]" "gen_row[3]" 7 99, 7 99 0, S_0x56e45f69c710;
 .timescale -9 -12;
P_0x56e45f76d750 .param/l "row" 1 7 99, +C4<011>;
S_0x56e45f735be0 .scope generate, "gen_col[0]" "gen_col[0]" 7 100, 7 100 0, S_0x56e45f738cc0;
 .timescale -9 -12;
P_0x56e45f76de40 .param/l "col" 1 7 100, +C4<00>;
L_0x56e45f85c240 .functor AND 1, v0x56e45f7e2030_0, L_0x56e45f85c0d0, C4<1>, C4<1>;
v0x56e45f74c3d0_0 .net *"_ivl_0", 3 0, L_0x56e45f85bf80;  1 drivers
L_0x79ed4f557d98 .functor BUFT 1, C4<0>, C4<0>, C4<0>, C4<0>;
v0x56e45f74bcd0_0 .net *"_ivl_3", 0 0, L_0x79ed4f557d98;  1 drivers
L_0x79ed4f557de0 .functor BUFT 1, C4<0011>, C4<0>, C4<0>, C4<0>;
v0x56e45f7492f0_0 .net/2u *"_ivl_4", 3 0, L_0x79ed4f557de0;  1 drivers
v0x56e45f7493b0_0 .net *"_ivl_6", 0 0, L_0x56e45f85c0d0;  1 drivers
L_0x56e45f85bf80 .concat [ 3 1 0 0], v0x56e45f7e2120_0, L_0x79ed4f557d98;
L_0x56e45f85c0d0 .cmp/eq 4, L_0x56e45f85bf80, L_0x79ed4f557de0;
S_0x56e45f732b00 .scope module, "u_pe" "pe" 7 101, 8 30 0, S_0x56e45f735be0;
 .timescale -9 -12;
    .port_info 0 /INPUT 1 "clk";
    .port_info 1 /INPUT 1 "rst_n";
    .port_info 2 /INPUT 1 "weight_load";
    .port_info 3 /INPUT 8 "weight_in";
    .port_info 4 /INPUT 8 "act_in";
    .port_info 5 /OUTPUT 8 "act_out";
    .port_info 6 /INPUT 32 "psum_in";
    .port_info 7 /OUTPUT 32 "psum_out";
P_0x56e45f75b130 .param/l "ACC_W" 0 8 32, +C4<00000000000000000000000000100000>;
P_0x56e45f75b170 .param/l "DATA_W" 0 8 31, +C4<00000000000000000000000000001000>;
v0x56e45f755670_0 .net "act_in", 7 0, L_0x56e45f85c3a0;  1 drivers
v0x56e45f754f70_0 .var "act_out", 7 0;
v0x56e45f752590_0 .net "clk", 0 0, v0x56e45f7e5320_0;  alias, 1 drivers
v0x56e45f751e90_0 .net "psum_in", 31 0, L_0x56e45f85c6e0;  1 drivers
v0x56e45f751f50_0 .var "psum_out", 31 0;
v0x56e45f74f4b0_0 .net "rst_n", 0 0, v0x56e45f7e53c0_0;  alias, 1 drivers
v0x56e45f74f550_0 .net "weight_in", 7 0, L_0x56e45f85c300;  1 drivers
v0x56e45f74edb0_0 .net "weight_load", 0 0, L_0x56e45f85c240;  1 drivers
v0x56e45f74ee70_0 .var "weight_reg", 7 0;
S_0x56e45f72fa20 .scope generate, "gen_col[1]" "gen_col[1]" 7 100, 7 100 0, S_0x56e45f738cc0;
 .timescale -9 -12;
P_0x56e45f755050 .param/l "col" 1 7 100, +C4<01>;
L_0x56e45f85ca70 .functor AND 1, v0x56e45f7e2030_0, L_0x56e45f85c900, C4<1>, C4<1>;
v0x56e45f739e90_0 .net *"_ivl_0", 3 0, L_0x56e45f85c7b0;  1 drivers
L_0x79ed4f557e28 .functor BUFT 1, C4<0>, C4<0>, C4<0>, C4<0>;
v0x56e45f739790_0 .net *"_ivl_3", 0 0, L_0x79ed4f557e28;  1 drivers
L_0x79ed4f557e70 .functor BUFT 1, C4<0011>, C4<0>, C4<0>, C4<0>;
v0x56e45f736db0_0 .net/2u *"_ivl_4", 3 0, L_0x79ed4f557e70;  1 drivers
v0x56e45f736e70_0 .net *"_ivl_6", 0 0, L_0x56e45f85c900;  1 drivers
L_0x56e45f85c7b0 .concat [ 3 1 0 0], v0x56e45f7e2120_0, L_0x79ed4f557e28;
L_0x56e45f85c900 .cmp/eq 4, L_0x56e45f85c7b0, L_0x79ed4f557e70;
S_0x56e45f72c940 .scope module, "u_pe" "pe" 7 101, 8 30 0, S_0x56e45f72fa20;
 .timescale -9 -12;
    .port_info 0 /INPUT 1 "clk";
    .port_info 1 /INPUT 1 "rst_n";
    .port_info 2 /INPUT 1 "weight_load";
    .port_info 3 /INPUT 8 "weight_in";
    .port_info 4 /INPUT 8 "act_in";
    .port_info 5 /OUTPUT 8 "act_out";
    .port_info 6 /INPUT 32 "psum_in";
    .port_info 7 /OUTPUT 32 "psum_out";
P_0x56e45f752660 .param/l "ACC_W" 0 8 32, +C4<00000000000000000000000000100000>;
P_0x56e45f7526a0 .param/l "DATA_W" 0 8 31, +C4<00000000000000000000000000001000>;
v0x56e45f745b10_0 .net "act_in", 7 0, L_0x56e45f85ce80;  1 drivers
v0x56e45f743130_0 .var "act_out", 7 0;
v0x56e45f740050_0 .net "clk", 0 0, v0x56e45f7e5320_0;  alias, 1 drivers
v0x56e45f7400f0_0 .net "psum_in", 31 0, L_0x56e45f85cf20;  1 drivers
v0x56e45f73f950_0 .var "psum_out", 31 0;
v0x56e45f73cf70_0 .net "rst_n", 0 0, v0x56e45f7e53c0_0;  alias, 1 drivers
v0x56e45f73d010_0 .net "weight_in", 7 0, L_0x56e45f85cb30;  1 drivers
v0x56e45f73c870_0 .net "weight_load", 0 0, L_0x56e45f85ca70;  1 drivers
v0x56e45f73c930_0 .var "weight_reg", 7 0;
S_0x56e45f729860 .scope generate, "gen_col[2]" "gen_col[2]" 7 100, 7 100 0, S_0x56e45f738cc0;
 .timescale -9 -12;
P_0x56e45f739870 .param/l "col" 1 7 100, +C4<010>;
L_0x56e45f85d460 .functor AND 1, v0x56e45f7e2030_0, L_0x56e45f85d320, C4<1>, C4<1>;
v0x56e45f727250_0 .net *"_ivl_0", 3 0, L_0x56e45f85d280;  1 drivers
L_0x79ed4f557eb8 .functor BUFT 1, C4<0>, C4<0>, C4<0>, C4<0>;
v0x56e45f724870_0 .net *"_ivl_3", 0 0, L_0x79ed4f557eb8;  1 drivers
L_0x79ed4f557f00 .functor BUFT 1, C4<0011>, C4<0>, C4<0>, C4<0>;
v0x56e45f724170_0 .net/2u *"_ivl_4", 3 0, L_0x79ed4f557f00;  1 drivers
v0x56e45f724230_0 .net *"_ivl_6", 0 0, L_0x56e45f85d320;  1 drivers
L_0x56e45f85d280 .concat [ 3 1 0 0], v0x56e45f7e2120_0, L_0x79ed4f557eb8;
L_0x56e45f85d320 .cmp/eq 4, L_0x56e45f85d280, L_0x79ed4f557f00;
S_0x56e45f726780 .scope module, "u_pe" "pe" 7 101, 8 30 0, S_0x56e45f729860;
 .timescale -9 -12;
    .port_info 0 /INPUT 1 "clk";
    .port_info 1 /INPUT 1 "rst_n";
    .port_info 2 /INPUT 1 "weight_load";
    .port_info 3 /INPUT 8 "weight_in";
    .port_info 4 /INPUT 8 "act_in";
    .port_info 5 /OUTPUT 8 "act_out";
    .port_info 6 /INPUT 32 "psum_in";
    .port_info 7 /OUTPUT 32 "psum_out";
P_0x56e45f736750 .param/l "ACC_W" 0 8 32, +C4<00000000000000000000000000100000>;
P_0x56e45f736790 .param/l "DATA_W" 0 8 31, +C4<00000000000000000000000000001000>;
v0x56e45f7304f0_0 .net "act_in", 7 0, L_0x56e45f85d5c0;  1 drivers
v0x56e45f72db10_0 .var "act_out", 7 0;
v0x56e45f72d410_0 .net "clk", 0 0, v0x56e45f7e5320_0;  alias, 1 drivers
v0x56e45f72d4b0_0 .net "psum_in", 31 0, L_0x56e45f85d930;  1 drivers
v0x56e45f72aa30_0 .var "psum_out", 31 0;
v0x56e45f72a330_0 .net "rst_n", 0 0, v0x56e45f7e53c0_0;  alias, 1 drivers
v0x56e45f72a3d0_0 .net "weight_in", 7 0, L_0x56e45f85d520;  1 drivers
v0x56e45f727950_0 .net "weight_load", 0 0, L_0x56e45f85d460;  1 drivers
v0x56e45f727a10_0 .var "weight_reg", 7 0;
S_0x56e45f7236a0 .scope generate, "gen_col[3]" "gen_col[3]" 7 100, 7 100 0, S_0x56e45f738cc0;
 .timescale -9 -12;
P_0x56e45f727350 .param/l "col" 1 7 100, +C4<011>;
L_0x56e45f85dcc0 .functor AND 1, v0x56e45f7e2030_0, L_0x56e45f85db50, C4<1>, C4<1>;
v0x56e45f626370_0 .net *"_ivl_0", 3 0, L_0x56e45f85da00;  1 drivers
L_0x79ed4f557f48 .functor BUFT 1, C4<0>, C4<0>, C4<0>, C4<0>;
v0x56e45f625c10_0 .net *"_ivl_3", 0 0, L_0x79ed4f557f48;  1 drivers
L_0x79ed4f557f90 .functor BUFT 1, C4<0011>, C4<0>, C4<0>, C4<0>;
v0x56e45f623230_0 .net/2u *"_ivl_4", 3 0, L_0x79ed4f557f90;  1 drivers
v0x56e45f6232f0_0 .net *"_ivl_6", 0 0, L_0x56e45f85db50;  1 drivers
L_0x56e45f85da00 .concat [ 3 1 0 0], v0x56e45f7e2120_0, L_0x79ed4f557f48;
L_0x56e45f85db50 .cmp/eq 4, L_0x56e45f85da00, L_0x79ed4f557f90;
S_0x56e45f7205c0 .scope module, "u_pe" "pe" 7 101, 8 30 0, S_0x56e45f7236a0;
 .timescale -9 -12;
    .port_info 0 /INPUT 1 "clk";
    .port_info 1 /INPUT 1 "rst_n";
    .port_info 2 /INPUT 1 "weight_load";
    .port_info 3 /INPUT 8 "weight_in";
    .port_info 4 /INPUT 8 "act_in";
    .port_info 5 /OUTPUT 8 "act_out";
    .port_info 6 /INPUT 32 "psum_in";
    .port_info 7 /OUTPUT 32 "psum_out";
P_0x56e45f721800 .param/l "ACC_W" 0 8 32, +C4<00000000000000000000000000100000>;
P_0x56e45f721840 .param/l "DATA_W" 0 8 31, +C4<00000000000000000000000000001000>;
v0x56e45f71dfb0_0 .net "act_in", 7 0, L_0x56e45f85e100;  1 drivers
v0x56e45f71b5d0_0 .var "act_out", 7 0;
v0x56e45f71aed0_0 .net "clk", 0 0, v0x56e45f7e5320_0;  alias, 1 drivers
v0x56e45f7184f0_0 .net "psum_in", 31 0, L_0x56e45f85e1a0;  1 drivers
v0x56e45f7185b0_0 .var "psum_out", 31 0;
v0x56e45f717df0_0 .net "rst_n", 0 0, v0x56e45f7e53c0_0;  alias, 1 drivers
v0x56e45f717e90_0 .net "weight_in", 7 0, L_0x56e45f85dd80;  1 drivers
v0x56e45f628cf0_0 .net "weight_load", 0 0, L_0x56e45f85dcc0;  1 drivers
v0x56e45f628d90_0 .var "weight_reg", 7 0;
S_0x56e45f71d4e0 .scope generate, "gen_col[4]" "gen_col[4]" 7 100, 7 100 0, S_0x56e45f738cc0;
 .timescale -9 -12;
P_0x56e45f622b30 .param/l "col" 1 7 100, +C4<0100>;
L_0x56e45f85e820 .functor AND 1, v0x56e45f7e2030_0, L_0x56e45f85e6b0, C4<1>, C4<1>;
v0x56e45f6c4990_0 .net *"_ivl_0", 3 0, L_0x56e45f85e560;  1 drivers
L_0x79ed4f557fd8 .functor BUFT 1, C4<0>, C4<0>, C4<0>, C4<0>;
v0x56e45f6c1fb0_0 .net *"_ivl_3", 0 0, L_0x79ed4f557fd8;  1 drivers
L_0x79ed4f558020 .functor BUFT 1, C4<0011>, C4<0>, C4<0>, C4<0>;
v0x56e45f6c18b0_0 .net/2u *"_ivl_4", 3 0, L_0x79ed4f558020;  1 drivers
v0x56e45f6c1970_0 .net *"_ivl_6", 0 0, L_0x56e45f85e6b0;  1 drivers
L_0x56e45f85e560 .concat [ 3 1 0 0], v0x56e45f7e2120_0, L_0x79ed4f557fd8;
L_0x56e45f85e6b0 .cmp/eq 4, L_0x56e45f85e560, L_0x79ed4f558020;
S_0x56e45f71a400 .scope module, "u_pe" "pe" 7 101, 8 30 0, S_0x56e45f71d4e0;
 .timescale -9 -12;
    .port_info 0 /INPUT 1 "clk";
    .port_info 1 /INPUT 1 "rst_n";
    .port_info 2 /INPUT 1 "weight_load";
    .port_info 3 /INPUT 8 "weight_in";
    .port_info 4 /INPUT 8 "act_in";
    .port_info 5 /OUTPUT 8 "act_out";
    .port_info 6 /INPUT 32 "psum_in";
    .port_info 7 /OUTPUT 32 "psum_out";
P_0x56e45f620150 .param/l "ACC_W" 0 8 32, +C4<00000000000000000000000000100000>;
P_0x56e45f620190 .param/l "DATA_W" 0 8 31, +C4<00000000000000000000000000001000>;
v0x56e45f616eb0_0 .net "act_in", 7 0, L_0x56e45f85e980;  1 drivers
v0x56e45f6167b0_0 .var "act_out", 7 0;
v0x56e45f613dd0_0 .net "clk", 0 0, v0x56e45f7e5320_0;  alias, 1 drivers
v0x56e45f613e70_0 .net "psum_in", 31 0, L_0x56e45f85ed20;  1 drivers
v0x56e45f6c8170_0 .var "psum_out", 31 0;
v0x56e45f6c7a70_0 .net "rst_n", 0 0, v0x56e45f7e53c0_0;  alias, 1 drivers
v0x56e45f6c7b10_0 .net "weight_in", 7 0, L_0x56e45f85e8e0;  1 drivers
v0x56e45f6c5090_0 .net "weight_load", 0 0, L_0x56e45f85e820;  1 drivers
v0x56e45f6c5150_0 .var "weight_reg", 7 0;
S_0x56e45f717320 .scope generate, "gen_col[5]" "gen_col[5]" 7 100, 7 100 0, S_0x56e45f738cc0;
 .timescale -9 -12;
P_0x56e45f6c4a90 .param/l "col" 1 7 100, +C4<0101>;
L_0x56e45f85f080 .functor AND 1, v0x56e45f7e2030_0, L_0x56e45f85ef10, C4<1>, C4<1>;
v0x56e45f6b2b50_0 .net *"_ivl_0", 3 0, L_0x56e45f85edc0;  1 drivers
L_0x79ed4f558068 .functor BUFT 1, C4<0>, C4<0>, C4<0>, C4<0>;
v0x56e45f6b2450_0 .net *"_ivl_3", 0 0, L_0x79ed4f558068;  1 drivers
L_0x79ed4f5580b0 .functor BUFT 1, C4<0011>, C4<0>, C4<0>, C4<0>;
v0x56e45f6afa70_0 .net/2u *"_ivl_4", 3 0, L_0x79ed4f5580b0;  1 drivers
v0x56e45f6afb30_0 .net *"_ivl_6", 0 0, L_0x56e45f85ef10;  1 drivers
L_0x56e45f85edc0 .concat [ 3 1 0 0], v0x56e45f7e2120_0, L_0x79ed4f558068;
L_0x56e45f85ef10 .cmp/eq 4, L_0x56e45f85edc0, L_0x79ed4f5580b0;
S_0x56e45f714240 .scope module, "u_pe" "pe" 7 101, 8 30 0, S_0x56e45f717320;
 .timescale -9 -12;
    .port_info 0 /INPUT 1 "clk";
    .port_info 1 /INPUT 1 "rst_n";
    .port_info 2 /INPUT 1 "weight_load";
    .port_info 3 /INPUT 8 "weight_in";
    .port_info 4 /INPUT 8 "act_in";
    .port_info 5 /OUTPUT 8 "act_out";
    .port_info 6 /INPUT 32 "psum_in";
    .port_info 7 /OUTPUT 32 "psum_out";
P_0x56e45f6beed0 .param/l "ACC_W" 0 8 32, +C4<00000000000000000000000000100000>;
P_0x56e45f6bef10 .param/l "DATA_W" 0 8 31, +C4<00000000000000000000000000001000>;
v0x56e45f6bb6f0_0 .net "act_in", 7 0, L_0x56e45f85f900;  1 drivers
v0x56e45f610cf0_0 .var "act_out", 7 0;
v0x56e45f6b8d10_0 .net "clk", 0 0, v0x56e45f7e5320_0;  alias, 1 drivers
v0x56e45f6b8610_0 .net "psum_in", 31 0, L_0x56e45f85f9a0;  1 drivers
v0x56e45f6b86d0_0 .var "psum_out", 31 0;
v0x56e45f6b5c30_0 .net "rst_n", 0 0, v0x56e45f7e53c0_0;  alias, 1 drivers
v0x56e45f6b5cd0_0 .net "weight_in", 7 0, L_0x56e45f85f140;  1 drivers
v0x56e45f6b5530_0 .net "weight_load", 0 0, L_0x56e45f85f080;  1 drivers
v0x56e45f6b55f0_0 .var "weight_reg", 7 0;
S_0x56e45f711160 .scope generate, "gen_col[6]" "gen_col[6]" 7 100, 7 100 0, S_0x56e45f738cc0;
 .timescale -9 -12;
P_0x56e45f6b2530 .param/l "col" 1 7 100, +C4<0110>;
L_0x56e45f860020 .functor AND 1, v0x56e45f7e2030_0, L_0x56e45f85feb0, C4<1>, C4<1>;
v0x56e45f6a0610_0 .net *"_ivl_0", 3 0, L_0x56e45f85fd60;  1 drivers
L_0x79ed4f5580f8 .functor BUFT 1, C4<0>, C4<0>, C4<0>, C4<0>;
v0x56e45f69ff10_0 .net *"_ivl_3", 0 0, L_0x79ed4f5580f8;  1 drivers
L_0x79ed4f558140 .functor BUFT 1, C4<0011>, C4<0>, C4<0>, C4<0>;
v0x56e45f69d530_0 .net/2u *"_ivl_4", 3 0, L_0x79ed4f558140;  1 drivers
v0x56e45f69d5f0_0 .net *"_ivl_6", 0 0, L_0x56e45f85feb0;  1 drivers
L_0x56e45f85fd60 .concat [ 3 1 0 0], v0x56e45f7e2120_0, L_0x79ed4f5580f8;
L_0x56e45f85feb0 .cmp/eq 4, L_0x56e45f85fd60, L_0x79ed4f558140;
S_0x56e45f70e080 .scope module, "u_pe" "pe" 7 101, 8 30 0, S_0x56e45f711160;
 .timescale -9 -12;
    .port_info 0 /INPUT 1 "clk";
    .port_info 1 /INPUT 1 "rst_n";
    .port_info 2 /INPUT 1 "weight_load";
    .port_info 3 /INPUT 8 "weight_in";
    .port_info 4 /INPUT 8 "act_in";
    .port_info 5 /OUTPUT 8 "act_out";
    .port_info 6 /INPUT 32 "psum_in";
    .port_info 7 /OUTPUT 32 "psum_out";
P_0x56e45f6af3c0 .param/l "ACC_W" 0 8 32, +C4<00000000000000000000000000100000>;
P_0x56e45f6af400 .param/l "DATA_W" 0 8 31, +C4<00000000000000000000000000001000>;
v0x56e45f6a98b0_0 .net "act_in", 7 0, L_0x56e45f860180;  1 drivers
v0x56e45f6a91b0_0 .var "act_out", 7 0;
v0x56e45f6a67d0_0 .net "clk", 0 0, v0x56e45f7e5320_0;  alias, 1 drivers
v0x56e45f6a6870_0 .net "psum_in", 31 0, L_0x56e45f860550;  1 drivers
v0x56e45f6a60d0_0 .var "psum_out", 31 0;
v0x56e45f6a36f0_0 .net "rst_n", 0 0, v0x56e45f7e53c0_0;  alias, 1 drivers
v0x56e45f6a3790_0 .net "weight_in", 7 0, L_0x56e45f8600e0;  1 drivers
v0x56e45f6a2ff0_0 .net "weight_load", 0 0, L_0x56e45f860020;  1 drivers
v0x56e45f6a30b0_0 .var "weight_reg", 7 0;
S_0x56e45f70afa0 .scope generate, "gen_col[7]" "gen_col[7]" 7 100, 7 100 0, S_0x56e45f738cc0;
 .timescale -9 -12;
P_0x56e45f69fff0 .param/l "col" 1 7 100, +C4<0111>;
L_0x56e45f8608b0 .functor AND 1, v0x56e45f7e2030_0, L_0x56e45f860740, C4<1>, C4<1>;
v0x56e45f68e0d0_0 .net *"_ivl_0", 3 0, L_0x56e45f8605f0;  1 drivers
L_0x79ed4f558188 .functor BUFT 1, C4<0>, C4<0>, C4<0>, C4<0>;
v0x56e45f68d9d0_0 .net *"_ivl_3", 0 0, L_0x79ed4f558188;  1 drivers
L_0x79ed4f5581d0 .functor BUFT 1, C4<0011>, C4<0>, C4<0>, C4<0>;
v0x56e45f68aff0_0 .net/2u *"_ivl_4", 3 0, L_0x79ed4f5581d0;  1 drivers
v0x56e45f68b0b0_0 .net *"_ivl_6", 0 0, L_0x56e45f860740;  1 drivers
L_0x56e45f8605f0 .concat [ 3 1 0 0], v0x56e45f7e2120_0, L_0x79ed4f558188;
L_0x56e45f860740 .cmp/eq 4, L_0x56e45f8605f0, L_0x79ed4f5581d0;
S_0x56e45f707ec0 .scope module, "u_pe" "pe" 7 101, 8 30 0, S_0x56e45f70afa0;
 .timescale -9 -12;
    .port_info 0 /INPUT 1 "clk";
    .port_info 1 /INPUT 1 "rst_n";
    .port_info 2 /INPUT 1 "weight_load";
    .port_info 3 /INPUT 8 "weight_in";
    .port_info 4 /INPUT 8 "act_in";
    .port_info 5 /OUTPUT 8 "act_out";
    .port_info 6 /INPUT 32 "psum_in";
    .port_info 7 /OUTPUT 32 "psum_out";
P_0x56e45f69ce80 .param/l "ACC_W" 0 8 32, +C4<00000000000000000000000000100000>;
P_0x56e45f69cec0 .param/l "DATA_W" 0 8 31, +C4<00000000000000000000000000001000>;
v0x56e45f697370_0 .net "act_in", 7 0, L_0x56e45f860d50;  1 drivers
v0x56e45f696c70_0 .var "act_out", 7 0;
v0x56e45f694290_0 .net "clk", 0 0, v0x56e45f7e5320_0;  alias, 1 drivers
v0x56e45f694330_0 .net "psum_in", 31 0, L_0x56e45f861200;  1 drivers
v0x56e45f693b90_0 .var "psum_out", 31 0;
v0x56e45f6911b0_0 .net "rst_n", 0 0, v0x56e45f7e53c0_0;  alias, 1 drivers
v0x56e45f691250_0 .net "weight_in", 7 0, L_0x56e45f860970;  1 drivers
v0x56e45f690ab0_0 .net "weight_load", 0 0, L_0x56e45f8608b0;  1 drivers
v0x56e45f690b70_0 .var "weight_reg", 7 0;
S_0x56e45f704de0 .scope generate, "gen_row[4]" "gen_row[4]" 7 99, 7 99 0, S_0x56e45f69c710;
 .timescale -9 -12;
P_0x56e45f68dab0 .param/l "row" 1 7 99, +C4<0100>;
S_0x56e45f701d00 .scope generate, "gen_col[0]" "gen_col[0]" 7 100, 7 100 0, S_0x56e45f704de0;
 .timescale -9 -12;
P_0x56e45f68a940 .param/l "col" 1 7 100, +C4<00>;
L_0x56e45f8620d0 .functor AND 1, v0x56e45f7e2030_0, L_0x56e45f861f60, C4<1>, C4<1>;
v0x56e45f67b490_0 .net *"_ivl_0", 4 0, L_0x56e45f861a00;  1 drivers
L_0x79ed4f558218 .functor BUFT 1, C4<00>, C4<0>, C4<0>, C4<0>;
v0x56e45f678ab0_0 .net *"_ivl_3", 1 0, L_0x79ed4f558218;  1 drivers
L_0x79ed4f558260 .functor BUFT 1, C4<00100>, C4<0>, C4<0>, C4<0>;
v0x56e45f6783b0_0 .net/2u *"_ivl_4", 4 0, L_0x79ed4f558260;  1 drivers
v0x56e45f678470_0 .net *"_ivl_6", 0 0, L_0x56e45f861f60;  1 drivers
L_0x56e45f861a00 .concat [ 3 2 0 0], v0x56e45f7e2120_0, L_0x79ed4f558218;
L_0x56e45f861f60 .cmp/eq 5, L_0x56e45f861a00, L_0x79ed4f558260;
S_0x56e45f6fec20 .scope module, "u_pe" "pe" 7 101, 8 30 0, S_0x56e45f701d00;
 .timescale -9 -12;
    .port_info 0 /INPUT 1 "clk";
    .port_info 1 /INPUT 1 "rst_n";
    .port_info 2 /INPUT 1 "weight_load";
    .port_info 3 /INPUT 8 "weight_in";
    .port_info 4 /INPUT 8 "act_in";
    .port_info 5 /OUTPUT 8 "act_out";
    .port_info 6 /INPUT 32 "psum_in";
    .port_info 7 /OUTPUT 32 "psum_out";
P_0x56e45f687f60 .param/l "ACC_W" 0 8 32, +C4<00000000000000000000000000100000>;
P_0x56e45f687fa0 .param/l "DATA_W" 0 8 31, +C4<00000000000000000000000000001000>;
v0x56e45f684730_0 .net "act_in", 7 0, L_0x56e45f862230;  1 drivers
v0x56e45f681d50_0 .var "act_out", 7 0;
v0x56e45f681650_0 .net "clk", 0 0, v0x56e45f7e5320_0;  alias, 1 drivers
v0x56e45f6816f0_0 .net "psum_in", 31 0, L_0x56e45f862630;  1 drivers
v0x56e45f67ec70_0 .var "psum_out", 31 0;
v0x56e45f67e570_0 .net "rst_n", 0 0, v0x56e45f7e53c0_0;  alias, 1 drivers
v0x56e45f67e610_0 .net "weight_in", 7 0, L_0x56e45f862190;  1 drivers
v0x56e45f67bb90_0 .net "weight_load", 0 0, L_0x56e45f8620d0;  1 drivers
v0x56e45f67bc50_0 .var "weight_reg", 7 0;
S_0x56e45f6fbb40 .scope generate, "gen_col[1]" "gen_col[1]" 7 100, 7 100 0, S_0x56e45f704de0;
 .timescale -9 -12;
P_0x56e45f785b90 .param/l "col" 1 7 100, +C4<01>;
L_0x56e45f862990 .functor AND 1, v0x56e45f7e2030_0, L_0x56e45f862820, C4<1>, C4<1>;
v0x56e45f666570_0 .net *"_ivl_0", 4 0, L_0x56e45f8626d0;  1 drivers
L_0x79ed4f5582a8 .functor BUFT 1, C4<00>, C4<0>, C4<0>, C4<0>;
v0x56e45f665e70_0 .net *"_ivl_3", 1 0, L_0x79ed4f5582a8;  1 drivers
L_0x79ed4f5582f0 .functor BUFT 1, C4<00100>, C4<0>, C4<0>, C4<0>;
v0x56e45f663490_0 .net/2u *"_ivl_4", 4 0, L_0x79ed4f5582f0;  1 drivers
v0x56e45f663550_0 .net *"_ivl_6", 0 0, L_0x56e45f862820;  1 drivers
L_0x56e45f8626d0 .concat [ 3 2 0 0], v0x56e45f7e2120_0, L_0x79ed4f5582a8;
L_0x56e45f862820 .cmp/eq 5, L_0x56e45f8626d0, L_0x79ed4f5582f0;
S_0x56e45f6f8a60 .scope module, "u_pe" "pe" 7 101, 8 30 0, S_0x56e45f6fbb40;
 .timescale -9 -12;
    .port_info 0 /INPUT 1 "clk";
    .port_info 1 /INPUT 1 "rst_n";
    .port_info 2 /INPUT 1 "weight_load";
    .port_info 3 /INPUT 8 "weight_in";
    .port_info 4 /INPUT 8 "act_in";
    .port_info 5 /OUTPUT 8 "act_out";
    .port_info 6 /INPUT 32 "psum_in";
    .port_info 7 /OUTPUT 32 "psum_out";
P_0x56e45f684f00 .param/l "ACC_W" 0 8 32, +C4<00000000000000000000000000100000>;
P_0x56e45f684f40 .param/l "DATA_W" 0 8 31, +C4<00000000000000000000000000001000>;
v0x56e45f66f810_0 .net "act_in", 7 0, L_0x56e45f862e60;  1 drivers
v0x56e45f66f110_0 .var "act_out", 7 0;
v0x56e45f66c730_0 .net "clk", 0 0, v0x56e45f7e5320_0;  alias, 1 drivers
v0x56e45f66c030_0 .net "psum_in", 31 0, L_0x56e45f862f00;  1 drivers
v0x56e45f66c0f0_0 .var "psum_out", 31 0;
v0x56e45f669650_0 .net "rst_n", 0 0, v0x56e45f7e53c0_0;  alias, 1 drivers
v0x56e45f6696f0_0 .net "weight_in", 7 0, L_0x56e45f862a50;  1 drivers
v0x56e45f668f50_0 .net "weight_load", 0 0, L_0x56e45f862990;  1 drivers
v0x56e45f669010_0 .var "weight_reg", 7 0;
S_0x56e45f6f58b0 .scope generate, "gen_col[2]" "gen_col[2]" 7 100, 7 100 0, S_0x56e45f704de0;
 .timescale -9 -12;
P_0x56e45f66f8f0 .param/l "col" 1 7 100, +C4<010>;
L_0x56e45f863610 .functor AND 1, v0x56e45f7e2030_0, L_0x56e45f8634a0, C4<1>, C4<1>;
v0x56e45f654030_0 .net *"_ivl_0", 4 0, L_0x56e45f863350;  1 drivers
L_0x79ed4f558338 .functor BUFT 1, C4<00>, C4<0>, C4<0>, C4<0>;
v0x56e45f653930_0 .net *"_ivl_3", 1 0, L_0x79ed4f558338;  1 drivers
L_0x79ed4f558380 .functor BUFT 1, C4<00100>, C4<0>, C4<0>, C4<0>;
v0x56e45f650f50_0 .net/2u *"_ivl_4", 4 0, L_0x79ed4f558380;  1 drivers
v0x56e45f651010_0 .net *"_ivl_6", 0 0, L_0x56e45f8634a0;  1 drivers
L_0x56e45f863350 .concat [ 3 2 0 0], v0x56e45f7e2120_0, L_0x79ed4f558338;
L_0x56e45f8634a0 .cmp/eq 5, L_0x56e45f863350, L_0x79ed4f558380;
S_0x56e45f6ca080 .scope module, "u_pe" "pe" 7 101, 8 30 0, S_0x56e45f6f58b0;
 .timescale -9 -12;
    .port_info 0 /INPUT 1 "clk";
    .port_info 1 /INPUT 1 "rst_n";
    .port_info 2 /INPUT 1 "weight_load";
    .port_info 3 /INPUT 8 "weight_in";
    .port_info 4 /INPUT 8 "act_in";
    .port_info 5 /OUTPUT 8 "act_out";
    .port_info 6 /INPUT 32 "psum_in";
    .port_info 7 /OUTPUT 32 "psum_out";
P_0x56e45f6729c0 .param/l "ACC_W" 0 8 32, +C4<00000000000000000000000000100000>;
P_0x56e45f672a00 .param/l "DATA_W" 0 8 31, +C4<00000000000000000000000000001000>;
v0x56e45f65fcb0_0 .net "act_in", 7 0, L_0x56e45f863770;  1 drivers
v0x56e45f65d2d0_0 .var "act_out", 7 0;
v0x56e45f65cbd0_0 .net "clk", 0 0, v0x56e45f7e5320_0;  alias, 1 drivers
v0x56e45f65cc70_0 .net "psum_in", 31 0, L_0x56e45f863ba0;  1 drivers
v0x56e45f65a1f0_0 .var "psum_out", 31 0;
v0x56e45f659af0_0 .net "rst_n", 0 0, v0x56e45f7e53c0_0;  alias, 1 drivers
v0x56e45f659b90_0 .net "weight_in", 7 0, L_0x56e45f8636d0;  1 drivers
v0x56e45f657110_0 .net "weight_load", 0 0, L_0x56e45f863610;  1 drivers
v0x56e45f6571d0_0 .var "weight_reg", 7 0;
S_0x56e45f6c6fa0 .scope generate, "gen_col[3]" "gen_col[3]" 7 100, 7 100 0, S_0x56e45f704de0;
 .timescale -9 -12;
P_0x56e45f654130 .param/l "col" 1 7 100, +C4<011>;
L_0x56e45f863f00 .functor AND 1, v0x56e45f7e2030_0, L_0x56e45f863d90, C4<1>, C4<1>;
v0x56e45f6413f0_0 .net *"_ivl_0", 4 0, L_0x56e45f863c40;  1 drivers
L_0x79ed4f5583c8 .functor BUFT 1, C4<00>, C4<0>, C4<0>, C4<0>;
v0x56e45f63ea10_0 .net *"_ivl_3", 1 0, L_0x79ed4f5583c8;  1 drivers
L_0x79ed4f558410 .functor BUFT 1, C4<00100>, C4<0>, C4<0>, C4<0>;
v0x56e45f63e310_0 .net/2u *"_ivl_4", 4 0, L_0x79ed4f558410;  1 drivers
v0x56e45f63e3d0_0 .net *"_ivl_6", 0 0, L_0x56e45f863d90;  1 drivers
L_0x56e45f863c40 .concat [ 3 2 0 0], v0x56e45f7e2120_0, L_0x79ed4f5583c8;
L_0x56e45f863d90 .cmp/eq 5, L_0x56e45f863c40, L_0x79ed4f558410;
S_0x56e45f6c3ec0 .scope module, "u_pe" "pe" 7 101, 8 30 0, S_0x56e45f6c6fa0;
 .timescale -9 -12;
    .port_info 0 /INPUT 1 "clk";
    .port_info 1 /INPUT 1 "rst_n";
    .port_info 2 /INPUT 1 "weight_load";
    .port_info 3 /INPUT 8 "weight_in";
    .port_info 4 /INPUT 8 "act_in";
    .port_info 5 /OUTPUT 8 "act_out";
    .port_info 6 /INPUT 32 "psum_in";
    .port_info 7 /OUTPUT 32 "psum_out";
P_0x56e45f650850 .param/l "ACC_W" 0 8 32, +C4<00000000000000000000000000100000>;
P_0x56e45f650890 .param/l "DATA_W" 0 8 31, +C4<00000000000000000000000000001000>;
v0x56e45f64ad90_0 .net "act_in", 7 0, L_0x56e45f864400;  1 drivers
v0x56e45f64a690_0 .var "act_out", 7 0;
v0x56e45f647cb0_0 .net "clk", 0 0, v0x56e45f7e5320_0;  alias, 1 drivers
v0x56e45f647d50_0 .net "psum_in", 31 0, L_0x56e45f8644a0;  1 drivers
v0x56e45f644bd0_0 .var "psum_out", 31 0;
v0x56e45f6444d0_0 .net "rst_n", 0 0, v0x56e45f7e53c0_0;  alias, 1 drivers
v0x56e45f644570_0 .net "weight_in", 7 0, L_0x56e45f863fc0;  1 drivers
v0x56e45f641af0_0 .net "weight_load", 0 0, L_0x56e45f863f00;  1 drivers
v0x56e45f641bb0_0 .var "weight_reg", 7 0;
S_0x56e45f6c0de0 .scope generate, "gen_col[4]" "gen_col[4]" 7 100, 7 100 0, S_0x56e45f704de0;
 .timescale -9 -12;
P_0x56e45f63eaf0 .param/l "col" 1 7 100, +C4<0100>;
L_0x56e45f864bb0 .functor AND 1, v0x56e45f7e2030_0, L_0x56e45f864a40, C4<1>, C4<1>;
v0x56e45f62eeb0_0 .net *"_ivl_0", 4 0, L_0x56e45f8648f0;  1 drivers
L_0x79ed4f558458 .functor BUFT 1, C4<00>, C4<0>, C4<0>, C4<0>;
v0x56e45f62c4d0_0 .net *"_ivl_3", 1 0, L_0x79ed4f558458;  1 drivers
L_0x79ed4f5584a0 .functor BUFT 1, C4<00100>, C4<0>, C4<0>, C4<0>;
v0x56e45f62bdd0_0 .net/2u *"_ivl_4", 4 0, L_0x79ed4f5584a0;  1 drivers
v0x56e45f62be90_0 .net *"_ivl_6", 0 0, L_0x56e45f864a40;  1 drivers
L_0x56e45f8648f0 .concat [ 3 2 0 0], v0x56e45f7e2120_0, L_0x79ed4f558458;
L_0x56e45f864a40 .cmp/eq 5, L_0x56e45f8648f0, L_0x79ed4f5584a0;
S_0x56e45f6bdd00 .scope module, "u_pe" "pe" 7 101, 8 30 0, S_0x56e45f6c0de0;
 .timescale -9 -12;
    .port_info 0 /INPUT 1 "clk";
    .port_info 1 /INPUT 1 "rst_n";
    .port_info 2 /INPUT 1 "weight_load";
    .port_info 3 /INPUT 8 "weight_in";
    .port_info 4 /INPUT 8 "act_in";
    .port_info 5 /OUTPUT 8 "act_out";
    .port_info 6 /INPUT 32 "psum_in";
    .port_info 7 /OUTPUT 32 "psum_out";
P_0x56e45f63b980 .param/l "ACC_W" 0 8 32, +C4<00000000000000000000000000100000>;
P_0x56e45f63b9c0 .param/l "DATA_W" 0 8 31, +C4<00000000000000000000000000001000>;
v0x56e45f638150_0 .net "act_in", 7 0, L_0x56e45f864d10;  1 drivers
v0x56e45f635770_0 .var "act_out", 7 0;
v0x56e45f635070_0 .net "clk", 0 0, v0x56e45f7e5320_0;  alias, 1 drivers
v0x56e45f635110_0 .net "psum_in", 31 0, L_0x56e45f865170;  1 drivers
v0x56e45f632690_0 .var "psum_out", 31 0;
v0x56e45f631f90_0 .net "rst_n", 0 0, v0x56e45f7e53c0_0;  alias, 1 drivers
v0x56e45f632030_0 .net "weight_in", 7 0, L_0x56e45f864c70;  1 drivers
v0x56e45f62f5b0_0 .net "weight_load", 0 0, L_0x56e45f864bb0;  1 drivers
v0x56e45f62f670_0 .var "weight_reg", 7 0;
S_0x56e45f6bac20 .scope generate, "gen_col[5]" "gen_col[5]" 7 100, 7 100 0, S_0x56e45f704de0;
 .timescale -9 -12;
P_0x56e45f62c5b0 .param/l "col" 1 7 100, +C4<0101>;
L_0x56e45f8654d0 .functor AND 1, v0x56e45f7e2030_0, L_0x56e45f865360, C4<1>, C4<1>;
v0x56e45f7856b0_0 .net *"_ivl_0", 4 0, L_0x56e45f865210;  1 drivers
L_0x79ed4f5584e8 .functor BUFT 1, C4<00>, C4<0>, C4<0>, C4<0>;
v0x56e45f782570_0 .net *"_ivl_3", 1 0, L_0x79ed4f5584e8;  1 drivers
L_0x79ed4f558530 .functor BUFT 1, C4<00100>, C4<0>, C4<0>, C4<0>;
v0x56e45f77f470_0 .net/2u *"_ivl_4", 4 0, L_0x79ed4f558530;  1 drivers
v0x56e45f77f530_0 .net *"_ivl_6", 0 0, L_0x56e45f865360;  1 drivers
L_0x56e45f865210 .concat [ 3 2 0 0], v0x56e45f7e2120_0, L_0x79ed4f5584e8;
L_0x56e45f865360 .cmp/eq 5, L_0x56e45f865210, L_0x79ed4f558530;
S_0x56e45f6b7b40 .scope module, "u_pe" "pe" 7 101, 8 30 0, S_0x56e45f6bac20;
 .timescale -9 -12;
    .port_info 0 /INPUT 1 "clk";
    .port_info 1 /INPUT 1 "rst_n";
    .port_info 2 /INPUT 1 "weight_load";
    .port_info 3 /INPUT 8 "weight_in";
    .port_info 4 /INPUT 8 "act_in";
    .port_info 5 /OUTPUT 8 "act_out";
    .port_info 6 /INPUT 32 "psum_in";
    .port_info 7 /OUTPUT 32 "psum_out";
P_0x56e45f7b6480 .param/l "ACC_W" 0 8 32, +C4<00000000000000000000000000100000>;
P_0x56e45f7b64c0 .param/l "DATA_W" 0 8 31, +C4<00000000000000000000000000001000>;
v0x56e45f7b0340_0 .net "act_in", 7 0, L_0x56e45f865a00;  1 drivers
v0x56e45f7ad190_0 .var "act_out", 7 0;
v0x56e45f79dd30_0 .net "clk", 0 0, v0x56e45f7e5320_0;  alias, 1 drivers
v0x56e45f79de00_0 .net "psum_in", 31 0, L_0x56e45f865aa0;  1 drivers
v0x56e45f79ac50_0 .var "psum_out", 31 0;
v0x56e45f797b70_0 .net "rst_n", 0 0, v0x56e45f7e53c0_0;  alias, 1 drivers
v0x56e45f797c10_0 .net "weight_in", 7 0, L_0x56e45f865590;  1 drivers
v0x56e45f794a90_0 .net "weight_load", 0 0, L_0x56e45f8654d0;  1 drivers
v0x56e45f794b50_0 .var "weight_reg", 7 0;
S_0x56e45f6b4a60 .scope generate, "gen_col[6]" "gen_col[6]" 7 100, 7 100 0, S_0x56e45f704de0;
 .timescale -9 -12;
P_0x56e45f77c390 .param/l "col" 1 7 100, +C4<0110>;
L_0x56e45f8661e0 .functor AND 1, v0x56e45f7e2030_0, L_0x56e45f866070, C4<1>, C4<1>;
v0x56e45f73c190_0 .net *"_ivl_0", 4 0, L_0x56e45f865f50;  1 drivers
L_0x79ed4f558578 .functor BUFT 1, C4<00>, C4<0>, C4<0>, C4<0>;
v0x56e45f739050_0 .net *"_ivl_3", 1 0, L_0x79ed4f558578;  1 drivers
L_0x79ed4f5585c0 .functor BUFT 1, C4<00100>, C4<0>, C4<0>, C4<0>;
v0x56e45f735f70_0 .net/2u *"_ivl_4", 4 0, L_0x79ed4f5585c0;  1 drivers
v0x56e45f736030_0 .net *"_ivl_6", 0 0, L_0x56e45f866070;  1 drivers
L_0x56e45f865f50 .concat [ 3 2 0 0], v0x56e45f7e2120_0, L_0x79ed4f558578;
L_0x56e45f866070 .cmp/eq 5, L_0x56e45f865f50, L_0x79ed4f5585c0;
S_0x56e45f6b1980 .scope module, "u_pe" "pe" 7 101, 8 30 0, S_0x56e45f6b4a60;
 .timescale -9 -12;
    .port_info 0 /INPUT 1 "clk";
    .port_info 1 /INPUT 1 "rst_n";
    .port_info 2 /INPUT 1 "weight_load";
    .port_info 3 /INPUT 8 "weight_in";
    .port_info 4 /INPUT 8 "act_in";
    .port_info 5 /OUTPUT 8 "act_out";
    .port_info 6 /INPUT 32 "psum_in";
    .port_info 7 /OUTPUT 32 "psum_out";
P_0x56e45f76cf30 .param/l "ACC_W" 0 8 32, +C4<00000000000000000000000000100000>;
P_0x56e45f76cf70 .param/l "DATA_W" 0 8 31, +C4<00000000000000000000000000001000>;
v0x56e45f769f20_0 .net "act_in", 7 0, L_0x56e45f866340;  1 drivers
v0x56e45f763c90_0 .var "act_out", 7 0;
v0x56e45f754830_0 .net "clk", 0 0, v0x56e45f7e5320_0;  alias, 1 drivers
v0x56e45f754900_0 .net "psum_in", 31 0, L_0x56e45f8667d0;  1 drivers
v0x56e45f751750_0 .var "psum_out", 31 0;
v0x56e45f74e670_0 .net "rst_n", 0 0, v0x56e45f7e53c0_0;  alias, 1 drivers
v0x56e45f74e710_0 .net "weight_in", 7 0, L_0x56e45f8662a0;  1 drivers
v0x56e45f74b590_0 .net "weight_load", 0 0, L_0x56e45f8661e0;  1 drivers
v0x56e45f74b630_0 .var "weight_reg", 7 0;
S_0x56e45f6ae8a0 .scope generate, "gen_col[7]" "gen_col[7]" 7 100, 7 100 0, S_0x56e45f704de0;
 .timescale -9 -12;
P_0x56e45f739150 .param/l "col" 1 7 100, +C4<0111>;
L_0x56e45f866b60 .functor AND 1, v0x56e45f7e2030_0, L_0x56e45f8669f0, C4<1>, C4<1>;
v0x56e45f6ca430_0 .net *"_ivl_0", 4 0, L_0x56e45f8668a0;  1 drivers
L_0x79ed4f558608 .functor BUFT 1, C4<00>, C4<0>, C4<0>, C4<0>;
v0x56e45f6c7330_0 .net *"_ivl_3", 1 0, L_0x79ed4f558608;  1 drivers
L_0x79ed4f558650 .functor BUFT 1, C4<00100>, C4<0>, C4<0>, C4<0>;
v0x56e45f6c4250_0 .net/2u *"_ivl_4", 4 0, L_0x79ed4f558650;  1 drivers
v0x56e45f6c4310_0 .net *"_ivl_6", 0 0, L_0x56e45f8669f0;  1 drivers
L_0x56e45f8668a0 .concat [ 3 2 0 0], v0x56e45f7e2120_0, L_0x79ed4f558608;
L_0x56e45f8669f0 .cmp/eq 5, L_0x56e45f8668a0, L_0x79ed4f558650;
S_0x56e45f6ab7c0 .scope module, "u_pe" "pe" 7 101, 8 30 0, S_0x56e45f6ae8a0;
 .timescale -9 -12;
    .port_info 0 /INPUT 1 "clk";
    .port_info 1 /INPUT 1 "rst_n";
    .port_info 2 /INPUT 1 "weight_load";
    .port_info 3 /INPUT 8 "weight_in";
    .port_info 4 /INPUT 8 "act_in";
    .port_info 5 /OUTPUT 8 "act_out";
    .port_info 6 /INPUT 32 "psum_in";
    .port_info 7 /OUTPUT 32 "psum_out";
P_0x56e45f732f50 .param/l "ACC_W" 0 8 32, +C4<00000000000000000000000000100000>;
P_0x56e45f732f90 .param/l "DATA_W" 0 8 31, +C4<00000000000000000000000000001000>;
v0x56e45f71d870_0 .net "act_in", 7 0, L_0x56e45f8670c0;  1 drivers
v0x56e45f71d910_0 .var "act_out", 7 0;
v0x56e45f71a7b0_0 .net "clk", 0 0, v0x56e45f7e5320_0;  alias, 1 drivers
v0x56e45f70b330_0 .net "psum_in", 31 0, L_0x56e45f867160;  1 drivers
v0x56e45f708250_0 .var "psum_out", 31 0;
v0x56e45f705170_0 .net "rst_n", 0 0, v0x56e45f7e53c0_0;  alias, 1 drivers
v0x56e45f705210_0 .net "weight_in", 7 0, L_0x56e45f866c20;  1 drivers
v0x56e45f702090_0 .net "weight_load", 0 0, L_0x56e45f866b60;  1 drivers
v0x56e45f702130_0 .var "weight_reg", 7 0;
S_0x56e45f6a86e0 .scope generate, "gen_row[5]" "gen_row[5]" 7 99, 7 99 0, S_0x56e45f69c710;
 .timescale -9 -12;
P_0x56e45f6c7410 .param/l "row" 1 7 99, +C4<0101>;
S_0x56e45f6a5600 .scope generate, "gen_col[0]" "gen_col[0]" 7 100, 7 100 0, S_0x56e45f6a86e0;
 .timescale -9 -12;
P_0x56e45f6c1250 .param/l "col" 1 7 100, +C4<00>;
L_0x56e45f8678a0 .functor AND 1, v0x56e45f7e2030_0, L_0x56e45f867730, C4<1>, C4<1>;
v0x56e45f67de30_0 .net *"_ivl_0", 4 0, L_0x56e45f867610;  1 drivers
L_0x79ed4f558698 .functor BUFT 1, C4<00>, C4<0>, C4<0>, C4<0>;
v0x56e45f67ad50_0 .net *"_ivl_3", 1 0, L_0x79ed4f558698;  1 drivers
L_0x79ed4f5586e0 .functor BUFT 1, C4<00101>, C4<0>, C4<0>, C4<0>;
v0x56e45f677c70_0 .net/2u *"_ivl_4", 4 0, L_0x79ed4f5586e0;  1 drivers
v0x56e45f677d30_0 .net *"_ivl_6", 0 0, L_0x56e45f867730;  1 drivers
L_0x56e45f867610 .concat [ 3 2 0 0], v0x56e45f7e2120_0, L_0x79ed4f558698;
L_0x56e45f867730 .cmp/eq 5, L_0x56e45f867610, L_0x79ed4f5586e0;
S_0x56e45f6a2520 .scope module, "u_pe" "pe" 7 101, 8 30 0, S_0x56e45f6a5600;
 .timescale -9 -12;
    .port_info 0 /INPUT 1 "clk";
    .port_info 1 /INPUT 1 "rst_n";
    .port_info 2 /INPUT 1 "weight_load";
    .port_info 3 /INPUT 8 "weight_in";
    .port_info 4 /INPUT 8 "act_in";
    .port_info 5 /OUTPUT 8 "act_out";
    .port_info 6 /INPUT 32 "psum_in";
    .port_info 7 /OUTPUT 32 "psum_out";
P_0x56e45f6b1df0 .param/l "ACC_W" 0 8 32, +C4<00000000000000000000000000100000>;
P_0x56e45f6b1e30 .param/l "DATA_W" 0 8 31, +C4<00000000000000000000000000001000>;
v0x56e45f6a8a70_0 .net "act_in", 7 0, L_0x56e45f867a00;  1 drivers
v0x56e45f699610_0 .var "act_out", 7 0;
v0x56e45f696530_0 .net "clk", 0 0, v0x56e45f7e5320_0;  alias, 1 drivers
v0x56e45f696600_0 .net "psum_in", 31 0, L_0x56e45f867ef0;  1 drivers
v0x56e45f693450_0 .var "psum_out", 31 0;
v0x56e45f693510_0 .net "rst_n", 0 0, v0x56e45f7e53c0_0;  alias, 1 drivers
v0x56e45f690370_0 .net "weight_in", 7 0, L_0x56e45f867960;  1 drivers
v0x56e45f680f10_0 .net "weight_load", 0 0, L_0x56e45f8678a0;  1 drivers
v0x56e45f680fd0_0 .var "weight_reg", 7 0;
S_0x56e45f69f440 .scope generate, "gen_col[1]" "gen_col[1]" 7 100, 7 100 0, S_0x56e45f6a86e0;
 .timescale -9 -12;
P_0x56e45f67df30 .param/l "col" 1 7 100, +C4<01>;
L_0x56e45f868280 .functor AND 1, v0x56e45f7e2030_0, L_0x56e45f868110, C4<1>, C4<1>;
v0x56e45f637a30_0 .net *"_ivl_0", 4 0, L_0x56e45f867fc0;  1 drivers
L_0x79ed4f558728 .functor BUFT 1, C4<00>, C4<0>, C4<0>, C4<0>;
v0x56e45f634930_0 .net *"_ivl_3", 1 0, L_0x79ed4f558728;  1 drivers
L_0x79ed4f558770 .functor BUFT 1, C4<00101>, C4<0>, C4<0>, C4<0>;
v0x56e45f631850_0 .net/2u *"_ivl_4", 4 0, L_0x79ed4f558770;  1 drivers
v0x56e45f631910_0 .net *"_ivl_6", 0 0, L_0x56e45f868110;  1 drivers
L_0x56e45f867fc0 .concat [ 3 2 0 0], v0x56e45f7e2120_0, L_0x79ed4f558728;
L_0x56e45f868110 .cmp/eq 5, L_0x56e45f867fc0, L_0x79ed4f558770;
S_0x56e45f69c360 .scope module, "u_pe" "pe" 7 101, 8 30 0, S_0x56e45f69f440;
 .timescale -9 -12;
    .port_info 0 /INPUT 1 "clk";
    .port_info 1 /INPUT 1 "rst_n";
    .port_info 2 /INPUT 1 "weight_load";
    .port_info 3 /INPUT 8 "weight_in";
    .port_info 4 /INPUT 8 "act_in";
    .port_info 5 /OUTPUT 8 "act_out";
    .port_info 6 /INPUT 32 "psum_in";
    .port_info 7 /OUTPUT 32 "psum_out";
P_0x56e45f668810 .param/l "ACC_W" 0 8 32, +C4<00000000000000000000000000100000>;
P_0x56e45f668850 .param/l "DATA_W" 0 8 31, +C4<00000000000000000000000000001000>;
v0x56e45f665800_0 .net "act_in", 7 0, L_0x56e45f867ad0;  1 drivers
v0x56e45f65f570_0 .var "act_out", 7 0;
v0x56e45f650110_0 .net "clk", 0 0, v0x56e45f7e5320_0;  alias, 1 drivers
v0x56e45f6501e0_0 .net "psum_in", 31 0, L_0x56e45f867b70;  1 drivers
v0x56e45f64d030_0 .var "psum_out", 31 0;
v0x56e45f649f50_0 .net "rst_n", 0 0, v0x56e45f7e53c0_0;  alias, 1 drivers
v0x56e45f649ff0_0 .net "weight_in", 7 0, L_0x56e45f868340;  1 drivers
v0x56e45f646e70_0 .net "weight_load", 0 0, L_0x56e45f868280;  1 drivers
v0x56e45f646f30_0 .var "weight_reg", 7 0;
S_0x56e45f699280 .scope generate, "gen_col[2]" "gen_col[2]" 7 100, 7 100 0, S_0x56e45f6a86e0;
 .timescale -9 -12;
P_0x56e45f634a10 .param/l "col" 1 7 100, +C4<010>;
L_0x56e45f868870 .functor AND 1, v0x56e45f7e2030_0, L_0x56e45f867d90, C4<1>, C4<1>;
v0x56e45f689e20_0 .net *"_ivl_0", 4 0, L_0x56e45f867c40;  1 drivers
L_0x79ed4f5587b8 .functor BUFT 1, C4<00>, C4<0>, C4<0>, C4<0>;
v0x56e45f689f20_0 .net *"_ivl_3", 1 0, L_0x79ed4f5587b8;  1 drivers
L_0x79ed4f558800 .functor BUFT 1, C4<00101>, C4<0>, C4<0>, C4<0>;
v0x56e45f686d40_0 .net/2u *"_ivl_4", 4 0, L_0x79ed4f558800;  1 drivers
v0x56e45f686e00_0 .net *"_ivl_6", 0 0, L_0x56e45f867d90;  1 drivers
L_0x56e45f867c40 .concat [ 3 2 0 0], v0x56e45f7e2120_0, L_0x79ed4f5587b8;
L_0x56e45f867d90 .cmp/eq 5, L_0x56e45f867c40, L_0x79ed4f558800;
S_0x56e45f6961a0 .scope module, "u_pe" "pe" 7 101, 8 30 0, S_0x56e45f699280;
 .timescale -9 -12;
    .port_info 0 /INPUT 1 "clk";
    .port_info 1 /INPUT 1 "rst_n";
    .port_info 2 /INPUT 1 "weight_load";
    .port_info 3 /INPUT 8 "weight_in";
    .port_info 4 /INPUT 8 "act_in";
    .port_info 5 /OUTPUT 8 "act_out";
    .port_info 6 /INPUT 32 "psum_in";
    .port_info 7 /OUTPUT 32 "psum_out";
P_0x56e45f62e850 .param/l "ACC_W" 0 8 32, +C4<00000000000000000000000000100000>;
P_0x56e45f62e890 .param/l "DATA_W" 0 8 31, +C4<00000000000000000000000000001000>;
v0x56e45f619150_0 .net "act_in", 7 0, L_0x56e45f8689d0;  1 drivers
v0x56e45f616070_0 .var "act_out", 7 0;
v0x56e45f7b4170_0 .net "clk", 0 0, v0x56e45f7e5320_0;  alias, 1 drivers
v0x56e45f7b4240_0 .net "psum_in", 31 0, L_0x56e45f8683e0;  1 drivers
v0x56e45f6930c0_0 .var "psum_out", 31 0;
v0x56e45f693180_0 .net "rst_n", 0 0, v0x56e45f7e53c0_0;  alias, 1 drivers
v0x56e45f68ffe0_0 .net "weight_in", 7 0, L_0x56e45f868930;  1 drivers
v0x56e45f6900c0_0 .net "weight_load", 0 0, L_0x56e45f868870;  1 drivers
v0x56e45f68cf00_0 .var "weight_reg", 7 0;
S_0x56e45f683c60 .scope generate, "gen_col[3]" "gen_col[3]" 7 100, 7 100 0, S_0x56e45f6a86e0;
 .timescale -9 -12;
P_0x56e45f619270 .param/l "col" 1 7 100, +C4<011>;
L_0x56e45f868710 .functor AND 1, v0x56e45f7e2030_0, L_0x56e45f8685d0, C4<1>, C4<1>;
v0x56e45f6684e0_0 .net *"_ivl_0", 4 0, L_0x56e45f868480;  1 drivers
L_0x79ed4f558848 .functor BUFT 1, C4<00>, C4<0>, C4<0>, C4<0>;
v0x56e45f6653a0_0 .net *"_ivl_3", 1 0, L_0x79ed4f558848;  1 drivers
L_0x79ed4f558890 .functor BUFT 1, C4<00101>, C4<0>, C4<0>, C4<0>;
v0x56e45f665480_0 .net/2u *"_ivl_4", 4 0, L_0x79ed4f558890;  1 drivers
v0x56e45f6622c0_0 .net *"_ivl_6", 0 0, L_0x56e45f8685d0;  1 drivers
L_0x56e45f868480 .concat [ 3 2 0 0], v0x56e45f7e2120_0, L_0x79ed4f558848;
L_0x56e45f8685d0 .cmp/eq 5, L_0x56e45f868480, L_0x79ed4f558890;
S_0x56e45f680b80 .scope module, "u_pe" "pe" 7 101, 8 30 0, S_0x56e45f683c60;
 .timescale -9 -12;
    .port_info 0 /INPUT 1 "clk";
    .port_info 1 /INPUT 1 "rst_n";
    .port_info 2 /INPUT 1 "weight_load";
    .port_info 3 /INPUT 8 "weight_in";
    .port_info 4 /INPUT 8 "act_in";
    .port_info 5 /OUTPUT 8 "act_out";
    .port_info 6 /INPUT 32 "psum_in";
    .port_info 7 /OUTPUT 32 "psum_out";
P_0x56e45f67daf0 .param/l "ACC_W" 0 8 32, +C4<00000000000000000000000000100000>;
P_0x56e45f67db30 .param/l "DATA_W" 0 8 31, +C4<00000000000000000000000000001000>;
v0x56e45f6779b0_0 .net "act_in", 7 0, L_0x56e45f868a70;  1 drivers
v0x56e45f674800_0 .var "act_out", 7 0;
v0x56e45f6748e0_0 .net "clk", 0 0, v0x56e45f7e5320_0;  alias, 1 drivers
v0x56e45f671720_0 .net "psum_in", 31 0, L_0x56e45f868b10;  1 drivers
v0x56e45f6717e0_0 .var "psum_out", 31 0;
v0x56e45f66e640_0 .net "rst_n", 0 0, v0x56e45f7e53c0_0;  alias, 1 drivers
v0x56e45f66e6e0_0 .net "weight_in", 7 0, L_0x56e45f868ec0;  1 drivers
v0x56e45f66b560_0 .net "weight_load", 0 0, L_0x56e45f868710;  1 drivers
v0x56e45f66b620_0 .var "weight_reg", 7 0;
S_0x56e45f65f1e0 .scope generate, "gen_col[4]" "gen_col[4]" 7 100, 7 100 0, S_0x56e45f6a86e0;
 .timescale -9 -12;
P_0x56e45f662380 .param/l "col" 1 7 100, +C4<0100>;
L_0x56e45f868e20 .functor AND 1, v0x56e45f7e2030_0, L_0x56e45f868ce0, C4<1>, C4<1>;
v0x56e45f643a60_0 .net *"_ivl_0", 4 0, L_0x56e45f868be0;  1 drivers
L_0x79ed4f5588d8 .functor BUFT 1, C4<00>, C4<0>, C4<0>, C4<0>;
v0x56e45f640920_0 .net *"_ivl_3", 1 0, L_0x79ed4f5588d8;  1 drivers
L_0x79ed4f558920 .functor BUFT 1, C4<00101>, C4<0>, C4<0>, C4<0>;
v0x56e45f640a00_0 .net/2u *"_ivl_4", 4 0, L_0x79ed4f558920;  1 drivers
v0x56e45f63d840_0 .net *"_ivl_6", 0 0, L_0x56e45f868ce0;  1 drivers
L_0x56e45f868be0 .concat [ 3 2 0 0], v0x56e45f7e2120_0, L_0x79ed4f5588d8;
L_0x56e45f868ce0 .cmp/eq 5, L_0x56e45f868be0, L_0x79ed4f558920;
S_0x56e45f65c100 .scope module, "u_pe" "pe" 7 101, 8 30 0, S_0x56e45f65f1e0;
 .timescale -9 -12;
    .port_info 0 /INPUT 1 "clk";
    .port_info 1 /INPUT 1 "rst_n";
    .port_info 2 /INPUT 1 "weight_load";
    .port_info 3 /INPUT 8 "weight_in";
    .port_info 4 /INPUT 8 "act_in";
    .port_info 5 /OUTPUT 8 "act_out";
    .port_info 6 /INPUT 32 "psum_in";
    .port_info 7 /OUTPUT 32 "psum_out";
P_0x56e45f659070 .param/l "ACC_W" 0 8 32, +C4<00000000000000000000000000100000>;
P_0x56e45f6590b0 .param/l "DATA_W" 0 8 31, +C4<00000000000000000000000000001000>;
v0x56e45f652f30_0 .net "act_in", 7 0, L_0x56e45f8694c0;  1 drivers
v0x56e45f64fd80_0 .var "act_out", 7 0;
v0x56e45f64fe60_0 .net "clk", 0 0, v0x56e45f7e5320_0;  alias, 1 drivers
v0x56e45f64cca0_0 .net "psum_in", 31 0, L_0x56e45f868f60;  1 drivers
v0x56e45f64cd60_0 .var "psum_out", 31 0;
v0x56e45f649bc0_0 .net "rst_n", 0 0, v0x56e45f7e53c0_0;  alias, 1 drivers
v0x56e45f649c60_0 .net "weight_in", 7 0, L_0x56e45f869420;  1 drivers
v0x56e45f646ae0_0 .net "weight_load", 0 0, L_0x56e45f868e20;  1 drivers
v0x56e45f646ba0_0 .var "weight_reg", 7 0;
S_0x56e45f63a760 .scope generate, "gen_col[5]" "gen_col[5]" 7 100, 7 100 0, S_0x56e45f6a86e0;
 .timescale -9 -12;
P_0x56e45f643b60 .param/l "col" 1 7 100, +C4<0101>;
L_0x56e45f869290 .functor AND 1, v0x56e45f7e2030_0, L_0x56e45f869150, C4<1>, C4<1>;
v0x56e45f61f000_0 .net *"_ivl_0", 4 0, L_0x56e45f869000;  1 drivers
L_0x79ed4f558968 .functor BUFT 1, C4<00>, C4<0>, C4<0>, C4<0>;
v0x56e45f61bea0_0 .net *"_ivl_3", 1 0, L_0x79ed4f558968;  1 drivers
L_0x79ed4f5589b0 .functor BUFT 1, C4<00101>, C4<0>, C4<0>, C4<0>;
v0x56e45f61bf80_0 .net/2u *"_ivl_4", 4 0, L_0x79ed4f5589b0;  1 drivers
v0x56e45f618dc0_0 .net *"_ivl_6", 0 0, L_0x56e45f869150;  1 drivers
L_0x56e45f869000 .concat [ 3 2 0 0], v0x56e45f7e2120_0, L_0x79ed4f558968;
L_0x56e45f869150 .cmp/eq 5, L_0x56e45f869000, L_0x79ed4f5589b0;
S_0x56e45f637680 .scope module, "u_pe" "pe" 7 101, 8 30 0, S_0x56e45f63a760;
 .timescale -9 -12;
    .port_info 0 /INPUT 1 "clk";
    .port_info 1 /INPUT 1 "rst_n";
    .port_info 2 /INPUT 1 "weight_load";
    .port_info 3 /INPUT 8 "weight_in";
    .port_info 4 /INPUT 8 "act_in";
    .port_info 5 /OUTPUT 8 "act_out";
    .port_info 6 /INPUT 32 "psum_in";
    .port_info 7 /OUTPUT 32 "psum_out";
P_0x56e45f6345a0 .param/l "ACC_W" 0 8 32, +C4<00000000000000000000000000100000>;
P_0x56e45f6345e0 .param/l "DATA_W" 0 8 31, +C4<00000000000000000000000000001000>;
v0x56e45f62e3e0_0 .net "act_in", 7 0, L_0x56e45f869560;  1 drivers
v0x56e45f62e4c0_0 .var "act_out", 7 0;
v0x56e45f62b320_0 .net "clk", 0 0, v0x56e45f7e5320_0;  alias, 1 drivers
v0x56e45f62b3f0_0 .net "psum_in", 31 0, L_0x56e45f869600;  1 drivers
v0x56e45f628240_0 .var "psum_out", 31 0;
v0x56e45f625140_0 .net "rst_n", 0 0, v0x56e45f7e53c0_0;  alias, 1 drivers
v0x56e45f6251e0_0 .net "weight_in", 7 0, L_0x56e45f8699e0;  1 drivers
v0x56e45f622060_0 .net "weight_load", 0 0, L_0x56e45f869290;  1 drivers
v0x56e45f622120_0 .var "weight_reg", 7 0;
S_0x56e45f615ce0 .scope generate, "gen_col[6]" "gen_col[6]" 7 100, 7 100 0, S_0x56e45f6a86e0;
 .timescale -9 -12;
P_0x56e45f618e80 .param/l "col" 1 7 100, +C4<0110>;
L_0x56e45f869350 .functor AND 1, v0x56e45f7e2030_0, L_0x56e45f869820, C4<1>, C4<1>;
v0x56e45f61d070_0 .net *"_ivl_0", 4 0, L_0x56e45f8696d0;  1 drivers
L_0x79ed4f5589f8 .functor BUFT 1, C4<00>, C4<0>, C4<0>, C4<0>;
v0x56e45f61d170_0 .net *"_ivl_3", 1 0, L_0x79ed4f5589f8;  1 drivers
L_0x79ed4f558a40 .functor BUFT 1, C4<00101>, C4<0>, C4<0>, C4<0>;
v0x56e45f619f90_0 .net/2u *"_ivl_4", 4 0, L_0x79ed4f558a40;  1 drivers
v0x56e45f61a030_0 .net *"_ivl_6", 0 0, L_0x56e45f869820;  1 drivers
L_0x56e45f8696d0 .concat [ 3 2 0 0], v0x56e45f7e2120_0, L_0x79ed4f5589f8;
L_0x56e45f869820 .cmp/eq 5, L_0x56e45f8696d0, L_0x79ed4f558a40;
S_0x56e45f612c00 .scope module, "u_pe" "pe" 7 101, 8 30 0, S_0x56e45f615ce0;
 .timescale -9 -12;
    .port_info 0 /INPUT 1 "clk";
    .port_info 1 /INPUT 1 "rst_n";
    .port_info 2 /INPUT 1 "weight_load";
    .port_info 3 /INPUT 8 "weight_in";
    .port_info 4 /INPUT 8 "act_in";
    .port_info 5 /OUTPUT 8 "act_out";
    .port_info 6 /INPUT 32 "psum_in";
    .port_info 7 /OUTPUT 32 "psum_out";
P_0x56e45f60fb70 .param/l "ACC_W" 0 8 32, +C4<00000000000000000000000000100000>;
P_0x56e45f60fbb0 .param/l "DATA_W" 0 8 31, +C4<00000000000000000000000000001000>;
v0x56e45f609960_0 .net "act_in", 7 0, L_0x56e45f869fc0;  1 drivers
v0x56e45f705fb0_0 .var "act_out", 7 0;
v0x56e45f706090_0 .net "clk", 0 0, v0x56e45f7e5320_0;  alias, 1 drivers
v0x56e45f7612f0_0 .net "psum_in", 31 0, L_0x56e45f869a80;  1 drivers
v0x56e45f7613b0_0 .var "psum_out", 31 0;
v0x56e45f75e210_0 .net "rst_n", 0 0, v0x56e45f7e53c0_0;  alias, 1 drivers
v0x56e45f75e2b0_0 .net "weight_in", 7 0, L_0x56e45f869f20;  1 drivers
v0x56e45f7335d0_0 .net "weight_load", 0 0, L_0x56e45f869350;  1 drivers
v0x56e45f733690_0 .var "weight_reg", 7 0;
S_0x56e45f6752d0 .scope generate, "gen_col[7]" "gen_col[7]" 7 100, 7 100 0, S_0x56e45f6a86e0;
 .timescale -9 -12;
P_0x56e45f675480 .param/l "col" 1 7 100, +C4<0111>;
L_0x56e45f869e10 .functor AND 1, v0x56e45f7e2030_0, L_0x56e45f869ca0, C4<1>, C4<1>;
v0x56e45f6136d0_0 .net *"_ivl_0", 4 0, L_0x56e45f869b50;  1 drivers
L_0x79ed4f558a88 .functor BUFT 1, C4<00>, C4<0>, C4<0>, C4<0>;
v0x56e45f6137d0_0 .net *"_ivl_3", 1 0, L_0x79ed4f558a88;  1 drivers
L_0x79ed4f558ad0 .functor BUFT 1, C4<00101>, C4<0>, C4<0>, C4<0>;
v0x56e45f6105f0_0 .net/2u *"_ivl_4", 4 0, L_0x79ed4f558ad0;  1 drivers
v0x56e45f6106b0_0 .net *"_ivl_6", 0 0, L_0x56e45f869ca0;  1 drivers
L_0x56e45f869b50 .concat [ 3 2 0 0], v0x56e45f7e2120_0, L_0x79ed4f558a88;
L_0x56e45f869ca0 .cmp/eq 5, L_0x56e45f869b50, L_0x79ed4f558ad0;
S_0x56e45f6721f0 .scope module, "u_pe" "pe" 7 101, 8 30 0, S_0x56e45f6752d0;
 .timescale -9 -12;
    .port_info 0 /INPUT 1 "clk";
    .port_info 1 /INPUT 1 "rst_n";
    .port_info 2 /INPUT 1 "weight_load";
    .port_info 3 /INPUT 8 "weight_in";
    .port_info 4 /INPUT 8 "act_in";
    .port_info 5 /OUTPUT 8 "act_out";
    .port_info 6 /INPUT 32 "psum_in";
    .port_info 7 /OUTPUT 32 "psum_out";
P_0x56e45f61a0f0 .param/l "ACC_W" 0 8 32, +C4<00000000000000000000000000100000>;
P_0x56e45f61a130 .param/l "DATA_W" 0 8 31, +C4<00000000000000000000000000001000>;
v0x56e45f6f9c30_0 .net "act_in", 7 0, L_0x56e45f86a060;  1 drivers
v0x56e45f6f9d10_0 .var "act_out", 7 0;
v0x56e45f60dc10_0 .net "clk", 0 0, v0x56e45f7e5320_0;  alias, 1 drivers
v0x56e45f60dce0_0 .net "psum_in", 31 0, L_0x56e45f86a100;  1 drivers
v0x56e45f6f9530_0 .var "psum_out", 31 0;
v0x56e45f6f9660_0 .net "rst_n", 0 0, v0x56e45f7e53c0_0;  alias, 1 drivers
v0x56e45f6f63e0_0 .net "weight_in", 7 0, L_0x56e45f86a510;  1 drivers
v0x56e45f6f64c0_0 .net "weight_load", 0 0, L_0x56e45f869e10;  1 drivers
v0x56e45f70ba70_0 .var "weight_reg", 7 0;
S_0x56e45f60d510 .scope generate, "gen_row[6]" "gen_row[6]" 7 99, 7 99 0, S_0x56e45f69c710;
 .timescale -9 -12;
P_0x56e45f70bc50 .param/l "row" 1 7 99, +C4<0110>;
S_0x56e45f60a3c0 .scope generate, "gen_col[0]" "gen_col[0]" 7 100, 7 100 0, S_0x56e45f60d510;
 .timescale -9 -12;
P_0x56e45f60a570 .param/l "col" 1 7 100, +C4<00>;
L_0x56e45f86a440 .functor AND 1, v0x56e45f7e2030_0, L_0x56e45f86a2d0, C4<1>, C4<1>;
v0x56e45f4ae4b0_0 .net *"_ivl_0", 4 0, L_0x56e45f86a1d0;  1 drivers
L_0x79ed4f558b18 .functor BUFT 1, C4<00>, C4<0>, C4<0>, C4<0>;
v0x56e45f4ae5b0_0 .net *"_ivl_3", 1 0, L_0x79ed4f558b18;  1 drivers
L_0x79ed4f558b60 .functor BUFT 1, C4<00110>, C4<0>, C4<0>, C4<0>;
v0x56e45f4ae690_0 .net/2u *"_ivl_4", 4 0, L_0x79ed4f558b60;  1 drivers
v0x56e45f4ae750_0 .net *"_ivl_6", 0 0, L_0x56e45f86a2d0;  1 drivers
L_0x56e45f86a1d0 .concat [ 3 2 0 0], v0x56e45f7e2120_0, L_0x79ed4f558b18;
L_0x56e45f86a2d0 .cmp/eq 5, L_0x56e45f86a1d0, L_0x79ed4f558b60;
S_0x56e45f61fa50 .scope module, "u_pe" "pe" 7 101, 8 30 0, S_0x56e45f60a3c0;
 .timescale -9 -12;
    .port_info 0 /INPUT 1 "clk";
    .port_info 1 /INPUT 1 "rst_n";
    .port_info 2 /INPUT 1 "weight_load";
    .port_info 3 /INPUT 8 "weight_in";
    .port_info 4 /INPUT 8 "act_in";
    .port_info 5 /OUTPUT 8 "act_out";
    .port_info 6 /INPUT 32 "psum_in";
    .port_info 7 /OUTPUT 32 "psum_out";
P_0x56e45f6f6580 .param/l "ACC_W" 0 8 32, +C4<00000000000000000000000000100000>;
P_0x56e45f6f65c0 .param/l "DATA_W" 0 8 31, +C4<00000000000000000000000000001000>;
v0x56e45f7b6ce0_0 .net "act_in", 7 0, L_0x56e45f86ab20;  1 drivers
v0x56e45f6cab50_0 .var "act_out", 7 0;
v0x56e45f6cac30_0 .net "clk", 0 0, v0x56e45f7e5320_0;  alias, 1 drivers
v0x56e45f6cacd0_0 .net "psum_in", 31 0, L_0x56e45f86a5b0;  1 drivers
v0x56e45f4c3a90_0 .var "psum_out", 31 0;
v0x56e45f4c3bc0_0 .net "rst_n", 0 0, v0x56e45f7e53c0_0;  alias, 1 drivers
v0x56e45f4c3c60_0 .net "weight_in", 7 0, L_0x56e45f86aa80;  1 drivers
v0x56e45f4c3d40_0 .net "weight_load", 0 0, L_0x56e45f86a440;  1 drivers
v0x56e45f4c3e00_0 .var "weight_reg", 7 0;
S_0x56e45f4b9020 .scope generate, "gen_col[1]" "gen_col[1]" 7 100, 7 100 0, S_0x56e45f60d510;
 .timescale -9 -12;
P_0x56e45f4b91f0 .param/l "col" 1 7 100, +C4<01>;
L_0x56e45f86a940 .functor AND 1, v0x56e45f7e2030_0, L_0x56e45f86a7d0, C4<1>, C4<1>;
v0x56e45f42c810_0 .net *"_ivl_0", 4 0, L_0x56e45f86a680;  1 drivers
L_0x79ed4f558ba8 .functor BUFT 1, C4<00>, C4<0>, C4<0>, C4<0>;
v0x56e45f7c8110_0 .net *"_ivl_3", 1 0, L_0x79ed4f558ba8;  1 drivers
L_0x79ed4f558bf0 .functor BUFT 1, C4<00110>, C4<0>, C4<0>, C4<0>;
v0x56e45f7c81b0_0 .net/2u *"_ivl_4", 4 0, L_0x79ed4f558bf0;  1 drivers
v0x56e45f7c8250_0 .net *"_ivl_6", 0 0, L_0x56e45f86a7d0;  1 drivers
L_0x56e45f86a680 .concat [ 3 2 0 0], v0x56e45f7e2120_0, L_0x79ed4f558ba8;
L_0x56e45f86a7d0 .cmp/eq 5, L_0x56e45f86a680, L_0x79ed4f558bf0;
S_0x56e45f4b92b0 .scope module, "u_pe" "pe" 7 101, 8 30 0, S_0x56e45f4b9020;
 .timescale -9 -12;
    .port_info 0 /INPUT 1 "clk";
    .port_info 1 /INPUT 1 "rst_n";
    .port_info 2 /INPUT 1 "weight_load";
    .port_info 3 /INPUT 8 "weight_in";
    .port_info 4 /INPUT 8 "act_in";
    .port_info 5 /OUTPUT 8 "act_out";
    .port_info 6 /INPUT 32 "psum_in";
    .port_info 7 /OUTPUT 32 "psum_out";
P_0x56e45f4a75a0 .param/l "ACC_W" 0 8 32, +C4<00000000000000000000000000100000>;
P_0x56e45f4a75e0 .param/l "DATA_W" 0 8 31, +C4<00000000000000000000000000001000>;
v0x56e45f4a78b0_0 .net "act_in", 7 0, L_0x56e45f86abc0;  1 drivers
v0x56e45f4874a0_0 .var "act_out", 7 0;
v0x56e45f487580_0 .net "clk", 0 0, v0x56e45f7e5320_0;  alias, 1 drivers
v0x56e45f487650_0 .net "psum_in", 31 0, L_0x56e45f86ac60;  1 drivers
v0x56e45f487710_0 .var "psum_out", 31 0;
v0x56e45f487840_0 .net "rst_n", 0 0, v0x56e45f7e53c0_0;  alias, 1 drivers
v0x56e45f42c490_0 .net "weight_in", 7 0, L_0x56e45f86b0a0;  1 drivers
v0x56e45f42c570_0 .net "weight_load", 0 0, L_0x56e45f86a940;  1 drivers
v0x56e45f42c630_0 .var "weight_reg", 7 0;
S_0x56e45f7c82f0 .scope generate, "gen_col[2]" "gen_col[2]" 7 100, 7 100 0, S_0x56e45f60d510;
 .timescale -9 -12;
P_0x56e45f4ae840 .param/l "col" 1 7 100, +C4<010>;
L_0x56e45f86aff0 .functor AND 1, v0x56e45f7e2030_0, L_0x56e45f86ae80, C4<1>, C4<1>;
v0x56e45f7c9260_0 .net *"_ivl_0", 4 0, L_0x56e45f86ad30;  1 drivers
L_0x79ed4f558c38 .functor BUFT 1, C4<00>, C4<0>, C4<0>, C4<0>;
v0x56e45f7c9360_0 .net *"_ivl_3", 1 0, L_0x79ed4f558c38;  1 drivers
L_0x79ed4f558c80 .functor BUFT 1, C4<00110>, C4<0>, C4<0>, C4<0>;
v0x56e45f7c9440_0 .net/2u *"_ivl_4", 4 0, L_0x79ed4f558c80;  1 drivers
v0x56e45f7c9500_0 .net *"_ivl_6", 0 0, L_0x56e45f86ae80;  1 drivers
L_0x56e45f86ad30 .concat [ 3 2 0 0], v0x56e45f7e2120_0, L_0x79ed4f558c38;
L_0x56e45f86ae80 .cmp/eq 5, L_0x56e45f86ad30, L_0x79ed4f558c80;
S_0x56e45f7c8480 .scope module, "u_pe" "pe" 7 101, 8 30 0, S_0x56e45f7c82f0;
 .timescale -9 -12;
    .port_info 0 /INPUT 1 "clk";
    .port_info 1 /INPUT 1 "rst_n";
    .port_info 2 /INPUT 1 "weight_load";
    .port_info 3 /INPUT 8 "weight_in";
    .port_info 4 /INPUT 8 "act_in";
    .port_info 5 /OUTPUT 8 "act_out";
    .port_info 6 /INPUT 32 "psum_in";
    .port_info 7 /OUTPUT 32 "psum_out";
P_0x56e45f7c8660 .param/l "ACC_W" 0 8 32, +C4<00000000000000000000000000100000>;
P_0x56e45f7c86a0 .param/l "DATA_W" 0 8 31, +C4<00000000000000000000000000001000>;
v0x56e45f7c89a0_0 .net "act_in", 7 0, L_0x56e45f86b6e0;  1 drivers
v0x56e45f7c8aa0_0 .var "act_out", 7 0;
v0x56e45f7c8b80_0 .net "clk", 0 0, v0x56e45f7e5320_0;  alias, 1 drivers
v0x56e45f7c8c50_0 .net "psum_in", 31 0, L_0x56e45f86b140;  1 drivers
v0x56e45f7c8d10_0 .var "psum_out", 31 0;
v0x56e45f7c8e40_0 .net "rst_n", 0 0, v0x56e45f7e53c0_0;  alias, 1 drivers
v0x56e45f7c8ee0_0 .net "weight_in", 7 0, L_0x56e45f86b640;  1 drivers
v0x56e45f7c8fc0_0 .net "weight_load", 0 0, L_0x56e45f86aff0;  1 drivers
v0x56e45f7c9080_0 .var "weight_reg", 7 0;
S_0x56e45f7c95c0 .scope generate, "gen_col[3]" "gen_col[3]" 7 100, 7 100 0, S_0x56e45f60d510;
 .timescale -9 -12;
P_0x56e45f7c9770 .param/l "col" 1 7 100, +C4<011>;
L_0x56e45f86b4a0 .functor AND 1, v0x56e45f7e2030_0, L_0x56e45f86b330, C4<1>, C4<1>;
v0x56e45f7ca630_0 .net *"_ivl_0", 4 0, L_0x56e45f86b1e0;  1 drivers
L_0x79ed4f558cc8 .functor BUFT 1, C4<00>, C4<0>, C4<0>, C4<0>;
v0x56e45f7ca730_0 .net *"_ivl_3", 1 0, L_0x79ed4f558cc8;  1 drivers
L_0x79ed4f558d10 .functor BUFT 1, C4<00110>, C4<0>, C4<0>, C4<0>;
v0x56e45f7ca810_0 .net/2u *"_ivl_4", 4 0, L_0x79ed4f558d10;  1 drivers
v0x56e45f7ca8d0_0 .net *"_ivl_6", 0 0, L_0x56e45f86b330;  1 drivers
L_0x56e45f86b1e0 .concat [ 3 2 0 0], v0x56e45f7e2120_0, L_0x79ed4f558cc8;
L_0x56e45f86b330 .cmp/eq 5, L_0x56e45f86b1e0, L_0x79ed4f558d10;
S_0x56e45f7c9850 .scope module, "u_pe" "pe" 7 101, 8 30 0, S_0x56e45f7c95c0;
 .timescale -9 -12;
    .port_info 0 /INPUT 1 "clk";
    .port_info 1 /INPUT 1 "rst_n";
    .port_info 2 /INPUT 1 "weight_load";
    .port_info 3 /INPUT 8 "weight_in";
    .port_info 4 /INPUT 8 "act_in";
    .port_info 5 /OUTPUT 8 "act_out";
    .port_info 6 /INPUT 32 "psum_in";
    .port_info 7 /OUTPUT 32 "psum_out";
P_0x56e45f7c9a30 .param/l "ACC_W" 0 8 32, +C4<00000000000000000000000000100000>;
P_0x56e45f7c9a70 .param/l "DATA_W" 0 8 31, +C4<00000000000000000000000000001000>;
v0x56e45f7c9d70_0 .net "act_in", 7 0, L_0x56e45f86bca0;  1 drivers
v0x56e45f7c9e70_0 .var "act_out", 7 0;
v0x56e45f7c9f50_0 .net "clk", 0 0, v0x56e45f7e5320_0;  alias, 1 drivers
v0x56e45f7ca020_0 .net "psum_in", 31 0, L_0x56e45f86bd40;  1 drivers
v0x56e45f7ca0e0_0 .var "psum_out", 31 0;
v0x56e45f7ca210_0 .net "rst_n", 0 0, v0x56e45f7e53c0_0;  alias, 1 drivers
v0x56e45f7ca2b0_0 .net "weight_in", 7 0, L_0x56e45f86b560;  1 drivers
v0x56e45f7ca390_0 .net "weight_load", 0 0, L_0x56e45f86b4a0;  1 drivers
v0x56e45f7ca450_0 .var "weight_reg", 7 0;
S_0x56e45f7ca990 .scope generate, "gen_col[4]" "gen_col[4]" 7 100, 7 100 0, S_0x56e45f60d510;
 .timescale -9 -12;
P_0x56e45f7cab90 .param/l "col" 1 7 100, +C4<0100>;
L_0x56e45f86ba40 .functor AND 1, v0x56e45f7e2030_0, L_0x56e45f86b8d0, C4<1>, C4<1>;
v0x56e45f7cba20_0 .net *"_ivl_0", 4 0, L_0x56e45f86b780;  1 drivers
L_0x79ed4f558d58 .functor BUFT 1, C4<00>, C4<0>, C4<0>, C4<0>;
v0x56e45f7cbb20_0 .net *"_ivl_3", 1 0, L_0x79ed4f558d58;  1 drivers
L_0x79ed4f558da0 .functor BUFT 1, C4<00110>, C4<0>, C4<0>, C4<0>;
v0x56e45f7cbc00_0 .net/2u *"_ivl_4", 4 0, L_0x79ed4f558da0;  1 drivers
v0x56e45f7cbcc0_0 .net *"_ivl_6", 0 0, L_0x56e45f86b8d0;  1 drivers
L_0x56e45f86b780 .concat [ 3 2 0 0], v0x56e45f7e2120_0, L_0x79ed4f558d58;
L_0x56e45f86b8d0 .cmp/eq 5, L_0x56e45f86b780, L_0x79ed4f558da0;
S_0x56e45f7cac70 .scope module, "u_pe" "pe" 7 101, 8 30 0, S_0x56e45f7ca990;
 .timescale -9 -12;
    .port_info 0 /INPUT 1 "clk";
    .port_info 1 /INPUT 1 "rst_n";
    .port_info 2 /INPUT 1 "weight_load";
    .port_info 3 /INPUT 8 "weight_in";
    .port_info 4 /INPUT 8 "act_in";
    .port_info 5 /OUTPUT 8 "act_out";
    .port_info 6 /INPUT 32 "psum_in";
    .port_info 7 /OUTPUT 32 "psum_out";
P_0x56e45f7cae50 .param/l "ACC_W" 0 8 32, +C4<00000000000000000000000000100000>;
P_0x56e45f7cae90 .param/l "DATA_W" 0 8 31, +C4<00000000000000000000000000001000>;
v0x56e45f7cb160_0 .net "act_in", 7 0, L_0x56e45f86bba0;  1 drivers
v0x56e45f7cb260_0 .var "act_out", 7 0;
v0x56e45f7cb340_0 .net "clk", 0 0, v0x56e45f7e5320_0;  alias, 1 drivers
v0x56e45f7cb410_0 .net "psum_in", 31 0, L_0x56e45f86c320;  1 drivers
v0x56e45f7cb4d0_0 .var "psum_out", 31 0;
v0x56e45f7cb600_0 .net "rst_n", 0 0, v0x56e45f7e53c0_0;  alias, 1 drivers
v0x56e45f7cb6a0_0 .net "weight_in", 7 0, L_0x56e45f86bb00;  1 drivers
v0x56e45f7cb780_0 .net "weight_load", 0 0, L_0x56e45f86ba40;  1 drivers
v0x56e45f7cb840_0 .var "weight_reg", 7 0;
S_0x56e45f7cbd80 .scope generate, "gen_col[5]" "gen_col[5]" 7 100, 7 100 0, S_0x56e45f60d510;
 .timescale -9 -12;
P_0x56e45f7cbf30 .param/l "col" 1 7 100, +C4<0101>;
L_0x56e45f86c5f0 .functor AND 1, v0x56e45f7e2030_0, L_0x56e45f86c4b0, C4<1>, C4<1>;
v0x56e45f7ccdf0_0 .net *"_ivl_0", 4 0, L_0x56e45f86c3c0;  1 drivers
L_0x79ed4f558de8 .functor BUFT 1, C4<00>, C4<0>, C4<0>, C4<0>;
v0x56e45f7ccef0_0 .net *"_ivl_3", 1 0, L_0x79ed4f558de8;  1 drivers
L_0x79ed4f558e30 .functor BUFT 1, C4<00110>, C4<0>, C4<0>, C4<0>;
v0x56e45f7ccfd0_0 .net/2u *"_ivl_4", 4 0, L_0x79ed4f558e30;  1 drivers
v0x56e45f7cd090_0 .net *"_ivl_6", 0 0, L_0x56e45f86c4b0;  1 drivers
L_0x56e45f86c3c0 .concat [ 3 2 0 0], v0x56e45f7e2120_0, L_0x79ed4f558de8;
L_0x56e45f86c4b0 .cmp/eq 5, L_0x56e45f86c3c0, L_0x79ed4f558e30;
S_0x56e45f7cc010 .scope module, "u_pe" "pe" 7 101, 8 30 0, S_0x56e45f7cbd80;
 .timescale -9 -12;
    .port_info 0 /INPUT 1 "clk";
    .port_info 1 /INPUT 1 "rst_n";
    .port_info 2 /INPUT 1 "weight_load";
    .port_info 3 /INPUT 8 "weight_in";
    .port_info 4 /INPUT 8 "act_in";
    .port_info 5 /OUTPUT 8 "act_out";
    .port_info 6 /INPUT 32 "psum_in";
    .port_info 7 /OUTPUT 32 "psum_out";
P_0x56e45f7cc1f0 .param/l "ACC_W" 0 8 32, +C4<00000000000000000000000000100000>;
P_0x56e45f7cc230 .param/l "DATA_W" 0 8 31, +C4<00000000000000000000000000001000>;
v0x56e45f7cc530_0 .net "act_in", 7 0, L_0x56e45f86bde0;  1 drivers
v0x56e45f7cc630_0 .var "act_out", 7 0;
v0x56e45f7cc710_0 .net "clk", 0 0, v0x56e45f7e5320_0;  alias, 1 drivers
v0x56e45f7cc7e0_0 .net "psum_in", 31 0, L_0x56e45f86beb0;  1 drivers
v0x56e45f7cc8a0_0 .var "psum_out", 31 0;
v0x56e45f7cc9d0_0 .net "rst_n", 0 0, v0x56e45f7e53c0_0;  alias, 1 drivers
v0x56e45f7cca70_0 .net "weight_in", 7 0, L_0x56e45f86c6b0;  1 drivers
v0x56e45f7ccb50_0 .net "weight_load", 0 0, L_0x56e45f86c5f0;  1 drivers
v0x56e45f7ccc10_0 .var "weight_reg", 7 0;
S_0x56e45f7cd150 .scope generate, "gen_col[6]" "gen_col[6]" 7 100, 7 100 0, S_0x56e45f60d510;
 .timescale -9 -12;
P_0x56e45f7cd300 .param/l "col" 1 7 100, +C4<0110>;
L_0x56e45f86c240 .functor AND 1, v0x56e45f7e2030_0, L_0x56e45f86c0d0, C4<1>, C4<1>;
v0x56e45f7ce1c0_0 .net *"_ivl_0", 4 0, L_0x56e45f86bf80;  1 drivers
L_0x79ed4f558e78 .functor BUFT 1, C4<00>, C4<0>, C4<0>, C4<0>;
v0x56e45f7ce2c0_0 .net *"_ivl_3", 1 0, L_0x79ed4f558e78;  1 drivers
L_0x79ed4f558ec0 .functor BUFT 1, C4<00110>, C4<0>, C4<0>, C4<0>;
v0x56e45f7ce3a0_0 .net/2u *"_ivl_4", 4 0, L_0x79ed4f558ec0;  1 drivers
v0x56e45f7ce460_0 .net *"_ivl_6", 0 0, L_0x56e45f86c0d0;  1 drivers
L_0x56e45f86bf80 .concat [ 3 2 0 0], v0x56e45f7e2120_0, L_0x79ed4f558e78;
L_0x56e45f86c0d0 .cmp/eq 5, L_0x56e45f86bf80, L_0x79ed4f558ec0;
S_0x56e45f7cd3e0 .scope module, "u_pe" "pe" 7 101, 8 30 0, S_0x56e45f7cd150;
 .timescale -9 -12;
    .port_info 0 /INPUT 1 "clk";
    .port_info 1 /INPUT 1 "rst_n";
    .port_info 2 /INPUT 1 "weight_load";
    .port_info 3 /INPUT 8 "weight_in";
    .port_info 4 /INPUT 8 "act_in";
    .port_info 5 /OUTPUT 8 "act_out";
    .port_info 6 /INPUT 32 "psum_in";
    .port_info 7 /OUTPUT 32 "psum_out";
P_0x56e45f7cd5c0 .param/l "ACC_W" 0 8 32, +C4<00000000000000000000000000100000>;
P_0x56e45f7cd600 .param/l "DATA_W" 0 8 31, +C4<00000000000000000000000000001000>;
v0x56e45f7cd900_0 .net "act_in", 7 0, L_0x56e45f86cd50;  1 drivers
v0x56e45f7cda00_0 .var "act_out", 7 0;
v0x56e45f7cdae0_0 .net "clk", 0 0, v0x56e45f7e5320_0;  alias, 1 drivers
v0x56e45f7cdbb0_0 .net "psum_in", 31 0, L_0x56e45f86c750;  1 drivers
v0x56e45f7cdc70_0 .var "psum_out", 31 0;
v0x56e45f7cdda0_0 .net "rst_n", 0 0, v0x56e45f7e53c0_0;  alias, 1 drivers
v0x56e45f7cde40_0 .net "weight_in", 7 0, L_0x56e45f86ccb0;  1 drivers
v0x56e45f7cdf20_0 .net "weight_load", 0 0, L_0x56e45f86c240;  1 drivers
v0x56e45f7cdfe0_0 .var "weight_reg", 7 0;
S_0x56e45f7ce520 .scope generate, "gen_col[7]" "gen_col[7]" 7 100, 7 100 0, S_0x56e45f60d510;
 .timescale -9 -12;
P_0x56e45f7ce6d0 .param/l "col" 1 7 100, +C4<0111>;
L_0x56e45f86cae0 .functor AND 1, v0x56e45f7e2030_0, L_0x56e45f86c970, C4<1>, C4<1>;
v0x56e45f7cf590_0 .net *"_ivl_0", 4 0, L_0x56e45f86c820;  1 drivers
L_0x79ed4f558f08 .functor BUFT 1, C4<00>, C4<0>, C4<0>, C4<0>;
v0x56e45f7cf690_0 .net *"_ivl_3", 1 0, L_0x79ed4f558f08;  1 drivers
L_0x79ed4f558f50 .functor BUFT 1, C4<00110>, C4<0>, C4<0>, C4<0>;
v0x56e45f7cf770_0 .net/2u *"_ivl_4", 4 0, L_0x79ed4f558f50;  1 drivers
v0x56e45f7cf830_0 .net *"_ivl_6", 0 0, L_0x56e45f86c970;  1 drivers
L_0x56e45f86c820 .concat [ 3 2 0 0], v0x56e45f7e2120_0, L_0x79ed4f558f08;
L_0x56e45f86c970 .cmp/eq 5, L_0x56e45f86c820, L_0x79ed4f558f50;
S_0x56e45f7ce7b0 .scope module, "u_pe" "pe" 7 101, 8 30 0, S_0x56e45f7ce520;
 .timescale -9 -12;
    .port_info 0 /INPUT 1 "clk";
    .port_info 1 /INPUT 1 "rst_n";
    .port_info 2 /INPUT 1 "weight_load";
    .port_info 3 /INPUT 8 "weight_in";
    .port_info 4 /INPUT 8 "act_in";
    .port_info 5 /OUTPUT 8 "act_out";
    .port_info 6 /INPUT 32 "psum_in";
    .port_info 7 /OUTPUT 32 "psum_out";
P_0x56e45f7ce990 .param/l "ACC_W" 0 8 32, +C4<00000000000000000000000000100000>;
P_0x56e45f7ce9d0 .param/l "DATA_W" 0 8 31, +C4<00000000000000000000000000001000>;
v0x56e45f7cecd0_0 .net "act_in", 7 0, L_0x56e45f86d370;  1 drivers
v0x56e45f7cedd0_0 .var "act_out", 7 0;
v0x56e45f7ceeb0_0 .net "clk", 0 0, v0x56e45f7e5320_0;  alias, 1 drivers
v0x56e45f7cef80_0 .net "psum_in", 31 0, L_0x56e45f86d410;  1 drivers
v0x56e45f7cf040_0 .var "psum_out", 31 0;
v0x56e45f7cf170_0 .net "rst_n", 0 0, v0x56e45f7e53c0_0;  alias, 1 drivers
v0x56e45f7cf210_0 .net "weight_in", 7 0, L_0x56e45f86cba0;  1 drivers
v0x56e45f7cf2f0_0 .net "weight_load", 0 0, L_0x56e45f86cae0;  1 drivers
v0x56e45f7cf3b0_0 .var "weight_reg", 7 0;
S_0x56e45f7cf8f0 .scope generate, "gen_row[7]" "gen_row[7]" 7 99, 7 99 0, S_0x56e45f69c710;
 .timescale -9 -12;
P_0x56e45f7cfaa0 .param/l "row" 1 7 99, +C4<0111>;
S_0x56e45f7cfb80 .scope generate, "gen_col[0]" "gen_col[0]" 7 100, 7 100 0, S_0x56e45f7cf8f0;
 .timescale -9 -12;
P_0x56e45f7cfd80 .param/l "col" 1 7 100, +C4<00>;
L_0x56e45f86d0b0 .functor AND 1, v0x56e45f7e2030_0, L_0x56e45f86cf40, C4<1>, C4<1>;
v0x56e45f7d0c40_0 .net *"_ivl_0", 4 0, L_0x56e45f86cdf0;  1 drivers
L_0x79ed4f558f98 .functor BUFT 1, C4<00>, C4<0>, C4<0>, C4<0>;
v0x56e45f7d0d40_0 .net *"_ivl_3", 1 0, L_0x79ed4f558f98;  1 drivers
L_0x79ed4f558fe0 .functor BUFT 1, C4<00111>, C4<0>, C4<0>, C4<0>;
v0x56e45f7d0e20_0 .net/2u *"_ivl_4", 4 0, L_0x79ed4f558fe0;  1 drivers
v0x56e45f7d0ee0_0 .net *"_ivl_6", 0 0, L_0x56e45f86cf40;  1 drivers
L_0x56e45f86cdf0 .concat [ 3 2 0 0], v0x56e45f7e2120_0, L_0x79ed4f558f98;
L_0x56e45f86cf40 .cmp/eq 5, L_0x56e45f86cdf0, L_0x79ed4f558fe0;
S_0x56e45f7cfe60 .scope module, "u_pe" "pe" 7 101, 8 30 0, S_0x56e45f7cfb80;
 .timescale -9 -12;
    .port_info 0 /INPUT 1 "clk";
    .port_info 1 /INPUT 1 "rst_n";
    .port_info 2 /INPUT 1 "weight_load";
    .port_info 3 /INPUT 8 "weight_in";
    .port_info 4 /INPUT 8 "act_in";
    .port_info 5 /OUTPUT 8 "act_out";
    .port_info 6 /INPUT 32 "psum_in";
    .port_info 7 /OUTPUT 32 "psum_out";
P_0x56e45f7d0040 .param/l "ACC_W" 0 8 32, +C4<00000000000000000000000000100000>;
P_0x56e45f7d0080 .param/l "DATA_W" 0 8 31, +C4<00000000000000000000000000001000>;
v0x56e45f7d0380_0 .net "act_in", 7 0, L_0x56e45f86d210;  1 drivers
v0x56e45f7d0480_0 .var "act_out", 7 0;
v0x56e45f7d0560_0 .net "clk", 0 0, v0x56e45f7e5320_0;  alias, 1 drivers
v0x56e45f7d0630_0 .net "psum_in", 31 0, L_0x56e45f86d2b0;  1 drivers
v0x56e45f7d06f0_0 .var "psum_out", 31 0;
v0x56e45f7d0820_0 .net "rst_n", 0 0, v0x56e45f7e53c0_0;  alias, 1 drivers
v0x56e45f7d08c0_0 .net "weight_in", 7 0, L_0x56e45f86d170;  1 drivers
v0x56e45f7d09a0_0 .net "weight_load", 0 0, L_0x56e45f86d0b0;  1 drivers
v0x56e45f7d0a60_0 .var "weight_reg", 7 0;
S_0x56e45f7d0fa0 .scope generate, "gen_col[1]" "gen_col[1]" 7 100, 7 100 0, S_0x56e45f7cf8f0;
 .timescale -9 -12;
P_0x56e45f7d1170 .param/l "col" 1 7 100, +C4<01>;
L_0x56e45f86dd10 .functor AND 1, v0x56e45f7e2030_0, L_0x56e45f86dba0, C4<1>, C4<1>;
v0x56e45f7d2010_0 .net *"_ivl_0", 4 0, L_0x56e45f86da50;  1 drivers
L_0x79ed4f559028 .functor BUFT 1, C4<00>, C4<0>, C4<0>, C4<0>;
v0x56e45f7d2110_0 .net *"_ivl_3", 1 0, L_0x79ed4f559028;  1 drivers
L_0x79ed4f559070 .functor BUFT 1, C4<00111>, C4<0>, C4<0>, C4<0>;
v0x56e45f7d21f0_0 .net/2u *"_ivl_4", 4 0, L_0x79ed4f559070;  1 drivers
v0x56e45f7d22b0_0 .net *"_ivl_6", 0 0, L_0x56e45f86dba0;  1 drivers
L_0x56e45f86da50 .concat [ 3 2 0 0], v0x56e45f7e2120_0, L_0x79ed4f559028;
L_0x56e45f86dba0 .cmp/eq 5, L_0x56e45f86da50, L_0x79ed4f559070;
S_0x56e45f7d1230 .scope module, "u_pe" "pe" 7 101, 8 30 0, S_0x56e45f7d0fa0;
 .timescale -9 -12;
    .port_info 0 /INPUT 1 "clk";
    .port_info 1 /INPUT 1 "rst_n";
    .port_info 2 /INPUT 1 "weight_load";
    .port_info 3 /INPUT 8 "weight_in";
    .port_info 4 /INPUT 8 "act_in";
    .port_info 5 /OUTPUT 8 "act_out";
    .port_info 6 /INPUT 32 "psum_in";
    .port_info 7 /OUTPUT 32 "psum_out";
P_0x56e45f7d1410 .param/l "ACC_W" 0 8 32, +C4<00000000000000000000000000100000>;
P_0x56e45f7d1450 .param/l "DATA_W" 0 8 31, +C4<00000000000000000000000000001000>;
v0x56e45f7d1750_0 .net "act_in", 7 0, L_0x56e45f86d4b0;  1 drivers
v0x56e45f7d1850_0 .var "act_out", 7 0;
v0x56e45f7d1930_0 .net "clk", 0 0, v0x56e45f7e5320_0;  alias, 1 drivers
v0x56e45f7d1a00_0 .net "psum_in", 31 0, L_0x56e45f86d550;  1 drivers
v0x56e45f7d1ac0_0 .var "psum_out", 31 0;
v0x56e45f7d1bf0_0 .net "rst_n", 0 0, v0x56e45f7e53c0_0;  alias, 1 drivers
v0x56e45f7d1c90_0 .net "weight_in", 7 0, L_0x56e45f86ddd0;  1 drivers
v0x56e45f7d1d70_0 .net "weight_load", 0 0, L_0x56e45f86dd10;  1 drivers
v0x56e45f7d1e30_0 .var "weight_reg", 7 0;
S_0x56e45f7d2370 .scope generate, "gen_col[2]" "gen_col[2]" 7 100, 7 100 0, S_0x56e45f7cf8f0;
 .timescale -9 -12;
P_0x56e45f7d2550 .param/l "col" 1 7 100, +C4<010>;
L_0x56e45f86d8e0 .functor AND 1, v0x56e45f7e2030_0, L_0x56e45f86d770, C4<1>, C4<1>;
v0x56e45f7d33f0_0 .net *"_ivl_0", 4 0, L_0x56e45f86d620;  1 drivers
L_0x79ed4f5590b8 .functor BUFT 1, C4<00>, C4<0>, C4<0>, C4<0>;
v0x56e45f7d34f0_0 .net *"_ivl_3", 1 0, L_0x79ed4f5590b8;  1 drivers
L_0x79ed4f559100 .functor BUFT 1, C4<00111>, C4<0>, C4<0>, C4<0>;
v0x56e45f7d35d0_0 .net/2u *"_ivl_4", 4 0, L_0x79ed4f559100;  1 drivers
v0x56e45f7d3690_0 .net *"_ivl_6", 0 0, L_0x56e45f86d770;  1 drivers
L_0x56e45f86d620 .concat [ 3 2 0 0], v0x56e45f7e2120_0, L_0x79ed4f5590b8;
L_0x56e45f86d770 .cmp/eq 5, L_0x56e45f86d620, L_0x79ed4f559100;
S_0x56e45f7d2610 .scope module, "u_pe" "pe" 7 101, 8 30 0, S_0x56e45f7d2370;
 .timescale -9 -12;
    .port_info 0 /INPUT 1 "clk";
    .port_info 1 /INPUT 1 "rst_n";
    .port_info 2 /INPUT 1 "weight_load";
    .port_info 3 /INPUT 8 "weight_in";
    .port_info 4 /INPUT 8 "act_in";
    .port_info 5 /OUTPUT 8 "act_out";
    .port_info 6 /INPUT 32 "psum_in";
    .port_info 7 /OUTPUT 32 "psum_out";
P_0x56e45f7d27f0 .param/l "ACC_W" 0 8 32, +C4<00000000000000000000000000100000>;
P_0x56e45f7d2830 .param/l "DATA_W" 0 8 31, +C4<00000000000000000000000000001000>;
v0x56e45f7d2b30_0 .net "act_in", 7 0, L_0x56e45f86e430;  1 drivers
v0x56e45f7d2c30_0 .var "act_out", 7 0;
v0x56e45f7d2d10_0 .net "clk", 0 0, v0x56e45f7e5320_0;  alias, 1 drivers
v0x56e45f7d2de0_0 .net "psum_in", 31 0, L_0x56e45f86de70;  1 drivers
v0x56e45f7d2ea0_0 .var "psum_out", 31 0;
v0x56e45f7d2fd0_0 .net "rst_n", 0 0, v0x56e45f7e53c0_0;  alias, 1 drivers
v0x56e45f7d3070_0 .net "weight_in", 7 0, L_0x56e45f86d9a0;  1 drivers
v0x56e45f7d3150_0 .net "weight_load", 0 0, L_0x56e45f86d8e0;  1 drivers
v0x56e45f7d3210_0 .var "weight_reg", 7 0;
S_0x56e45f7d3750 .scope generate, "gen_col[3]" "gen_col[3]" 7 100, 7 100 0, S_0x56e45f7cf8f0;
 .timescale -9 -12;
P_0x56e45f7d3900 .param/l "col" 1 7 100, +C4<011>;
L_0x56e45f86e200 .functor AND 1, v0x56e45f7e2030_0, L_0x56e45f86e090, C4<1>, C4<1>;
v0x56e45f7d47c0_0 .net *"_ivl_0", 4 0, L_0x56e45f86df40;  1 drivers
L_0x79ed4f559148 .functor BUFT 1, C4<00>, C4<0>, C4<0>, C4<0>;
v0x56e45f7d48c0_0 .net *"_ivl_3", 1 0, L_0x79ed4f559148;  1 drivers
L_0x79ed4f559190 .functor BUFT 1, C4<00111>, C4<0>, C4<0>, C4<0>;
v0x56e45f7d49a0_0 .net/2u *"_ivl_4", 4 0, L_0x79ed4f559190;  1 drivers
v0x56e45f7d4a60_0 .net *"_ivl_6", 0 0, L_0x56e45f86e090;  1 drivers
L_0x56e45f86df40 .concat [ 3 2 0 0], v0x56e45f7e2120_0, L_0x79ed4f559148;
L_0x56e45f86e090 .cmp/eq 5, L_0x56e45f86df40, L_0x79ed4f559190;
S_0x56e45f7d39e0 .scope module, "u_pe" "pe" 7 101, 8 30 0, S_0x56e45f7d3750;
 .timescale -9 -12;
    .port_info 0 /INPUT 1 "clk";
    .port_info 1 /INPUT 1 "rst_n";
    .port_info 2 /INPUT 1 "weight_load";
    .port_info 3 /INPUT 8 "weight_in";
    .port_info 4 /INPUT 8 "act_in";
    .port_info 5 /OUTPUT 8 "act_out";
    .port_info 6 /INPUT 32 "psum_in";
    .port_info 7 /OUTPUT 32 "psum_out";
P_0x56e45f7d3bc0 .param/l "ACC_W" 0 8 32, +C4<00000000000000000000000000100000>;
P_0x56e45f7d3c00 .param/l "DATA_W" 0 8 31, +C4<00000000000000000000000000001000>;
v0x56e45f7d3f00_0 .net "act_in", 7 0, L_0x56e45f86e360;  1 drivers
v0x56e45f7d4000_0 .var "act_out", 7 0;
v0x56e45f7d40e0_0 .net "clk", 0 0, v0x56e45f7e5320_0;  alias, 1 drivers
v0x56e45f7d41b0_0 .net "psum_in", 31 0, L_0x56e45f86eab0;  1 drivers
v0x56e45f7d4270_0 .var "psum_out", 31 0;
v0x56e45f7d43a0_0 .net "rst_n", 0 0, v0x56e45f7e53c0_0;  alias, 1 drivers
v0x56e45f7d4440_0 .net "weight_in", 7 0, L_0x56e45f86e2c0;  1 drivers
v0x56e45f7d4520_0 .net "weight_load", 0 0, L_0x56e45f86e200;  1 drivers
v0x56e45f7d45e0_0 .var "weight_reg", 7 0;
S_0x56e45f7d4b20 .scope generate, "gen_col[4]" "gen_col[4]" 7 100, 7 100 0, S_0x56e45f7cf8f0;
 .timescale -9 -12;
P_0x56e45f7d4d20 .param/l "col" 1 7 100, +C4<0100>;
L_0x56e45f86e790 .functor AND 1, v0x56e45f7e2030_0, L_0x56e45f86e620, C4<1>, C4<1>;
v0x56e45f7d5bb0_0 .net *"_ivl_0", 4 0, L_0x56e45f86e4d0;  1 drivers
L_0x79ed4f5591d8 .functor BUFT 1, C4<00>, C4<0>, C4<0>, C4<0>;
v0x56e45f7d5cb0_0 .net *"_ivl_3", 1 0, L_0x79ed4f5591d8;  1 drivers
L_0x79ed4f559220 .functor BUFT 1, C4<00111>, C4<0>, C4<0>, C4<0>;
v0x56e45f7d5d90_0 .net/2u *"_ivl_4", 4 0, L_0x79ed4f559220;  1 drivers
v0x56e45f7d5e50_0 .net *"_ivl_6", 0 0, L_0x56e45f86e620;  1 drivers
L_0x56e45f86e4d0 .concat [ 3 2 0 0], v0x56e45f7e2120_0, L_0x79ed4f5591d8;
L_0x56e45f86e620 .cmp/eq 5, L_0x56e45f86e4d0, L_0x79ed4f559220;
S_0x56e45f7d4e00 .scope module, "u_pe" "pe" 7 101, 8 30 0, S_0x56e45f7d4b20;
 .timescale -9 -12;
    .port_info 0 /INPUT 1 "clk";
    .port_info 1 /INPUT 1 "rst_n";
    .port_info 2 /INPUT 1 "weight_load";
    .port_info 3 /INPUT 8 "weight_in";
    .port_info 4 /INPUT 8 "act_in";
    .port_info 5 /OUTPUT 8 "act_out";
    .port_info 6 /INPUT 32 "psum_in";
    .port_info 7 /OUTPUT 32 "psum_out";
P_0x56e45f7d4fe0 .param/l "ACC_W" 0 8 32, +C4<00000000000000000000000000100000>;
P_0x56e45f7d5020 .param/l "DATA_W" 0 8 31, +C4<00000000000000000000000000001000>;
v0x56e45f7d52f0_0 .net "act_in", 7 0, L_0x56e45f86e8f0;  1 drivers
v0x56e45f7d53f0_0 .var "act_out", 7 0;
v0x56e45f7d54d0_0 .net "clk", 0 0, v0x56e45f7e5320_0;  alias, 1 drivers
v0x56e45f7d55a0_0 .net "psum_in", 31 0, L_0x56e45f86e990;  1 drivers
v0x56e45f7d5660_0 .var "psum_out", 31 0;
v0x56e45f7d5790_0 .net "rst_n", 0 0, v0x56e45f7e53c0_0;  alias, 1 drivers
v0x56e45f7d5830_0 .net "weight_in", 7 0, L_0x56e45f86e850;  1 drivers
v0x56e45f7d5910_0 .net "weight_load", 0 0, L_0x56e45f86e790;  1 drivers
v0x56e45f7d59d0_0 .var "weight_reg", 7 0;
S_0x56e45f7d5f10 .scope generate, "gen_col[5]" "gen_col[5]" 7 100, 7 100 0, S_0x56e45f7cf8f0;
 .timescale -9 -12;
P_0x56e45f7d60c0 .param/l "col" 1 7 100, +C4<0101>;
L_0x56e45f86fbf0 .functor AND 1, v0x56e45f7e2030_0, L_0x56e45f86fa80, C4<1>, C4<1>;
v0x56e45f7d6f80_0 .net *"_ivl_0", 4 0, L_0x56e45f86f150;  1 drivers
L_0x79ed4f559268 .functor BUFT 1, C4<00>, C4<0>, C4<0>, C4<0>;
v0x56e45f7d7080_0 .net *"_ivl_3", 1 0, L_0x79ed4f559268;  1 drivers
L_0x79ed4f5592b0 .functor BUFT 1, C4<00111>, C4<0>, C4<0>, C4<0>;
v0x56e45f7d7160_0 .net/2u *"_ivl_4", 4 0, L_0x79ed4f5592b0;  1 drivers
v0x56e45f7d7220_0 .net *"_ivl_6", 0 0, L_0x56e45f86fa80;  1 drivers
L_0x56e45f86f150 .concat [ 3 2 0 0], v0x56e45f7e2120_0, L_0x79ed4f559268;
L_0x56e45f86fa80 .cmp/eq 5, L_0x56e45f86f150, L_0x79ed4f5592b0;
S_0x56e45f7d61a0 .scope module, "u_pe" "pe" 7 101, 8 30 0, S_0x56e45f7d5f10;
 .timescale -9 -12;
    .port_info 0 /INPUT 1 "clk";
    .port_info 1 /INPUT 1 "rst_n";
    .port_info 2 /INPUT 1 "weight_load";
    .port_info 3 /INPUT 8 "weight_in";
    .port_info 4 /INPUT 8 "act_in";
    .port_info 5 /OUTPUT 8 "act_out";
    .port_info 6 /INPUT 32 "psum_in";
    .port_info 7 /OUTPUT 32 "psum_out";
P_0x56e45f7d6380 .param/l "ACC_W" 0 8 32, +C4<00000000000000000000000000100000>;
P_0x56e45f7d63c0 .param/l "DATA_W" 0 8 31, +C4<00000000000000000000000000001000>;
v0x56e45f7d66c0_0 .net "act_in", 7 0, L_0x56e45f86eb50;  1 drivers
v0x56e45f7d67c0_0 .var "act_out", 7 0;
v0x56e45f7d68a0_0 .net "clk", 0 0, v0x56e45f7e5320_0;  alias, 1 drivers
v0x56e45f7d6970_0 .net "psum_in", 31 0, L_0x56e45f86ebf0;  1 drivers
v0x56e45f7d6a30_0 .var "psum_out", 31 0;
v0x56e45f7d6b60_0 .net "rst_n", 0 0, v0x56e45f7e53c0_0;  alias, 1 drivers
v0x56e45f7d6c00_0 .net "weight_in", 7 0, L_0x56e45f8704c0;  1 drivers
v0x56e45f7d6ce0_0 .net "weight_load", 0 0, L_0x56e45f86fbf0;  1 drivers
v0x56e45f7d6da0_0 .var "weight_reg", 7 0;
S_0x56e45f7d72e0 .scope generate, "gen_col[6]" "gen_col[6]" 7 100, 7 100 0, S_0x56e45f7cf8f0;
 .timescale -9 -12;
P_0x56e45f7d7490 .param/l "col" 1 7 100, +C4<0110>;
L_0x56e45f86ef80 .functor AND 1, v0x56e45f7e2030_0, L_0x56e45f86ee10, C4<1>, C4<1>;
v0x56e45f7d8350_0 .net *"_ivl_0", 4 0, L_0x56e45f86ecc0;  1 drivers
L_0x79ed4f5592f8 .functor BUFT 1, C4<00>, C4<0>, C4<0>, C4<0>;
v0x56e45f7d8450_0 .net *"_ivl_3", 1 0, L_0x79ed4f5592f8;  1 drivers
L_0x79ed4f559340 .functor BUFT 1, C4<00111>, C4<0>, C4<0>, C4<0>;
v0x56e45f7d8530_0 .net/2u *"_ivl_4", 4 0, L_0x79ed4f559340;  1 drivers
v0x56e45f7d85f0_0 .net *"_ivl_6", 0 0, L_0x56e45f86ee10;  1 drivers
L_0x56e45f86ecc0 .concat [ 3 2 0 0], v0x56e45f7e2120_0, L_0x79ed4f5592f8;
L_0x56e45f86ee10 .cmp/eq 5, L_0x56e45f86ecc0, L_0x79ed4f559340;
S_0x56e45f7d7570 .scope module, "u_pe" "pe" 7 101, 8 30 0, S_0x56e45f7d72e0;
 .timescale -9 -12;
    .port_info 0 /INPUT 1 "clk";
    .port_info 1 /INPUT 1 "rst_n";
    .port_info 2 /INPUT 1 "weight_load";
    .port_info 3 /INPUT 8 "weight_in";
    .port_info 4 /INPUT 8 "act_in";
    .port_info 5 /OUTPUT 8 "act_out";
    .port_info 6 /INPUT 32 "psum_in";
    .port_info 7 /OUTPUT 32 "psum_out";
P_0x56e45f7d7750 .param/l "ACC_W" 0 8 32, +C4<00000000000000000000000000100000>;
P_0x56e45f7d7790 .param/l "DATA_W" 0 8 31, +C4<00000000000000000000000000001000>;
v0x56e45f7d7a90_0 .net "act_in", 7 0, L_0x56e45f871390;  1 drivers
v0x56e45f7d7b90_0 .var "act_out", 7 0;
v0x56e45f7d7c70_0 .net "clk", 0 0, v0x56e45f7e5320_0;  alias, 1 drivers
v0x56e45f7d7d40_0 .net "psum_in", 31 0, L_0x56e45f870d70;  1 drivers
v0x56e45f7d7e00_0 .var "psum_out", 31 0;
v0x56e45f7d7f30_0 .net "rst_n", 0 0, v0x56e45f7e53c0_0;  alias, 1 drivers
v0x56e45f7d7fd0_0 .net "weight_in", 7 0, L_0x56e45f86f040;  1 drivers
v0x56e45f7d80b0_0 .net "weight_load", 0 0, L_0x56e45f86ef80;  1 drivers
v0x56e45f7d8170_0 .var "weight_reg", 7 0;
S_0x56e45f7d86b0 .scope generate, "gen_col[7]" "gen_col[7]" 7 100, 7 100 0, S_0x56e45f7cf8f0;
 .timescale -9 -12;
P_0x56e45f7d8860 .param/l "col" 1 7 100, +C4<0111>;
L_0x56e45f86f0e0 .functor AND 1, v0x56e45f7e2030_0, L_0x56e45f870f90, C4<1>, C4<1>;
v0x56e45f7d9670_0 .net *"_ivl_0", 4 0, L_0x56e45f870e40;  1 drivers
L_0x79ed4f559388 .functor BUFT 1, C4<00>, C4<0>, C4<0>, C4<0>;
v0x56e45f7d9770_0 .net *"_ivl_3", 1 0, L_0x79ed4f559388;  1 drivers
L_0x79ed4f5593d0 .functor BUFT 1, C4<00111>, C4<0>, C4<0>, C4<0>;
v0x56e45f7d9850_0 .net/2u *"_ivl_4", 4 0, L_0x79ed4f5593d0;  1 drivers
v0x56e45f7d9910_0 .net *"_ivl_6", 0 0, L_0x56e45f870f90;  1 drivers
L_0x56e45f870e40 .concat [ 3 2 0 0], v0x56e45f7e2120_0, L_0x79ed4f559388;
L_0x56e45f870f90 .cmp/eq 5, L_0x56e45f870e40, L_0x79ed4f5593d0;
S_0x56e45f7d8940 .scope module, "u_pe" "pe" 7 101, 8 30 0, S_0x56e45f7d86b0;
 .timescale -9 -12;
    .port_info 0 /INPUT 1 "clk";
    .port_info 1 /INPUT 1 "rst_n";
    .port_info 2 /INPUT 1 "weight_load";
    .port_info 3 /INPUT 8 "weight_in";
    .port_info 4 /INPUT 8 "act_in";
    .port_info 5 /OUTPUT 8 "act_out";
    .port_info 6 /INPUT 32 "psum_in";
    .port_info 7 /OUTPUT 32 "psum_out";
P_0x56e45f7d8b20 .param/l "ACC_W" 0 8 32, +C4<00000000000000000000000000100000>;
P_0x56e45f7d8b60 .param/l "DATA_W" 0 8 31, +C4<00000000000000000000000000001000>;
v0x56e45f7d8e60_0 .net "act_in", 7 0, L_0x56e45f8711f0;  1 drivers
v0x56e45f7d8f60_0 .var "act_out", 7 0;
v0x56e45f7d9000_0 .net "clk", 0 0, v0x56e45f7e5320_0;  alias, 1 drivers
v0x56e45f7d90a0_0 .net "psum_in", 31 0, L_0x56e45f871430;  1 drivers
v0x56e45f7d9140_0 .var "psum_out", 31 0;
v0x56e45f7d9250_0 .net "rst_n", 0 0, v0x56e45f7e53c0_0;  alias, 1 drivers
v0x56e45f7d92f0_0 .net "weight_in", 7 0, L_0x56e45f871150;  1 drivers
v0x56e45f7d93d0_0 .net "weight_load", 0 0, L_0x56e45f86f0e0;  1 drivers
v0x56e45f7d9490_0 .var "weight_reg", 7 0;
S_0x56e45f7db680 .scope generate, "unpack_a[0]" "unpack_a[0]" 6 31, 6 31 0, S_0x56e45f7453f0;
 .timescale -9 -12;
P_0x56e45f7db830 .param/l "i" 1 6 31, +C4<00>;
v0x56e45f7db910_0 .net *"_ivl_0", 7 0, L_0x56e45f84da60;  1 drivers
S_0x56e45f7db9f0 .scope generate, "unpack_a[1]" "unpack_a[1]" 6 31, 6 31 0, S_0x56e45f7453f0;
 .timescale -9 -12;
P_0x56e45f7dbbf0 .param/l "i" 1 6 31, +C4<01>;
v0x56e45f7dbcd0_0 .net *"_ivl_0", 7 0, L_0x56e45f84db60;  1 drivers
S_0x56e45f7dbdb0 .scope generate, "unpack_a[2]" "unpack_a[2]" 6 31, 6 31 0, S_0x56e45f7453f0;
 .timescale -9 -12;
P_0x56e45f7dbfb0 .param/l "i" 1 6 31, +C4<010>;
v0x56e45f7dc090_0 .net *"_ivl_0", 7 0, L_0x56e45f84dc00;  1 drivers
S_0x56e45f7dc170 .scope generate, "unpack_a[3]" "unpack_a[3]" 6 31, 6 31 0, S_0x56e45f7453f0;
 .timescale -9 -12;
P_0x56e45f7dc370 .param/l "i" 1 6 31, +C4<011>;
v0x56e45f7dc450_0 .net *"_ivl_0", 7 0, L_0x56e45f84dd10;  1 drivers
S_0x56e45f7dc530 .scope generate, "unpack_a[4]" "unpack_a[4]" 6 31, 6 31 0, S_0x56e45f7453f0;
 .timescale -9 -12;
P_0x56e45f7dc730 .param/l "i" 1 6 31, +C4<0100>;
v0x56e45f7dc810_0 .net *"_ivl_0", 7 0, L_0x56e45f84ddb0;  1 drivers
S_0x56e45f7dc8f0 .scope generate, "unpack_a[5]" "unpack_a[5]" 6 31, 6 31 0, S_0x56e45f7453f0;
 .timescale -9 -12;
P_0x56e45f7dcaf0 .param/l "i" 1 6 31, +C4<0101>;
v0x56e45f7dcbd0_0 .net *"_ivl_0", 7 0, L_0x56e45f84ded0;  1 drivers
S_0x56e45f7dccb0 .scope generate, "unpack_a[6]" "unpack_a[6]" 6 31, 6 31 0, S_0x56e45f7453f0;
 .timescale -9 -12;
P_0x56e45f7dceb0 .param/l "i" 1 6 31, +C4<0110>;
v0x56e45f7dcf90_0 .net *"_ivl_0", 7 0, L_0x56e45f84e080;  1 drivers
S_0x56e45f7dd070 .scope generate, "unpack_a[7]" "unpack_a[7]" 6 31, 6 31 0, S_0x56e45f7453f0;
 .timescale -9 -12;
P_0x56e45f7dd380 .param/l "i" 1 6 31, +C4<0111>;
v0x56e45f7dd460_0 .net *"_ivl_0", 7 0, L_0x56e45f84e480;  1 drivers
S_0x56e45f7dd540 .scope generate, "unpack_w[0]" "unpack_w[0]" 6 28, 6 28 0, S_0x56e45f7453f0;
 .timescale -9 -12;
P_0x56e45f7dd740 .param/l "i" 1 6 28, +C4<00>;
v0x56e45f7dd820_0 .net *"_ivl_0", 7 0, L_0x56e45f84cfc0;  1 drivers
S_0x56e45f7dd900 .scope generate, "unpack_w[1]" "unpack_w[1]" 6 28, 6 28 0, S_0x56e45f7453f0;
 .timescale -9 -12;
P_0x56e45f7ddb00 .param/l "i" 1 6 28, +C4<01>;
v0x56e45f7ddbe0_0 .net *"_ivl_0", 7 0, L_0x56e45f84d060;  1 drivers
S_0x56e45f7ddcc0 .scope generate, "unpack_w[2]" "unpack_w[2]" 6 28, 6 28 0, S_0x56e45f7453f0;
 .timescale -9 -12;
P_0x56e45f7ddec0 .param/l "i" 1 6 28, +C4<010>;
v0x56e45f7ddfa0_0 .net *"_ivl_0", 7 0, L_0x56e45f84d190;  1 drivers
S_0x56e45f7de080 .scope generate, "unpack_w[3]" "unpack_w[3]" 6 28, 6 28 0, S_0x56e45f7453f0;
 .timescale -9 -12;
P_0x56e45f7de280 .param/l "i" 1 6 28, +C4<011>;
v0x56e45f7de360_0 .net *"_ivl_0", 7 0, L_0x56e45f84d230;  1 drivers
S_0x56e45f7de440 .scope generate, "unpack_w[4]" "unpack_w[4]" 6 28, 6 28 0, S_0x56e45f7453f0;
 .timescale -9 -12;
P_0x56e45f7de640 .param/l "i" 1 6 28, +C4<0100>;
v0x56e45f7de720_0 .net *"_ivl_0", 7 0, L_0x56e45f84d2d0;  1 drivers
S_0x56e45f7de800 .scope generate, "unpack_w[5]" "unpack_w[5]" 6 28, 6 28 0, S_0x56e45f7453f0;
 .timescale -9 -12;
P_0x56e45f7dea00 .param/l "i" 1 6 28, +C4<0101>;
v0x56e45f7deae0_0 .net *"_ivl_0", 7 0, L_0x56e45f84d370;  1 drivers
S_0x56e45f7debc0 .scope generate, "unpack_w[6]" "unpack_w[6]" 6 28, 6 28 0, S_0x56e45f7453f0;
 .timescale -9 -12;
P_0x56e45f7dedc0 .param/l "i" 1 6 28, +C4<0110>;
v0x56e45f7deea0_0 .net *"_ivl_0", 7 0, L_0x56e45f84d560;  1 drivers
S_0x56e45f7def80 .scope generate, "unpack_w[7]" "unpack_w[7]" 6 28, 6 28 0, S_0x56e45f7453f0;
 .timescale -9 -12;
P_0x56e45f7df180 .param/l "i" 1 6 28, +C4<0111>;
v0x56e45f7df260_0 .net *"_ivl_0", 7 0, L_0x56e45f84d970;  1 drivers
S_0x56e45f7e24f0 .scope module, "u_scratchpad" "scratchpad" 4 78, 9 15 0, S_0x56e45f78b810;
 .timescale -9 -12;
    .port_info 0 /INPUT 1 "clk";
    .port_info 1 /INPUT 1 "rst_n";
    .port_info 2 /INPUT 6 "sram_a_addr";
    .port_info 3 /INPUT 1 "sram_a_ren";
    .port_info 4 /INPUT 1 "sram_a_wen";
    .port_info 5 /INPUT 8 "sram_a_wdata";
    .port_info 6 /OUTPUT 8 "sram_a_rdata";
    .port_info 7 /INPUT 6 "sram_b_addr";
    .port_info 8 /INPUT 1 "sram_b_ren";
    .port_info 9 /INPUT 1 "sram_b_wen";
    .port_info 10 /INPUT 8 "sram_b_wdata";
    .port_info 11 /OUTPUT 8 "sram_b_rdata";
    .port_info 12 /INPUT 3 "sram_c_addr";
    .port_info 13 /INPUT 1 "sram_c_ren";
    .port_info 14 /INPUT 1 "sram_c_wen";
    .port_info 15 /INPUT 32 "sram_c_wdata";
    .port_info 16 /OUTPUT 32 "sram_c_rdata";
v0x56e45f5f47d0_0 .net "clk", 0 0, v0x56e45f7e5320_0;  alias, 1 drivers
v0x56e45f7e2890_0 .var/i "i", 31 0;
v0x56e45f7e2970 .array "mem_a", 63 0, 7 0;
v0x56e45f7e2a10 .array "mem_b", 63 0, 7 0;
v0x56e45f7e2ad0 .array "mem_c", 7 0, 31 0;
v0x56e45f7e2be0_0 .net "rst_n", 0 0, v0x56e45f7e53c0_0;  alias, 1 drivers
v0x56e45f7e2c80_0 .net "sram_a_addr", 5 0, v0x56e45f7e1520_0;  alias, 1 drivers
v0x56e45f7e2d40_0 .var "sram_a_rdata", 7 0;
v0x56e45f7e2de0_0 .net "sram_a_ren", 0 0, v0x56e45f7e16e0_0;  alias, 1 drivers
L_0x79ed4f5594a8 .functor BUFT 1, C4<00000000>, C4<0>, C4<0>, C4<0>;
v0x56e45f7e2f40_0 .net "sram_a_wdata", 7 0, L_0x79ed4f5594a8;  1 drivers
L_0x79ed4f559460 .functor BUFT 1, C4<0>, C4<0>, C4<0>, C4<0>;
v0x56e45f7e2fe0_0 .net "sram_a_wen", 0 0, L_0x79ed4f559460;  1 drivers
v0x56e45f7e30a0_0 .net "sram_b_addr", 5 0, v0x56e45f7e17a0_0;  alias, 1 drivers
v0x56e45f7e3190_0 .var "sram_b_rdata", 7 0;
v0x56e45f7e3260_0 .net "sram_b_ren", 0 0, v0x56e45f7e1960_0;  alias, 1 drivers
L_0x79ed4f559538 .functor BUFT 1, C4<00000000>, C4<0>, C4<0>, C4<0>;
v0x56e45f7e3330_0 .net "sram_b_wdata", 7 0, L_0x79ed4f559538;  1 drivers
L_0x79ed4f5594f0 .functor BUFT 1, C4<0>, C4<0>, C4<0>, C4<0>;
v0x56e45f7e33d0_0 .net "sram_b_wen", 0 0, L_0x79ed4f5594f0;  1 drivers
v0x56e45f7e3490_0 .net "sram_c_addr", 2 0, v0x56e45f7e1a20_0;  alias, 1 drivers
v0x56e45f7e3580_0 .var "sram_c_rdata", 31 0;
L_0x79ed4f559580 .functor BUFT 1, C4<0>, C4<0>, C4<0>, C4<0>;
v0x56e45f7e3640_0 .net "sram_c_ren", 0 0, L_0x79ed4f559580;  1 drivers
v0x56e45f7e3700_0 .net "sram_c_wdata", 31 0, v0x56e45f7e1b00_0;  alias, 1 drivers
v0x56e45f7e37f0_0 .net "sram_c_wen", 0 0, v0x56e45f7e1be0_0;  alias, 1 drivers
S_0x56e45f7145f0 .scope module, "accel_wrapper_tb2" "accel_wrapper_tb2" 3 196;
 .timescale -9 -12;
P_0x56e45f715410 .param/l "ACC_W" 1 3 199, +C4<00000000000000000000000000100000>;
P_0x56e45f715450 .param/l "AXIL_MMUL_KICK" 1 3 205, C4<10100000000000000000000000000100>;
P_0x56e45f715490 .param/l "CLK_HALF" 1 3 202, +C4<00000000000000000000000000000101>;
P_0x56e45f7154d0 .param/l "COLS" 1 3 201, +C4<00000000000000000000000000001000>;
P_0x56e45f715510 .param/l "DATA_W" 1 3 198, +C4<00000000000000000000000000001000>;
P_0x56e45f715550 .param/l "EXPECTED" 1 3 203, +C4<00000000000000000000000000100100>;
P_0x56e45f715590 .param/l "ROWS" 1 3 200, +C4<00000000000000000000000000001000>;
v0x56e45f84bb70_0 .net "accel_done", 0 0, v0x56e45f846e60_0;  1 drivers
v0x56e45f84bc30_0 .var "axil_araddr", 0 0;
v0x56e45f84bd40_0 .var "axil_arvalid", 0 0;
v0x56e45f84be30_0 .var "axil_awaddr", 31 0;
v0x56e45f84bf20_0 .var "axil_awvalid", 0 0;
v0x56e45f84c060_0 .var "axil_wdata", 31 0;
v0x56e45f84c150_0 .var "axil_wvalid", 0 0;
v0x56e45f84c240_0 .var "clk", 0 0;
v0x56e45f84c2e0_0 .var "rst_n", 0 0;
E_0x56e45f4508c0 .event posedge, v0x56e45f846e60_0;
S_0x56e45f7e54a0 .scope task, "axil_write" "axil_write" 3 243, 3 243 0, S_0x56e45f7145f0;
 .timescale -9 -12;
v0x56e45f7e56d0_0 .var "addr", 31 0;
v0x56e45f7e57d0_0 .var "data", 31 0;
E_0x56e45f7e5650 .event negedge, v0x56e45f7f0650_0;
TD_accel_wrapper_tb2.axil_write ;
    %wait E_0x56e45f7e5650;
    %load/vec4 v0x56e45f7e56d0_0;
    %store/vec4 v0x56e45f84be30_0, 0, 32;
    %pushi/vec4 1, 0, 1;
    %store/vec4 v0x56e45f84bf20_0, 0, 1;
    %load/vec4 v0x56e45f7e57d0_0;
    %store/vec4 v0x56e45f84c060_0, 0, 32;
    %pushi/vec4 1, 0, 1;
    %store/vec4 v0x56e45f84c150_0, 0, 1;
    %wait E_0x56e45f7e5650;
    %pushi/vec4 0, 0, 1;
    %store/vec4 v0x56e45f84bf20_0, 0, 1;
    %pushi/vec4 0, 0, 1;
    %store/vec4 v0x56e45f84c150_0, 0, 1;
    %end;
S_0x56e45f7e58b0 .scope task, "check_results" "check_results" 3 265, 3 265 0, S_0x56e45f7145f0;
 .timescale -9 -12;
v0x56e45f7e5ab0_0 .var/i "col", 31 0;
v0x56e45f7e5b90_0 .var "got", 31 0;
v0x56e45f7e5c70_0 .var/i "pass_cnt", 31 0;
TD_accel_wrapper_tb2.check_results ;
    %pushi/vec4 0, 0, 32;
    %store/vec4 v0x56e45f7e5c70_0, 0, 32;
    %pushi/vec4 0, 0, 32;
    %store/vec4 v0x56e45f7e5ab0_0, 0, 32;
T_4.12 ;
    %load/vec4 v0x56e45f7e5ab0_0;
    %cmpi/s 8, 0, 32;
    %jmp/0xz T_4.13, 5;
    %ix/getv/s 4, v0x56e45f7e5ab0_0;
    %load/vec4a v0x56e45f8499f0, 4;
    %store/vec4 v0x56e45f7e5b90_0, 0, 32;
    %load/vec4 v0x56e45f7e5b90_0;
    %cmpi/e 36, 0, 32;
    %jmp/0xz  T_4.14, 6;
    %vpi_call/w 3 274 "$display", "[PASS] mem_c[%0d] = %0d (expected %0d)", v0x56e45f7e5ab0_0, v0x56e45f7e5b90_0, P_0x56e45f715550 {0 0 0};
    %load/vec4 v0x56e45f7e5c70_0;
    %addi 1, 0, 32;
    %store/vec4 v0x56e45f7e5c70_0, 0, 32;
    %jmp T_4.15;
T_4.14 ;
    %vpi_call/w 3 277 "$display", "[FAIL] mem_c[%0d] = %0d (expected %0d)", v0x56e45f7e5ab0_0, v0x56e45f7e5b90_0, P_0x56e45f715550 {0 0 0};
T_4.15 ;
    %load/vec4 v0x56e45f7e5ab0_0;
    %addi 1, 0, 32;
    %store/vec4 v0x56e45f7e5ab0_0, 0, 32;
    %jmp T_4.12;
T_4.13 ;
    %vpi_call/w 3 280 "$display", "-----------------------------" {0 0 0};
    %vpi_call/w 3 281 "$display", "Results: %0d/8 passed", v0x56e45f7e5c70_0 {0 0 0};
    %load/vec4 v0x56e45f7e5c70_0;
    %cmpi/e 8, 0, 32;
    %jmp/0xz  T_4.16, 4;
    %vpi_call/w 3 283 "$display", "ALL TESTS PASSED" {0 0 0};
    %jmp T_4.17;
T_4.16 ;
    %vpi_call/w 3 285 "$display", "TESTS FAILED" {0 0 0};
T_4.17 ;
    %end;
S_0x56e45f7e5d30 .scope task, "preload_memories" "preload_memories" 3 251, 3 251 0, S_0x56e45f7145f0;
 .timescale -9 -12;
v0x56e45f7e5f10_0 .var/i "col", 31 0;
v0x56e45f7e5ff0_0 .var/i "row", 31 0;
TD_accel_wrapper_tb2.preload_memories ;
    %pushi/vec4 0, 0, 32;
    %store/vec4 v0x56e45f7e5ff0_0, 0, 32;
T_5.18 ;
    %load/vec4 v0x56e45f7e5ff0_0;
    %cmpi/s 8, 0, 32;
    %jmp/0xz T_5.19, 5;
    %pushi/vec4 0, 0, 32;
    %store/vec4 v0x56e45f7e5f10_0, 0, 32;
T_5.20 ;
    %load/vec4 v0x56e45f7e5f10_0;
    %cmpi/s 8, 0, 32;
    %jmp/0xz T_5.21, 5;
    %pushi/vec4 1, 0, 8;
    %load/vec4 v0x56e45f7e5ff0_0;
    %muli 8, 0, 32;
    %load/vec4 v0x56e45f7e5f10_0;
    %add;
    %ix/vec4/s 4;
    %store/vec4a v0x56e45f849930, 4, 0;
    %load/vec4 v0x56e45f7e5ff0_0;
    %addi 1, 0, 32;
    %pad/s 8;
    %load/vec4 v0x56e45f7e5ff0_0;
    %muli 8, 0, 32;
    %load/vec4 v0x56e45f7e5f10_0;
    %add;
    %ix/vec4/s 4;
    %store/vec4a v0x56e45f849890, 4, 0;
    %load/vec4 v0x56e45f7e5f10_0;
    %addi 1, 0, 32;
    %store/vec4 v0x56e45f7e5f10_0, 0, 32;
    %jmp T_5.20;
T_5.21 ;
    %load/vec4 v0x56e45f7e5ff0_0;
    %addi 1, 0, 32;
    %store/vec4 v0x56e45f7e5ff0_0, 0, 32;
    %jmp T_5.18;
T_5.19 ;
    %vpi_call/w 3 261 "$display", "[TB2] Scratchpad preloaded: all-ones weights, activations 1..8" {0 0 0};
    %end;
S_0x56e45f7e60d0 .scope module, "u_dut" "accel_wrapper" 3 222, 4 10 0, S_0x56e45f7145f0;
 .timescale -9 -12;
    .port_info 0 /INPUT 1 "clk";
    .port_info 1 /INPUT 1 "rst_n";
    .port_info 2 /INPUT 32 "axil_awaddr";
    .port_info 3 /INPUT 1 "axil_awvalid";
    .port_info 4 /INPUT 32 "axil_wdata";
    .port_info 5 /INPUT 1 "axil_wvalid";
    .port_info 6 /INPUT 1 "axil_araddr";
    .port_info 7 /INPUT 1 "axil_arvalid";
    .port_info 8 /OUTPUT 1 "accel_done";
P_0x56e45f7e62b0 .param/l "ACC_W" 0 4 12, +C4<00000000000000000000000000100000>;
P_0x56e45f7e62f0 .param/l "COLS" 0 4 14, +C4<00000000000000000000000000001000>;
P_0x56e45f7e6330 .param/l "DATA_W" 0 4 11, +C4<00000000000000000000000000001000>;
P_0x56e45f7e6370 .param/l "ROWS" 0 4 13, +C4<00000000000000000000000000001000>;
v0x56e45f84a9c0_0 .net "accel_done", 0 0, v0x56e45f846e60_0;  alias, 1 drivers
v0x56e45f84aab0_0 .net "axil_araddr", 0 0, v0x56e45f84bc30_0;  1 drivers
v0x56e45f84ab80_0 .net "axil_arvalid", 0 0, v0x56e45f84bd40_0;  1 drivers
v0x56e45f84ac80_0 .net "axil_awaddr", 31 0, v0x56e45f84be30_0;  1 drivers
v0x56e45f84ad50_0 .net "axil_awvalid", 0 0, v0x56e45f84bf20_0;  1 drivers
v0x56e45f84adf0_0 .net "axil_wdata", 31 0, v0x56e45f84c060_0;  1 drivers
v0x56e45f84aec0_0 .net "axil_wvalid", 0 0, v0x56e45f84c150_0;  1 drivers
v0x56e45f84af90_0 .net "clk", 0 0, v0x56e45f84c240_0;  1 drivers
v0x56e45f84b030_0 .net "rst_n", 0 0, v0x56e45f84c2e0_0;  1 drivers
v0x56e45f84b0d0_0 .net "sram_a_addr", 5 0, v0x56e45f848440_0;  1 drivers
v0x56e45f84b170_0 .net "sram_a_rdata", 7 0, v0x56e45f849c60_0;  1 drivers
v0x56e45f84b260_0 .net "sram_a_ren", 0 0, v0x56e45f848600_0;  1 drivers
v0x56e45f84b350_0 .net "sram_b_addr", 5 0, v0x56e45f8486c0_0;  1 drivers
v0x56e45f84b440_0 .net "sram_b_rdata", 7 0, v0x56e45f84a0b0_0;  1 drivers
v0x56e45f84b530_0 .net "sram_b_ren", 0 0, v0x56e45f848880_0;  1 drivers
v0x56e45f84b620_0 .net "sram_c_addr", 2 0, v0x56e45f848940_0;  1 drivers
v0x56e45f84b710_0 .net "sram_c_wdata", 31 0, v0x56e45f848a20_0;  1 drivers
v0x56e45f84b910_0 .net "sram_c_wen", 0 0, v0x56e45f848b00_0;  1 drivers
S_0x56e45f7e66c0 .scope module, "u_accel_top" "accel_top" 4 54, 5 4 0, S_0x56e45f7e60d0;
 .timescale -9 -12;
    .port_info 0 /INPUT 1 "clk";
    .port_info 1 /INPUT 1 "rst_n";
    .port_info 2 /INPUT 32 "axil_awaddr";
    .port_info 3 /INPUT 1 "axil_awvalid";
    .port_info 4 /INPUT 32 "axil_wdata";
    .port_info 5 /INPUT 1 "axil_wvalid";
    .port_info 6 /INPUT 1 "axil_araddr";
    .port_info 7 /INPUT 1 "axil_arvalid";
    .port_info 8 /OUTPUT 1 "accel_done";
    .port_info 9 /OUTPUT 6 "sram_a_addr";
    .port_info 10 /OUTPUT 1 "sram_a_ren";
    .port_info 11 /INPUT 8 "sram_a_rdata";
    .port_info 12 /OUTPUT 6 "sram_b_addr";
    .port_info 13 /OUTPUT 1 "sram_b_ren";
    .port_info 14 /INPUT 8 "sram_b_rdata";
    .port_info 15 /OUTPUT 3 "sram_c_addr";
    .port_info 16 /OUTPUT 1 "sram_c_wen";
    .port_info 17 /OUTPUT 32 "sram_c_wdata";
P_0x56e45f7e68c0 .param/l "ACC_W" 0 5 6, +C4<00000000000000000000000000100000>;
P_0x56e45f7e6900 .param/l "COLS" 0 5 8, +C4<00000000000000000000000000001000>;
P_0x56e45f7e6940 .param/l "COMPUTE" 1 5 94, C4<1000>;
P_0x56e45f7e6980 .param/l "DATA_W" 0 5 5, +C4<00000000000000000000000000001000>;
P_0x56e45f7e69c0 .param/l "DONE" 1 5 95, C4<1001>;
P_0x56e45f7e6a00 .param/l "IDLE" 1 5 86, C4<0000>;
P_0x56e45f7e6a40 .param/l "LOAD_A_LAT" 1 5 93, C4<0111>;
P_0x56e45f7e6a80 .param/l "LOAD_A_REQ" 1 5 91, C4<0101>;
P_0x56e45f7e6ac0 .param/l "LOAD_A_WAIT" 1 5 92, C4<0110>;
P_0x56e45f7e6b00 .param/l "LOAD_W_FIRE" 1 5 90, C4<0100>;
P_0x56e45f7e6b40 .param/l "LOAD_W_LAT" 1 5 89, C4<0011>;
P_0x56e45f7e6b80 .param/l "LOAD_W_REQ" 1 5 87, C4<0001>;
P_0x56e45f7e6bc0 .param/l "LOAD_W_WAIT" 1 5 88, C4<0010>;
P_0x56e45f7e6c00 .param/l "ROWS" 0 5 7, +C4<00000000000000000000000000001000>;
L_0x56e45f8aa920 .functor AND 1, L_0x56e45f8aa720, L_0x56e45f8aa7f0, C4<1>, C4<1>;
v0x56e45f846ca0_0 .net *"_ivl_35", 0 0, L_0x56e45f8aa720;  1 drivers
v0x56e45f846da0_0 .net *"_ivl_37", 0 0, L_0x56e45f8aa7f0;  1 drivers
v0x56e45f846e60_0 .var "accel_done", 0 0;
v0x56e45f846f30 .array "act_buf", 7 0, 7 0;
v0x56e45f846ff0 .array "act_in_arr", 7 0, 7 0;
v0x56e45f847200_0 .net "act_in_flat", 63 0, L_0x56e45f885f00;  1 drivers
v0x56e45f8472c0_0 .net "axil_araddr", 0 0, v0x56e45f84bc30_0;  alias, 1 drivers
v0x56e45f847360_0 .net "axil_arvalid", 0 0, v0x56e45f84bd40_0;  alias, 1 drivers
v0x56e45f847420_0 .net "axil_awaddr", 31 0, v0x56e45f84be30_0;  alias, 1 drivers
v0x56e45f847590_0 .net "axil_awvalid", 0 0, v0x56e45f84bf20_0;  alias, 1 drivers
v0x56e45f847650_0 .net "axil_wdata", 31 0, v0x56e45f84c060_0;  alias, 1 drivers
v0x56e45f847730_0 .net "axil_wvalid", 0 0, v0x56e45f84c150_0;  alias, 1 drivers
v0x56e45f8477f0_0 .net "clk", 0 0, v0x56e45f84c240_0;  alias, 1 drivers
v0x56e45f847890_0 .var "col_cnt", 3 0;
v0x56e45f847970_0 .var "compute_cnt", 4 0;
v0x56e45f847a50_0 .var/i "k", 31 0;
v0x56e45f847b30_0 .var "latch_col", 3 0;
v0x56e45f847c10_0 .var "latch_row", 3 0;
v0x56e45f847cf0_0 .net "mmul_kick", 0 0, L_0x56e45f8aa920;  1 drivers
v0x56e45f847db0_0 .var "mmul_prev", 0 0;
v0x56e45f847e70_0 .net "psum_out_w", 255 0, L_0x56e45f887ce0;  1 drivers
v0x56e45f847f60_0 .var "reg_mload", 31 0;
v0x56e45f848020_0 .var "reg_mmul", 31 0;
v0x56e45f848100_0 .var "reg_mstore", 31 0;
v0x56e45f8481e0_0 .var "reg_status", 31 0;
v0x56e45f8482c0_0 .var "row_cnt", 3 0;
v0x56e45f8483a0_0 .net "rst_n", 0 0, v0x56e45f84c2e0_0;  alias, 1 drivers
v0x56e45f848440_0 .var "sram_a_addr", 5 0;
v0x56e45f848520_0 .net "sram_a_rdata", 7 0, v0x56e45f849c60_0;  alias, 1 drivers
v0x56e45f848600_0 .var "sram_a_ren", 0 0;
v0x56e45f8486c0_0 .var "sram_b_addr", 5 0;
v0x56e45f8487a0_0 .net "sram_b_rdata", 7 0, v0x56e45f84a0b0_0;  alias, 1 drivers
v0x56e45f848880_0 .var "sram_b_ren", 0 0;
v0x56e45f848940_0 .var "sram_c_addr", 2 0;
v0x56e45f848a20_0 .var "sram_c_wdata", 31 0;
v0x56e45f848b00_0 .var "sram_c_wen", 0 0;
v0x56e45f848bc0_0 .var "state", 3 0;
v0x56e45f848ca0 .array "weight_data_arr", 7 0, 7 0;
v0x56e45f848e60_0 .net "weight_data_flat", 63 0, L_0x56e45f885610;  1 drivers
v0x56e45f848f50_0 .var "weight_load", 0 0;
v0x56e45f849040_0 .var "weight_row", 2 0;
E_0x56e45f7e7470/0 .event negedge, v0x56e45f7f0930_0;
E_0x56e45f7e7470/1 .event posedge, v0x56e45f7f0650_0;
E_0x56e45f7e7470 .event/or E_0x56e45f7e7470/0, E_0x56e45f7e7470/1;
v0x56e45f848ca0_0 .array/port v0x56e45f848ca0, 0;
v0x56e45f848ca0_1 .array/port v0x56e45f848ca0, 1;
v0x56e45f848ca0_2 .array/port v0x56e45f848ca0, 2;
v0x56e45f848ca0_3 .array/port v0x56e45f848ca0, 3;
LS_0x56e45f885610_0_0 .concat8 [ 8 8 8 8], v0x56e45f848ca0_0, v0x56e45f848ca0_1, v0x56e45f848ca0_2, v0x56e45f848ca0_3;
v0x56e45f848ca0_4 .array/port v0x56e45f848ca0, 4;
v0x56e45f848ca0_5 .array/port v0x56e45f848ca0, 5;
v0x56e45f848ca0_6 .array/port v0x56e45f848ca0, 6;
v0x56e45f848ca0_7 .array/port v0x56e45f848ca0, 7;
LS_0x56e45f885610_0_4 .concat8 [ 8 8 8 8], v0x56e45f848ca0_4, v0x56e45f848ca0_5, v0x56e45f848ca0_6, v0x56e45f848ca0_7;
L_0x56e45f885610 .concat8 [ 32 32 0 0], LS_0x56e45f885610_0_0, LS_0x56e45f885610_0_4;
v0x56e45f846ff0_0 .array/port v0x56e45f846ff0, 0;
v0x56e45f846ff0_1 .array/port v0x56e45f846ff0, 1;
v0x56e45f846ff0_2 .array/port v0x56e45f846ff0, 2;
v0x56e45f846ff0_3 .array/port v0x56e45f846ff0, 3;
LS_0x56e45f885f00_0_0 .concat8 [ 8 8 8 8], v0x56e45f846ff0_0, v0x56e45f846ff0_1, v0x56e45f846ff0_2, v0x56e45f846ff0_3;
v0x56e45f846ff0_4 .array/port v0x56e45f846ff0, 4;
v0x56e45f846ff0_5 .array/port v0x56e45f846ff0, 5;
v0x56e45f846ff0_6 .array/port v0x56e45f846ff0, 6;
v0x56e45f846ff0_7 .array/port v0x56e45f846ff0, 7;
LS_0x56e45f885f00_0_4 .concat8 [ 8 8 8 8], v0x56e45f846ff0_4, v0x56e45f846ff0_5, v0x56e45f846ff0_6, v0x56e45f846ff0_7;
L_0x56e45f885f00 .concat8 [ 32 32 0 0], LS_0x56e45f885f00_0_0, LS_0x56e45f885f00_0_4;
L_0x56e45f8aa720 .part v0x56e45f848020_0, 0, 1;
L_0x56e45f8aa7f0 .reduce/nor v0x56e45f847db0_0;
S_0x56e45f7e74d0 .scope generate, "pack_a[0]" "pack_a[0]" 5 57, 5 57 0, S_0x56e45f7e66c0;
 .timescale -9 -12;
P_0x56e45f7e76f0 .param/l "gi" 1 5 57, +C4<00>;
v0x56e45f7e77d0_0 .net *"_ivl_2", 7 0, v0x56e45f846ff0_0;  1 drivers
S_0x56e45f7e78b0 .scope generate, "pack_a[1]" "pack_a[1]" 5 57, 5 57 0, S_0x56e45f7e66c0;
 .timescale -9 -12;
P_0x56e45f7e7ad0 .param/l "gi" 1 5 57, +C4<01>;
v0x56e45f7e7b90_0 .net *"_ivl_2", 7 0, v0x56e45f846ff0_1;  1 drivers
S_0x56e45f7e7c70 .scope generate, "pack_a[2]" "pack_a[2]" 5 57, 5 57 0, S_0x56e45f7e66c0;
 .timescale -9 -12;
P_0x56e45f7e7e70 .param/l "gi" 1 5 57, +C4<010>;
v0x56e45f7e7f30_0 .net *"_ivl_2", 7 0, v0x56e45f846ff0_2;  1 drivers
S_0x56e45f7e8010 .scope generate, "pack_a[3]" "pack_a[3]" 5 57, 5 57 0, S_0x56e45f7e66c0;
 .timescale -9 -12;
P_0x56e45f7e8210 .param/l "gi" 1 5 57, +C4<011>;
v0x56e45f7e82f0_0 .net *"_ivl_2", 7 0, v0x56e45f846ff0_3;  1 drivers
S_0x56e45f7e83d0 .scope generate, "pack_a[4]" "pack_a[4]" 5 57, 5 57 0, S_0x56e45f7e66c0;
 .timescale -9 -12;
P_0x56e45f7e8620 .param/l "gi" 1 5 57, +C4<0100>;
v0x56e45f7e8700_0 .net *"_ivl_2", 7 0, v0x56e45f846ff0_4;  1 drivers
S_0x56e45f7e87e0 .scope generate, "pack_a[5]" "pack_a[5]" 5 57, 5 57 0, S_0x56e45f7e66c0;
 .timescale -9 -12;
P_0x56e45f7e89e0 .param/l "gi" 1 5 57, +C4<0101>;
v0x56e45f7e8ac0_0 .net *"_ivl_2", 7 0, v0x56e45f846ff0_5;  1 drivers
S_0x56e45f7e8ba0 .scope generate, "pack_a[6]" "pack_a[6]" 5 57, 5 57 0, S_0x56e45f7e66c0;
 .timescale -9 -12;
P_0x56e45f7e8da0 .param/l "gi" 1 5 57, +C4<0110>;
v0x56e45f7e8e80_0 .net *"_ivl_2", 7 0, v0x56e45f846ff0_6;  1 drivers
S_0x56e45f7e8f60 .scope generate, "pack_a[7]" "pack_a[7]" 5 57, 5 57 0, S_0x56e45f7e66c0;
 .timescale -9 -12;
P_0x56e45f7e9160 .param/l "gi" 1 5 57, +C4<0111>;
v0x56e45f7e9240_0 .net *"_ivl_2", 7 0, v0x56e45f846ff0_7;  1 drivers
S_0x56e45f7e9320 .scope generate, "pack_w[0]" "pack_w[0]" 5 54, 5 54 0, S_0x56e45f7e66c0;
 .timescale -9 -12;
P_0x56e45f7e85d0 .param/l "gi" 1 5 54, +C4<00>;
v0x56e45f7e95b0_0 .net *"_ivl_2", 7 0, v0x56e45f848ca0_0;  1 drivers
S_0x56e45f7e9690 .scope generate, "pack_w[1]" "pack_w[1]" 5 54, 5 54 0, S_0x56e45f7e66c0;
 .timescale -9 -12;
P_0x56e45f7e9890 .param/l "gi" 1 5 54, +C4<01>;
v0x56e45f7e9970_0 .net *"_ivl_2", 7 0, v0x56e45f848ca0_1;  1 drivers
S_0x56e45f7e9a50 .scope generate, "pack_w[2]" "pack_w[2]" 5 54, 5 54 0, S_0x56e45f7e66c0;
 .timescale -9 -12;
P_0x56e45f7e9c50 .param/l "gi" 1 5 54, +C4<010>;
v0x56e45f7e9d30_0 .net *"_ivl_2", 7 0, v0x56e45f848ca0_2;  1 drivers
S_0x56e45f7e9e10 .scope generate, "pack_w[3]" "pack_w[3]" 5 54, 5 54 0, S_0x56e45f7e66c0;
 .timescale -9 -12;
P_0x56e45f7ea010 .param/l "gi" 1 5 54, +C4<011>;
v0x56e45f7ea0f0_0 .net *"_ivl_2", 7 0, v0x56e45f848ca0_3;  1 drivers
S_0x56e45f7ea1d0 .scope generate, "pack_w[4]" "pack_w[4]" 5 54, 5 54 0, S_0x56e45f7e66c0;
 .timescale -9 -12;
P_0x56e45f7ea3d0 .param/l "gi" 1 5 54, +C4<0100>;
v0x56e45f7ea4b0_0 .net *"_ivl_2", 7 0, v0x56e45f848ca0_4;  1 drivers
S_0x56e45f7ea590 .scope generate, "pack_w[5]" "pack_w[5]" 5 54, 5 54 0, S_0x56e45f7e66c0;
 .timescale -9 -12;
P_0x56e45f7ea790 .param/l "gi" 1 5 54, +C4<0101>;
v0x56e45f7ea870_0 .net *"_ivl_2", 7 0, v0x56e45f848ca0_5;  1 drivers
S_0x56e45f7ea950 .scope generate, "pack_w[6]" "pack_w[6]" 5 54, 5 54 0, S_0x56e45f7e66c0;
 .timescale -9 -12;
P_0x56e45f7eab50 .param/l "gi" 1 5 54, +C4<0110>;
v0x56e45f7eac30_0 .net *"_ivl_2", 7 0, v0x56e45f848ca0_6;  1 drivers
S_0x56e45f7ead10 .scope generate, "pack_w[7]" "pack_w[7]" 5 54, 5 54 0, S_0x56e45f7e66c0;
 .timescale -9 -12;
P_0x56e45f7eaf10 .param/l "gi" 1 5 54, +C4<0111>;
v0x56e45f7eaff0_0 .net *"_ivl_2", 7 0, v0x56e45f848ca0_7;  1 drivers
S_0x56e45f7eb0d0 .scope module, "u_systolic" "systolic_array_wrap" 5 65, 6 6 0, S_0x56e45f7e66c0;
 .timescale -9 -12;
    .port_info 0 /INPUT 1 "clk";
    .port_info 1 /INPUT 1 "rst_n";
    .port_info 2 /INPUT 1 "weight_load";
    .port_info 3 /INPUT 3 "weight_row";
    .port_info 4 /INPUT 64 "weight_data_flat";
    .port_info 5 /INPUT 64 "act_in_flat";
    .port_info 6 /OUTPUT 256 "psum_out_flat";
P_0x56e45f7eb3c0 .param/l "ACC_W" 0 6 10, +C4<00000000000000000000000000100000>;
P_0x56e45f7eb400 .param/l "COLS" 0 6 8, +C4<00000000000000000000000000001000>;
P_0x56e45f7eb440 .param/l "DATA_W" 0 6 9, +C4<00000000000000000000000000001000>;
P_0x56e45f7eb480 .param/l "ROWS" 0 6 7, +C4<00000000000000000000000000001000>;
v0x56e45f846370_0 .net "act_in_2d", 63 0, L_0x56e45f887230;  1 drivers
v0x56e45f846490_0 .net "act_in_flat", 63 0, L_0x56e45f885f00;  alias, 1 drivers
v0x56e45f846550_0 .net "clk", 0 0, v0x56e45f84c240_0;  alias, 1 drivers
v0x56e45f846620_0 .net "psum_out_2d", 255 0, v0x56e45f8417f0_0;  1 drivers
v0x56e45f846720_0 .net "psum_out_flat", 255 0, L_0x56e45f887ce0;  alias, 1 drivers
v0x56e45f846810_0 .net "rst_n", 0 0, v0x56e45f84c2e0_0;  alias, 1 drivers
v0x56e45f8468b0_0 .net "weight_data_2d", 63 0, L_0x56e45f886790;  1 drivers
v0x56e45f846980_0 .net "weight_data_flat", 63 0, L_0x56e45f885610;  alias, 1 drivers
v0x56e45f846a40_0 .net "weight_load", 0 0, v0x56e45f848f50_0;  1 drivers
v0x56e45f846b10_0 .net "weight_row", 2 0, v0x56e45f849040_0;  1 drivers
L_0x56e45f886330 .part L_0x56e45f885610, 0, 8;
L_0x56e45f8863d0 .part L_0x56e45f885610, 8, 8;
L_0x56e45f886470 .part L_0x56e45f885610, 16, 8;
L_0x56e45f886510 .part L_0x56e45f885610, 24, 8;
L_0x56e45f8865b0 .part L_0x56e45f885610, 32, 8;
L_0x56e45f886650 .part L_0x56e45f885610, 40, 8;
L_0x56e45f8866f0 .part L_0x56e45f885610, 48, 8;
LS_0x56e45f886790_0_0 .concat8 [ 8 8 8 8], L_0x56e45f886330, L_0x56e45f8863d0, L_0x56e45f886470, L_0x56e45f886510;
LS_0x56e45f886790_0_4 .concat8 [ 8 8 8 8], L_0x56e45f8865b0, L_0x56e45f886650, L_0x56e45f8866f0, L_0x56e45f886b00;
L_0x56e45f886790 .concat8 [ 32 32 0 0], LS_0x56e45f886790_0_0, LS_0x56e45f886790_0_4;
L_0x56e45f886b00 .part L_0x56e45f885610, 56, 8;
L_0x56e45f886bf0 .part L_0x56e45f885f00, 0, 8;
L_0x56e45f886cf0 .part L_0x56e45f885f00, 8, 8;
L_0x56e45f886d90 .part L_0x56e45f885f00, 16, 8;
L_0x56e45f886ea0 .part L_0x56e45f885f00, 24, 8;
L_0x56e45f886f40 .part L_0x56e45f885f00, 32, 8;
L_0x56e45f887060 .part L_0x56e45f885f00, 40, 8;
L_0x56e45f887100 .part L_0x56e45f885f00, 48, 8;
LS_0x56e45f887230_0_0 .concat8 [ 8 8 8 8], L_0x56e45f886bf0, L_0x56e45f886cf0, L_0x56e45f886d90, L_0x56e45f886ea0;
LS_0x56e45f887230_0_4 .concat8 [ 8 8 8 8], L_0x56e45f886f40, L_0x56e45f887060, L_0x56e45f887100, L_0x56e45f887500;
L_0x56e45f887230 .concat8 [ 32 32 0 0], LS_0x56e45f887230_0_0, LS_0x56e45f887230_0_4;
L_0x56e45f887500 .part L_0x56e45f885f00, 56, 8;
L_0x56e45f887690 .part v0x56e45f8417f0_0, 0, 32;
L_0x56e45f887780 .part v0x56e45f8417f0_0, 32, 32;
L_0x56e45f8875f0 .part v0x56e45f8417f0_0, 64, 32;
L_0x56e45f8878d0 .part v0x56e45f8417f0_0, 96, 32;
L_0x56e45f887a30 .part v0x56e45f8417f0_0, 128, 32;
L_0x56e45f887ad0 .part v0x56e45f8417f0_0, 160, 32;
L_0x56e45f887c40 .part v0x56e45f8417f0_0, 192, 32;
LS_0x56e45f887ce0_0_0 .concat8 [ 32 32 32 32], L_0x56e45f887690, L_0x56e45f887780, L_0x56e45f8875f0, L_0x56e45f8878d0;
LS_0x56e45f887ce0_0_4 .concat8 [ 32 32 32 32], L_0x56e45f887a30, L_0x56e45f887ad0, L_0x56e45f887c40, L_0x56e45f8880e0;
L_0x56e45f887ce0 .concat8 [ 128 128 0 0], LS_0x56e45f887ce0_0_0, LS_0x56e45f887ce0_0_4;
L_0x56e45f8880e0 .part v0x56e45f8417f0_0, 224, 32;
S_0x56e45f7eb700 .scope generate, "pack_p[0]" "pack_p[0]" 6 34, 6 34 0, S_0x56e45f7eb0d0;
 .timescale -9 -12;
P_0x56e45f7eb920 .param/l "i" 1 6 34, +C4<00>;
v0x56e45f7eba00_0 .net *"_ivl_0", 31 0, L_0x56e45f887690;  1 drivers
S_0x56e45f7ebae0 .scope generate, "pack_p[1]" "pack_p[1]" 6 34, 6 34 0, S_0x56e45f7eb0d0;
 .timescale -9 -12;
P_0x56e45f7ebd00 .param/l "i" 1 6 34, +C4<01>;
v0x56e45f7ebdc0_0 .net *"_ivl_0", 31 0, L_0x56e45f887780;  1 drivers
S_0x56e45f7ebea0 .scope generate, "pack_p[2]" "pack_p[2]" 6 34, 6 34 0, S_0x56e45f7eb0d0;
 .timescale -9 -12;
P_0x56e45f7ec0a0 .param/l "i" 1 6 34, +C4<010>;
v0x56e45f7ec160_0 .net *"_ivl_0", 31 0, L_0x56e45f8875f0;  1 drivers
S_0x56e45f7ec240 .scope generate, "pack_p[3]" "pack_p[3]" 6 34, 6 34 0, S_0x56e45f7eb0d0;
 .timescale -9 -12;
P_0x56e45f7ec440 .param/l "i" 1 6 34, +C4<011>;
v0x56e45f7ec520_0 .net *"_ivl_0", 31 0, L_0x56e45f8878d0;  1 drivers
S_0x56e45f7ec600 .scope generate, "pack_p[4]" "pack_p[4]" 6 34, 6 34 0, S_0x56e45f7eb0d0;
 .timescale -9 -12;
P_0x56e45f7ec850 .param/l "i" 1 6 34, +C4<0100>;
v0x56e45f7ec930_0 .net *"_ivl_0", 31 0, L_0x56e45f887a30;  1 drivers
S_0x56e45f7eca10 .scope generate, "pack_p[5]" "pack_p[5]" 6 34, 6 34 0, S_0x56e45f7eb0d0;
 .timescale -9 -12;
P_0x56e45f7ecc10 .param/l "i" 1 6 34, +C4<0101>;
v0x56e45f7eccf0_0 .net *"_ivl_0", 31 0, L_0x56e45f887ad0;  1 drivers
S_0x56e45f7ecdd0 .scope generate, "pack_p[6]" "pack_p[6]" 6 34, 6 34 0, S_0x56e45f7eb0d0;
 .timescale -9 -12;
P_0x56e45f7ecfd0 .param/l "i" 1 6 34, +C4<0110>;
v0x56e45f7ed0b0_0 .net *"_ivl_0", 31 0, L_0x56e45f887c40;  1 drivers
S_0x56e45f7ed190 .scope generate, "pack_p[7]" "pack_p[7]" 6 34, 6 34 0, S_0x56e45f7eb0d0;
 .timescale -9 -12;
P_0x56e45f7ed390 .param/l "i" 1 6 34, +C4<0111>;
v0x56e45f7ed470_0 .net *"_ivl_0", 31 0, L_0x56e45f8880e0;  1 drivers
S_0x56e45f7ed550 .scope module, "u_sys" "systolic_array" 6 44, 7 43 0, S_0x56e45f7eb0d0;
 .timescale -9 -12;
    .port_info 0 /INPUT 1 "clk";
    .port_info 1 /INPUT 1 "rst_n";
    .port_info 2 /INPUT 1 "weight_load";
    .port_info 3 /INPUT 3 "weight_row";
    .port_info 4 /INPUT 64 "weight_data";
    .port_info 5 /INPUT 64 "act_in";
    .port_info 6 /OUTPUT 256 "psum_out";
P_0x56e45f7ed730 .param/l "ACC_W" 0 7 47, +C4<00000000000000000000000000100000>;
P_0x56e45f7ed770 .param/l "COLS" 0 7 45, +C4<00000000000000000000000000001000>;
P_0x56e45f7ed7b0 .param/l "DATA_W" 0 7 46, +C4<00000000000000000000000000001000>;
P_0x56e45f7ed7f0 .param/l "ROWS" 0 7 44, +C4<00000000000000000000000000001000>;
L_0x79ed4f55b9c8 .functor BUFT 1, C4<0000000000000000000000000000000000000000000000000000000000000000000000000000000000000000000000000000000000000000000000000000000000000000000000000000000000000000000000000000000000000000000000000000000000000000000000000000000000000000000000000000000000000000>, C4<0>, C4<0>, C4<0>;
v0x56e45f840a90_0 .net/2u *"_ivl_476", 255 0, L_0x79ed4f55b9c8;  1 drivers
v0x56e45f840b90_0 .net "act_h", 575 0, L_0x56e45f8a9960;  1 drivers
v0x56e45f840c90_0 .net "act_in", 63 0, L_0x56e45f887230;  alias, 1 drivers
v0x56e45f840d90_0 .var "act_s1", 63 0;
v0x56e45f840e80_0 .var "act_s2", 63 0;
v0x56e45f840f40_0 .net "clk", 0 0, v0x56e45f84c240_0;  alias, 1 drivers
v0x56e45f8417f0_0 .var "psum_out", 255 0;
v0x56e45f8418e0_0 .var "psum_s11", 255 0;
v0x56e45f8419d0_0 .net "psum_v", 2303 0, L_0x56e45f473570;  1 drivers
v0x56e45f841b60_0 .net "rst_n", 0 0, v0x56e45f84c2e0_0;  alias, 1 drivers
v0x56e45f842410_0 .net "weight_data", 63 0, L_0x56e45f886790;  alias, 1 drivers
v0x56e45f842500_0 .net "weight_load", 0 0, v0x56e45f848f50_0;  alias, 1 drivers
v0x56e45f8425c0_0 .net "weight_row", 2 0, v0x56e45f849040_0;  alias, 1 drivers
L_0x56e45f8881d0 .part v0x56e45f840e80_0, 0, 8;
L_0x56e45f888270 .part v0x56e45f840e80_0, 8, 8;
L_0x56e45f888360 .part v0x56e45f840e80_0, 16, 8;
L_0x56e45f888400 .part v0x56e45f840e80_0, 24, 8;
L_0x56e45f8884a0 .part v0x56e45f840e80_0, 32, 8;
L_0x56e45f888540 .part v0x56e45f840e80_0, 40, 8;
L_0x56e45f8885e0 .part v0x56e45f840e80_0, 48, 8;
L_0x56e45f888680 .part v0x56e45f840e80_0, 56, 8;
L_0x56e45f8889a0 .part L_0x56e45f886790, 0, 8;
L_0x56e45f888a40 .part L_0x56e45f8a9960, 0, 8;
L_0x56e45f888b10 .part L_0x56e45f473570, 0, 32;
L_0x56e45f888ea0 .part L_0x56e45f886790, 8, 8;
L_0x56e45f888fb0 .part L_0x56e45f8a9960, 8, 8;
L_0x56e45f889050 .part L_0x56e45f473570, 32, 32;
L_0x56e45f889420 .part L_0x56e45f886790, 16, 8;
L_0x56e45f8894c0 .part L_0x56e45f8a9960, 16, 8;
L_0x56e45f8895f0 .part L_0x56e45f473570, 64, 32;
L_0x56e45f889a40 .part L_0x56e45f886790, 24, 8;
L_0x56e45f889b80 .part L_0x56e45f8a9960, 24, 8;
L_0x56e45f889c20 .part L_0x56e45f473570, 96, 32;
L_0x56e45f889fe0 .part L_0x56e45f886790, 32, 8;
L_0x56e45f88a080 .part L_0x56e45f8a9960, 32, 8;
L_0x56e45f88a1e0 .part L_0x56e45f473570, 128, 32;
L_0x56e45f88a630 .part L_0x56e45f886790, 40, 8;
L_0x56e45f88a8b0 .part L_0x56e45f8a9960, 40, 8;
L_0x56e45f88a950 .part L_0x56e45f473570, 160, 32;
L_0x56e45f88ae80 .part L_0x56e45f886790, 48, 8;
L_0x56e45f88af20 .part L_0x56e45f8a9960, 48, 8;
L_0x56e45f88b0b0 .part L_0x56e45f473570, 192, 32;
L_0x56e45f88b500 .part L_0x56e45f886790, 56, 8;
L_0x56e45f88b6a0 .part L_0x56e45f8a9960, 56, 8;
L_0x56e45f88b850 .part L_0x56e45f473570, 224, 32;
L_0x56e45f88be30 .part L_0x56e45f886790, 0, 8;
L_0x56e45f88bed0 .part L_0x56e45f8a9960, 72, 8;
L_0x56e45f88c090 .part L_0x56e45f473570, 256, 32;
L_0x56e45f88c4e0 .part L_0x56e45f886790, 8, 8;
L_0x56e45f88bf70 .part L_0x56e45f8a9960, 80, 8;
L_0x56e45f88c6b0 .part L_0x56e45f473570, 288, 32;
L_0x56e45f88cbe0 .part L_0x56e45f886790, 16, 8;
L_0x56e45f88cc80 .part L_0x56e45f8a9960, 88, 8;
L_0x56e45f88ce70 .part L_0x56e45f473570, 320, 32;
L_0x56e45f88d2c0 .part L_0x56e45f886790, 24, 8;
L_0x56e45f88d4c0 .part L_0x56e45f8a9960, 96, 8;
L_0x56e45f88d560 .part L_0x56e45f473570, 352, 32;
L_0x56e45f88db20 .part L_0x56e45f886790, 32, 8;
L_0x56e45f88dbc0 .part L_0x56e45f8a9960, 104, 8;
L_0x56e45f88dde0 .part L_0x56e45f473570, 384, 32;
L_0x56e45f88e230 .part L_0x56e45f886790, 40, 8;
L_0x56e45f88e460 .part L_0x56e45f8a9960, 112, 8;
L_0x56e45f88e500 .part L_0x56e45f473570, 416, 32;
L_0x56e45f88eaf0 .part L_0x56e45f886790, 48, 8;
L_0x56e45f88eb90 .part L_0x56e45f8a9960, 120, 8;
L_0x56e45f88ede0 .part L_0x56e45f473570, 448, 32;
L_0x56e45f88f230 .part L_0x56e45f886790, 56, 8;
L_0x56e45f88f490 .part L_0x56e45f8a9960, 128, 8;
L_0x56e45f88f530 .part L_0x56e45f473570, 480, 32;
L_0x56e45f88fb50 .part L_0x56e45f886790, 0, 8;
L_0x56e45f88fbf0 .part L_0x56e45f8a9960, 144, 8;
L_0x56e45f88fe70 .part L_0x56e45f473570, 512, 32;
L_0x56e45f8902c0 .part L_0x56e45f886790, 8, 8;
L_0x56e45f890550 .part L_0x56e45f8a9960, 152, 8;
L_0x56e45f8905f0 .part L_0x56e45f473570, 544, 32;
L_0x56e45f890c40 .part L_0x56e45f886790, 16, 8;
L_0x56e45f890ce0 .part L_0x56e45f8a9960, 160, 8;
L_0x56e45f890f90 .part L_0x56e45f473570, 576, 32;
L_0x56e45f8913e0 .part L_0x56e45f886790, 24, 8;
L_0x56e45f8916a0 .part L_0x56e45f8a9960, 168, 8;
L_0x56e45f891740 .part L_0x56e45f473570, 608, 32;
L_0x56e45f891dc0 .part L_0x56e45f886790, 32, 8;
L_0x56e45f891e60 .part L_0x56e45f8a9960, 176, 8;
L_0x56e45f892140 .part L_0x56e45f473570, 640, 32;
L_0x56e45f892590 .part L_0x56e45f886790, 40, 8;
L_0x56e45f892880 .part L_0x56e45f8a9960, 184, 8;
L_0x56e45f892920 .part L_0x56e45f473570, 672, 32;
L_0x56e45f892fd0 .part L_0x56e45f886790, 48, 8;
L_0x56e45f893070 .part L_0x56e45f8a9960, 192, 8;
L_0x56e45f893380 .part L_0x56e45f473570, 704, 32;
L_0x56e45f8937d0 .part L_0x56e45f886790, 56, 8;
L_0x56e45f893af0 .part L_0x56e45f8a9960, 200, 8;
L_0x56e45f893b90 .part L_0x56e45f473570, 736, 32;
L_0x56e45f894270 .part L_0x56e45f886790, 0, 8;
L_0x56e45f894310 .part L_0x56e45f8a9960, 216, 8;
L_0x56e45f894650 .part L_0x56e45f473570, 768, 32;
L_0x56e45f894aa0 .part L_0x56e45f886790, 8, 8;
L_0x56e45f894df0 .part L_0x56e45f8a9960, 224, 8;
L_0x56e45f894e90 .part L_0x56e45f473570, 800, 32;
L_0x56e45f8955a0 .part L_0x56e45f886790, 16, 8;
L_0x56e45f895640 .part L_0x56e45f8a9960, 232, 8;
L_0x56e45f8959b0 .part L_0x56e45f473570, 832, 32;
L_0x56e45f895e00 .part L_0x56e45f886790, 24, 8;
L_0x56e45f896180 .part L_0x56e45f8a9960, 240, 8;
L_0x56e45f896220 .part L_0x56e45f473570, 864, 32;
L_0x56e45f896960 .part L_0x56e45f886790, 32, 8;
L_0x56e45f896a00 .part L_0x56e45f8a9960, 248, 8;
L_0x56e45f896da0 .part L_0x56e45f473570, 896, 32;
L_0x56e45f8971f0 .part L_0x56e45f886790, 40, 8;
L_0x56e45f8975a0 .part L_0x56e45f8a9960, 256, 8;
L_0x56e45f897640 .part L_0x56e45f473570, 928, 32;
L_0x56e45f897db0 .part L_0x56e45f886790, 48, 8;
L_0x56e45f897e50 .part L_0x56e45f8a9960, 264, 8;
L_0x56e45f898220 .part L_0x56e45f473570, 960, 32;
L_0x56e45f898670 .part L_0x56e45f886790, 56, 8;
L_0x56e45f898a50 .part L_0x56e45f8a9960, 272, 8;
L_0x56e45f898af0 .part L_0x56e45f473570, 992, 32;
L_0x56e45f8990a0 .part L_0x56e45f886790, 0, 8;
L_0x56e45f899140 .part L_0x56e45f8a9960, 288, 8;
L_0x56e45f899540 .part L_0x56e45f473570, 1024, 32;
L_0x56e45f899990 .part L_0x56e45f886790, 8, 8;
L_0x56e45f899da0 .part L_0x56e45f8a9960, 296, 8;
L_0x56e45f899e40 .part L_0x56e45f473570, 1056, 32;
L_0x56e45f89a610 .part L_0x56e45f886790, 16, 8;
L_0x56e45f89a6b0 .part L_0x56e45f8a9960, 304, 8;
L_0x56e45f89aae0 .part L_0x56e45f473570, 1088, 32;
L_0x56e45f89af30 .part L_0x56e45f886790, 24, 8;
L_0x56e45f89b370 .part L_0x56e45f8a9960, 312, 8;
L_0x56e45f89b410 .part L_0x56e45f473570, 1120, 32;
L_0x56e45f89bc10 .part L_0x56e45f886790, 32, 8;
L_0x56e45f89bcb0 .part L_0x56e45f8a9960, 320, 8;
L_0x56e45f89c110 .part L_0x56e45f473570, 1152, 32;
L_0x56e45f89c560 .part L_0x56e45f886790, 40, 8;
L_0x56e45f89c9d0 .part L_0x56e45f8a9960, 328, 8;
L_0x56e45f89ca70 .part L_0x56e45f473570, 1184, 32;
L_0x56e45f89d2a0 .part L_0x56e45f886790, 48, 8;
L_0x56e45f89d340 .part L_0x56e45f8a9960, 336, 8;
L_0x56e45f89d7d0 .part L_0x56e45f473570, 1216, 32;
L_0x56e45f89dc20 .part L_0x56e45f886790, 56, 8;
L_0x56e45f89e0c0 .part L_0x56e45f8a9960, 344, 8;
L_0x56e45f89e160 .part L_0x56e45f473570, 1248, 32;
L_0x56e45f89e8b0 .part L_0x56e45f886790, 0, 8;
L_0x56e45f89e950 .part L_0x56e45f8a9960, 360, 8;
L_0x56e45f89ee10 .part L_0x56e45f473570, 1280, 32;
L_0x56e45f89f230 .part L_0x56e45f886790, 8, 8;
L_0x56e45f89e9f0 .part L_0x56e45f8a9960, 368, 8;
L_0x56e45f89ea90 .part L_0x56e45f473570, 1312, 32;
L_0x56e45f89f820 .part L_0x56e45f886790, 16, 8;
L_0x56e45f89f8c0 .part L_0x56e45f8a9960, 376, 8;
L_0x56e45f89f2d0 .part L_0x56e45f473570, 1344, 32;
L_0x56e45f89fe00 .part L_0x56e45f886790, 24, 8;
L_0x56e45f89f960 .part L_0x56e45f8a9960, 384, 8;
L_0x56e45f89fa00 .part L_0x56e45f473570, 1376, 32;
L_0x56e45f8a03d0 .part L_0x56e45f886790, 32, 8;
L_0x56e45f8a0470 .part L_0x56e45f8a9960, 392, 8;
L_0x56e45f89fea0 .part L_0x56e45f473570, 1408, 32;
L_0x56e45f8a0990 .part L_0x56e45f886790, 40, 8;
L_0x56e45f8a0510 .part L_0x56e45f8a9960, 400, 8;
L_0x56e45f8a05b0 .part L_0x56e45f473570, 1440, 32;
L_0x56e45f8a0f40 .part L_0x56e45f886790, 48, 8;
L_0x56e45f8a0fe0 .part L_0x56e45f8a9960, 408, 8;
L_0x56e45f8a0a30 .part L_0x56e45f473570, 1472, 32;
L_0x56e45f8a1530 .part L_0x56e45f886790, 56, 8;
L_0x56e45f8a1080 .part L_0x56e45f8a9960, 416, 8;
L_0x56e45f8a1120 .part L_0x56e45f473570, 1504, 32;
L_0x56e45f8a1aa0 .part L_0x56e45f886790, 0, 8;
L_0x56e45f8a1b40 .part L_0x56e45f8a9960, 432, 8;
L_0x56e45f8a15d0 .part L_0x56e45f473570, 1536, 32;
L_0x56e45f8a20c0 .part L_0x56e45f886790, 8, 8;
L_0x56e45f8a1be0 .part L_0x56e45f8a9960, 440, 8;
L_0x56e45f8a1c80 .part L_0x56e45f473570, 1568, 32;
L_0x56e45f8a2660 .part L_0x56e45f886790, 16, 8;
L_0x56e45f8a2700 .part L_0x56e45f8a9960, 448, 8;
L_0x56e45f8a2160 .part L_0x56e45f473570, 1600, 32;
L_0x56e45f8a2580 .part L_0x56e45f886790, 24, 8;
L_0x56e45f8a2cc0 .part L_0x56e45f8a9960, 456, 8;
L_0x56e45f8a2d60 .part L_0x56e45f473570, 1632, 32;
L_0x56e45f8a2b20 .part L_0x56e45f886790, 32, 8;
L_0x56e45f8a2bc0 .part L_0x56e45f8a9960, 464, 8;
L_0x56e45f8a3340 .part L_0x56e45f473570, 1664, 32;
L_0x56e45f8a36e0 .part L_0x56e45f886790, 40, 8;
L_0x56e45f8a2e00 .part L_0x56e45f8a9960, 472, 8;
L_0x56e45f8a2ed0 .part L_0x56e45f473570, 1696, 32;
L_0x56e45f8a3ce0 .part L_0x56e45f886790, 48, 8;
L_0x56e45f8a3d80 .part L_0x56e45f8a9960, 480, 8;
L_0x56e45f8a3780 .part L_0x56e45f473570, 1728, 32;
L_0x56e45f8a3bd0 .part L_0x56e45f886790, 56, 8;
L_0x56e45f8a43a0 .part L_0x56e45f8a9960, 488, 8;
L_0x56e45f8a4440 .part L_0x56e45f473570, 1760, 32;
L_0x56e45f8a4130 .part L_0x56e45f886790, 0, 8;
L_0x56e45f8a41d0 .part L_0x56e45f8a9960, 504, 8;
L_0x56e45f8a4270 .part L_0x56e45f473570, 1792, 32;
L_0x56e45f8a4d70 .part L_0x56e45f886790, 8, 8;
L_0x56e45f8a44e0 .part L_0x56e45f8a9960, 512, 8;
L_0x56e45f8a45b0 .part L_0x56e45f473570, 1824, 32;
L_0x56e45f8a53d0 .part L_0x56e45f886790, 16, 8;
L_0x56e45f8a5470 .part L_0x56e45f8a9960, 520, 8;
L_0x56e45f8a4e10 .part L_0x56e45f473570, 1856, 32;
L_0x56e45f8a5260 .part L_0x56e45f886790, 24, 8;
L_0x56e45f8a5300 .part L_0x56e45f8a9960, 528, 8;
L_0x56e45f8a5af0 .part L_0x56e45f473570, 1888, 32;
L_0x56e45f8a5890 .part L_0x56e45f886790, 32, 8;
L_0x56e45f8a5930 .part L_0x56e45f8a9960, 536, 8;
L_0x56e45f8a59d0 .part L_0x56e45f473570, 1920, 32;
L_0x56e45f884cf0 .part L_0x56e45f886790, 40, 8;
L_0x56e45f884d90 .part L_0x56e45f8a9960, 544, 8;
L_0x56e45f884e60 .part L_0x56e45f473570, 1952, 32;
L_0x56e45f8a5b90 .part L_0x56e45f886790, 48, 8;
L_0x56e45f8a5c30 .part L_0x56e45f8a9960, 552, 8;
L_0x56e45f8a5cd0 .part L_0x56e45f473570, 1984, 32;
L_0x56e45f8a60d0 .part L_0x56e45f886790, 56, 8;
L_0x56e45f8a90b0 .part L_0x56e45f8a9960, 560, 8;
LS_0x56e45f8a9960_0_0 .concat8 [ 8 8 8 8], L_0x56e45f8881d0, v0x56e45f7f0570_0, v0x56e45f7f1980_0, v0x56e45f7f2d80_0;
LS_0x56e45f8a9960_0_4 .concat8 [ 8 8 8 8], v0x56e45f7f4190_0, v0x56e45f7f5580_0, v0x56e45f7f69d0_0, v0x56e45f7f7da0_0;
LS_0x56e45f8a9960_0_8 .concat8 [ 8 8 8 8], v0x56e45f7f9170_0, L_0x56e45f888270, v0x56e45f7fa820_0, v0x56e45f7fbcf0_0;
LS_0x56e45f8a9960_0_12 .concat8 [ 8 8 8 8], v0x56e45f7fd0d0_0, v0x56e45f7fe4a0_0, v0x56e45f7ff890_0, v0x56e45f800c60_0;
LS_0x56e45f8a9960_0_16 .concat8 [ 8 8 8 8], v0x56e45f802030_0, v0x56e45f803400_0, L_0x56e45f888360, v0x56e45f804ab0_0;
LS_0x56e45f8a9960_0_20 .concat8 [ 8 8 8 8], v0x56e45f806090_0, v0x56e45f807470_0, v0x56e45f808840_0, v0x56e45f809c30_0;
LS_0x56e45f8a9960_0_24 .concat8 [ 8 8 8 8], v0x56e45f80b000_0, v0x56e45f80c3d0_0, v0x56e45f80d7a0_0, L_0x56e45f888400;
LS_0x56e45f8a9960_0_28 .concat8 [ 8 8 8 8], v0x56e45f80ee50_0, v0x56e45f810220_0, v0x56e45f811600_0, v0x56e45f8129d0_0;
LS_0x56e45f8a9960_0_32 .concat8 [ 8 8 8 8], v0x56e45f813dc0_0, v0x56e45f815190_0, v0x56e45f816560_0, v0x56e45f817930_0;
LS_0x56e45f8a9960_0_36 .concat8 [ 8 8 8 8], L_0x56e45f8884a0, v0x56e45f818fe0_0, v0x56e45f81a3b0_0, v0x56e45f81b790_0;
LS_0x56e45f8a9960_0_40 .concat8 [ 8 8 8 8], v0x56e45f81cb60_0, v0x56e45f81df50_0, v0x56e45f81f320_0, v0x56e45f8206f0_0;
LS_0x56e45f8a9960_0_44 .concat8 [ 8 8 8 8], v0x56e45f821ac0_0, L_0x56e45f888540, v0x56e45f823170_0, v0x56e45f824540_0;
LS_0x56e45f8a9960_0_48 .concat8 [ 8 8 8 8], v0x56e45f825920_0, v0x56e45f826cf0_0, v0x56e45f8280e0_0, v0x56e45f8294b0_0;
LS_0x56e45f8a9960_0_52 .concat8 [ 8 8 8 8], v0x56e45f82a880_0, v0x56e45f82bc50_0, L_0x56e45f8885e0, v0x56e45f82d300_0;
LS_0x56e45f8a9960_0_56 .concat8 [ 8 8 8 8], v0x56e45f82e6d0_0, v0x56e45f82fab0_0, v0x56e45f830e80_0, v0x56e45f832270_0;
LS_0x56e45f8a9960_0_60 .concat8 [ 8 8 8 8], v0x56e45f833640_0, v0x56e45f834a10_0, v0x56e45f835de0_0, L_0x56e45f888680;
LS_0x56e45f8a9960_0_64 .concat8 [ 8 8 8 8], v0x56e45f837490_0, v0x56e45f838860_0, v0x56e45f839c40_0, v0x56e45f83b010_0;
LS_0x56e45f8a9960_0_68 .concat8 [ 8 8 8 8], v0x56e45f83c400_0, v0x56e45f83d7d0_0, v0x56e45f83eba0_0, v0x56e45f83ff70_0;
LS_0x56e45f8a9960_1_0 .concat8 [ 32 32 32 32], LS_0x56e45f8a9960_0_0, LS_0x56e45f8a9960_0_4, LS_0x56e45f8a9960_0_8, LS_0x56e45f8a9960_0_12;
LS_0x56e45f8a9960_1_4 .concat8 [ 32 32 32 32], LS_0x56e45f8a9960_0_16, LS_0x56e45f8a9960_0_20, LS_0x56e45f8a9960_0_24, LS_0x56e45f8a9960_0_28;
LS_0x56e45f8a9960_1_8 .concat8 [ 32 32 32 32], LS_0x56e45f8a9960_0_32, LS_0x56e45f8a9960_0_36, LS_0x56e45f8a9960_0_40, LS_0x56e45f8a9960_0_44;
LS_0x56e45f8a9960_1_12 .concat8 [ 32 32 32 32], LS_0x56e45f8a9960_0_48, LS_0x56e45f8a9960_0_52, LS_0x56e45f8a9960_0_56, LS_0x56e45f8a9960_0_60;
LS_0x56e45f8a9960_1_16 .concat8 [ 32 32 0 0], LS_0x56e45f8a9960_0_64, LS_0x56e45f8a9960_0_68;
LS_0x56e45f8a9960_2_0 .concat8 [ 128 128 128 128], LS_0x56e45f8a9960_1_0, LS_0x56e45f8a9960_1_4, LS_0x56e45f8a9960_1_8, LS_0x56e45f8a9960_1_12;
LS_0x56e45f8a9960_2_4 .concat8 [ 64 0 0 0], LS_0x56e45f8a9960_1_16;
L_0x56e45f8a9960 .concat8 [ 512 64 0 0], LS_0x56e45f8a9960_2_0, LS_0x56e45f8a9960_2_4;
L_0x56e45f8a8a70 .part L_0x56e45f473570, 2016, 32;
LS_0x56e45f473570_0_0 .concat8 [ 256 32 32 32], L_0x79ed4f55b9c8, v0x56e45f7f0800_0, v0x56e45f7f1c00_0, v0x56e45f7f3040_0;
LS_0x56e45f473570_0_4 .concat8 [ 32 32 32 32], v0x56e45f7f4400_0, v0x56e45f7f57f0_0, v0x56e45f7f6c40_0, v0x56e45f7f8010_0;
LS_0x56e45f473570_0_8 .concat8 [ 32 32 32 32], v0x56e45f7f93e0_0, v0x56e45f7faba0_0, v0x56e45f7fbf60_0, v0x56e45f7fd340_0;
LS_0x56e45f473570_0_12 .concat8 [ 32 32 32 32], v0x56e45f7fe710_0, v0x56e45f7ffb00_0, v0x56e45f800ed0_0, v0x56e45f8022a0_0;
LS_0x56e45f473570_0_16 .concat8 [ 32 32 32 32], v0x56e45f803670_0, v0x56e45f804d20_0, v0x56e45f806300_0, v0x56e45f8076e0_0;
LS_0x56e45f473570_0_20 .concat8 [ 32 32 32 32], v0x56e45f808ab0_0, v0x56e45f809ea0_0, v0x56e45f80b270_0, v0x56e45f80c640_0;
LS_0x56e45f473570_0_24 .concat8 [ 32 32 32 32], v0x56e45f80da10_0, v0x56e45f80f0c0_0, v0x56e45f810490_0, v0x56e45f811870_0;
LS_0x56e45f473570_0_28 .concat8 [ 32 32 32 32], v0x56e45f812c40_0, v0x56e45f814030_0, v0x56e45f815400_0, v0x56e45f8167d0_0;
LS_0x56e45f473570_0_32 .concat8 [ 32 32 32 32], v0x56e45f817ba0_0, v0x56e45f819250_0, v0x56e45f81a620_0, v0x56e45f81ba00_0;
LS_0x56e45f473570_0_36 .concat8 [ 32 32 32 32], v0x56e45f81cdd0_0, v0x56e45f81e1c0_0, v0x56e45f81f590_0, v0x56e45f820960_0;
LS_0x56e45f473570_0_40 .concat8 [ 32 32 32 32], v0x56e45f821d30_0, v0x56e45f8233e0_0, v0x56e45f8247b0_0, v0x56e45f825b90_0;
LS_0x56e45f473570_0_44 .concat8 [ 32 32 32 32], v0x56e45f826f60_0, v0x56e45f828350_0, v0x56e45f829720_0, v0x56e45f82aaf0_0;
LS_0x56e45f473570_0_48 .concat8 [ 32 32 32 32], v0x56e45f82bec0_0, v0x56e45f82d570_0, v0x56e45f82e940_0, v0x56e45f82fd20_0;
LS_0x56e45f473570_0_52 .concat8 [ 32 32 32 32], v0x56e45f8310f0_0, v0x56e45f8324e0_0, v0x56e45f8338b0_0, v0x56e45f834c80_0;
LS_0x56e45f473570_0_56 .concat8 [ 32 32 32 32], v0x56e45f836050_0, v0x56e45f837700_0, v0x56e45f838ad0_0, v0x56e45f839eb0_0;
LS_0x56e45f473570_0_60 .concat8 [ 32 32 32 32], v0x56e45f83b280_0, v0x56e45f83c670_0, v0x56e45f83da40_0, v0x56e45f83ee10_0;
LS_0x56e45f473570_0_64 .concat8 [ 32 0 0 0], v0x56e45f8401e0_0;
LS_0x56e45f473570_1_0 .concat8 [ 352 128 128 128], LS_0x56e45f473570_0_0, LS_0x56e45f473570_0_4, LS_0x56e45f473570_0_8, LS_0x56e45f473570_0_12;
LS_0x56e45f473570_1_4 .concat8 [ 128 128 128 128], LS_0x56e45f473570_0_16, LS_0x56e45f473570_0_20, LS_0x56e45f473570_0_24, LS_0x56e45f473570_0_28;
LS_0x56e45f473570_1_8 .concat8 [ 128 128 128 128], LS_0x56e45f473570_0_32, LS_0x56e45f473570_0_36, LS_0x56e45f473570_0_40, LS_0x56e45f473570_0_44;
LS_0x56e45f473570_1_12 .concat8 [ 128 128 128 128], LS_0x56e45f473570_0_48, LS_0x56e45f473570_0_52, LS_0x56e45f473570_0_56, LS_0x56e45f473570_0_60;
LS_0x56e45f473570_1_16 .concat8 [ 32 0 0 0], LS_0x56e45f473570_0_64;
LS_0x56e45f473570_2_0 .concat8 [ 736 512 512 512], LS_0x56e45f473570_1_0, LS_0x56e45f473570_1_4, LS_0x56e45f473570_1_8, LS_0x56e45f473570_1_12;
LS_0x56e45f473570_2_4 .concat8 [ 32 0 0 0], LS_0x56e45f473570_1_16;
L_0x56e45f473570 .concat8 [ 2272 32 0 0], LS_0x56e45f473570_2_0, LS_0x56e45f473570_2_4;
S_0x56e45f7edb60 .scope generate, "act_feed[0]" "act_feed[0]" 7 88, 7 88 0, S_0x56e45f7ed550;
 .timescale -9 -12;
P_0x56e45f7edd30 .param/l "r" 1 7 88, +C4<00>;
v0x56e45f7ede10_0 .net *"_ivl_0", 7 0, L_0x56e45f8881d0;  1 drivers
S_0x56e45f7edef0 .scope generate, "act_feed[1]" "act_feed[1]" 7 88, 7 88 0, S_0x56e45f7ed550;
 .timescale -9 -12;
P_0x56e45f7ee110 .param/l "r" 1 7 88, +C4<01>;
v0x56e45f7ee1d0_0 .net *"_ivl_0", 7 0, L_0x56e45f888270;  1 drivers
S_0x56e45f7ee2b0 .scope generate, "act_feed[2]" "act_feed[2]" 7 88, 7 88 0, S_0x56e45f7ed550;
 .timescale -9 -12;
P_0x56e45f7ee4e0 .param/l "r" 1 7 88, +C4<010>;
v0x56e45f7ee5a0_0 .net *"_ivl_0", 7 0, L_0x56e45f888360;  1 drivers
S_0x56e45f7ee680 .scope generate, "act_feed[3]" "act_feed[3]" 7 88, 7 88 0, S_0x56e45f7ed550;
 .timescale -9 -12;
P_0x56e45f7ee880 .param/l "r" 1 7 88, +C4<011>;
v0x56e45f7ee960_0 .net *"_ivl_0", 7 0, L_0x56e45f888400;  1 drivers
S_0x56e45f7eea40 .scope generate, "act_feed[4]" "act_feed[4]" 7 88, 7 88 0, S_0x56e45f7ed550;
 .timescale -9 -12;
P_0x56e45f7eec90 .param/l "r" 1 7 88, +C4<0100>;
v0x56e45f7eed70_0 .net *"_ivl_0", 7 0, L_0x56e45f8884a0;  1 drivers
S_0x56e45f7eee50 .scope generate, "act_feed[5]" "act_feed[5]" 7 88, 7 88 0, S_0x56e45f7ed550;
 .timescale -9 -12;
P_0x56e45f7ef050 .param/l "r" 1 7 88, +C4<0101>;
v0x56e45f7ef130_0 .net *"_ivl_0", 7 0, L_0x56e45f888540;  1 drivers
S_0x56e45f7ef210 .scope generate, "act_feed[6]" "act_feed[6]" 7 88, 7 88 0, S_0x56e45f7ed550;
 .timescale -9 -12;
P_0x56e45f7ef410 .param/l "r" 1 7 88, +C4<0110>;
v0x56e45f7ef4f0_0 .net *"_ivl_0", 7 0, L_0x56e45f8885e0;  1 drivers
S_0x56e45f7ef5d0 .scope generate, "act_feed[7]" "act_feed[7]" 7 88, 7 88 0, S_0x56e45f7ed550;
 .timescale -9 -12;
P_0x56e45f7ef7d0 .param/l "r" 1 7 88, +C4<0111>;
v0x56e45f7ef8b0_0 .net *"_ivl_0", 7 0, L_0x56e45f888680;  1 drivers
S_0x56e45f7ef990 .scope generate, "gen_row[0]" "gen_row[0]" 7 99, 7 99 0, S_0x56e45f7ed550;
 .timescale -9 -12;
P_0x56e45f7eec40 .param/l "row" 1 7 99, +C4<00>;
S_0x56e45f7efc20 .scope generate, "gen_col[0]" "gen_col[0]" 7 100, 7 100 0, S_0x56e45f7ef990;
 .timescale -9 -12;
P_0x56e45f7efe20 .param/l "col" 1 7 100, +C4<00>;
L_0x56e45f886e30 .functor AND 1, v0x56e45f848f50_0, L_0x56e45f888810, C4<1>, C4<1>;
v0x56e45f7f0d70_0 .net *"_ivl_0", 3 0, L_0x56e45f888770;  1 drivers
L_0x79ed4f5595c8 .functor BUFT 1, C4<0>, C4<0>, C4<0>, C4<0>;
v0x56e45f7f0e70_0 .net *"_ivl_3", 0 0, L_0x79ed4f5595c8;  1 drivers
L_0x79ed4f559610 .functor BUFT 1, C4<0000>, C4<0>, C4<0>, C4<0>;
v0x56e45f7f0f50_0 .net/2u *"_ivl_4", 3 0, L_0x79ed4f559610;  1 drivers
v0x56e45f7f1010_0 .net *"_ivl_6", 0 0, L_0x56e45f888810;  1 drivers
L_0x56e45f888770 .concat [ 3 1 0 0], v0x56e45f849040_0, L_0x79ed4f5595c8;
L_0x56e45f888810 .cmp/eq 4, L_0x56e45f888770, L_0x79ed4f559610;
S_0x56e45f7eff00 .scope module, "u_pe" "pe" 7 101, 8 30 0, S_0x56e45f7efc20;
 .timescale -9 -12;
    .port_info 0 /INPUT 1 "clk";
    .port_info 1 /INPUT 1 "rst_n";
    .port_info 2 /INPUT 1 "weight_load";
    .port_info 3 /INPUT 8 "weight_in";
    .port_info 4 /INPUT 8 "act_in";
    .port_info 5 /OUTPUT 8 "act_out";
    .port_info 6 /INPUT 32 "psum_in";
    .port_info 7 /OUTPUT 32 "psum_out";
P_0x56e45f7f00e0 .param/l "ACC_W" 0 8 32, +C4<00000000000000000000000000100000>;
P_0x56e45f7f0120 .param/l "DATA_W" 0 8 31, +C4<00000000000000000000000000001000>;
v0x56e45f7f0470_0 .net "act_in", 7 0, L_0x56e45f888a40;  1 drivers
v0x56e45f7f0570_0 .var "act_out", 7 0;
v0x56e45f7f0650_0 .net "clk", 0 0, v0x56e45f84c240_0;  alias, 1 drivers
v0x56e45f7f0720_0 .net "psum_in", 31 0, L_0x56e45f888b10;  1 drivers
v0x56e45f7f0800_0 .var "psum_out", 31 0;
v0x56e45f7f0930_0 .net "rst_n", 0 0, v0x56e45f84c2e0_0;  alias, 1 drivers
v0x56e45f7f09f0_0 .net "weight_in", 7 0, L_0x56e45f8889a0;  1 drivers
v0x56e45f7f0ad0_0 .net "weight_load", 0 0, L_0x56e45f886e30;  1 drivers
v0x56e45f7f0b90_0 .var "weight_reg", 7 0;
E_0x56e45f7f03f0 .event posedge, v0x56e45f7f0650_0;
S_0x56e45f7f10d0 .scope generate, "gen_col[1]" "gen_col[1]" 7 100, 7 100 0, S_0x56e45f7ef990;
 .timescale -9 -12;
P_0x56e45f7f12a0 .param/l "col" 1 7 100, +C4<01>;
L_0x56e45f888e30 .functor AND 1, v0x56e45f848f50_0, L_0x56e45f888d10, C4<1>, C4<1>;
v0x56e45f7f2130_0 .net *"_ivl_0", 3 0, L_0x56e45f888c10;  1 drivers
L_0x79ed4f559658 .functor BUFT 1, C4<0>, C4<0>, C4<0>, C4<0>;
v0x56e45f7f2230_0 .net *"_ivl_3", 0 0, L_0x79ed4f559658;  1 drivers
L_0x79ed4f5596a0 .functor BUFT 1, C4<0000>, C4<0>, C4<0>, C4<0>;
v0x56e45f7f2310_0 .net/2u *"_ivl_4", 3 0, L_0x79ed4f5596a0;  1 drivers
v0x56e45f7f2400_0 .net *"_ivl_6", 0 0, L_0x56e45f888d10;  1 drivers
L_0x56e45f888c10 .concat [ 3 1 0 0], v0x56e45f849040_0, L_0x79ed4f559658;
L_0x56e45f888d10 .cmp/eq 4, L_0x56e45f888c10, L_0x79ed4f5596a0;
S_0x56e45f7f1360 .scope module, "u_pe" "pe" 7 101, 8 30 0, S_0x56e45f7f10d0;
 .timescale -9 -12;
    .port_info 0 /INPUT 1 "clk";
    .port_info 1 /INPUT 1 "rst_n";
    .port_info 2 /INPUT 1 "weight_load";
    .port_info 3 /INPUT 8 "weight_in";
    .port_info 4 /INPUT 8 "act_in";
    .port_info 5 /OUTPUT 8 "act_out";
    .port_info 6 /INPUT 32 "psum_in";
    .port_info 7 /OUTPUT 32 "psum_out";
P_0x56e45f7f1540 .param/l "ACC_W" 0 8 32, +C4<00000000000000000000000000100000>;
P_0x56e45f7f1580 .param/l "DATA_W" 0 8 31, +C4<00000000000000000000000000001000>;
v0x56e45f7f1880_0 .net "act_in", 7 0, L_0x56e45f888fb0;  1 drivers
v0x56e45f7f1980_0 .var "act_out", 7 0;
v0x56e45f7f1a60_0 .net "clk", 0 0, v0x56e45f84c240_0;  alias, 1 drivers
v0x56e45f7f1b60_0 .net "psum_in", 31 0, L_0x56e45f889050;  1 drivers
v0x56e45f7f1c00_0 .var "psum_out", 31 0;
v0x56e45f7f1d30_0 .net "rst_n", 0 0, v0x56e45f84c2e0_0;  alias, 1 drivers
v0x56e45f7f1dd0_0 .net "weight_in", 7 0, L_0x56e45f888ea0;  1 drivers
v0x56e45f7f1e90_0 .net "weight_load", 0 0, L_0x56e45f888e30;  1 drivers
v0x56e45f7f1f50_0 .var "weight_reg", 7 0;
S_0x56e45f7f24c0 .scope generate, "gen_col[2]" "gen_col[2]" 7 100, 7 100 0, S_0x56e45f7ef990;
 .timescale -9 -12;
P_0x56e45f7f26a0 .param/l "col" 1 7 100, +C4<010>;
L_0x56e45f888f40 .functor AND 1, v0x56e45f848f50_0, L_0x56e45f889260, C4<1>, C4<1>;
v0x56e45f7f35e0_0 .net *"_ivl_0", 3 0, L_0x56e45f889140;  1 drivers
L_0x79ed4f5596e8 .functor BUFT 1, C4<0>, C4<0>, C4<0>, C4<0>;
v0x56e45f7f36e0_0 .net *"_ivl_3", 0 0, L_0x79ed4f5596e8;  1 drivers
L_0x79ed4f559730 .functor BUFT 1, C4<0000>, C4<0>, C4<0>, C4<0>;
v0x56e45f7f37c0_0 .net/2u *"_ivl_4", 3 0, L_0x79ed4f559730;  1 drivers
v0x56e45f7f3880_0 .net *"_ivl_6", 0 0, L_0x56e45f889260;  1 drivers
L_0x56e45f889140 .concat [ 3 1 0 0], v0x56e45f849040_0, L_0x79ed4f5596e8;
L_0x56e45f889260 .cmp/eq 4, L_0x56e45f889140, L_0x79ed4f559730;
S_0x56e45f7f2760 .scope module, "u_pe" "pe" 7 101, 8 30 0, S_0x56e45f7f24c0;
 .timescale -9 -12;
    .port_info 0 /INPUT 1 "clk";
    .port_info 1 /INPUT 1 "rst_n";
    .port_info 2 /INPUT 1 "weight_load";
    .port_info 3 /INPUT 8 "weight_in";
    .port_info 4 /INPUT 8 "act_in";
    .port_info 5 /OUTPUT 8 "act_out";
    .port_info 6 /INPUT 32 "psum_in";
    .port_info 7 /OUTPUT 32 "psum_out";
P_0x56e45f7f2940 .param/l "ACC_W" 0 8 32, +C4<00000000000000000000000000100000>;
P_0x56e45f7f2980 .param/l "DATA_W" 0 8 31, +C4<00000000000000000000000000001000>;
v0x56e45f7f2c80_0 .net "act_in", 7 0, L_0x56e45f8894c0;  1 drivers
v0x56e45f7f2d80_0 .var "act_out", 7 0;
v0x56e45f7f2e60_0 .net "clk", 0 0, v0x56e45f84c240_0;  alias, 1 drivers
v0x56e45f7f2f80_0 .net "psum_in", 31 0, L_0x56e45f8895f0;  1 drivers
v0x56e45f7f3040_0 .var "psum_out", 31 0;
v0x56e45f7f3170_0 .net "rst_n", 0 0, v0x56e45f84c2e0_0;  alias, 1 drivers
v0x56e45f7f3260_0 .net "weight_in", 7 0, L_0x56e45f889420;  1 drivers
v0x56e45f7f3340_0 .net "weight_load", 0 0, L_0x56e45f888f40;  1 drivers
v0x56e45f7f3400_0 .var "weight_reg", 7 0;
S_0x56e45f7f3940 .scope generate, "gen_col[3]" "gen_col[3]" 7 100, 7 100 0, S_0x56e45f7ef990;
 .timescale -9 -12;
P_0x56e45f7f3af0 .param/l "col" 1 7 100, +C4<011>;
L_0x56e45f889980 .functor AND 1, v0x56e45f848f50_0, L_0x56e45f889810, C4<1>, C4<1>;
v0x56e45f7f4950_0 .net *"_ivl_0", 3 0, L_0x56e45f8896c0;  1 drivers
L_0x79ed4f559778 .functor BUFT 1, C4<0>, C4<0>, C4<0>, C4<0>;
v0x56e45f7f4a50_0 .net *"_ivl_3", 0 0, L_0x79ed4f559778;  1 drivers
L_0x79ed4f5597c0 .functor BUFT 1, C4<0000>, C4<0>, C4<0>, C4<0>;
v0x56e45f7f4b30_0 .net/2u *"_ivl_4", 3 0, L_0x79ed4f5597c0;  1 drivers
v0x56e45f7f4bf0_0 .net *"_ivl_6", 0 0, L_0x56e45f889810;  1 drivers
L_0x56e45f8896c0 .concat [ 3 1 0 0], v0x56e45f849040_0, L_0x79ed4f559778;
L_0x56e45f889810 .cmp/eq 4, L_0x56e45f8896c0, L_0x79ed4f5597c0;
S_0x56e45f7f3bd0 .scope module, "u_pe" "pe" 7 101, 8 30 0, S_0x56e45f7f3940;
 .timescale -9 -12;
    .port_info 0 /INPUT 1 "clk";
    .port_info 1 /INPUT 1 "rst_n";
    .port_info 2 /INPUT 1 "weight_load";
    .port_info 3 /INPUT 8 "weight_in";
    .port_info 4 /INPUT 8 "act_in";
    .port_info 5 /OUTPUT 8 "act_out";
    .port_info 6 /INPUT 32 "psum_in";
    .port_info 7 /OUTPUT 32 "psum_out";
P_0x56e45f7f3db0 .param/l "ACC_W" 0 8 32, +C4<00000000000000000000000000100000>;
P_0x56e45f7f3df0 .param/l "DATA_W" 0 8 31, +C4<00000000000000000000000000001000>;
v0x56e45f7f4090_0 .net "act_in", 7 0, L_0x56e45f889b80;  1 drivers
v0x56e45f7f4190_0 .var "act_out", 7 0;
v0x56e45f7f4270_0 .net "clk", 0 0, v0x56e45f84c240_0;  alias, 1 drivers
v0x56e45f7f4340_0 .net "psum_in", 31 0, L_0x56e45f889c20;  1 drivers
v0x56e45f7f4400_0 .var "psum_out", 31 0;
v0x56e45f7f4530_0 .net "rst_n", 0 0, v0x56e45f84c2e0_0;  alias, 1 drivers
v0x56e45f7f45d0_0 .net "weight_in", 7 0, L_0x56e45f889a40;  1 drivers
v0x56e45f7f46b0_0 .net "weight_load", 0 0, L_0x56e45f889980;  1 drivers
v0x56e45f7f4770_0 .var "weight_reg", 7 0;
S_0x56e45f7f4cb0 .scope generate, "gen_col[4]" "gen_col[4]" 7 100, 7 100 0, S_0x56e45f7ef990;
 .timescale -9 -12;
P_0x56e45f7f4eb0 .param/l "col" 1 7 100, +C4<0100>;
L_0x56e45f889f20 .functor AND 1, v0x56e45f848f50_0, L_0x56e45f889e00, C4<1>, C4<1>;
v0x56e45f7f5e10_0 .net *"_ivl_0", 3 0, L_0x56e45f889ae0;  1 drivers
L_0x79ed4f559808 .functor BUFT 1, C4<0>, C4<0>, C4<0>, C4<0>;
v0x56e45f7f5f10_0 .net *"_ivl_3", 0 0, L_0x79ed4f559808;  1 drivers
L_0x79ed4f559850 .functor BUFT 1, C4<0000>, C4<0>, C4<0>, C4<0>;
v0x56e45f7f5ff0_0 .net/2u *"_ivl_4", 3 0, L_0x79ed4f559850;  1 drivers
v0x56e45f7f60b0_0 .net *"_ivl_6", 0 0, L_0x56e45f889e00;  1 drivers
L_0x56e45f889ae0 .concat [ 3 1 0 0], v0x56e45f849040_0, L_0x79ed4f559808;
L_0x56e45f889e00 .cmp/eq 4, L_0x56e45f889ae0, L_0x79ed4f559850;
S_0x56e45f7f4f90 .scope module, "u_pe" "pe" 7 101, 8 30 0, S_0x56e45f7f4cb0;
 .timescale -9 -12;
    .port_info 0 /INPUT 1 "clk";
    .port_info 1 /INPUT 1 "rst_n";
    .port_info 2 /INPUT 1 "weight_load";
    .port_info 3 /INPUT 8 "weight_in";
    .port_info 4 /INPUT 8 "act_in";
    .port_info 5 /OUTPUT 8 "act_out";
    .port_info 6 /INPUT 32 "psum_in";
    .port_info 7 /OUTPUT 32 "psum_out";
P_0x56e45f7f5170 .param/l "ACC_W" 0 8 32, +C4<00000000000000000000000000100000>;
P_0x56e45f7f51b0 .param/l "DATA_W" 0 8 31, +C4<00000000000000000000000000001000>;
v0x56e45f7f5480_0 .net "act_in", 7 0, L_0x56e45f88a080;  1 drivers
v0x56e45f7f5580_0 .var "act_out", 7 0;
v0x56e45f7f5660_0 .net "clk", 0 0, v0x56e45f84c240_0;  alias, 1 drivers
v0x56e45f7f5730_0 .net "psum_in", 31 0, L_0x56e45f88a1e0;  1 drivers
v0x56e45f7f57f0_0 .var "psum_out", 31 0;
v0x56e45f7f58d0_0 .net "rst_n", 0 0, v0x56e45f84c2e0_0;  alias, 1 drivers
v0x56e45f7f5a00_0 .net "weight_in", 7 0, L_0x56e45f889fe0;  1 drivers
v0x56e45f7f5ae0_0 .net "weight_load", 0 0, L_0x56e45f889f20;  1 drivers
v0x56e45f7f5ba0_0 .var "weight_reg", 7 0;
S_0x56e45f7f6170 .scope generate, "gen_col[5]" "gen_col[5]" 7 100, 7 100 0, S_0x56e45f7ef990;
 .timescale -9 -12;
P_0x56e45f7f3210 .param/l "col" 1 7 100, +C4<0101>;
L_0x56e45f88a570 .functor AND 1, v0x56e45f848f50_0, L_0x56e45f88a400, C4<1>, C4<1>;
v0x56e45f7f7190_0 .net *"_ivl_0", 3 0, L_0x56e45f88a2b0;  1 drivers
L_0x79ed4f559898 .functor BUFT 1, C4<0>, C4<0>, C4<0>, C4<0>;
v0x56e45f7f7290_0 .net *"_ivl_3", 0 0, L_0x79ed4f559898;  1 drivers
L_0x79ed4f5598e0 .functor BUFT 1, C4<0000>, C4<0>, C4<0>, C4<0>;
v0x56e45f7f7370_0 .net/2u *"_ivl_4", 3 0, L_0x79ed4f5598e0;  1 drivers
v0x56e45f7f7430_0 .net *"_ivl_6", 0 0, L_0x56e45f88a400;  1 drivers
L_0x56e45f88a2b0 .concat [ 3 1 0 0], v0x56e45f849040_0, L_0x79ed4f559898;
L_0x56e45f88a400 .cmp/eq 4, L_0x56e45f88a2b0, L_0x79ed4f5598e0;
S_0x56e45f7f63b0 .scope module, "u_pe" "pe" 7 101, 8 30 0, S_0x56e45f7f6170;
 .timescale -9 -12;
    .port_info 0 /INPUT 1 "clk";
    .port_info 1 /INPUT 1 "rst_n";
    .port_info 2 /INPUT 1 "weight_load";
    .port_info 3 /INPUT 8 "weight_in";
    .port_info 4 /INPUT 8 "act_in";
    .port_info 5 /OUTPUT 8 "act_out";
    .port_info 6 /INPUT 32 "psum_in";
    .port_info 7 /OUTPUT 32 "psum_out";
P_0x56e45f7f6590 .param/l "ACC_W" 0 8 32, +C4<00000000000000000000000000100000>;
P_0x56e45f7f65d0 .param/l "DATA_W" 0 8 31, +C4<00000000000000000000000000001000>;
v0x56e45f7f68d0_0 .net "act_in", 7 0, L_0x56e45f88a8b0;  1 drivers
v0x56e45f7f69d0_0 .var "act_out", 7 0;
v0x56e45f7f6ab0_0 .net "clk", 0 0, v0x56e45f84c240_0;  alias, 1 drivers
v0x56e45f7f6b80_0 .net "psum_in", 31 0, L_0x56e45f88a950;  1 drivers
v0x56e45f7f6c40_0 .var "psum_out", 31 0;
v0x56e45f7f6d70_0 .net "rst_n", 0 0, v0x56e45f84c2e0_0;  alias, 1 drivers
v0x56e45f7f6e10_0 .net "weight_in", 7 0, L_0x56e45f88a630;  1 drivers
v0x56e45f7f6ef0_0 .net "weight_load", 0 0, L_0x56e45f88a570;  1 drivers
v0x56e45f7f6fb0_0 .var "weight_reg", 7 0;
S_0x56e45f7f74f0 .scope generate, "gen_col[6]" "gen_col[6]" 7 100, 7 100 0, S_0x56e45f7ef990;
 .timescale -9 -12;
P_0x56e45f7f76a0 .param/l "col" 1 7 100, +C4<0110>;
L_0x56e45f88adc0 .functor AND 1, v0x56e45f848f50_0, L_0x56e45f88ac50, C4<1>, C4<1>;
v0x56e45f7f8560_0 .net *"_ivl_0", 3 0, L_0x56e45f88ab00;  1 drivers
L_0x79ed4f559928 .functor BUFT 1, C4<0>, C4<0>, C4<0>, C4<0>;
v0x56e45f7f8660_0 .net *"_ivl_3", 0 0, L_0x79ed4f559928;  1 drivers
L_0x79ed4f559970 .functor BUFT 1, C4<0000>, C4<0>, C4<0>, C4<0>;
v0x56e45f7f8740_0 .net/2u *"_ivl_4", 3 0, L_0x79ed4f559970;  1 drivers
v0x56e45f7f8800_0 .net *"_ivl_6", 0 0, L_0x56e45f88ac50;  1 drivers
L_0x56e45f88ab00 .concat [ 3 1 0 0], v0x56e45f849040_0, L_0x79ed4f559928;
L_0x56e45f88ac50 .cmp/eq 4, L_0x56e45f88ab00, L_0x79ed4f559970;
S_0x56e45f7f7780 .scope module, "u_pe" "pe" 7 101, 8 30 0, S_0x56e45f7f74f0;
 .timescale -9 -12;
    .port_info 0 /INPUT 1 "clk";
    .port_info 1 /INPUT 1 "rst_n";
    .port_info 2 /INPUT 1 "weight_load";
    .port_info 3 /INPUT 8 "weight_in";
    .port_info 4 /INPUT 8 "act_in";
    .port_info 5 /OUTPUT 8 "act_out";
    .port_info 6 /INPUT 32 "psum_in";
    .port_info 7 /OUTPUT 32 "psum_out";
P_0x56e45f7f7960 .param/l "ACC_W" 0 8 32, +C4<00000000000000000000000000100000>;
P_0x56e45f7f79a0 .param/l "DATA_W" 0 8 31, +C4<00000000000000000000000000001000>;
v0x56e45f7f7ca0_0 .net "act_in", 7 0, L_0x56e45f88af20;  1 drivers
v0x56e45f7f7da0_0 .var "act_out", 7 0;
v0x56e45f7f7e80_0 .net "clk", 0 0, v0x56e45f84c240_0;  alias, 1 drivers
v0x56e45f7f7f50_0 .net "psum_in", 31 0, L_0x56e45f88b0b0;  1 drivers
v0x56e45f7f8010_0 .var "psum_out", 31 0;
v0x56e45f7f8140_0 .net "rst_n", 0 0, v0x56e45f84c2e0_0;  alias, 1 drivers
v0x56e45f7f81e0_0 .net "weight_in", 7 0, L_0x56e45f88ae80;  1 drivers
v0x56e45f7f82c0_0 .net "weight_load", 0 0, L_0x56e45f88adc0;  1 drivers
v0x56e45f7f8380_0 .var "weight_reg", 7 0;
S_0x56e45f7f88c0 .scope generate, "gen_col[7]" "gen_col[7]" 7 100, 7 100 0, S_0x56e45f7ef990;
 .timescale -9 -12;
P_0x56e45f7f8a70 .param/l "col" 1 7 100, +C4<0111>;
L_0x56e45f88b440 .functor AND 1, v0x56e45f848f50_0, L_0x56e45f88b2d0, C4<1>, C4<1>;
v0x56e45f7f9930_0 .net *"_ivl_0", 3 0, L_0x56e45f88b180;  1 drivers
L_0x79ed4f5599b8 .functor BUFT 1, C4<0>, C4<0>, C4<0>, C4<0>;
v0x56e45f7f9a30_0 .net *"_ivl_3", 0 0, L_0x79ed4f5599b8;  1 drivers
L_0x79ed4f559a00 .functor BUFT 1, C4<0000>, C4<0>, C4<0>, C4<0>;
v0x56e45f7f9b10_0 .net/2u *"_ivl_4", 3 0, L_0x79ed4f559a00;  1 drivers
v0x56e45f7f9bd0_0 .net *"_ivl_6", 0 0, L_0x56e45f88b2d0;  1 drivers
L_0x56e45f88b180 .concat [ 3 1 0 0], v0x56e45f849040_0, L_0x79ed4f5599b8;
L_0x56e45f88b2d0 .cmp/eq 4, L_0x56e45f88b180, L_0x79ed4f559a00;
S_0x56e45f7f8b50 .scope module, "u_pe" "pe" 7 101, 8 30 0, S_0x56e45f7f88c0;
 .timescale -9 -12;
    .port_info 0 /INPUT 1 "clk";
    .port_info 1 /INPUT 1 "rst_n";
    .port_info 2 /INPUT 1 "weight_load";
    .port_info 3 /INPUT 8 "weight_in";
    .port_info 4 /INPUT 8 "act_in";
    .port_info 5 /OUTPUT 8 "act_out";
    .port_info 6 /INPUT 32 "psum_in";
    .port_info 7 /OUTPUT 32 "psum_out";
P_0x56e45f7f8d30 .param/l "ACC_W" 0 8 32, +C4<00000000000000000000000000100000>;
P_0x56e45f7f8d70 .param/l "DATA_W" 0 8 31, +C4<00000000000000000000000000001000>;
v0x56e45f7f9070_0 .net "act_in", 7 0, L_0x56e45f88b6a0;  1 drivers
v0x56e45f7f9170_0 .var "act_out", 7 0;
v0x56e45f7f9250_0 .net "clk", 0 0, v0x56e45f84c240_0;  alias, 1 drivers
v0x56e45f7f9320_0 .net "psum_in", 31 0, L_0x56e45f88b850;  1 drivers
v0x56e45f7f93e0_0 .var "psum_out", 31 0;
v0x56e45f7f9510_0 .net "rst_n", 0 0, v0x56e45f84c2e0_0;  alias, 1 drivers
v0x56e45f7f95b0_0 .net "weight_in", 7 0, L_0x56e45f88b500;  1 drivers
v0x56e45f7f9690_0 .net "weight_load", 0 0, L_0x56e45f88b440;  1 drivers
v0x56e45f7f9750_0 .var "weight_reg", 7 0;
S_0x56e45f7f9c90 .scope generate, "gen_row[1]" "gen_row[1]" 7 99, 7 99 0, S_0x56e45f7ed550;
 .timescale -9 -12;
P_0x56e45f7f9e40 .param/l "row" 1 7 99, +C4<01>;
S_0x56e45f7f9f20 .scope generate, "gen_col[0]" "gen_col[0]" 7 100, 7 100 0, S_0x56e45f7f9c90;
 .timescale -9 -12;
P_0x56e45f7fa120 .param/l "col" 1 7 100, +C4<00>;
L_0x56e45f88bd70 .functor AND 1, v0x56e45f848f50_0, L_0x56e45f88bc30, C4<1>, C4<1>;
v0x56e45f7fb200_0 .net *"_ivl_0", 3 0, L_0x56e45f88bb40;  1 drivers
L_0x79ed4f559a48 .functor BUFT 1, C4<0>, C4<0>, C4<0>, C4<0>;
v0x56e45f7fb300_0 .net *"_ivl_3", 0 0, L_0x79ed4f559a48;  1 drivers
L_0x79ed4f559a90 .functor BUFT 1, C4<0001>, C4<0>, C4<0>, C4<0>;
v0x56e45f7fb3e0_0 .net/2u *"_ivl_4", 3 0, L_0x79ed4f559a90;  1 drivers
v0x56e45f7fb4a0_0 .net *"_ivl_6", 0 0, L_0x56e45f88bc30;  1 drivers
L_0x56e45f88bb40 .concat [ 3 1 0 0], v0x56e45f849040_0, L_0x79ed4f559a48;
L_0x56e45f88bc30 .cmp/eq 4, L_0x56e45f88bb40, L_0x79ed4f559a90;
S_0x56e45f7fa200 .scope module, "u_pe" "pe" 7 101, 8 30 0, S_0x56e45f7f9f20;
 .timescale -9 -12;
    .port_info 0 /INPUT 1 "clk";
    .port_info 1 /INPUT 1 "rst_n";
    .port_info 2 /INPUT 1 "weight_load";
    .port_info 3 /INPUT 8 "weight_in";
    .port_info 4 /INPUT 8 "act_in";
    .port_info 5 /OUTPUT 8 "act_out";
    .port_info 6 /INPUT 32 "psum_in";
    .port_info 7 /OUTPUT 32 "psum_out";
P_0x56e45f7fa3e0 .param/l "ACC_W" 0 8 32, +C4<00000000000000000000000000100000>;
P_0x56e45f7fa420 .param/l "DATA_W" 0 8 31, +C4<00000000000000000000000000001000>;
v0x56e45f7fa720_0 .net "act_in", 7 0, L_0x56e45f88bed0;  1 drivers
v0x56e45f7fa820_0 .var "act_out", 7 0;
v0x56e45f7fa900_0 .net "clk", 0 0, v0x56e45f84c240_0;  alias, 1 drivers
v0x56e45f7faae0_0 .net "psum_in", 31 0, L_0x56e45f88c090;  1 drivers
v0x56e45f7faba0_0 .var "psum_out", 31 0;
v0x56e45f7facd0_0 .net "rst_n", 0 0, v0x56e45f84c2e0_0;  alias, 1 drivers
v0x56e45f7fae80_0 .net "weight_in", 7 0, L_0x56e45f88be30;  1 drivers
v0x56e45f7faf60_0 .net "weight_load", 0 0, L_0x56e45f88bd70;  1 drivers
v0x56e45f7fb020_0 .var "weight_reg", 7 0;
S_0x56e45f7fb560 .scope generate, "gen_col[1]" "gen_col[1]" 7 100, 7 100 0, S_0x56e45f7f9c90;
 .timescale -9 -12;
P_0x56e45f7fb730 .param/l "col" 1 7 100, +C4<01>;
L_0x56e45f88c420 .functor AND 1, v0x56e45f848f50_0, L_0x56e45f88c2b0, C4<1>, C4<1>;
v0x56e45f7fc4b0_0 .net *"_ivl_0", 3 0, L_0x56e45f88c160;  1 drivers
L_0x79ed4f559ad8 .functor BUFT 1, C4<0>, C4<0>, C4<0>, C4<0>;
v0x56e45f7fc5b0_0 .net *"_ivl_3", 0 0, L_0x79ed4f559ad8;  1 drivers
L_0x79ed4f559b20 .functor BUFT 1, C4<0001>, C4<0>, C4<0>, C4<0>;
v0x56e45f7fc690_0 .net/2u *"_ivl_4", 3 0, L_0x79ed4f559b20;  1 drivers
v0x56e45f7fc750_0 .net *"_ivl_6", 0 0, L_0x56e45f88c2b0;  1 drivers
L_0x56e45f88c160 .concat [ 3 1 0 0], v0x56e45f849040_0, L_0x79ed4f559ad8;
L_0x56e45f88c2b0 .cmp/eq 4, L_0x56e45f88c160, L_0x79ed4f559b20;
S_0x56e45f7fb7f0 .scope module, "u_pe" "pe" 7 101, 8 30 0, S_0x56e45f7fb560;
 .timescale -9 -12;
    .port_info 0 /INPUT 1 "clk";
    .port_info 1 /INPUT 1 "rst_n";
    .port_info 2 /INPUT 1 "weight_load";
    .port_info 3 /INPUT 8 "weight_in";
    .port_info 4 /INPUT 8 "act_in";
    .port_info 5 /OUTPUT 8 "act_out";
    .port_info 6 /INPUT 32 "psum_in";
    .port_info 7 /OUTPUT 32 "psum_out";
P_0x56e45f7f5250 .param/l "ACC_W" 0 8 32, +C4<00000000000000000000000000100000>;
P_0x56e45f7f5290 .param/l "DATA_W" 0 8 31, +C4<00000000000000000000000000001000>;
v0x56e45f7fbbf0_0 .net "act_in", 7 0, L_0x56e45f88bf70;  1 drivers
v0x56e45f7fbcf0_0 .var "act_out", 7 0;
v0x56e45f7fbdd0_0 .net "clk", 0 0, v0x56e45f84c240_0;  alias, 1 drivers
v0x56e45f7fbea0_0 .net "psum_in", 31 0, L_0x56e45f88c6b0;  1 drivers
v0x56e45f7fbf60_0 .var "psum_out", 31 0;
v0x56e45f7fc090_0 .net "rst_n", 0 0, v0x56e45f84c2e0_0;  alias, 1 drivers
v0x56e45f7fc130_0 .net "weight_in", 7 0, L_0x56e45f88c4e0;  1 drivers
v0x56e45f7fc210_0 .net "weight_load", 0 0, L_0x56e45f88c420;  1 drivers
v0x56e45f7fc2d0_0 .var "weight_reg", 7 0;
S_0x56e45f7fc810 .scope generate, "gen_col[2]" "gen_col[2]" 7 100, 7 100 0, S_0x56e45f7f9c90;
 .timescale -9 -12;
P_0x56e45f7fc9f0 .param/l "col" 1 7 100, +C4<010>;
L_0x56e45f88cb20 .functor AND 1, v0x56e45f848f50_0, L_0x56e45f88c9b0, C4<1>, C4<1>;
v0x56e45f7fd890_0 .net *"_ivl_0", 3 0, L_0x56e45f88c890;  1 drivers
L_0x79ed4f559b68 .functor BUFT 1, C4<0>, C4<0>, C4<0>, C4<0>;
v0x56e45f7fd990_0 .net *"_ivl_3", 0 0, L_0x79ed4f559b68;  1 drivers
L_0x79ed4f559bb0 .functor BUFT 1, C4<0001>, C4<0>, C4<0>, C4<0>;
v0x56e45f7fda70_0 .net/2u *"_ivl_4", 3 0, L_0x79ed4f559bb0;  1 drivers
v0x56e45f7fdb30_0 .net *"_ivl_6", 0 0, L_0x56e45f88c9b0;  1 drivers
L_0x56e45f88c890 .concat [ 3 1 0 0], v0x56e45f849040_0, L_0x79ed4f559b68;
L_0x56e45f88c9b0 .cmp/eq 4, L_0x56e45f88c890, L_0x79ed4f559bb0;
S_0x56e45f7fcab0 .scope module, "u_pe" "pe" 7 101, 8 30 0, S_0x56e45f7fc810;
 .timescale -9 -12;
    .port_info 0 /INPUT 1 "clk";
    .port_info 1 /INPUT 1 "rst_n";
    .port_info 2 /INPUT 1 "weight_load";
    .port_info 3 /INPUT 8 "weight_in";
    .port_info 4 /INPUT 8 "act_in";
    .port_info 5 /OUTPUT 8 "act_out";
    .port_info 6 /INPUT 32 "psum_in";
    .port_info 7 /OUTPUT 32 "psum_out";
P_0x56e45f7fcc90 .param/l "ACC_W" 0 8 32, +C4<00000000000000000000000000100000>;
P_0x56e45f7fccd0 .param/l "DATA_W" 0 8 31, +C4<00000000000000000000000000001000>;
v0x56e45f7fcfd0_0 .net "act_in", 7 0, L_0x56e45f88cc80;  1 drivers
v0x56e45f7fd0d0_0 .var "act_out", 7 0;
v0x56e45f7fd1b0_0 .net "clk", 0 0, v0x56e45f84c240_0;  alias, 1 drivers
v0x56e45f7fd280_0 .net "psum_in", 31 0, L_0x56e45f88ce70;  1 drivers
v0x56e45f7fd340_0 .var "psum_out", 31 0;
v0x56e45f7fd470_0 .net "rst_n", 0 0, v0x56e45f84c2e0_0;  alias, 1 drivers
v0x56e45f7fd510_0 .net "weight_in", 7 0, L_0x56e45f88cbe0;  1 drivers
v0x56e45f7fd5f0_0 .net "weight_load", 0 0, L_0x56e45f88cb20;  1 drivers
v0x56e45f7fd6b0_0 .var "weight_reg", 7 0;
S_0x56e45f7fdbf0 .scope generate, "gen_col[3]" "gen_col[3]" 7 100, 7 100 0, S_0x56e45f7f9c90;
 .timescale -9 -12;
P_0x56e45f7fdda0 .param/l "col" 1 7 100, +C4<011>;
L_0x56e45f88d200 .functor AND 1, v0x56e45f848f50_0, L_0x56e45f88d090, C4<1>, C4<1>;
v0x56e45f7fec60_0 .net *"_ivl_0", 3 0, L_0x56e45f88cf40;  1 drivers
L_0x79ed4f559bf8 .functor BUFT 1, C4<0>, C4<0>, C4<0>, C4<0>;
v0x56e45f7fed60_0 .net *"_ivl_3", 0 0, L_0x79ed4f559bf8;  1 drivers
L_0x79ed4f559c40 .functor BUFT 1, C4<0001>, C4<0>, C4<0>, C4<0>;
v0x56e45f7fee40_0 .net/2u *"_ivl_4", 3 0, L_0x79ed4f559c40;  1 drivers
v0x56e45f7fef00_0 .net *"_ivl_6", 0 0, L_0x56e45f88d090;  1 drivers
L_0x56e45f88cf40 .concat [ 3 1 0 0], v0x56e45f849040_0, L_0x79ed4f559bf8;
L_0x56e45f88d090 .cmp/eq 4, L_0x56e45f88cf40, L_0x79ed4f559c40;
S_0x56e45f7fde80 .scope module, "u_pe" "pe" 7 101, 8 30 0, S_0x56e45f7fdbf0;
 .timescale -9 -12;
    .port_info 0 /INPUT 1 "clk";
    .port_info 1 /INPUT 1 "rst_n";
    .port_info 2 /INPUT 1 "weight_load";
    .port_info 3 /INPUT 8 "weight_in";
    .port_info 4 /INPUT 8 "act_in";
    .port_info 5 /OUTPUT 8 "act_out";
    .port_info 6 /INPUT 32 "psum_in";
    .port_info 7 /OUTPUT 32 "psum_out";
P_0x56e45f7fe060 .param/l "ACC_W" 0 8 32, +C4<00000000000000000000000000100000>;
P_0x56e45f7fe0a0 .param/l "DATA_W" 0 8 31, +C4<00000000000000000000000000001000>;
v0x56e45f7fe3a0_0 .net "act_in", 7 0, L_0x56e45f88d4c0;  1 drivers
v0x56e45f7fe4a0_0 .var "act_out", 7 0;
v0x56e45f7fe580_0 .net "clk", 0 0, v0x56e45f84c240_0;  alias, 1 drivers
v0x56e45f7fe650_0 .net "psum_in", 31 0, L_0x56e45f88d560;  1 drivers
v0x56e45f7fe710_0 .var "psum_out", 31 0;
v0x56e45f7fe840_0 .net "rst_n", 0 0, v0x56e45f84c2e0_0;  alias, 1 drivers
v0x56e45f7fe8e0_0 .net "weight_in", 7 0, L_0x56e45f88d2c0;  1 drivers
v0x56e45f7fe9c0_0 .net "weight_load", 0 0, L_0x56e45f88d200;  1 drivers
v0x56e45f7fea80_0 .var "weight_reg", 7 0;
S_0x56e45f7fefc0 .scope generate, "gen_col[4]" "gen_col[4]" 7 100, 7 100 0, S_0x56e45f7f9c90;
 .timescale -9 -12;
P_0x56e45f7ff1c0 .param/l "col" 1 7 100, +C4<0100>;
L_0x56e45f88da60 .functor AND 1, v0x56e45f848f50_0, L_0x56e45f88d8f0, C4<1>, C4<1>;
v0x56e45f800050_0 .net *"_ivl_0", 3 0, L_0x56e45f88d7a0;  1 drivers
L_0x79ed4f559c88 .functor BUFT 1, C4<0>, C4<0>, C4<0>, C4<0>;
v0x56e45f800150_0 .net *"_ivl_3", 0 0, L_0x79ed4f559c88;  1 drivers
L_0x79ed4f559cd0 .functor BUFT 1, C4<0001>, C4<0>, C4<0>, C4<0>;
v0x56e45f800230_0 .net/2u *"_ivl_4", 3 0, L_0x79ed4f559cd0;  1 drivers
v0x56e45f8002f0_0 .net *"_ivl_6", 0 0, L_0x56e45f88d8f0;  1 drivers
L_0x56e45f88d7a0 .concat [ 3 1 0 0], v0x56e45f849040_0, L_0x79ed4f559c88;
L_0x56e45f88d8f0 .cmp/eq 4, L_0x56e45f88d7a0, L_0x79ed4f559cd0;
S_0x56e45f7ff2a0 .scope module, "u_pe" "pe" 7 101, 8 30 0, S_0x56e45f7fefc0;
 .timescale -9 -12;
    .port_info 0 /INPUT 1 "clk";
    .port_info 1 /INPUT 1 "rst_n";
    .port_info 2 /INPUT 1 "weight_load";
    .port_info 3 /INPUT 8 "weight_in";
    .port_info 4 /INPUT 8 "act_in";
    .port_info 5 /OUTPUT 8 "act_out";
    .port_info 6 /INPUT 32 "psum_in";
    .port_info 7 /OUTPUT 32 "psum_out";
P_0x56e45f7ff480 .param/l "ACC_W" 0 8 32, +C4<00000000000000000000000000100000>;
P_0x56e45f7ff4c0 .param/l "DATA_W" 0 8 31, +C4<00000000000000000000000000001000>;
v0x56e45f7ff790_0 .net "act_in", 7 0, L_0x56e45f88dbc0;  1 drivers
v0x56e45f7ff890_0 .var "act_out", 7 0;
v0x56e45f7ff970_0 .net "clk", 0 0, v0x56e45f84c240_0;  alias, 1 drivers
v0x56e45f7ffa40_0 .net "psum_in", 31 0, L_0x56e45f88dde0;  1 drivers
v0x56e45f7ffb00_0 .var "psum_out", 31 0;
v0x56e45f7ffc30_0 .net "rst_n", 0 0, v0x56e45f84c2e0_0;  alias, 1 drivers
v0x56e45f7ffcd0_0 .net "weight_in", 7 0, L_0x56e45f88db20;  1 drivers
v0x56e45f7ffdb0_0 .net "weight_load", 0 0, L_0x56e45f88da60;  1 drivers
v0x56e45f7ffe70_0 .var "weight_reg", 7 0;
S_0x56e45f8003b0 .scope generate, "gen_col[5]" "gen_col[5]" 7 100, 7 100 0, S_0x56e45f7f9c90;
 .timescale -9 -12;
P_0x56e45f800560 .param/l "col" 1 7 100, +C4<0101>;
L_0x56e45f88e170 .functor AND 1, v0x56e45f848f50_0, L_0x56e45f88e000, C4<1>, C4<1>;
v0x56e45f801420_0 .net *"_ivl_0", 3 0, L_0x56e45f88deb0;  1 drivers
L_0x79ed4f559d18 .functor BUFT 1, C4<0>, C4<0>, C4<0>, C4<0>;
v0x56e45f801520_0 .net *"_ivl_3", 0 0, L_0x79ed4f559d18;  1 drivers
L_0x79ed4f559d60 .functor BUFT 1, C4<0001>, C4<0>, C4<0>, C4<0>;
v0x56e45f801600_0 .net/2u *"_ivl_4", 3 0, L_0x79ed4f559d60;  1 drivers
v0x56e45f8016c0_0 .net *"_ivl_6", 0 0, L_0x56e45f88e000;  1 drivers
L_0x56e45f88deb0 .concat [ 3 1 0 0], v0x56e45f849040_0, L_0x79ed4f559d18;
L_0x56e45f88e000 .cmp/eq 4, L_0x56e45f88deb0, L_0x79ed4f559d60;
S_0x56e45f800640 .scope module, "u_pe" "pe" 7 101, 8 30 0, S_0x56e45f8003b0;
 .timescale -9 -12;
    .port_info 0 /INPUT 1 "clk";
    .port_info 1 /INPUT 1 "rst_n";
    .port_info 2 /INPUT 1 "weight_load";
    .port_info 3 /INPUT 8 "weight_in";
    .port_info 4 /INPUT 8 "act_in";
    .port_info 5 /OUTPUT 8 "act_out";
    .port_info 6 /INPUT 32 "psum_in";
    .port_info 7 /OUTPUT 32 "psum_out";
P_0x56e45f800820 .param/l "ACC_W" 0 8 32, +C4<00000000000000000000000000100000>;
P_0x56e45f800860 .param/l "DATA_W" 0 8 31, +C4<00000000000000000000000000001000>;
v0x56e45f800b60_0 .net "act_in", 7 0, L_0x56e45f88e460;  1 drivers
v0x56e45f800c60_0 .var "act_out", 7 0;
v0x56e45f800d40_0 .net "clk", 0 0, v0x56e45f84c240_0;  alias, 1 drivers
v0x56e45f800e10_0 .net "psum_in", 31 0, L_0x56e45f88e500;  1 drivers
v0x56e45f800ed0_0 .var "psum_out", 31 0;
v0x56e45f801000_0 .net "rst_n", 0 0, v0x56e45f84c2e0_0;  alias, 1 drivers
v0x56e45f8010a0_0 .net "weight_in", 7 0, L_0x56e45f88e230;  1 drivers
v0x56e45f801180_0 .net "weight_load", 0 0, L_0x56e45f88e170;  1 drivers
v0x56e45f801240_0 .var "weight_reg", 7 0;
S_0x56e45f801780 .scope generate, "gen_col[6]" "gen_col[6]" 7 100, 7 100 0, S_0x56e45f7f9c90;
 .timescale -9 -12;
P_0x56e45f801930 .param/l "col" 1 7 100, +C4<0110>;
L_0x56e45f88ea30 .functor AND 1, v0x56e45f848f50_0, L_0x56e45f88e8c0, C4<1>, C4<1>;
v0x56e45f8027f0_0 .net *"_ivl_0", 3 0, L_0x56e45f88e770;  1 drivers
L_0x79ed4f559da8 .functor BUFT 1, C4<0>, C4<0>, C4<0>, C4<0>;
v0x56e45f8028f0_0 .net *"_ivl_3", 0 0, L_0x79ed4f559da8;  1 drivers
L_0x79ed4f559df0 .functor BUFT 1, C4<0001>, C4<0>, C4<0>, C4<0>;
v0x56e45f8029d0_0 .net/2u *"_ivl_4", 3 0, L_0x79ed4f559df0;  1 drivers
v0x56e45f802a90_0 .net *"_ivl_6", 0 0, L_0x56e45f88e8c0;  1 drivers
L_0x56e45f88e770 .concat [ 3 1 0 0], v0x56e45f849040_0, L_0x79ed4f559da8;
L_0x56e45f88e8c0 .cmp/eq 4, L_0x56e45f88e770, L_0x79ed4f559df0;
S_0x56e45f801a10 .scope module, "u_pe" "pe" 7 101, 8 30 0, S_0x56e45f801780;
 .timescale -9 -12;
    .port_info 0 /INPUT 1 "clk";
    .port_info 1 /INPUT 1 "rst_n";
    .port_info 2 /INPUT 1 "weight_load";
    .port_info 3 /INPUT 8 "weight_in";
    .port_info 4 /INPUT 8 "act_in";
    .port_info 5 /OUTPUT 8 "act_out";
    .port_info 6 /INPUT 32 "psum_in";
    .port_info 7 /OUTPUT 32 "psum_out";
P_0x56e45f801bf0 .param/l "ACC_W" 0 8 32, +C4<00000000000000000000000000100000>;
P_0x56e45f801c30 .param/l "DATA_W" 0 8 31, +C4<00000000000000000000000000001000>;
v0x56e45f801f30_0 .net "act_in", 7 0, L_0x56e45f88eb90;  1 drivers
v0x56e45f802030_0 .var "act_out", 7 0;
v0x56e45f802110_0 .net "clk", 0 0, v0x56e45f84c240_0;  alias, 1 drivers
v0x56e45f8021e0_0 .net "psum_in", 31 0, L_0x56e45f88ede0;  1 drivers
v0x56e45f8022a0_0 .var "psum_out", 31 0;
v0x56e45f8023d0_0 .net "rst_n", 0 0, v0x56e45f84c2e0_0;  alias, 1 drivers
v0x56e45f802470_0 .net "weight_in", 7 0, L_0x56e45f88eaf0;  1 drivers
v0x56e45f802550_0 .net "weight_load", 0 0, L_0x56e45f88ea30;  1 drivers
v0x56e45f802610_0 .var "weight_reg", 7 0;
S_0x56e45f802b50 .scope generate, "gen_col[7]" "gen_col[7]" 7 100, 7 100 0, S_0x56e45f7f9c90;
 .timescale -9 -12;
P_0x56e45f802d00 .param/l "col" 1 7 100, +C4<0111>;
L_0x56e45f88f170 .functor AND 1, v0x56e45f848f50_0, L_0x56e45f88f000, C4<1>, C4<1>;
v0x56e45f803bc0_0 .net *"_ivl_0", 3 0, L_0x56e45f88eeb0;  1 drivers
L_0x79ed4f559e38 .functor BUFT 1, C4<0>, C4<0>, C4<0>, C4<0>;
v0x56e45f803cc0_0 .net *"_ivl_3", 0 0, L_0x79ed4f559e38;  1 drivers
L_0x79ed4f559e80 .functor BUFT 1, C4<0001>, C4<0>, C4<0>, C4<0>;
v0x56e45f803da0_0 .net/2u *"_ivl_4", 3 0, L_0x79ed4f559e80;  1 drivers
v0x56e45f803e60_0 .net *"_ivl_6", 0 0, L_0x56e45f88f000;  1 drivers
L_0x56e45f88eeb0 .concat [ 3 1 0 0], v0x56e45f849040_0, L_0x79ed4f559e38;
L_0x56e45f88f000 .cmp/eq 4, L_0x56e45f88eeb0, L_0x79ed4f559e80;
S_0x56e45f802de0 .scope module, "u_pe" "pe" 7 101, 8 30 0, S_0x56e45f802b50;
 .timescale -9 -12;
    .port_info 0 /INPUT 1 "clk";
    .port_info 1 /INPUT 1 "rst_n";
    .port_info 2 /INPUT 1 "weight_load";
    .port_info 3 /INPUT 8 "weight_in";
    .port_info 4 /INPUT 8 "act_in";
    .port_info 5 /OUTPUT 8 "act_out";
    .port_info 6 /INPUT 32 "psum_in";
    .port_info 7 /OUTPUT 32 "psum_out";
P_0x56e45f802fc0 .param/l "ACC_W" 0 8 32, +C4<00000000000000000000000000100000>;
P_0x56e45f803000 .param/l "DATA_W" 0 8 31, +C4<00000000000000000000000000001000>;
v0x56e45f803300_0 .net "act_in", 7 0, L_0x56e45f88f490;  1 drivers
v0x56e45f803400_0 .var "act_out", 7 0;
v0x56e45f8034e0_0 .net "clk", 0 0, v0x56e45f84c240_0;  alias, 1 drivers
v0x56e45f8035b0_0 .net "psum_in", 31 0, L_0x56e45f88f530;  1 drivers
v0x56e45f803670_0 .var "psum_out", 31 0;
v0x56e45f8037a0_0 .net "rst_n", 0 0, v0x56e45f84c2e0_0;  alias, 1 drivers
v0x56e45f803840_0 .net "weight_in", 7 0, L_0x56e45f88f230;  1 drivers
v0x56e45f803920_0 .net "weight_load", 0 0, L_0x56e45f88f170;  1 drivers
v0x56e45f8039e0_0 .var "weight_reg", 7 0;
S_0x56e45f803f20 .scope generate, "gen_row[2]" "gen_row[2]" 7 99, 7 99 0, S_0x56e45f7ed550;
 .timescale -9 -12;
P_0x56e45f8040d0 .param/l "row" 1 7 99, +C4<010>;
S_0x56e45f8041b0 .scope generate, "gen_col[0]" "gen_col[0]" 7 100, 7 100 0, S_0x56e45f803f20;
 .timescale -9 -12;
P_0x56e45f8043b0 .param/l "col" 1 7 100, +C4<00>;
L_0x56e45f88fa90 .functor AND 1, v0x56e45f848f50_0, L_0x56e45f88f920, C4<1>, C4<1>;
v0x56e45f805480_0 .net *"_ivl_0", 3 0, L_0x56e45f88f7d0;  1 drivers
L_0x79ed4f559ec8 .functor BUFT 1, C4<0>, C4<0>, C4<0>, C4<0>;
v0x56e45f805580_0 .net *"_ivl_3", 0 0, L_0x79ed4f559ec8;  1 drivers
L_0x79ed4f559f10 .functor BUFT 1, C4<0010>, C4<0>, C4<0>, C4<0>;
v0x56e45f805660_0 .net/2u *"_ivl_4", 3 0, L_0x79ed4f559f10;  1 drivers
v0x56e45f805720_0 .net *"_ivl_6", 0 0, L_0x56e45f88f920;  1 drivers
L_0x56e45f88f7d0 .concat [ 3 1 0 0], v0x56e45f849040_0, L_0x79ed4f559ec8;
L_0x56e45f88f920 .cmp/eq 4, L_0x56e45f88f7d0, L_0x79ed4f559f10;
S_0x56e45f804490 .scope module, "u_pe" "pe" 7 101, 8 30 0, S_0x56e45f8041b0;
 .timescale -9 -12;
    .port_info 0 /INPUT 1 "clk";
    .port_info 1 /INPUT 1 "rst_n";
    .port_info 2 /INPUT 1 "weight_load";
    .port_info 3 /INPUT 8 "weight_in";
    .port_info 4 /INPUT 8 "act_in";
    .port_info 5 /OUTPUT 8 "act_out";
    .port_info 6 /INPUT 32 "psum_in";
    .port_info 7 /OUTPUT 32 "psum_out";
P_0x56e45f804670 .param/l "ACC_W" 0 8 32, +C4<00000000000000000000000000100000>;
P_0x56e45f8046b0 .param/l "DATA_W" 0 8 31, +C4<00000000000000000000000000001000>;
v0x56e45f8049b0_0 .net "act_in", 7 0, L_0x56e45f88fbf0;  1 drivers
v0x56e45f804ab0_0 .var "act_out", 7 0;
v0x56e45f804b90_0 .net "clk", 0 0, v0x56e45f84c240_0;  alias, 1 drivers
v0x56e45f804c60_0 .net "psum_in", 31 0, L_0x56e45f88fe70;  1 drivers
v0x56e45f804d20_0 .var "psum_out", 31 0;
v0x56e45f804e50_0 .net "rst_n", 0 0, v0x56e45f84c2e0_0;  alias, 1 drivers
v0x56e45f805100_0 .net "weight_in", 7 0, L_0x56e45f88fb50;  1 drivers
v0x56e45f8051e0_0 .net "weight_load", 0 0, L_0x56e45f88fa90;  1 drivers
v0x56e45f8052a0_0 .var "weight_reg", 7 0;
S_0x56e45f8057e0 .scope generate, "gen_col[1]" "gen_col[1]" 7 100, 7 100 0, S_0x56e45f803f20;
 .timescale -9 -12;
P_0x56e45f8059b0 .param/l "col" 1 7 100, +C4<01>;
L_0x56e45f890200 .functor AND 1, v0x56e45f848f50_0, L_0x56e45f890090, C4<1>, C4<1>;
v0x56e45f806850_0 .net *"_ivl_0", 3 0, L_0x56e45f88ff40;  1 drivers
L_0x79ed4f559f58 .functor BUFT 1, C4<0>, C4<0>, C4<0>, C4<0>;
v0x56e45f806950_0 .net *"_ivl_3", 0 0, L_0x79ed4f559f58;  1 drivers
L_0x79ed4f559fa0 .functor BUFT 1, C4<0010>, C4<0>, C4<0>, C4<0>;
v0x56e45f806a30_0 .net/2u *"_ivl_4", 3 0, L_0x79ed4f559fa0;  1 drivers
v0x56e45f806af0_0 .net *"_ivl_6", 0 0, L_0x56e45f890090;  1 drivers
L_0x56e45f88ff40 .concat [ 3 1 0 0], v0x56e45f849040_0, L_0x79ed4f559f58;
L_0x56e45f890090 .cmp/eq 4, L_0x56e45f88ff40, L_0x79ed4f559fa0;
S_0x56e45f805a70 .scope module, "u_pe" "pe" 7 101, 8 30 0, S_0x56e45f8057e0;
 .timescale -9 -12;
    .port_info 0 /INPUT 1 "clk";
    .port_info 1 /INPUT 1 "rst_n";
    .port_info 2 /INPUT 1 "weight_load";
    .port_info 3 /INPUT 8 "weight_in";
    .port_info 4 /INPUT 8 "act_in";
    .port_info 5 /OUTPUT 8 "act_out";
    .port_info 6 /INPUT 32 "psum_in";
    .port_info 7 /OUTPUT 32 "psum_out";
P_0x56e45f805c50 .param/l "ACC_W" 0 8 32, +C4<00000000000000000000000000100000>;
P_0x56e45f805c90 .param/l "DATA_W" 0 8 31, +C4<00000000000000000000000000001000>;
v0x56e45f805f90_0 .net "act_in", 7 0, L_0x56e45f890550;  1 drivers
v0x56e45f806090_0 .var "act_out", 7 0;
v0x56e45f806170_0 .net "clk", 0 0, v0x56e45f84c240_0;  alias, 1 drivers
v0x56e45f806240_0 .net "psum_in", 31 0, L_0x56e45f8905f0;  1 drivers
v0x56e45f806300_0 .var "psum_out", 31 0;
v0x56e45f806430_0 .net "rst_n", 0 0, v0x56e45f84c2e0_0;  alias, 1 drivers
v0x56e45f8064d0_0 .net "weight_in", 7 0, L_0x56e45f8902c0;  1 drivers
v0x56e45f8065b0_0 .net "weight_load", 0 0, L_0x56e45f890200;  1 drivers
v0x56e45f806670_0 .var "weight_reg", 7 0;
S_0x56e45f806bb0 .scope generate, "gen_col[2]" "gen_col[2]" 7 100, 7 100 0, S_0x56e45f803f20;
 .timescale -9 -12;
P_0x56e45f806d90 .param/l "col" 1 7 100, +C4<010>;
L_0x56e45f890b80 .functor AND 1, v0x56e45f848f50_0, L_0x56e45f890a10, C4<1>, C4<1>;
v0x56e45f807c30_0 .net *"_ivl_0", 3 0, L_0x56e45f8908c0;  1 drivers
L_0x79ed4f559fe8 .functor BUFT 1, C4<0>, C4<0>, C4<0>, C4<0>;
v0x56e45f807d30_0 .net *"_ivl_3", 0 0, L_0x79ed4f559fe8;  1 drivers
L_0x79ed4f55a030 .functor BUFT 1, C4<0010>, C4<0>, C4<0>, C4<0>;
v0x56e45f807e10_0 .net/2u *"_ivl_4", 3 0, L_0x79ed4f55a030;  1 drivers
v0x56e45f807ed0_0 .net *"_ivl_6", 0 0, L_0x56e45f890a10;  1 drivers
L_0x56e45f8908c0 .concat [ 3 1 0 0], v0x56e45f849040_0, L_0x79ed4f559fe8;
L_0x56e45f890a10 .cmp/eq 4, L_0x56e45f8908c0, L_0x79ed4f55a030;
S_0x56e45f806e50 .scope module, "u_pe" "pe" 7 101, 8 30 0, S_0x56e45f806bb0;
 .timescale -9 -12;
    .port_info 0 /INPUT 1 "clk";
    .port_info 1 /INPUT 1 "rst_n";
    .port_info 2 /INPUT 1 "weight_load";
    .port_info 3 /INPUT 8 "weight_in";
    .port_info 4 /INPUT 8 "act_in";
    .port_info 5 /OUTPUT 8 "act_out";
    .port_info 6 /INPUT 32 "psum_in";
    .port_info 7 /OUTPUT 32 "psum_out";
P_0x56e45f807030 .param/l "ACC_W" 0 8 32, +C4<00000000000000000000000000100000>;
P_0x56e45f807070 .param/l "DATA_W" 0 8 31, +C4<00000000000000000000000000001000>;
v0x56e45f807370_0 .net "act_in", 7 0, L_0x56e45f890ce0;  1 drivers
v0x56e45f807470_0 .var "act_out", 7 0;
v0x56e45f807550_0 .net "clk", 0 0, v0x56e45f84c240_0;  alias, 1 drivers
v0x56e45f807620_0 .net "psum_in", 31 0, L_0x56e45f890f90;  1 drivers
v0x56e45f8076e0_0 .var "psum_out", 31 0;
v0x56e45f807810_0 .net "rst_n", 0 0, v0x56e45f84c2e0_0;  alias, 1 drivers
v0x56e45f8078b0_0 .net "weight_in", 7 0, L_0x56e45f890c40;  1 drivers
v0x56e45f807990_0 .net "weight_load", 0 0, L_0x56e45f890b80;  1 drivers
v0x56e45f807a50_0 .var "weight_reg", 7 0;
S_0x56e45f807f90 .scope generate, "gen_col[3]" "gen_col[3]" 7 100, 7 100 0, S_0x56e45f803f20;
 .timescale -9 -12;
P_0x56e45f808140 .param/l "col" 1 7 100, +C4<011>;
L_0x56e45f891320 .functor AND 1, v0x56e45f848f50_0, L_0x56e45f8911b0, C4<1>, C4<1>;
v0x56e45f809000_0 .net *"_ivl_0", 3 0, L_0x56e45f891060;  1 drivers
L_0x79ed4f55a078 .functor BUFT 1, C4<0>, C4<0>, C4<0>, C4<0>;
v0x56e45f809100_0 .net *"_ivl_3", 0 0, L_0x79ed4f55a078;  1 drivers
L_0x79ed4f55a0c0 .functor BUFT 1, C4<0010>, C4<0>, C4<0>, C4<0>;
v0x56e45f8091e0_0 .net/2u *"_ivl_4", 3 0, L_0x79ed4f55a0c0;  1 drivers
v0x56e45f8092a0_0 .net *"_ivl_6", 0 0, L_0x56e45f8911b0;  1 drivers
L_0x56e45f891060 .concat [ 3 1 0 0], v0x56e45f849040_0, L_0x79ed4f55a078;
L_0x56e45f8911b0 .cmp/eq 4, L_0x56e45f891060, L_0x79ed4f55a0c0;
S_0x56e45f808220 .scope module, "u_pe" "pe" 7 101, 8 30 0, S_0x56e45f807f90;
 .timescale -9 -12;
    .port_info 0 /INPUT 1 "clk";
    .port_info 1 /INPUT 1 "rst_n";
    .port_info 2 /INPUT 1 "weight_load";
    .port_info 3 /INPUT 8 "weight_in";
    .port_info 4 /INPUT 8 "act_in";
    .port_info 5 /OUTPUT 8 "act_out";
    .port_info 6 /INPUT 32 "psum_in";
    .port_info 7 /OUTPUT 32 "psum_out";
P_0x56e45f808400 .param/l "ACC_W" 0 8 32, +C4<00000000000000000000000000100000>;
P_0x56e45f808440 .param/l "DATA_W" 0 8 31, +C4<00000000000000000000000000001000>;
v0x56e45f808740_0 .net "act_in", 7 0, L_0x56e45f8916a0;  1 drivers
v0x56e45f808840_0 .var "act_out", 7 0;
v0x56e45f808920_0 .net "clk", 0 0, v0x56e45f84c240_0;  alias, 1 drivers
v0x56e45f8089f0_0 .net "psum_in", 31 0, L_0x56e45f891740;  1 drivers
v0x56e45f808ab0_0 .var "psum_out", 31 0;
v0x56e45f808be0_0 .net "rst_n", 0 0, v0x56e45f84c2e0_0;  alias, 1 drivers
v0x56e45f808c80_0 .net "weight_in", 7 0, L_0x56e45f8913e0;  1 drivers
v0x56e45f808d60_0 .net "weight_load", 0 0, L_0x56e45f891320;  1 drivers
v0x56e45f808e20_0 .var "weight_reg", 7 0;
S_0x56e45f809360 .scope generate, "gen_col[4]" "gen_col[4]" 7 100, 7 100 0, S_0x56e45f803f20;
 .timescale -9 -12;
P_0x56e45f809560 .param/l "col" 1 7 100, +C4<0100>;
L_0x56e45f891d00 .functor AND 1, v0x56e45f848f50_0, L_0x56e45f891b90, C4<1>, C4<1>;
v0x56e45f80a3f0_0 .net *"_ivl_0", 3 0, L_0x56e45f891a40;  1 drivers
L_0x79ed4f55a108 .functor BUFT 1, C4<0>, C4<0>, C4<0>, C4<0>;
v0x56e45f80a4f0_0 .net *"_ivl_3", 0 0, L_0x79ed4f55a108;  1 drivers
L_0x79ed4f55a150 .functor BUFT 1, C4<0010>, C4<0>, C4<0>, C4<0>;
v0x56e45f80a5d0_0 .net/2u *"_ivl_4", 3 0, L_0x79ed4f55a150;  1 drivers
v0x56e45f80a690_0 .net *"_ivl_6", 0 0, L_0x56e45f891b90;  1 drivers
L_0x56e45f891a40 .concat [ 3 1 0 0], v0x56e45f849040_0, L_0x79ed4f55a108;
L_0x56e45f891b90 .cmp/eq 4, L_0x56e45f891a40, L_0x79ed4f55a150;
S_0x56e45f809640 .scope module, "u_pe" "pe" 7 101, 8 30 0, S_0x56e45f809360;
 .timescale -9 -12;
    .port_info 0 /INPUT 1 "clk";
    .port_info 1 /INPUT 1 "rst_n";
    .port_info 2 /INPUT 1 "weight_load";
    .port_info 3 /INPUT 8 "weight_in";
    .port_info 4 /INPUT 8 "act_in";
    .port_info 5 /OUTPUT 8 "act_out";
    .port_info 6 /INPUT 32 "psum_in";
    .port_info 7 /OUTPUT 32 "psum_out";
P_0x56e45f809820 .param/l "ACC_W" 0 8 32, +C4<00000000000000000000000000100000>;
P_0x56e45f809860 .param/l "DATA_W" 0 8 31, +C4<00000000000000000000000000001000>;
v0x56e45f809b30_0 .net "act_in", 7 0, L_0x56e45f891e60;  1 drivers
v0x56e45f809c30_0 .var "act_out", 7 0;
v0x56e45f809d10_0 .net "clk", 0 0, v0x56e45f84c240_0;  alias, 1 drivers
v0x56e45f809de0_0 .net "psum_in", 31 0, L_0x56e45f892140;  1 drivers
v0x56e45f809ea0_0 .var "psum_out", 31 0;
v0x56e45f809fd0_0 .net "rst_n", 0 0, v0x56e45f84c2e0_0;  alias, 1 drivers
v0x56e45f80a070_0 .net "weight_in", 7 0, L_0x56e45f891dc0;  1 drivers
v0x56e45f80a150_0 .net "weight_load", 0 0, L_0x56e45f891d00;  1 drivers
v0x56e45f80a210_0 .var "weight_reg", 7 0;
S_0x56e45f80a750 .scope generate, "gen_col[5]" "gen_col[5]" 7 100, 7 100 0, S_0x56e45f803f20;
 .timescale -9 -12;
P_0x56e45f80a900 .param/l "col" 1 7 100, +C4<0101>;
L_0x56e45f8924d0 .functor AND 1, v0x56e45f848f50_0, L_0x56e45f892360, C4<1>, C4<1>;
v0x56e45f80b7c0_0 .net *"_ivl_0", 3 0, L_0x56e45f892210;  1 drivers
L_0x79ed4f55a198 .functor BUFT 1, C4<0>, C4<0>, C4<0>, C4<0>;
v0x56e45f80b8c0_0 .net *"_ivl_3", 0 0, L_0x79ed4f55a198;  1 drivers
L_0x79ed4f55a1e0 .functor BUFT 1, C4<0010>, C4<0>, C4<0>, C4<0>;
v0x56e45f80b9a0_0 .net/2u *"_ivl_4", 3 0, L_0x79ed4f55a1e0;  1 drivers
v0x56e45f80ba60_0 .net *"_ivl_6", 0 0, L_0x56e45f892360;  1 drivers
L_0x56e45f892210 .concat [ 3 1 0 0], v0x56e45f849040_0, L_0x79ed4f55a198;
L_0x56e45f892360 .cmp/eq 4, L_0x56e45f892210, L_0x79ed4f55a1e0;
S_0x56e45f80a9e0 .scope module, "u_pe" "pe" 7 101, 8 30 0, S_0x56e45f80a750;
 .timescale -9 -12;
    .port_info 0 /INPUT 1 "clk";
    .port_info 1 /INPUT 1 "rst_n";
    .port_info 2 /INPUT 1 "weight_load";
    .port_info 3 /INPUT 8 "weight_in";
    .port_info 4 /INPUT 8 "act_in";
    .port_info 5 /OUTPUT 8 "act_out";
    .port_info 6 /INPUT 32 "psum_in";
    .port_info 7 /OUTPUT 32 "psum_out";
P_0x56e45f80abc0 .param/l "ACC_W" 0 8 32, +C4<00000000000000000000000000100000>;
P_0x56e45f80ac00 .param/l "DATA_W" 0 8 31, +C4<00000000000000000000000000001000>;
v0x56e45f80af00_0 .net "act_in", 7 0, L_0x56e45f892880;  1 drivers
v0x56e45f80b000_0 .var "act_out", 7 0;
v0x56e45f80b0e0_0 .net "clk", 0 0, v0x56e45f84c240_0;  alias, 1 drivers
v0x56e45f80b1b0_0 .net "psum_in", 31 0, L_0x56e45f892920;  1 drivers
v0x56e45f80b270_0 .var "psum_out", 31 0;
v0x56e45f80b3a0_0 .net "rst_n", 0 0, v0x56e45f84c2e0_0;  alias, 1 drivers
v0x56e45f80b440_0 .net "weight_in", 7 0, L_0x56e45f892590;  1 drivers
v0x56e45f80b520_0 .net "weight_load", 0 0, L_0x56e45f8924d0;  1 drivers
v0x56e45f80b5e0_0 .var "weight_reg", 7 0;
S_0x56e45f80bb20 .scope generate, "gen_col[6]" "gen_col[6]" 7 100, 7 100 0, S_0x56e45f803f20;
 .timescale -9 -12;
P_0x56e45f80bcd0 .param/l "col" 1 7 100, +C4<0110>;
L_0x56e45f892f10 .functor AND 1, v0x56e45f848f50_0, L_0x56e45f892da0, C4<1>, C4<1>;
v0x56e45f80cb90_0 .net *"_ivl_0", 3 0, L_0x56e45f892c50;  1 drivers
L_0x79ed4f55a228 .functor BUFT 1, C4<0>, C4<0>, C4<0>, C4<0>;
v0x56e45f80cc90_0 .net *"_ivl_3", 0 0, L_0x79ed4f55a228;  1 drivers
L_0x79ed4f55a270 .functor BUFT 1, C4<0010>, C4<0>, C4<0>, C4<0>;
v0x56e45f80cd70_0 .net/2u *"_ivl_4", 3 0, L_0x79ed4f55a270;  1 drivers
v0x56e45f80ce30_0 .net *"_ivl_6", 0 0, L_0x56e45f892da0;  1 drivers
L_0x56e45f892c50 .concat [ 3 1 0 0], v0x56e45f849040_0, L_0x79ed4f55a228;
L_0x56e45f892da0 .cmp/eq 4, L_0x56e45f892c50, L_0x79ed4f55a270;
S_0x56e45f80bdb0 .scope module, "u_pe" "pe" 7 101, 8 30 0, S_0x56e45f80bb20;
 .timescale -9 -12;
    .port_info 0 /INPUT 1 "clk";
    .port_info 1 /INPUT 1 "rst_n";
    .port_info 2 /INPUT 1 "weight_load";
    .port_info 3 /INPUT 8 "weight_in";
    .port_info 4 /INPUT 8 "act_in";
    .port_info 5 /OUTPUT 8 "act_out";
    .port_info 6 /INPUT 32 "psum_in";
    .port_info 7 /OUTPUT 32 "psum_out";
P_0x56e45f80bf90 .param/l "ACC_W" 0 8 32, +C4<00000000000000000000000000100000>;
P_0x56e45f80bfd0 .param/l "DATA_W" 0 8 31, +C4<00000000000000000000000000001000>;
v0x56e45f80c2d0_0 .net "act_in", 7 0, L_0x56e45f893070;  1 drivers
v0x56e45f80c3d0_0 .var "act_out", 7 0;
v0x56e45f80c4b0_0 .net "clk", 0 0, v0x56e45f84c240_0;  alias, 1 drivers
v0x56e45f80c580_0 .net "psum_in", 31 0, L_0x56e45f893380;  1 drivers
v0x56e45f80c640_0 .var "psum_out", 31 0;
v0x56e45f80c770_0 .net "rst_n", 0 0, v0x56e45f84c2e0_0;  alias, 1 drivers
v0x56e45f80c810_0 .net "weight_in", 7 0, L_0x56e45f892fd0;  1 drivers
v0x56e45f80c8f0_0 .net "weight_load", 0 0, L_0x56e45f892f10;  1 drivers
v0x56e45f80c9b0_0 .var "weight_reg", 7 0;
S_0x56e45f80cef0 .scope generate, "gen_col[7]" "gen_col[7]" 7 100, 7 100 0, S_0x56e45f803f20;
 .timescale -9 -12;
P_0x56e45f80d0a0 .param/l "col" 1 7 100, +C4<0111>;
L_0x56e45f893710 .functor AND 1, v0x56e45f848f50_0, L_0x56e45f8935a0, C4<1>, C4<1>;
v0x56e45f80df60_0 .net *"_ivl_0", 3 0, L_0x56e45f893450;  1 drivers
L_0x79ed4f55a2b8 .functor BUFT 1, C4<0>, C4<0>, C4<0>, C4<0>;
v0x56e45f80e060_0 .net *"_ivl_3", 0 0, L_0x79ed4f55a2b8;  1 drivers
L_0x79ed4f55a300 .functor BUFT 1, C4<0010>, C4<0>, C4<0>, C4<0>;
v0x56e45f80e140_0 .net/2u *"_ivl_4", 3 0, L_0x79ed4f55a300;  1 drivers
v0x56e45f80e200_0 .net *"_ivl_6", 0 0, L_0x56e45f8935a0;  1 drivers
L_0x56e45f893450 .concat [ 3 1 0 0], v0x56e45f849040_0, L_0x79ed4f55a2b8;
L_0x56e45f8935a0 .cmp/eq 4, L_0x56e45f893450, L_0x79ed4f55a300;
S_0x56e45f80d180 .scope module, "u_pe" "pe" 7 101, 8 30 0, S_0x56e45f80cef0;
 .timescale -9 -12;
    .port_info 0 /INPUT 1 "clk";
    .port_info 1 /INPUT 1 "rst_n";
    .port_info 2 /INPUT 1 "weight_load";
    .port_info 3 /INPUT 8 "weight_in";
    .port_info 4 /INPUT 8 "act_in";
    .port_info 5 /OUTPUT 8 "act_out";
    .port_info 6 /INPUT 32 "psum_in";
    .port_info 7 /OUTPUT 32 "psum_out";
P_0x56e45f80d360 .param/l "ACC_W" 0 8 32, +C4<00000000000000000000000000100000>;
P_0x56e45f80d3a0 .param/l "DATA_W" 0 8 31, +C4<00000000000000000000000000001000>;
v0x56e45f80d6a0_0 .net "act_in", 7 0, L_0x56e45f893af0;  1 drivers
v0x56e45f80d7a0_0 .var "act_out", 7 0;
v0x56e45f80d880_0 .net "clk", 0 0, v0x56e45f84c240_0;  alias, 1 drivers
v0x56e45f80d950_0 .net "psum_in", 31 0, L_0x56e45f893b90;  1 drivers
v0x56e45f80da10_0 .var "psum_out", 31 0;
v0x56e45f80db40_0 .net "rst_n", 0 0, v0x56e45f84c2e0_0;  alias, 1 drivers
v0x56e45f80dbe0_0 .net "weight_in", 7 0, L_0x56e45f8937d0;  1 drivers
v0x56e45f80dcc0_0 .net "weight_load", 0 0, L_0x56e45f893710;  1 drivers
v0x56e45f80dd80_0 .var "weight_reg", 7 0;
S_0x56e45f80e2c0 .scope generate, "gen_row[3]" "gen_row[3]" 7 99, 7 99 0, S_0x56e45f7ed550;
 .timescale -9 -12;
P_0x56e45f80e470 .param/l "row" 1 7 99, +C4<011>;
S_0x56e45f80e550 .scope generate, "gen_col[0]" "gen_col[0]" 7 100, 7 100 0, S_0x56e45f80e2c0;
 .timescale -9 -12;
P_0x56e45f80e750 .param/l "col" 1 7 100, +C4<00>;
L_0x56e45f8941b0 .functor AND 1, v0x56e45f848f50_0, L_0x56e45f894040, C4<1>, C4<1>;
v0x56e45f80f610_0 .net *"_ivl_0", 3 0, L_0x56e45f893ef0;  1 drivers
L_0x79ed4f55a348 .functor BUFT 1, C4<0>, C4<0>, C4<0>, C4<0>;
v0x56e45f80f710_0 .net *"_ivl_3", 0 0, L_0x79ed4f55a348;  1 drivers
L_0x79ed4f55a390 .functor BUFT 1, C4<0011>, C4<0>, C4<0>, C4<0>;
v0x56e45f80f7f0_0 .net/2u *"_ivl_4", 3 0, L_0x79ed4f55a390;  1 drivers
v0x56e45f80f8b0_0 .net *"_ivl_6", 0 0, L_0x56e45f894040;  1 drivers
L_0x56e45f893ef0 .concat [ 3 1 0 0], v0x56e45f849040_0, L_0x79ed4f55a348;
L_0x56e45f894040 .cmp/eq 4, L_0x56e45f893ef0, L_0x79ed4f55a390;
S_0x56e45f80e830 .scope module, "u_pe" "pe" 7 101, 8 30 0, S_0x56e45f80e550;
 .timescale -9 -12;
    .port_info 0 /INPUT 1 "clk";
    .port_info 1 /INPUT 1 "rst_n";
    .port_info 2 /INPUT 1 "weight_load";
    .port_info 3 /INPUT 8 "weight_in";
    .port_info 4 /INPUT 8 "act_in";
    .port_info 5 /OUTPUT 8 "act_out";
    .port_info 6 /INPUT 32 "psum_in";
    .port_info 7 /OUTPUT 32 "psum_out";
P_0x56e45f80ea10 .param/l "ACC_W" 0 8 32, +C4<00000000000000000000000000100000>;
P_0x56e45f80ea50 .param/l "DATA_W" 0 8 31, +C4<00000000000000000000000000001000>;
v0x56e45f80ed50_0 .net "act_in", 7 0, L_0x56e45f894310;  1 drivers
v0x56e45f80ee50_0 .var "act_out", 7 0;
v0x56e45f80ef30_0 .net "clk", 0 0, v0x56e45f84c240_0;  alias, 1 drivers
v0x56e45f80f000_0 .net "psum_in", 31 0, L_0x56e45f894650;  1 drivers
v0x56e45f80f0c0_0 .var "psum_out", 31 0;
v0x56e45f80f1f0_0 .net "rst_n", 0 0, v0x56e45f84c2e0_0;  alias, 1 drivers
v0x56e45f80f290_0 .net "weight_in", 7 0, L_0x56e45f894270;  1 drivers
v0x56e45f80f370_0 .net "weight_load", 0 0, L_0x56e45f8941b0;  1 drivers
v0x56e45f80f430_0 .var "weight_reg", 7 0;
S_0x56e45f80f970 .scope generate, "gen_col[1]" "gen_col[1]" 7 100, 7 100 0, S_0x56e45f80e2c0;
 .timescale -9 -12;
P_0x56e45f80fb40 .param/l "col" 1 7 100, +C4<01>;
L_0x56e45f8949e0 .functor AND 1, v0x56e45f848f50_0, L_0x56e45f894870, C4<1>, C4<1>;
v0x56e45f8109e0_0 .net *"_ivl_0", 3 0, L_0x56e45f894720;  1 drivers
L_0x79ed4f55a3d8 .functor BUFT 1, C4<0>, C4<0>, C4<0>, C4<0>;
v0x56e45f810ae0_0 .net *"_ivl_3", 0 0, L_0x79ed4f55a3d8;  1 drivers
L_0x79ed4f55a420 .functor BUFT 1, C4<0011>, C4<0>, C4<0>, C4<0>;
v0x56e45f810bc0_0 .net/2u *"_ivl_4", 3 0, L_0x79ed4f55a420;  1 drivers
v0x56e45f810c80_0 .net *"_ivl_6", 0 0, L_0x56e45f894870;  1 drivers
L_0x56e45f894720 .concat [ 3 1 0 0], v0x56e45f849040_0, L_0x79ed4f55a3d8;
L_0x56e45f894870 .cmp/eq 4, L_0x56e45f894720, L_0x79ed4f55a420;
S_0x56e45f80fc00 .scope module, "u_pe" "pe" 7 101, 8 30 0, S_0x56e45f80f970;
 .timescale -9 -12;
    .port_info 0 /INPUT 1 "clk";
    .port_info 1 /INPUT 1 "rst_n";
    .port_info 2 /INPUT 1 "weight_load";
    .port_info 3 /INPUT 8 "weight_in";
    .port_info 4 /INPUT 8 "act_in";
    .port_info 5 /OUTPUT 8 "act_out";
    .port_info 6 /INPUT 32 "psum_in";
    .port_info 7 /OUTPUT 32 "psum_out";
P_0x56e45f80fde0 .param/l "ACC_W" 0 8 32, +C4<00000000000000000000000000100000>;
P_0x56e45f80fe20 .param/l "DATA_W" 0 8 31, +C4<00000000000000000000000000001000>;
v0x56e45f810120_0 .net "act_in", 7 0, L_0x56e45f894df0;  1 drivers
v0x56e45f810220_0 .var "act_out", 7 0;
v0x56e45f810300_0 .net "clk", 0 0, v0x56e45f84c240_0;  alias, 1 drivers
v0x56e45f8103d0_0 .net "psum_in", 31 0, L_0x56e45f894e90;  1 drivers
v0x56e45f810490_0 .var "psum_out", 31 0;
v0x56e45f8105c0_0 .net "rst_n", 0 0, v0x56e45f84c2e0_0;  alias, 1 drivers
v0x56e45f810660_0 .net "weight_in", 7 0, L_0x56e45f894aa0;  1 drivers
v0x56e45f810740_0 .net "weight_load", 0 0, L_0x56e45f8949e0;  1 drivers
v0x56e45f810800_0 .var "weight_reg", 7 0;
S_0x56e45f810d40 .scope generate, "gen_col[2]" "gen_col[2]" 7 100, 7 100 0, S_0x56e45f80e2c0;
 .timescale -9 -12;
P_0x56e45f810f20 .param/l "col" 1 7 100, +C4<010>;
L_0x56e45f8954e0 .functor AND 1, v0x56e45f848f50_0, L_0x56e45f895370, C4<1>, C4<1>;
v0x56e45f811dc0_0 .net *"_ivl_0", 3 0, L_0x56e45f895220;  1 drivers
L_0x79ed4f55a468 .functor BUFT 1, C4<0>, C4<0>, C4<0>, C4<0>;
v0x56e45f811ec0_0 .net *"_ivl_3", 0 0, L_0x79ed4f55a468;  1 drivers
L_0x79ed4f55a4b0 .functor BUFT 1, C4<0011>, C4<0>, C4<0>, C4<0>;
v0x56e45f811fa0_0 .net/2u *"_ivl_4", 3 0, L_0x79ed4f55a4b0;  1 drivers
v0x56e45f812060_0 .net *"_ivl_6", 0 0, L_0x56e45f895370;  1 drivers
L_0x56e45f895220 .concat [ 3 1 0 0], v0x56e45f849040_0, L_0x79ed4f55a468;
L_0x56e45f895370 .cmp/eq 4, L_0x56e45f895220, L_0x79ed4f55a4b0;
S_0x56e45f810fe0 .scope module, "u_pe" "pe" 7 101, 8 30 0, S_0x56e45f810d40;
 .timescale -9 -12;
    .port_info 0 /INPUT 1 "clk";
    .port_info 1 /INPUT 1 "rst_n";
    .port_info 2 /INPUT 1 "weight_load";
    .port_info 3 /INPUT 8 "weight_in";
    .port_info 4 /INPUT 8 "act_in";
    .port_info 5 /OUTPUT 8 "act_out";
    .port_info 6 /INPUT 32 "psum_in";
    .port_info 7 /OUTPUT 32 "psum_out";
P_0x56e45f8111c0 .param/l "ACC_W" 0 8 32, +C4<00000000000000000000000000100000>;
P_0x56e45f811200 .param/l "DATA_W" 0 8 31, +C4<00000000000000000000000000001000>;
v0x56e45f811500_0 .net "act_in", 7 0, L_0x56e45f895640;  1 drivers
v0x56e45f811600_0 .var "act_out", 7 0;
v0x56e45f8116e0_0 .net "clk", 0 0, v0x56e45f84c240_0;  alias, 1 drivers
v0x56e45f8117b0_0 .net "psum_in", 31 0, L_0x56e45f8959b0;  1 drivers
v0x56e45f811870_0 .var "psum_out", 31 0;
v0x56e45f8119a0_0 .net "rst_n", 0 0, v0x56e45f84c2e0_0;  alias, 1 drivers
v0x56e45f811a40_0 .net "weight_in", 7 0, L_0x56e45f8955a0;  1 drivers
v0x56e45f811b20_0 .net "weight_load", 0 0, L_0x56e45f8954e0;  1 drivers
v0x56e45f811be0_0 .var "weight_reg", 7 0;
S_0x56e45f812120 .scope generate, "gen_col[3]" "gen_col[3]" 7 100, 7 100 0, S_0x56e45f80e2c0;
 .timescale -9 -12;
P_0x56e45f8122d0 .param/l "col" 1 7 100, +C4<011>;
L_0x56e45f895d40 .functor AND 1, v0x56e45f848f50_0, L_0x56e45f895bd0, C4<1>, C4<1>;
v0x56e45f813190_0 .net *"_ivl_0", 3 0, L_0x56e45f895a80;  1 drivers
L_0x79ed4f55a4f8 .functor BUFT 1, C4<0>, C4<0>, C4<0>, C4<0>;
v0x56e45f813290_0 .net *"_ivl_3", 0 0, L_0x79ed4f55a4f8;  1 drivers
L_0x79ed4f55a540 .functor BUFT 1, C4<0011>, C4<0>, C4<0>, C4<0>;
v0x56e45f813370_0 .net/2u *"_ivl_4", 3 0, L_0x79ed4f55a540;  1 drivers
v0x56e45f813430_0 .net *"_ivl_6", 0 0, L_0x56e45f895bd0;  1 drivers
L_0x56e45f895a80 .concat [ 3 1 0 0], v0x56e45f849040_0, L_0x79ed4f55a4f8;
L_0x56e45f895bd0 .cmp/eq 4, L_0x56e45f895a80, L_0x79ed4f55a540;
S_0x56e45f8123b0 .scope module, "u_pe" "pe" 7 101, 8 30 0, S_0x56e45f812120;
 .timescale -9 -12;
    .port_info 0 /INPUT 1 "clk";
    .port_info 1 /INPUT 1 "rst_n";
    .port_info 2 /INPUT 1 "weight_load";
    .port_info 3 /INPUT 8 "weight_in";
    .port_info 4 /INPUT 8 "act_in";
    .port_info 5 /OUTPUT 8 "act_out";
    .port_info 6 /INPUT 32 "psum_in";
    .port_info 7 /OUTPUT 32 "psum_out";
P_0x56e45f812590 .param/l "ACC_W" 0 8 32, +C4<00000000000000000000000000100000>;
P_0x56e45f8125d0 .param/l "DATA_W" 0 8 31, +C4<00000000000000000000000000001000>;
v0x56e45f8128d0_0 .net "act_in", 7 0, L_0x56e45f896180;  1 drivers
v0x56e45f8129d0_0 .var "act_out", 7 0;
v0x56e45f812ab0_0 .net "clk", 0 0, v0x56e45f84c240_0;  alias, 1 drivers
v0x56e45f812b80_0 .net "psum_in", 31 0, L_0x56e45f896220;  1 drivers
v0x56e45f812c40_0 .var "psum_out", 31 0;
v0x56e45f812d70_0 .net "rst_n", 0 0, v0x56e45f84c2e0_0;  alias, 1 drivers
v0x56e45f812e10_0 .net "weight_in", 7 0, L_0x56e45f895e00;  1 drivers
v0x56e45f812ef0_0 .net "weight_load", 0 0, L_0x56e45f895d40;  1 drivers
v0x56e45f812fb0_0 .var "weight_reg", 7 0;
S_0x56e45f8134f0 .scope generate, "gen_col[4]" "gen_col[4]" 7 100, 7 100 0, S_0x56e45f80e2c0;
 .timescale -9 -12;
P_0x56e45f8136f0 .param/l "col" 1 7 100, +C4<0100>;
L_0x56e45f8968a0 .functor AND 1, v0x56e45f848f50_0, L_0x56e45f896730, C4<1>, C4<1>;
v0x56e45f814580_0 .net *"_ivl_0", 3 0, L_0x56e45f8965e0;  1 drivers
L_0x79ed4f55a588 .functor BUFT 1, C4<0>, C4<0>, C4<0>, C4<0>;
v0x56e45f814680_0 .net *"_ivl_3", 0 0, L_0x79ed4f55a588;  1 drivers
L_0x79ed4f55a5d0 .functor BUFT 1, C4<0011>, C4<0>, C4<0>, C4<0>;
v0x56e45f814760_0 .net/2u *"_ivl_4", 3 0, L_0x79ed4f55a5d0;  1 drivers
v0x56e45f814820_0 .net *"_ivl_6", 0 0, L_0x56e45f896730;  1 drivers
L_0x56e45f8965e0 .concat [ 3 1 0 0], v0x56e45f849040_0, L_0x79ed4f55a588;
L_0x56e45f896730 .cmp/eq 4, L_0x56e45f8965e0, L_0x79ed4f55a5d0;
S_0x56e45f8137d0 .scope module, "u_pe" "pe" 7 101, 8 30 0, S_0x56e45f8134f0;
 .timescale -9 -12;
    .port_info 0 /INPUT 1 "clk";
    .port_info 1 /INPUT 1 "rst_n";
    .port_info 2 /INPUT 1 "weight_load";
    .port_info 3 /INPUT 8 "weight_in";
    .port_info 4 /INPUT 8 "act_in";
    .port_info 5 /OUTPUT 8 "act_out";
    .port_info 6 /INPUT 32 "psum_in";
    .port_info 7 /OUTPUT 32 "psum_out";
P_0x56e45f8139b0 .param/l "ACC_W" 0 8 32, +C4<00000000000000000000000000100000>;
P_0x56e45f8139f0 .param/l "DATA_W" 0 8 31, +C4<00000000000000000000000000001000>;
v0x56e45f813cc0_0 .net "act_in", 7 0, L_0x56e45f896a00;  1 drivers
v0x56e45f813dc0_0 .var "act_out", 7 0;
v0x56e45f813ea0_0 .net "clk", 0 0, v0x56e45f84c240_0;  alias, 1 drivers
v0x56e45f813f70_0 .net "psum_in", 31 0, L_0x56e45f896da0;  1 drivers
v0x56e45f814030_0 .var "psum_out", 31 0;
v0x56e45f814160_0 .net "rst_n", 0 0, v0x56e45f84c2e0_0;  alias, 1 drivers
v0x56e45f814200_0 .net "weight_in", 7 0, L_0x56e45f896960;  1 drivers
v0x56e45f8142e0_0 .net "weight_load", 0 0, L_0x56e45f8968a0;  1 drivers
v0x56e45f8143a0_0 .var "weight_reg", 7 0;
S_0x56e45f8148e0 .scope generate, "gen_col[5]" "gen_col[5]" 7 100, 7 100 0, S_0x56e45f80e2c0;
 .timescale -9 -12;
P_0x56e45f814a90 .param/l "col" 1 7 100, +C4<0101>;
L_0x56e45f897130 .functor AND 1, v0x56e45f848f50_0, L_0x56e45f896fc0, C4<1>, C4<1>;
v0x56e45f815950_0 .net *"_ivl_0", 3 0, L_0x56e45f896e70;  1 drivers
L_0x79ed4f55a618 .functor BUFT 1, C4<0>, C4<0>, C4<0>, C4<0>;
v0x56e45f815a50_0 .net *"_ivl_3", 0 0, L_0x79ed4f55a618;  1 drivers
L_0x79ed4f55a660 .functor BUFT 1, C4<0011>, C4<0>, C4<0>, C4<0>;
v0x56e45f815b30_0 .net/2u *"_ivl_4", 3 0, L_0x79ed4f55a660;  1 drivers
v0x56e45f815bf0_0 .net *"_ivl_6", 0 0, L_0x56e45f896fc0;  1 drivers
L_0x56e45f896e70 .concat [ 3 1 0 0], v0x56e45f849040_0, L_0x79ed4f55a618;
L_0x56e45f896fc0 .cmp/eq 4, L_0x56e45f896e70, L_0x79ed4f55a660;
S_0x56e45f814b70 .scope module, "u_pe" "pe" 7 101, 8 30 0, S_0x56e45f8148e0;
 .timescale -9 -12;
    .port_info 0 /INPUT 1 "clk";
    .port_info 1 /INPUT 1 "rst_n";
    .port_info 2 /INPUT 1 "weight_load";
    .port_info 3 /INPUT 8 "weight_in";
    .port_info 4 /INPUT 8 "act_in";
    .port_info 5 /OUTPUT 8 "act_out";
    .port_info 6 /INPUT 32 "psum_in";
    .port_info 7 /OUTPUT 32 "psum_out";
P_0x56e45f814d50 .param/l "ACC_W" 0 8 32, +C4<00000000000000000000000000100000>;
P_0x56e45f814d90 .param/l "DATA_W" 0 8 31, +C4<00000000000000000000000000001000>;
v0x56e45f815090_0 .net "act_in", 7 0, L_0x56e45f8975a0;  1 drivers
v0x56e45f815190_0 .var "act_out", 7 0;
v0x56e45f815270_0 .net "clk", 0 0, v0x56e45f84c240_0;  alias, 1 drivers
v0x56e45f815340_0 .net "psum_in", 31 0, L_0x56e45f897640;  1 drivers
v0x56e45f815400_0 .var "psum_out", 31 0;
v0x56e45f815530_0 .net "rst_n", 0 0, v0x56e45f84c2e0_0;  alias, 1 drivers
v0x56e45f8155d0_0 .net "weight_in", 7 0, L_0x56e45f8971f0;  1 drivers
v0x56e45f8156b0_0 .net "weight_load", 0 0, L_0x56e45f897130;  1 drivers
v0x56e45f815770_0 .var "weight_reg", 7 0;
S_0x56e45f815cb0 .scope generate, "gen_col[6]" "gen_col[6]" 7 100, 7 100 0, S_0x56e45f80e2c0;
 .timescale -9 -12;
P_0x56e45f815e60 .param/l "col" 1 7 100, +C4<0110>;
L_0x56e45f897cf0 .functor AND 1, v0x56e45f848f50_0, L_0x56e45f897b80, C4<1>, C4<1>;
v0x56e45f816d20_0 .net *"_ivl_0", 3 0, L_0x56e45f897a30;  1 drivers
L_0x79ed4f55a6a8 .functor BUFT 1, C4<0>, C4<0>, C4<0>, C4<0>;
v0x56e45f816e20_0 .net *"_ivl_3", 0 0, L_0x79ed4f55a6a8;  1 drivers
L_0x79ed4f55a6f0 .functor BUFT 1, C4<0011>, C4<0>, C4<0>, C4<0>;
v0x56e45f816f00_0 .net/2u *"_ivl_4", 3 0, L_0x79ed4f55a6f0;  1 drivers
v0x56e45f816fc0_0 .net *"_ivl_6", 0 0, L_0x56e45f897b80;  1 drivers
L_0x56e45f897a30 .concat [ 3 1 0 0], v0x56e45f849040_0, L_0x79ed4f55a6a8;
L_0x56e45f897b80 .cmp/eq 4, L_0x56e45f897a30, L_0x79ed4f55a6f0;
S_0x56e45f815f40 .scope module, "u_pe" "pe" 7 101, 8 30 0, S_0x56e45f815cb0;
 .timescale -9 -12;
    .port_info 0 /INPUT 1 "clk";
    .port_info 1 /INPUT 1 "rst_n";
    .port_info 2 /INPUT 1 "weight_load";
    .port_info 3 /INPUT 8 "weight_in";
    .port_info 4 /INPUT 8 "act_in";
    .port_info 5 /OUTPUT 8 "act_out";
    .port_info 6 /INPUT 32 "psum_in";
    .port_info 7 /OUTPUT 32 "psum_out";
P_0x56e45f816120 .param/l "ACC_W" 0 8 32, +C4<00000000000000000000000000100000>;
P_0x56e45f816160 .param/l "DATA_W" 0 8 31, +C4<00000000000000000000000000001000>;
v0x56e45f816460_0 .net "act_in", 7 0, L_0x56e45f897e50;  1 drivers
v0x56e45f816560_0 .var "act_out", 7 0;
v0x56e45f816640_0 .net "clk", 0 0, v0x56e45f84c240_0;  alias, 1 drivers
v0x56e45f816710_0 .net "psum_in", 31 0, L_0x56e45f898220;  1 drivers
v0x56e45f8167d0_0 .var "psum_out", 31 0;
v0x56e45f816900_0 .net "rst_n", 0 0, v0x56e45f84c2e0_0;  alias, 1 drivers
v0x56e45f8169a0_0 .net "weight_in", 7 0, L_0x56e45f897db0;  1 drivers
v0x56e45f816a80_0 .net "weight_load", 0 0, L_0x56e45f897cf0;  1 drivers
v0x56e45f816b40_0 .var "weight_reg", 7 0;
S_0x56e45f817080 .scope generate, "gen_col[7]" "gen_col[7]" 7 100, 7 100 0, S_0x56e45f80e2c0;
 .timescale -9 -12;
P_0x56e45f817230 .param/l "col" 1 7 100, +C4<0111>;
L_0x56e45f8985b0 .functor AND 1, v0x56e45f848f50_0, L_0x56e45f898440, C4<1>, C4<1>;
v0x56e45f8180f0_0 .net *"_ivl_0", 3 0, L_0x56e45f8982f0;  1 drivers
L_0x79ed4f55a738 .functor BUFT 1, C4<0>, C4<0>, C4<0>, C4<0>;
v0x56e45f8181f0_0 .net *"_ivl_3", 0 0, L_0x79ed4f55a738;  1 drivers
L_0x79ed4f55a780 .functor BUFT 1, C4<0011>, C4<0>, C4<0>, C4<0>;
v0x56e45f8182d0_0 .net/2u *"_ivl_4", 3 0, L_0x79ed4f55a780;  1 drivers
v0x56e45f818390_0 .net *"_ivl_6", 0 0, L_0x56e45f898440;  1 drivers
L_0x56e45f8982f0 .concat [ 3 1 0 0], v0x56e45f849040_0, L_0x79ed4f55a738;
L_0x56e45f898440 .cmp/eq 4, L_0x56e45f8982f0, L_0x79ed4f55a780;
S_0x56e45f817310 .scope module, "u_pe" "pe" 7 101, 8 30 0, S_0x56e45f817080;
 .timescale -9 -12;
    .port_info 0 /INPUT 1 "clk";
    .port_info 1 /INPUT 1 "rst_n";
    .port_info 2 /INPUT 1 "weight_load";
    .port_info 3 /INPUT 8 "weight_in";
    .port_info 4 /INPUT 8 "act_in";
    .port_info 5 /OUTPUT 8 "act_out";
    .port_info 6 /INPUT 32 "psum_in";
    .port_info 7 /OUTPUT 32 "psum_out";
P_0x56e45f8174f0 .param/l "ACC_W" 0 8 32, +C4<00000000000000000000000000100000>;
P_0x56e45f817530 .param/l "DATA_W" 0 8 31, +C4<00000000000000000000000000001000>;
v0x56e45f817830_0 .net "act_in", 7 0, L_0x56e45f898a50;  1 drivers
v0x56e45f817930_0 .var "act_out", 7 0;
v0x56e45f817a10_0 .net "clk", 0 0, v0x56e45f84c240_0;  alias, 1 drivers
v0x56e45f817ae0_0 .net "psum_in", 31 0, L_0x56e45f898af0;  1 drivers
v0x56e45f817ba0_0 .var "psum_out", 31 0;
v0x56e45f817cd0_0 .net "rst_n", 0 0, v0x56e45f84c2e0_0;  alias, 1 drivers
v0x56e45f817d70_0 .net "weight_in", 7 0, L_0x56e45f898670;  1 drivers
v0x56e45f817e50_0 .net "weight_load", 0 0, L_0x56e45f8985b0;  1 drivers
v0x56e45f817f10_0 .var "weight_reg", 7 0;
S_0x56e45f818450 .scope generate, "gen_row[4]" "gen_row[4]" 7 99, 7 99 0, S_0x56e45f7ed550;
 .timescale -9 -12;
P_0x56e45f818600 .param/l "row" 1 7 99, +C4<0100>;
S_0x56e45f8186e0 .scope generate, "gen_col[0]" "gen_col[0]" 7 100, 7 100 0, S_0x56e45f818450;
 .timescale -9 -12;
P_0x56e45f8188e0 .param/l "col" 1 7 100, +C4<00>;
L_0x56e45f898fe0 .functor AND 1, v0x56e45f848f50_0, L_0x56e45f855a90, C4<1>, C4<1>;
v0x56e45f8197a0_0 .net *"_ivl_0", 4 0, L_0x56e45f855940;  1 drivers
L_0x79ed4f55a7c8 .functor BUFT 1, C4<00>, C4<0>, C4<0>, C4<0>;
v0x56e45f8198a0_0 .net *"_ivl_3", 1 0, L_0x79ed4f55a7c8;  1 drivers
L_0x79ed4f55a810 .functor BUFT 1, C4<00100>, C4<0>, C4<0>, C4<0>;
v0x56e45f819980_0 .net/2u *"_ivl_4", 4 0, L_0x79ed4f55a810;  1 drivers
v0x56e45f819a40_0 .net *"_ivl_6", 0 0, L_0x56e45f855a90;  1 drivers
L_0x56e45f855940 .concat [ 3 2 0 0], v0x56e45f849040_0, L_0x79ed4f55a7c8;
L_0x56e45f855a90 .cmp/eq 5, L_0x56e45f855940, L_0x79ed4f55a810;
S_0x56e45f8189c0 .scope module, "u_pe" "pe" 7 101, 8 30 0, S_0x56e45f8186e0;
 .timescale -9 -12;
    .port_info 0 /INPUT 1 "clk";
    .port_info 1 /INPUT 1 "rst_n";
    .port_info 2 /INPUT 1 "weight_load";
    .port_info 3 /INPUT 8 "weight_in";
    .port_info 4 /INPUT 8 "act_in";
    .port_info 5 /OUTPUT 8 "act_out";
    .port_info 6 /INPUT 32 "psum_in";
    .port_info 7 /OUTPUT 32 "psum_out";
P_0x56e45f818ba0 .param/l "ACC_W" 0 8 32, +C4<00000000000000000000000000100000>;
P_0x56e45f818be0 .param/l "DATA_W" 0 8 31, +C4<00000000000000000000000000001000>;
v0x56e45f818ee0_0 .net "act_in", 7 0, L_0x56e45f899140;  1 drivers
v0x56e45f818fe0_0 .var "act_out", 7 0;
v0x56e45f8190c0_0 .net "clk", 0 0, v0x56e45f84c240_0;  alias, 1 drivers
v0x56e45f819190_0 .net "psum_in", 31 0, L_0x56e45f899540;  1 drivers
v0x56e45f819250_0 .var "psum_out", 31 0;
v0x56e45f819380_0 .net "rst_n", 0 0, v0x56e45f84c2e0_0;  alias, 1 drivers
v0x56e45f819420_0 .net "weight_in", 7 0, L_0x56e45f8990a0;  1 drivers
v0x56e45f819500_0 .net "weight_load", 0 0, L_0x56e45f898fe0;  1 drivers
v0x56e45f8195c0_0 .var "weight_reg", 7 0;
S_0x56e45f819b00 .scope generate, "gen_col[1]" "gen_col[1]" 7 100, 7 100 0, S_0x56e45f818450;
 .timescale -9 -12;
P_0x56e45f819cd0 .param/l "col" 1 7 100, +C4<01>;
L_0x56e45f8998d0 .functor AND 1, v0x56e45f848f50_0, L_0x56e45f899760, C4<1>, C4<1>;
v0x56e45f81ab70_0 .net *"_ivl_0", 4 0, L_0x56e45f899610;  1 drivers
L_0x79ed4f55a858 .functor BUFT 1, C4<00>, C4<0>, C4<0>, C4<0>;
v0x56e45f81ac70_0 .net *"_ivl_3", 1 0, L_0x79ed4f55a858;  1 drivers
L_0x79ed4f55a8a0 .functor BUFT 1, C4<00100>, C4<0>, C4<0>, C4<0>;
v0x56e45f81ad50_0 .net/2u *"_ivl_4", 4 0, L_0x79ed4f55a8a0;  1 drivers
v0x56e45f81ae10_0 .net *"_ivl_6", 0 0, L_0x56e45f899760;  1 drivers
L_0x56e45f899610 .concat [ 3 2 0 0], v0x56e45f849040_0, L_0x79ed4f55a858;
L_0x56e45f899760 .cmp/eq 5, L_0x56e45f899610, L_0x79ed4f55a8a0;
S_0x56e45f819d90 .scope module, "u_pe" "pe" 7 101, 8 30 0, S_0x56e45f819b00;
 .timescale -9 -12;
    .port_info 0 /INPUT 1 "clk";
    .port_info 1 /INPUT 1 "rst_n";
    .port_info 2 /INPUT 1 "weight_load";
    .port_info 3 /INPUT 8 "weight_in";
    .port_info 4 /INPUT 8 "act_in";
    .port_info 5 /OUTPUT 8 "act_out";
    .port_info 6 /INPUT 32 "psum_in";
    .port_info 7 /OUTPUT 32 "psum_out";
P_0x56e45f819f70 .param/l "ACC_W" 0 8 32, +C4<00000000000000000000000000100000>;
P_0x56e45f819fb0 .param/l "DATA_W" 0 8 31, +C4<00000000000000000000000000001000>;
v0x56e45f81a2b0_0 .net "act_in", 7 0, L_0x56e45f899da0;  1 drivers
v0x56e45f81a3b0_0 .var "act_out", 7 0;
v0x56e45f81a490_0 .net "clk", 0 0, v0x56e45f84c240_0;  alias, 1 drivers
v0x56e45f81a560_0 .net "psum_in", 31 0, L_0x56e45f899e40;  1 drivers
v0x56e45f81a620_0 .var "psum_out", 31 0;
v0x56e45f81a750_0 .net "rst_n", 0 0, v0x56e45f84c2e0_0;  alias, 1 drivers
v0x56e45f81a7f0_0 .net "weight_in", 7 0, L_0x56e45f899990;  1 drivers
v0x56e45f81a8d0_0 .net "weight_load", 0 0, L_0x56e45f8998d0;  1 drivers
v0x56e45f81a990_0 .var "weight_reg", 7 0;
S_0x56e45f81aed0 .scope generate, "gen_col[2]" "gen_col[2]" 7 100, 7 100 0, S_0x56e45f818450;
 .timescale -9 -12;
P_0x56e45f81b0b0 .param/l "col" 1 7 100, +C4<010>;
L_0x56e45f89a550 .functor AND 1, v0x56e45f848f50_0, L_0x56e45f89a3e0, C4<1>, C4<1>;
v0x56e45f81bf50_0 .net *"_ivl_0", 4 0, L_0x56e45f89a290;  1 drivers
L_0x79ed4f55a8e8 .functor BUFT 1, C4<00>, C4<0>, C4<0>, C4<0>;
v0x56e45f81c050_0 .net *"_ivl_3", 1 0, L_0x79ed4f55a8e8;  1 drivers
L_0x79ed4f55a930 .functor BUFT 1, C4<00100>, C4<0>, C4<0>, C4<0>;
v0x56e45f81c130_0 .net/2u *"_ivl_4", 4 0, L_0x79ed4f55a930;  1 drivers
v0x56e45f81c1f0_0 .net *"_ivl_6", 0 0, L_0x56e45f89a3e0;  1 drivers
L_0x56e45f89a290 .concat [ 3 2 0 0], v0x56e45f849040_0, L_0x79ed4f55a8e8;
L_0x56e45f89a3e0 .cmp/eq 5, L_0x56e45f89a290, L_0x79ed4f55a930;
S_0x56e45f81b170 .scope module, "u_pe" "pe" 7 101, 8 30 0, S_0x56e45f81aed0;
 .timescale -9 -12;
    .port_info 0 /INPUT 1 "clk";
    .port_info 1 /INPUT 1 "rst_n";
    .port_info 2 /INPUT 1 "weight_load";
    .port_info 3 /INPUT 8 "weight_in";
    .port_info 4 /INPUT 8 "act_in";
    .port_info 5 /OUTPUT 8 "act_out";
    .port_info 6 /INPUT 32 "psum_in";
    .port_info 7 /OUTPUT 32 "psum_out";
P_0x56e45f81b350 .param/l "ACC_W" 0 8 32, +C4<00000000000000000000000000100000>;
P_0x56e45f81b390 .param/l "DATA_W" 0 8 31, +C4<00000000000000000000000000001000>;
v0x56e45f81b690_0 .net "act_in", 7 0, L_0x56e45f89a6b0;  1 drivers
v0x56e45f81b790_0 .var "act_out", 7 0;
v0x56e45f81b870_0 .net "clk", 0 0, v0x56e45f84c240_0;  alias, 1 drivers
v0x56e45f81b940_0 .net "psum_in", 31 0, L_0x56e45f89aae0;  1 drivers
v0x56e45f81ba00_0 .var "psum_out", 31 0;
v0x56e45f81bb30_0 .net "rst_n", 0 0, v0x56e45f84c2e0_0;  alias, 1 drivers
v0x56e45f81bbd0_0 .net "weight_in", 7 0, L_0x56e45f89a610;  1 drivers
v0x56e45f81bcb0_0 .net "weight_load", 0 0, L_0x56e45f89a550;  1 drivers
v0x56e45f81bd70_0 .var "weight_reg", 7 0;
S_0x56e45f81c2b0 .scope generate, "gen_col[3]" "gen_col[3]" 7 100, 7 100 0, S_0x56e45f818450;
 .timescale -9 -12;
P_0x56e45f81c460 .param/l "col" 1 7 100, +C4<011>;
L_0x56e45f89ae70 .functor AND 1, v0x56e45f848f50_0, L_0x56e45f89ad00, C4<1>, C4<1>;
v0x56e45f81d320_0 .net *"_ivl_0", 4 0, L_0x56e45f89abb0;  1 drivers
L_0x79ed4f55a978 .functor BUFT 1, C4<00>, C4<0>, C4<0>, C4<0>;
v0x56e45f81d420_0 .net *"_ivl_3", 1 0, L_0x79ed4f55a978;  1 drivers
L_0x79ed4f55a9c0 .functor BUFT 1, C4<00100>, C4<0>, C4<0>, C4<0>;
v0x56e45f81d500_0 .net/2u *"_ivl_4", 4 0, L_0x79ed4f55a9c0;  1 drivers
v0x56e45f81d5c0_0 .net *"_ivl_6", 0 0, L_0x56e45f89ad00;  1 drivers
L_0x56e45f89abb0 .concat [ 3 2 0 0], v0x56e45f849040_0, L_0x79ed4f55a978;
L_0x56e45f89ad00 .cmp/eq 5, L_0x56e45f89abb0, L_0x79ed4f55a9c0;
S_0x56e45f81c540 .scope module, "u_pe" "pe" 7 101, 8 30 0, S_0x56e45f81c2b0;
 .timescale -9 -12;
    .port_info 0 /INPUT 1 "clk";
    .port_info 1 /INPUT 1 "rst_n";
    .port_info 2 /INPUT 1 "weight_load";
    .port_info 3 /INPUT 8 "weight_in";
    .port_info 4 /INPUT 8 "act_in";
    .port_info 5 /OUTPUT 8 "act_out";
    .port_info 6 /INPUT 32 "psum_in";
    .port_info 7 /OUTPUT 32 "psum_out";
P_0x56e45f81c720 .param/l "ACC_W" 0 8 32, +C4<00000000000000000000000000100000>;
P_0x56e45f81c760 .param/l "DATA_W" 0 8 31, +C4<00000000000000000000000000001000>;
v0x56e45f81ca60_0 .net "act_in", 7 0, L_0x56e45f89b370;  1 drivers
v0x56e45f81cb60_0 .var "act_out", 7 0;
v0x56e45f81cc40_0 .net "clk", 0 0, v0x56e45f84c240_0;  alias, 1 drivers
v0x56e45f81cd10_0 .net "psum_in", 31 0, L_0x56e45f89b410;  1 drivers
v0x56e45f81cdd0_0 .var "psum_out", 31 0;
v0x56e45f81cf00_0 .net "rst_n", 0 0, v0x56e45f84c2e0_0;  alias, 1 drivers
v0x56e45f81cfa0_0 .net "weight_in", 7 0, L_0x56e45f89af30;  1 drivers
v0x56e45f81d080_0 .net "weight_load", 0 0, L_0x56e45f89ae70;  1 drivers
v0x56e45f81d140_0 .var "weight_reg", 7 0;
S_0x56e45f81d680 .scope generate, "gen_col[4]" "gen_col[4]" 7 100, 7 100 0, S_0x56e45f818450;
 .timescale -9 -12;
P_0x56e45f81d880 .param/l "col" 1 7 100, +C4<0100>;
L_0x56e45f89bb50 .functor AND 1, v0x56e45f848f50_0, L_0x56e45f89b9e0, C4<1>, C4<1>;
v0x56e45f81e710_0 .net *"_ivl_0", 4 0, L_0x56e45f89b890;  1 drivers
L_0x79ed4f55aa08 .functor BUFT 1, C4<00>, C4<0>, C4<0>, C4<0>;
v0x56e45f81e810_0 .net *"_ivl_3", 1 0, L_0x79ed4f55aa08;  1 drivers
L_0x79ed4f55aa50 .functor BUFT 1, C4<00100>, C4<0>, C4<0>, C4<0>;
v0x56e45f81e8f0_0 .net/2u *"_ivl_4", 4 0, L_0x79ed4f55aa50;  1 drivers
v0x56e45f81e9b0_0 .net *"_ivl_6", 0 0, L_0x56e45f89b9e0;  1 drivers
L_0x56e45f89b890 .concat [ 3 2 0 0], v0x56e45f849040_0, L_0x79ed4f55aa08;
L_0x56e45f89b9e0 .cmp/eq 5, L_0x56e45f89b890, L_0x79ed4f55aa50;
S_0x56e45f81d960 .scope module, "u_pe" "pe" 7 101, 8 30 0, S_0x56e45f81d680;
 .timescale -9 -12;
    .port_info 0 /INPUT 1 "clk";
    .port_info 1 /INPUT 1 "rst_n";
    .port_info 2 /INPUT 1 "weight_load";
    .port_info 3 /INPUT 8 "weight_in";
    .port_info 4 /INPUT 8 "act_in";
    .port_info 5 /OUTPUT 8 "act_out";
    .port_info 6 /INPUT 32 "psum_in";
    .port_info 7 /OUTPUT 32 "psum_out";
P_0x56e45f81db40 .param/l "ACC_W" 0 8 32, +C4<00000000000000000000000000100000>;
P_0x56e45f81db80 .param/l "DATA_W" 0 8 31, +C4<00000000000000000000000000001000>;
v0x56e45f81de50_0 .net "act_in", 7 0, L_0x56e45f89bcb0;  1 drivers
v0x56e45f81df50_0 .var "act_out", 7 0;
v0x56e45f81e030_0 .net "clk", 0 0, v0x56e45f84c240_0;  alias, 1 drivers
v0x56e45f81e100_0 .net "psum_in", 31 0, L_0x56e45f89c110;  1 drivers
v0x56e45f81e1c0_0 .var "psum_out", 31 0;
v0x56e45f81e2f0_0 .net "rst_n", 0 0, v0x56e45f84c2e0_0;  alias, 1 drivers
v0x56e45f81e390_0 .net "weight_in", 7 0, L_0x56e45f89bc10;  1 drivers
v0x56e45f81e470_0 .net "weight_load", 0 0, L_0x56e45f89bb50;  1 drivers
v0x56e45f81e530_0 .var "weight_reg", 7 0;
S_0x56e45f81ea70 .scope generate, "gen_col[5]" "gen_col[5]" 7 100, 7 100 0, S_0x56e45f818450;
 .timescale -9 -12;
P_0x56e45f81ec20 .param/l "col" 1 7 100, +C4<0101>;
L_0x56e45f89c4a0 .functor AND 1, v0x56e45f848f50_0, L_0x56e45f89c330, C4<1>, C4<1>;
v0x56e45f81fae0_0 .net *"_ivl_0", 4 0, L_0x56e45f89c1e0;  1 drivers
L_0x79ed4f55aa98 .functor BUFT 1, C4<00>, C4<0>, C4<0>, C4<0>;
v0x56e45f81fbe0_0 .net *"_ivl_3", 1 0, L_0x79ed4f55aa98;  1 drivers
L_0x79ed4f55aae0 .functor BUFT 1, C4<00100>, C4<0>, C4<0>, C4<0>;
v0x56e45f81fcc0_0 .net/2u *"_ivl_4", 4 0, L_0x79ed4f55aae0;  1 drivers
v0x56e45f81fd80_0 .net *"_ivl_6", 0 0, L_0x56e45f89c330;  1 drivers
L_0x56e45f89c1e0 .concat [ 3 2 0 0], v0x56e45f849040_0, L_0x79ed4f55aa98;
L_0x56e45f89c330 .cmp/eq 5, L_0x56e45f89c1e0, L_0x79ed4f55aae0;
S_0x56e45f81ed00 .scope module, "u_pe" "pe" 7 101, 8 30 0, S_0x56e45f81ea70;
 .timescale -9 -12;
    .port_info 0 /INPUT 1 "clk";
    .port_info 1 /INPUT 1 "rst_n";
    .port_info 2 /INPUT 1 "weight_load";
    .port_info 3 /INPUT 8 "weight_in";
    .port_info 4 /INPUT 8 "act_in";
    .port_info 5 /OUTPUT 8 "act_out";
    .port_info 6 /INPUT 32 "psum_in";
    .port_info 7 /OUTPUT 32 "psum_out";
P_0x56e45f81eee0 .param/l "ACC_W" 0 8 32, +C4<00000000000000000000000000100000>;
P_0x56e45f81ef20 .param/l "DATA_W" 0 8 31, +C4<00000000000000000000000000001000>;
v0x56e45f81f220_0 .net "act_in", 7 0, L_0x56e45f89c9d0;  1 drivers
v0x56e45f81f320_0 .var "act_out", 7 0;
v0x56e45f81f400_0 .net "clk", 0 0, v0x56e45f84c240_0;  alias, 1 drivers
v0x56e45f81f4d0_0 .net "psum_in", 31 0, L_0x56e45f89ca70;  1 drivers
v0x56e45f81f590_0 .var "psum_out", 31 0;
v0x56e45f81f6c0_0 .net "rst_n", 0 0, v0x56e45f84c2e0_0;  alias, 1 drivers
v0x56e45f81f760_0 .net "weight_in", 7 0, L_0x56e45f89c560;  1 drivers
v0x56e45f81f840_0 .net "weight_load", 0 0, L_0x56e45f89c4a0;  1 drivers
v0x56e45f81f900_0 .var "weight_reg", 7 0;
S_0x56e45f81fe40 .scope generate, "gen_col[6]" "gen_col[6]" 7 100, 7 100 0, S_0x56e45f818450;
 .timescale -9 -12;
P_0x56e45f81fff0 .param/l "col" 1 7 100, +C4<0110>;
L_0x56e45f89d1e0 .functor AND 1, v0x56e45f848f50_0, L_0x56e45f89d070, C4<1>, C4<1>;
v0x56e45f820eb0_0 .net *"_ivl_0", 4 0, L_0x56e45f89cf20;  1 drivers
L_0x79ed4f55ab28 .functor BUFT 1, C4<00>, C4<0>, C4<0>, C4<0>;
v0x56e45f820fb0_0 .net *"_ivl_3", 1 0, L_0x79ed4f55ab28;  1 drivers
L_0x79ed4f55ab70 .functor BUFT 1, C4<00100>, C4<0>, C4<0>, C4<0>;
v0x56e45f821090_0 .net/2u *"_ivl_4", 4 0, L_0x79ed4f55ab70;  1 drivers
v0x56e45f821150_0 .net *"_ivl_6", 0 0, L_0x56e45f89d070;  1 drivers
L_0x56e45f89cf20 .concat [ 3 2 0 0], v0x56e45f849040_0, L_0x79ed4f55ab28;
L_0x56e45f89d070 .cmp/eq 5, L_0x56e45f89cf20, L_0x79ed4f55ab70;
S_0x56e45f8200d0 .scope module, "u_pe" "pe" 7 101, 8 30 0, S_0x56e45f81fe40;
 .timescale -9 -12;
    .port_info 0 /INPUT 1 "clk";
    .port_info 1 /INPUT 1 "rst_n";
    .port_info 2 /INPUT 1 "weight_load";
    .port_info 3 /INPUT 8 "weight_in";
    .port_info 4 /INPUT 8 "act_in";
    .port_info 5 /OUTPUT 8 "act_out";
    .port_info 6 /INPUT 32 "psum_in";
    .port_info 7 /OUTPUT 32 "psum_out";
P_0x56e45f8202b0 .param/l "ACC_W" 0 8 32, +C4<00000000000000000000000000100000>;
P_0x56e45f8202f0 .param/l "DATA_W" 0 8 31, +C4<00000000000000000000000000001000>;
v0x56e45f8205f0_0 .net "act_in", 7 0, L_0x56e45f89d340;  1 drivers
v0x56e45f8206f0_0 .var "act_out", 7 0;
v0x56e45f8207d0_0 .net "clk", 0 0, v0x56e45f84c240_0;  alias, 1 drivers
v0x56e45f8208a0_0 .net "psum_in", 31 0, L_0x56e45f89d7d0;  1 drivers
v0x56e45f820960_0 .var "psum_out", 31 0;
v0x56e45f820a90_0 .net "rst_n", 0 0, v0x56e45f84c2e0_0;  alias, 1 drivers
v0x56e45f820b30_0 .net "weight_in", 7 0, L_0x56e45f89d2a0;  1 drivers
v0x56e45f820c10_0 .net "weight_load", 0 0, L_0x56e45f89d1e0;  1 drivers
v0x56e45f820cd0_0 .var "weight_reg", 7 0;
S_0x56e45f821210 .scope generate, "gen_col[7]" "gen_col[7]" 7 100, 7 100 0, S_0x56e45f818450;
 .timescale -9 -12;
P_0x56e45f8213c0 .param/l "col" 1 7 100, +C4<0111>;
L_0x56e45f89db60 .functor AND 1, v0x56e45f848f50_0, L_0x56e45f89d9f0, C4<1>, C4<1>;
v0x56e45f822280_0 .net *"_ivl_0", 4 0, L_0x56e45f89d8a0;  1 drivers
L_0x79ed4f55abb8 .functor BUFT 1, C4<00>, C4<0>, C4<0>, C4<0>;
v0x56e45f822380_0 .net *"_ivl_3", 1 0, L_0x79ed4f55abb8;  1 drivers
L_0x79ed4f55ac00 .functor BUFT 1, C4<00100>, C4<0>, C4<0>, C4<0>;
v0x56e45f822460_0 .net/2u *"_ivl_4", 4 0, L_0x79ed4f55ac00;  1 drivers
v0x56e45f822520_0 .net *"_ivl_6", 0 0, L_0x56e45f89d9f0;  1 drivers
L_0x56e45f89d8a0 .concat [ 3 2 0 0], v0x56e45f849040_0, L_0x79ed4f55abb8;
L_0x56e45f89d9f0 .cmp/eq 5, L_0x56e45f89d8a0, L_0x79ed4f55ac00;
S_0x56e45f8214a0 .scope module, "u_pe" "pe" 7 101, 8 30 0, S_0x56e45f821210;
 .timescale -9 -12;
    .port_info 0 /INPUT 1 "clk";
    .port_info 1 /INPUT 1 "rst_n";
    .port_info 2 /INPUT 1 "weight_load";
    .port_info 3 /INPUT 8 "weight_in";
    .port_info 4 /INPUT 8 "act_in";
    .port_info 5 /OUTPUT 8 "act_out";
    .port_info 6 /INPUT 32 "psum_in";
    .port_info 7 /OUTPUT 32 "psum_out";
P_0x56e45f821680 .param/l "ACC_W" 0 8 32, +C4<00000000000000000000000000100000>;
P_0x56e45f8216c0 .param/l "DATA_W" 0 8 31, +C4<00000000000000000000000000001000>;
v0x56e45f8219c0_0 .net "act_in", 7 0, L_0x56e45f89e0c0;  1 drivers
v0x56e45f821ac0_0 .var "act_out", 7 0;
v0x56e45f821ba0_0 .net "clk", 0 0, v0x56e45f84c240_0;  alias, 1 drivers
v0x56e45f821c70_0 .net "psum_in", 31 0, L_0x56e45f89e160;  1 drivers
v0x56e45f821d30_0 .var "psum_out", 31 0;
v0x56e45f821e60_0 .net "rst_n", 0 0, v0x56e45f84c2e0_0;  alias, 1 drivers
v0x56e45f821f00_0 .net "weight_in", 7 0, L_0x56e45f89dc20;  1 drivers
v0x56e45f821fe0_0 .net "weight_load", 0 0, L_0x56e45f89db60;  1 drivers
v0x56e45f8220a0_0 .var "weight_reg", 7 0;
S_0x56e45f8225e0 .scope generate, "gen_row[5]" "gen_row[5]" 7 99, 7 99 0, S_0x56e45f7ed550;
 .timescale -9 -12;
P_0x56e45f822790 .param/l "row" 1 7 99, +C4<0101>;
S_0x56e45f822870 .scope generate, "gen_col[0]" "gen_col[0]" 7 100, 7 100 0, S_0x56e45f8225e0;
 .timescale -9 -12;
P_0x56e45f822a70 .param/l "col" 1 7 100, +C4<00>;
L_0x56e45f89e7f0 .functor AND 1, v0x56e45f848f50_0, L_0x56e45f89e6b0, C4<1>, C4<1>;
v0x56e45f823930_0 .net *"_ivl_0", 4 0, L_0x56e45f89e610;  1 drivers
L_0x79ed4f55ac48 .functor BUFT 1, C4<00>, C4<0>, C4<0>, C4<0>;
v0x56e45f823a30_0 .net *"_ivl_3", 1 0, L_0x79ed4f55ac48;  1 drivers
L_0x79ed4f55ac90 .functor BUFT 1, C4<00101>, C4<0>, C4<0>, C4<0>;
v0x56e45f823b10_0 .net/2u *"_ivl_4", 4 0, L_0x79ed4f55ac90;  1 drivers
v0x56e45f823bd0_0 .net *"_ivl_6", 0 0, L_0x56e45f89e6b0;  1 drivers
L_0x56e45f89e610 .concat [ 3 2 0 0], v0x56e45f849040_0, L_0x79ed4f55ac48;
L_0x56e45f89e6b0 .cmp/eq 5, L_0x56e45f89e610, L_0x79ed4f55ac90;
S_0x56e45f822b50 .scope module, "u_pe" "pe" 7 101, 8 30 0, S_0x56e45f822870;
 .timescale -9 -12;
    .port_info 0 /INPUT 1 "clk";
    .port_info 1 /INPUT 1 "rst_n";
    .port_info 2 /INPUT 1 "weight_load";
    .port_info 3 /INPUT 8 "weight_in";
    .port_info 4 /INPUT 8 "act_in";
    .port_info 5 /OUTPUT 8 "act_out";
    .port_info 6 /INPUT 32 "psum_in";
    .port_info 7 /OUTPUT 32 "psum_out";
P_0x56e45f822d30 .param/l "ACC_W" 0 8 32, +C4<00000000000000000000000000100000>;
P_0x56e45f822d70 .param/l "DATA_W" 0 8 31, +C4<00000000000000000000000000001000>;
v0x56e45f823070_0 .net "act_in", 7 0, L_0x56e45f89e950;  1 drivers
v0x56e45f823170_0 .var "act_out", 7 0;
v0x56e45f823250_0 .net "clk", 0 0, v0x56e45f84c240_0;  alias, 1 drivers
v0x56e45f823320_0 .net "psum_in", 31 0, L_0x56e45f89ee10;  1 drivers
v0x56e45f8233e0_0 .var "psum_out", 31 0;
v0x56e45f823510_0 .net "rst_n", 0 0, v0x56e45f84c2e0_0;  alias, 1 drivers
v0x56e45f8235b0_0 .net "weight_in", 7 0, L_0x56e45f89e8b0;  1 drivers
v0x56e45f823690_0 .net "weight_load", 0 0, L_0x56e45f89e7f0;  1 drivers
v0x56e45f823750_0 .var "weight_reg", 7 0;
S_0x56e45f823c90 .scope generate, "gen_col[1]" "gen_col[1]" 7 100, 7 100 0, S_0x56e45f8225e0;
 .timescale -9 -12;
P_0x56e45f823e60 .param/l "col" 1 7 100, +C4<01>;
L_0x56e45f89f170 .functor AND 1, v0x56e45f848f50_0, L_0x56e45f89f000, C4<1>, C4<1>;
v0x56e45f824d00_0 .net *"_ivl_0", 4 0, L_0x56e45f89eeb0;  1 drivers
L_0x79ed4f55acd8 .functor BUFT 1, C4<00>, C4<0>, C4<0>, C4<0>;
v0x56e45f824e00_0 .net *"_ivl_3", 1 0, L_0x79ed4f55acd8;  1 drivers
L_0x79ed4f55ad20 .functor BUFT 1, C4<00101>, C4<0>, C4<0>, C4<0>;
v0x56e45f824ee0_0 .net/2u *"_ivl_4", 4 0, L_0x79ed4f55ad20;  1 drivers
v0x56e45f824fa0_0 .net *"_ivl_6", 0 0, L_0x56e45f89f000;  1 drivers
L_0x56e45f89eeb0 .concat [ 3 2 0 0], v0x56e45f849040_0, L_0x79ed4f55acd8;
L_0x56e45f89f000 .cmp/eq 5, L_0x56e45f89eeb0, L_0x79ed4f55ad20;
S_0x56e45f823f20 .scope module, "u_pe" "pe" 7 101, 8 30 0, S_0x56e45f823c90;
 .timescale -9 -12;
    .port_info 0 /INPUT 1 "clk";
    .port_info 1 /INPUT 1 "rst_n";
    .port_info 2 /INPUT 1 "weight_load";
    .port_info 3 /INPUT 8 "weight_in";
    .port_info 4 /INPUT 8 "act_in";
    .port_info 5 /OUTPUT 8 "act_out";
    .port_info 6 /INPUT 32 "psum_in";
    .port_info 7 /OUTPUT 32 "psum_out";
P_0x56e45f824100 .param/l "ACC_W" 0 8 32, +C4<00000000000000000000000000100000>;
P_0x56e45f824140 .param/l "DATA_W" 0 8 31, +C4<00000000000000000000000000001000>;
v0x56e45f824440_0 .net "act_in", 7 0, L_0x56e45f89e9f0;  1 drivers
v0x56e45f824540_0 .var "act_out", 7 0;
v0x56e45f824620_0 .net "clk", 0 0, v0x56e45f84c240_0;  alias, 1 drivers
v0x56e45f8246f0_0 .net "psum_in", 31 0, L_0x56e45f89ea90;  1 drivers
v0x56e45f8247b0_0 .var "psum_out", 31 0;
v0x56e45f8248e0_0 .net "rst_n", 0 0, v0x56e45f84c2e0_0;  alias, 1 drivers
v0x56e45f824980_0 .net "weight_in", 7 0, L_0x56e45f89f230;  1 drivers
v0x56e45f824a60_0 .net "weight_load", 0 0, L_0x56e45f89f170;  1 drivers
v0x56e45f824b20_0 .var "weight_reg", 7 0;
S_0x56e45f825060 .scope generate, "gen_col[2]" "gen_col[2]" 7 100, 7 100 0, S_0x56e45f8225e0;
 .timescale -9 -12;
P_0x56e45f825240 .param/l "col" 1 7 100, +C4<010>;
L_0x56e45f89f760 .functor AND 1, v0x56e45f848f50_0, L_0x56e45f89ecb0, C4<1>, C4<1>;
v0x56e45f8260e0_0 .net *"_ivl_0", 4 0, L_0x56e45f89eb60;  1 drivers
L_0x79ed4f55ad68 .functor BUFT 1, C4<00>, C4<0>, C4<0>, C4<0>;
v0x56e45f8261e0_0 .net *"_ivl_3", 1 0, L_0x79ed4f55ad68;  1 drivers
L_0x79ed4f55adb0 .functor BUFT 1, C4<00101>, C4<0>, C4<0>, C4<0>;
v0x56e45f8262c0_0 .net/2u *"_ivl_4", 4 0, L_0x79ed4f55adb0;  1 drivers
v0x56e45f826380_0 .net *"_ivl_6", 0 0, L_0x56e45f89ecb0;  1 drivers
L_0x56e45f89eb60 .concat [ 3 2 0 0], v0x56e45f849040_0, L_0x79ed4f55ad68;
L_0x56e45f89ecb0 .cmp/eq 5, L_0x56e45f89eb60, L_0x79ed4f55adb0;
S_0x56e45f825300 .scope module, "u_pe" "pe" 7 101, 8 30 0, S_0x56e45f825060;
 .timescale -9 -12;
    .port_info 0 /INPUT 1 "clk";
    .port_info 1 /INPUT 1 "rst_n";
    .port_info 2 /INPUT 1 "weight_load";
    .port_info 3 /INPUT 8 "weight_in";
    .port_info 4 /INPUT 8 "act_in";
    .port_info 5 /OUTPUT 8 "act_out";
    .port_info 6 /INPUT 32 "psum_in";
    .port_info 7 /OUTPUT 32 "psum_out";
P_0x56e45f8254e0 .param/l "ACC_W" 0 8 32, +C4<00000000000000000000000000100000>;
P_0x56e45f825520 .param/l "DATA_W" 0 8 31, +C4<00000000000000000000000000001000>;
v0x56e45f825820_0 .net "act_in", 7 0, L_0x56e45f89f8c0;  1 drivers
v0x56e45f825920_0 .var "act_out", 7 0;
v0x56e45f825a00_0 .net "clk", 0 0, v0x56e45f84c240_0;  alias, 1 drivers
v0x56e45f825ad0_0 .net "psum_in", 31 0, L_0x56e45f89f2d0;  1 drivers
v0x56e45f825b90_0 .var "psum_out", 31 0;
v0x56e45f825cc0_0 .net "rst_n", 0 0, v0x56e45f84c2e0_0;  alias, 1 drivers
v0x56e45f825d60_0 .net "weight_in", 7 0, L_0x56e45f89f820;  1 drivers
v0x56e45f825e40_0 .net "weight_load", 0 0, L_0x56e45f89f760;  1 drivers
v0x56e45f825f00_0 .var "weight_reg", 7 0;
S_0x56e45f826440 .scope generate, "gen_col[3]" "gen_col[3]" 7 100, 7 100 0, S_0x56e45f8225e0;
 .timescale -9 -12;
P_0x56e45f8265f0 .param/l "col" 1 7 100, +C4<011>;
L_0x56e45f89f660 .functor AND 1, v0x56e45f848f50_0, L_0x56e45f89f4f0, C4<1>, C4<1>;
v0x56e45f8274b0_0 .net *"_ivl_0", 4 0, L_0x56e45f89f3a0;  1 drivers
L_0x79ed4f55adf8 .functor BUFT 1, C4<00>, C4<0>, C4<0>, C4<0>;
v0x56e45f8275b0_0 .net *"_ivl_3", 1 0, L_0x79ed4f55adf8;  1 drivers
L_0x79ed4f55ae40 .functor BUFT 1, C4<00101>, C4<0>, C4<0>, C4<0>;
v0x56e45f827690_0 .net/2u *"_ivl_4", 4 0, L_0x79ed4f55ae40;  1 drivers
v0x56e45f827750_0 .net *"_ivl_6", 0 0, L_0x56e45f89f4f0;  1 drivers
L_0x56e45f89f3a0 .concat [ 3 2 0 0], v0x56e45f849040_0, L_0x79ed4f55adf8;
L_0x56e45f89f4f0 .cmp/eq 5, L_0x56e45f89f3a0, L_0x79ed4f55ae40;
S_0x56e45f8266d0 .scope module, "u_pe" "pe" 7 101, 8 30 0, S_0x56e45f826440;
 .timescale -9 -12;
    .port_info 0 /INPUT 1 "clk";
    .port_info 1 /INPUT 1 "rst_n";
    .port_info 2 /INPUT 1 "weight_load";
    .port_info 3 /INPUT 8 "weight_in";
    .port_info 4 /INPUT 8 "act_in";
    .port_info 5 /OUTPUT 8 "act_out";
    .port_info 6 /INPUT 32 "psum_in";
    .port_info 7 /OUTPUT 32 "psum_out";
P_0x56e45f8268b0 .param/l "ACC_W" 0 8 32, +C4<00000000000000000000000000100000>;
P_0x56e45f8268f0 .param/l "DATA_W" 0 8 31, +C4<00000000000000000000000000001000>;
v0x56e45f826bf0_0 .net "act_in", 7 0, L_0x56e45f89f960;  1 drivers
v0x56e45f826cf0_0 .var "act_out", 7 0;
v0x56e45f826dd0_0 .net "clk", 0 0, v0x56e45f84c240_0;  alias, 1 drivers
v0x56e45f826ea0_0 .net "psum_in", 31 0, L_0x56e45f89fa00;  1 drivers
v0x56e45f826f60_0 .var "psum_out", 31 0;
v0x56e45f827090_0 .net "rst_n", 0 0, v0x56e45f84c2e0_0;  alias, 1 drivers
v0x56e45f827130_0 .net "weight_in", 7 0, L_0x56e45f89fe00;  1 drivers
v0x56e45f827210_0 .net "weight_load", 0 0, L_0x56e45f89f660;  1 drivers
v0x56e45f8272d0_0 .var "weight_reg", 7 0;
S_0x56e45f827810 .scope generate, "gen_col[4]" "gen_col[4]" 7 100, 7 100 0, S_0x56e45f8225e0;
 .timescale -9 -12;
P_0x56e45f827a10 .param/l "col" 1 7 100, +C4<0100>;
L_0x56e45f8a0310 .functor AND 1, v0x56e45f848f50_0, L_0x56e45f89fc20, C4<1>, C4<1>;
v0x56e45f8288a0_0 .net *"_ivl_0", 4 0, L_0x56e45f89fad0;  1 drivers
L_0x79ed4f55ae88 .functor BUFT 1, C4<00>, C4<0>, C4<0>, C4<0>;
v0x56e45f8289a0_0 .net *"_ivl_3", 1 0, L_0x79ed4f55ae88;  1 drivers
L_0x79ed4f55aed0 .functor BUFT 1, C4<00101>, C4<0>, C4<0>, C4<0>;
v0x56e45f828a80_0 .net/2u *"_ivl_4", 4 0, L_0x79ed4f55aed0;  1 drivers
v0x56e45f828b40_0 .net *"_ivl_6", 0 0, L_0x56e45f89fc20;  1 drivers
L_0x56e45f89fad0 .concat [ 3 2 0 0], v0x56e45f849040_0, L_0x79ed4f55ae88;
L_0x56e45f89fc20 .cmp/eq 5, L_0x56e45f89fad0, L_0x79ed4f55aed0;
S_0x56e45f827af0 .scope module, "u_pe" "pe" 7 101, 8 30 0, S_0x56e45f827810;
 .timescale -9 -12;
    .port_info 0 /INPUT 1 "clk";
    .port_info 1 /INPUT 1 "rst_n";
    .port_info 2 /INPUT 1 "weight_load";
    .port_info 3 /INPUT 8 "weight_in";
    .port_info 4 /INPUT 8 "act_in";
    .port_info 5 /OUTPUT 8 "act_out";
    .port_info 6 /INPUT 32 "psum_in";
    .port_info 7 /OUTPUT 32 "psum_out";
P_0x56e45f827cd0 .param/l "ACC_W" 0 8 32, +C4<00000000000000000000000000100000>;
P_0x56e45f827d10 .param/l "DATA_W" 0 8 31, +C4<00000000000000000000000000001000>;
v0x56e45f827fe0_0 .net "act_in", 7 0, L_0x56e45f8a0470;  1 drivers
v0x56e45f8280e0_0 .var "act_out", 7 0;
v0x56e45f8281c0_0 .net "clk", 0 0, v0x56e45f84c240_0;  alias, 1 drivers
v0x56e45f828290_0 .net "psum_in", 31 0, L_0x56e45f89fea0;  1 drivers
v0x56e45f828350_0 .var "psum_out", 31 0;
v0x56e45f828480_0 .net "rst_n", 0 0, v0x56e45f84c2e0_0;  alias, 1 drivers
v0x56e45f828520_0 .net "weight_in", 7 0, L_0x56e45f8a03d0;  1 drivers
v0x56e45f828600_0 .net "weight_load", 0 0, L_0x56e45f8a0310;  1 drivers
v0x56e45f8286c0_0 .var "weight_reg", 7 0;
S_0x56e45f828c00 .scope generate, "gen_col[5]" "gen_col[5]" 7 100, 7 100 0, S_0x56e45f8225e0;
 .timescale -9 -12;
P_0x56e45f828db0 .param/l "col" 1 7 100, +C4<0101>;
L_0x56e45f8a0230 .functor AND 1, v0x56e45f848f50_0, L_0x56e45f8a00c0, C4<1>, C4<1>;
v0x56e45f829c70_0 .net *"_ivl_0", 4 0, L_0x56e45f89ff70;  1 drivers
L_0x79ed4f55af18 .functor BUFT 1, C4<00>, C4<0>, C4<0>, C4<0>;
v0x56e45f829d70_0 .net *"_ivl_3", 1 0, L_0x79ed4f55af18;  1 drivers
L_0x79ed4f55af60 .functor BUFT 1, C4<00101>, C4<0>, C4<0>, C4<0>;
v0x56e45f829e50_0 .net/2u *"_ivl_4", 4 0, L_0x79ed4f55af60;  1 drivers
v0x56e45f829f10_0 .net *"_ivl_6", 0 0, L_0x56e45f8a00c0;  1 drivers
L_0x56e45f89ff70 .concat [ 3 2 0 0], v0x56e45f849040_0, L_0x79ed4f55af18;
L_0x56e45f8a00c0 .cmp/eq 5, L_0x56e45f89ff70, L_0x79ed4f55af60;
S_0x56e45f828e90 .scope module, "u_pe" "pe" 7 101, 8 30 0, S_0x56e45f828c00;
 .timescale -9 -12;
    .port_info 0 /INPUT 1 "clk";
    .port_info 1 /INPUT 1 "rst_n";
    .port_info 2 /INPUT 1 "weight_load";
    .port_info 3 /INPUT 8 "weight_in";
    .port_info 4 /INPUT 8 "act_in";
    .port_info 5 /OUTPUT 8 "act_out";
    .port_info 6 /INPUT 32 "psum_in";
    .port_info 7 /OUTPUT 32 "psum_out";
P_0x56e45f829070 .param/l "ACC_W" 0 8 32, +C4<00000000000000000000000000100000>;
P_0x56e45f8290b0 .param/l "DATA_W" 0 8 31, +C4<00000000000000000000000000001000>;
v0x56e45f8293b0_0 .net "act_in", 7 0, L_0x56e45f8a0510;  1 drivers
v0x56e45f8294b0_0 .var "act_out", 7 0;
v0x56e45f829590_0 .net "clk", 0 0, v0x56e45f84c240_0;  alias, 1 drivers
v0x56e45f829660_0 .net "psum_in", 31 0, L_0x56e45f8a05b0;  1 drivers
v0x56e45f829720_0 .var "psum_out", 31 0;
v0x56e45f829850_0 .net "rst_n", 0 0, v0x56e45f84c2e0_0;  alias, 1 drivers
v0x56e45f8298f0_0 .net "weight_in", 7 0, L_0x56e45f8a0990;  1 drivers
v0x56e45f8299d0_0 .net "weight_load", 0 0, L_0x56e45f8a0230;  1 drivers
v0x56e45f829a90_0 .var "weight_reg", 7 0;
S_0x56e45f829fd0 .scope generate, "gen_col[6]" "gen_col[6]" 7 100, 7 100 0, S_0x56e45f8225e0;
 .timescale -9 -12;
P_0x56e45f82a180 .param/l "col" 1 7 100, +C4<0110>;
L_0x56e45f8a0ed0 .functor AND 1, v0x56e45f848f50_0, L_0x56e45f8a07d0, C4<1>, C4<1>;
v0x56e45f82b040_0 .net *"_ivl_0", 4 0, L_0x56e45f8a0680;  1 drivers
L_0x79ed4f55afa8 .functor BUFT 1, C4<00>, C4<0>, C4<0>, C4<0>;
v0x56e45f82b140_0 .net *"_ivl_3", 1 0, L_0x79ed4f55afa8;  1 drivers
L_0x79ed4f55aff0 .functor BUFT 1, C4<00101>, C4<0>, C4<0>, C4<0>;
v0x56e45f82b220_0 .net/2u *"_ivl_4", 4 0, L_0x79ed4f55aff0;  1 drivers
v0x56e45f82b2e0_0 .net *"_ivl_6", 0 0, L_0x56e45f8a07d0;  1 drivers
L_0x56e45f8a0680 .concat [ 3 2 0 0], v0x56e45f849040_0, L_0x79ed4f55afa8;
L_0x56e45f8a07d0 .cmp/eq 5, L_0x56e45f8a0680, L_0x79ed4f55aff0;
S_0x56e45f82a260 .scope module, "u_pe" "pe" 7 101, 8 30 0, S_0x56e45f829fd0;
 .timescale -9 -12;
    .port_info 0 /INPUT 1 "clk";
    .port_info 1 /INPUT 1 "rst_n";
    .port_info 2 /INPUT 1 "weight_load";
    .port_info 3 /INPUT 8 "weight_in";
    .port_info 4 /INPUT 8 "act_in";
    .port_info 5 /OUTPUT 8 "act_out";
    .port_info 6 /INPUT 32 "psum_in";
    .port_info 7 /OUTPUT 32 "psum_out";
P_0x56e45f82a440 .param/l "ACC_W" 0 8 32, +C4<00000000000000000000000000100000>;
P_0x56e45f82a480 .param/l "DATA_W" 0 8 31, +C4<00000000000000000000000000001000>;
v0x56e45f82a780_0 .net "act_in", 7 0, L_0x56e45f8a0fe0;  1 drivers
v0x56e45f82a880_0 .var "act_out", 7 0;
v0x56e45f82a960_0 .net "clk", 0 0, v0x56e45f84c240_0;  alias, 1 drivers
v0x56e45f82aa30_0 .net "psum_in", 31 0, L_0x56e45f8a0a30;  1 drivers
v0x56e45f82aaf0_0 .var "psum_out", 31 0;
v0x56e45f82ac20_0 .net "rst_n", 0 0, v0x56e45f84c2e0_0;  alias, 1 drivers
v0x56e45f82acc0_0 .net "weight_in", 7 0, L_0x56e45f8a0f40;  1 drivers
v0x56e45f82ada0_0 .net "weight_load", 0 0, L_0x56e45f8a0ed0;  1 drivers
v0x56e45f82ae60_0 .var "weight_reg", 7 0;
S_0x56e45f82b3a0 .scope generate, "gen_col[7]" "gen_col[7]" 7 100, 7 100 0, S_0x56e45f8225e0;
 .timescale -9 -12;
P_0x56e45f82b550 .param/l "col" 1 7 100, +C4<0111>;
L_0x56e45f8a0dc0 .functor AND 1, v0x56e45f848f50_0, L_0x56e45f8a0c50, C4<1>, C4<1>;
v0x56e45f82c410_0 .net *"_ivl_0", 4 0, L_0x56e45f8a0b00;  1 drivers
L_0x79ed4f55b038 .functor BUFT 1, C4<00>, C4<0>, C4<0>, C4<0>;
v0x56e45f82c510_0 .net *"_ivl_3", 1 0, L_0x79ed4f55b038;  1 drivers
L_0x79ed4f55b080 .functor BUFT 1, C4<00101>, C4<0>, C4<0>, C4<0>;
v0x56e45f82c5f0_0 .net/2u *"_ivl_4", 4 0, L_0x79ed4f55b080;  1 drivers
v0x56e45f82c6b0_0 .net *"_ivl_6", 0 0, L_0x56e45f8a0c50;  1 drivers
L_0x56e45f8a0b00 .concat [ 3 2 0 0], v0x56e45f849040_0, L_0x79ed4f55b038;
L_0x56e45f8a0c50 .cmp/eq 5, L_0x56e45f8a0b00, L_0x79ed4f55b080;
S_0x56e45f82b630 .scope module, "u_pe" "pe" 7 101, 8 30 0, S_0x56e45f82b3a0;
 .timescale -9 -12;
    .port_info 0 /INPUT 1 "clk";
    .port_info 1 /INPUT 1 "rst_n";
    .port_info 2 /INPUT 1 "weight_load";
    .port_info 3 /INPUT 8 "weight_in";
    .port_info 4 /INPUT 8 "act_in";
    .port_info 5 /OUTPUT 8 "act_out";
    .port_info 6 /INPUT 32 "psum_in";
    .port_info 7 /OUTPUT 32 "psum_out";
P_0x56e45f82b810 .param/l "ACC_W" 0 8 32, +C4<00000000000000000000000000100000>;
P_0x56e45f82b850 .param/l "DATA_W" 0 8 31, +C4<00000000000000000000000000001000>;
v0x56e45f82bb50_0 .net "act_in", 7 0, L_0x56e45f8a1080;  1 drivers
v0x56e45f82bc50_0 .var "act_out", 7 0;
v0x56e45f82bd30_0 .net "clk", 0 0, v0x56e45f84c240_0;  alias, 1 drivers
v0x56e45f82be00_0 .net "psum_in", 31 0, L_0x56e45f8a1120;  1 drivers
v0x56e45f82bec0_0 .var "psum_out", 31 0;
v0x56e45f82bff0_0 .net "rst_n", 0 0, v0x56e45f84c2e0_0;  alias, 1 drivers
v0x56e45f82c090_0 .net "weight_in", 7 0, L_0x56e45f8a1530;  1 drivers
v0x56e45f82c170_0 .net "weight_load", 0 0, L_0x56e45f8a0dc0;  1 drivers
v0x56e45f82c230_0 .var "weight_reg", 7 0;
S_0x56e45f82c770 .scope generate, "gen_row[6]" "gen_row[6]" 7 99, 7 99 0, S_0x56e45f7ed550;
 .timescale -9 -12;
P_0x56e45f82c920 .param/l "row" 1 7 99, +C4<0110>;
S_0x56e45f82ca00 .scope generate, "gen_col[0]" "gen_col[0]" 7 100, 7 100 0, S_0x56e45f82c770;
 .timescale -9 -12;
P_0x56e45f82cc00 .param/l "col" 1 7 100, +C4<00>;
L_0x56e45f8a1460 .functor AND 1, v0x56e45f848f50_0, L_0x56e45f8a12f0, C4<1>, C4<1>;
v0x56e45f82dac0_0 .net *"_ivl_0", 4 0, L_0x56e45f8a11f0;  1 drivers
L_0x79ed4f55b0c8 .functor BUFT 1, C4<00>, C4<0>, C4<0>, C4<0>;
v0x56e45f82dbc0_0 .net *"_ivl_3", 1 0, L_0x79ed4f55b0c8;  1 drivers
L_0x79ed4f55b110 .functor BUFT 1, C4<00110>, C4<0>, C4<0>, C4<0>;
v0x56e45f82dca0_0 .net/2u *"_ivl_4", 4 0, L_0x79ed4f55b110;  1 drivers
v0x56e45f82dd60_0 .net *"_ivl_6", 0 0, L_0x56e45f8a12f0;  1 drivers
L_0x56e45f8a11f0 .concat [ 3 2 0 0], v0x56e45f849040_0, L_0x79ed4f55b0c8;
L_0x56e45f8a12f0 .cmp/eq 5, L_0x56e45f8a11f0, L_0x79ed4f55b110;
S_0x56e45f82cce0 .scope module, "u_pe" "pe" 7 101, 8 30 0, S_0x56e45f82ca00;
 .timescale -9 -12;
    .port_info 0 /INPUT 1 "clk";
    .port_info 1 /INPUT 1 "rst_n";
    .port_info 2 /INPUT 1 "weight_load";
    .port_info 3 /INPUT 8 "weight_in";
    .port_info 4 /INPUT 8 "act_in";
    .port_info 5 /OUTPUT 8 "act_out";
    .port_info 6 /INPUT 32 "psum_in";
    .port_info 7 /OUTPUT 32 "psum_out";
P_0x56e45f82cec0 .param/l "ACC_W" 0 8 32, +C4<00000000000000000000000000100000>;
P_0x56e45f82cf00 .param/l "DATA_W" 0 8 31, +C4<00000000000000000000000000001000>;
v0x56e45f82d200_0 .net "act_in", 7 0, L_0x56e45f8a1b40;  1 drivers
v0x56e45f82d300_0 .var "act_out", 7 0;
v0x56e45f82d3e0_0 .net "clk", 0 0, v0x56e45f84c240_0;  alias, 1 drivers
v0x56e45f82d4b0_0 .net "psum_in", 31 0, L_0x56e45f8a15d0;  1 drivers
v0x56e45f82d570_0 .var "psum_out", 31 0;
v0x56e45f82d6a0_0 .net "rst_n", 0 0, v0x56e45f84c2e0_0;  alias, 1 drivers
v0x56e45f82d740_0 .net "weight_in", 7 0, L_0x56e45f8a1aa0;  1 drivers
v0x56e45f82d820_0 .net "weight_load", 0 0, L_0x56e45f8a1460;  1 drivers
v0x56e45f82d8e0_0 .var "weight_reg", 7 0;
S_0x56e45f82de20 .scope generate, "gen_col[1]" "gen_col[1]" 7 100, 7 100 0, S_0x56e45f82c770;
 .timescale -9 -12;
P_0x56e45f82dff0 .param/l "col" 1 7 100, +C4<01>;
L_0x56e45f8a1960 .functor AND 1, v0x56e45f848f50_0, L_0x56e45f8a17f0, C4<1>, C4<1>;
v0x56e45f82ee90_0 .net *"_ivl_0", 4 0, L_0x56e45f8a16a0;  1 drivers
L_0x79ed4f55b158 .functor BUFT 1, C4<00>, C4<0>, C4<0>, C4<0>;
v0x56e45f82ef90_0 .net *"_ivl_3", 1 0, L_0x79ed4f55b158;  1 drivers
L_0x79ed4f55b1a0 .functor BUFT 1, C4<00110>, C4<0>, C4<0>, C4<0>;
v0x56e45f82f070_0 .net/2u *"_ivl_4", 4 0, L_0x79ed4f55b1a0;  1 drivers
v0x56e45f82f130_0 .net *"_ivl_6", 0 0, L_0x56e45f8a17f0;  1 drivers
L_0x56e45f8a16a0 .concat [ 3 2 0 0], v0x56e45f849040_0, L_0x79ed4f55b158;
L_0x56e45f8a17f0 .cmp/eq 5, L_0x56e45f8a16a0, L_0x79ed4f55b1a0;
S_0x56e45f82e0b0 .scope module, "u_pe" "pe" 7 101, 8 30 0, S_0x56e45f82de20;
 .timescale -9 -12;
    .port_info 0 /INPUT 1 "clk";
    .port_info 1 /INPUT 1 "rst_n";
    .port_info 2 /INPUT 1 "weight_load";
    .port_info 3 /INPUT 8 "weight_in";
    .port_info 4 /INPUT 8 "act_in";
    .port_info 5 /OUTPUT 8 "act_out";
    .port_info 6 /INPUT 32 "psum_in";
    .port_info 7 /OUTPUT 32 "psum_out";
P_0x56e45f82e290 .param/l "ACC_W" 0 8 32, +C4<00000000000000000000000000100000>;
P_0x56e45f82e2d0 .param/l "DATA_W" 0 8 31, +C4<00000000000000000000000000001000>;
v0x56e45f82e5d0_0 .net "act_in", 7 0, L_0x56e45f8a1be0;  1 drivers
v0x56e45f82e6d0_0 .var "act_out", 7 0;
v0x56e45f82e7b0_0 .net "clk", 0 0, v0x56e45f84c240_0;  alias, 1 drivers
v0x56e45f82e880_0 .net "psum_in", 31 0, L_0x56e45f8a1c80;  1 drivers
v0x56e45f82e940_0 .var "psum_out", 31 0;
v0x56e45f82ea70_0 .net "rst_n", 0 0, v0x56e45f84c2e0_0;  alias, 1 drivers
v0x56e45f82eb10_0 .net "weight_in", 7 0, L_0x56e45f8a20c0;  1 drivers
v0x56e45f82ebf0_0 .net "weight_load", 0 0, L_0x56e45f8a1960;  1 drivers
v0x56e45f82ecb0_0 .var "weight_reg", 7 0;
S_0x56e45f82f1f0 .scope generate, "gen_col[2]" "gen_col[2]" 7 100, 7 100 0, S_0x56e45f82c770;
 .timescale -9 -12;
P_0x56e45f82f3d0 .param/l "col" 1 7 100, +C4<010>;
L_0x56e45f8a2010 .functor AND 1, v0x56e45f848f50_0, L_0x56e45f8a1ea0, C4<1>, C4<1>;
v0x56e45f830270_0 .net *"_ivl_0", 4 0, L_0x56e45f8a1d50;  1 drivers
L_0x79ed4f55b1e8 .functor BUFT 1, C4<00>, C4<0>, C4<0>, C4<0>;
v0x56e45f830370_0 .net *"_ivl_3", 1 0, L_0x79ed4f55b1e8;  1 drivers
L_0x79ed4f55b230 .functor BUFT 1, C4<00110>, C4<0>, C4<0>, C4<0>;
v0x56e45f830450_0 .net/2u *"_ivl_4", 4 0, L_0x79ed4f55b230;  1 drivers
v0x56e45f830510_0 .net *"_ivl_6", 0 0, L_0x56e45f8a1ea0;  1 drivers
L_0x56e45f8a1d50 .concat [ 3 2 0 0], v0x56e45f849040_0, L_0x79ed4f55b1e8;
L_0x56e45f8a1ea0 .cmp/eq 5, L_0x56e45f8a1d50, L_0x79ed4f55b230;
S_0x56e45f82f490 .scope module, "u_pe" "pe" 7 101, 8 30 0, S_0x56e45f82f1f0;
 .timescale -9 -12;
    .port_info 0 /INPUT 1 "clk";
    .port_info 1 /INPUT 1 "rst_n";
    .port_info 2 /INPUT 1 "weight_load";
    .port_info 3 /INPUT 8 "weight_in";
    .port_info 4 /INPUT 8 "act_in";
    .port_info 5 /OUTPUT 8 "act_out";
    .port_info 6 /INPUT 32 "psum_in";
    .port_info 7 /OUTPUT 32 "psum_out";
P_0x56e45f82f670 .param/l "ACC_W" 0 8 32, +C4<00000000000000000000000000100000>;
P_0x56e45f82f6b0 .param/l "DATA_W" 0 8 31, +C4<00000000000000000000000000001000>;
v0x56e45f82f9b0_0 .net "act_in", 7 0, L_0x56e45f8a2700;  1 drivers
v0x56e45f82fab0_0 .var "act_out", 7 0;
v0x56e45f82fb90_0 .net "clk", 0 0, v0x56e45f84c240_0;  alias, 1 drivers
v0x56e45f82fc60_0 .net "psum_in", 31 0, L_0x56e45f8a2160;  1 drivers
v0x56e45f82fd20_0 .var "psum_out", 31 0;
v0x56e45f82fe50_0 .net "rst_n", 0 0, v0x56e45f84c2e0_0;  alias, 1 drivers
v0x56e45f82fef0_0 .net "weight_in", 7 0, L_0x56e45f8a2660;  1 drivers
v0x56e45f82ffd0_0 .net "weight_load", 0 0, L_0x56e45f8a2010;  1 drivers
v0x56e45f830090_0 .var "weight_reg", 7 0;
S_0x56e45f8305d0 .scope generate, "gen_col[3]" "gen_col[3]" 7 100, 7 100 0, S_0x56e45f82c770;
 .timescale -9 -12;
P_0x56e45f830780 .param/l "col" 1 7 100, +C4<011>;
L_0x56e45f8a24c0 .functor AND 1, v0x56e45f848f50_0, L_0x56e45f8a2350, C4<1>, C4<1>;
v0x56e45f831640_0 .net *"_ivl_0", 4 0, L_0x56e45f8a2200;  1 drivers
L_0x79ed4f55b278 .functor BUFT 1, C4<00>, C4<0>, C4<0>, C4<0>;
v0x56e45f831740_0 .net *"_ivl_3", 1 0, L_0x79ed4f55b278;  1 drivers
L_0x79ed4f55b2c0 .functor BUFT 1, C4<00110>, C4<0>, C4<0>, C4<0>;
v0x56e45f831820_0 .net/2u *"_ivl_4", 4 0, L_0x79ed4f55b2c0;  1 drivers
v0x56e45f8318e0_0 .net *"_ivl_6", 0 0, L_0x56e45f8a2350;  1 drivers
L_0x56e45f8a2200 .concat [ 3 2 0 0], v0x56e45f849040_0, L_0x79ed4f55b278;
L_0x56e45f8a2350 .cmp/eq 5, L_0x56e45f8a2200, L_0x79ed4f55b2c0;
S_0x56e45f830860 .scope module, "u_pe" "pe" 7 101, 8 30 0, S_0x56e45f8305d0;
 .timescale -9 -12;
    .port_info 0 /INPUT 1 "clk";
    .port_info 1 /INPUT 1 "rst_n";
    .port_info 2 /INPUT 1 "weight_load";
    .port_info 3 /INPUT 8 "weight_in";
    .port_info 4 /INPUT 8 "act_in";
    .port_info 5 /OUTPUT 8 "act_out";
    .port_info 6 /INPUT 32 "psum_in";
    .port_info 7 /OUTPUT 32 "psum_out";
P_0x56e45f830a40 .param/l "ACC_W" 0 8 32, +C4<00000000000000000000000000100000>;
P_0x56e45f830a80 .param/l "DATA_W" 0 8 31, +C4<00000000000000000000000000001000>;
v0x56e45f830d80_0 .net "act_in", 7 0, L_0x56e45f8a2cc0;  1 drivers
v0x56e45f830e80_0 .var "act_out", 7 0;
v0x56e45f830f60_0 .net "clk", 0 0, v0x56e45f84c240_0;  alias, 1 drivers
v0x56e45f831030_0 .net "psum_in", 31 0, L_0x56e45f8a2d60;  1 drivers
v0x56e45f8310f0_0 .var "psum_out", 31 0;
v0x56e45f831220_0 .net "rst_n", 0 0, v0x56e45f84c2e0_0;  alias, 1 drivers
v0x56e45f8312c0_0 .net "weight_in", 7 0, L_0x56e45f8a2580;  1 drivers
v0x56e45f8313a0_0 .net "weight_load", 0 0, L_0x56e45f8a24c0;  1 drivers
v0x56e45f831460_0 .var "weight_reg", 7 0;
S_0x56e45f8319a0 .scope generate, "gen_col[4]" "gen_col[4]" 7 100, 7 100 0, S_0x56e45f82c770;
 .timescale -9 -12;
P_0x56e45f831ba0 .param/l "col" 1 7 100, +C4<0100>;
L_0x56e45f8a2a60 .functor AND 1, v0x56e45f848f50_0, L_0x56e45f8a28f0, C4<1>, C4<1>;
v0x56e45f832a30_0 .net *"_ivl_0", 4 0, L_0x56e45f8a27a0;  1 drivers
L_0x79ed4f55b308 .functor BUFT 1, C4<00>, C4<0>, C4<0>, C4<0>;
v0x56e45f832b30_0 .net *"_ivl_3", 1 0, L_0x79ed4f55b308;  1 drivers
L_0x79ed4f55b350 .functor BUFT 1, C4<00110>, C4<0>, C4<0>, C4<0>;
v0x56e45f832c10_0 .net/2u *"_ivl_4", 4 0, L_0x79ed4f55b350;  1 drivers
v0x56e45f832cd0_0 .net *"_ivl_6", 0 0, L_0x56e45f8a28f0;  1 drivers
L_0x56e45f8a27a0 .concat [ 3 2 0 0], v0x56e45f849040_0, L_0x79ed4f55b308;
L_0x56e45f8a28f0 .cmp/eq 5, L_0x56e45f8a27a0, L_0x79ed4f55b350;
S_0x56e45f831c80 .scope module, "u_pe" "pe" 7 101, 8 30 0, S_0x56e45f8319a0;
 .timescale -9 -12;
    .port_info 0 /INPUT 1 "clk";
    .port_info 1 /INPUT 1 "rst_n";
    .port_info 2 /INPUT 1 "weight_load";
    .port_info 3 /INPUT 8 "weight_in";
    .port_info 4 /INPUT 8 "act_in";
    .port_info 5 /OUTPUT 8 "act_out";
    .port_info 6 /INPUT 32 "psum_in";
    .port_info 7 /OUTPUT 32 "psum_out";
P_0x56e45f831e60 .param/l "ACC_W" 0 8 32, +C4<00000000000000000000000000100000>;
P_0x56e45f831ea0 .param/l "DATA_W" 0 8 31, +C4<00000000000000000000000000001000>;
v0x56e45f832170_0 .net "act_in", 7 0, L_0x56e45f8a2bc0;  1 drivers
v0x56e45f832270_0 .var "act_out", 7 0;
v0x56e45f832350_0 .net "clk", 0 0, v0x56e45f84c240_0;  alias, 1 drivers
v0x56e45f832420_0 .net "psum_in", 31 0, L_0x56e45f8a3340;  1 drivers
v0x56e45f8324e0_0 .var "psum_out", 31 0;
v0x56e45f832610_0 .net "rst_n", 0 0, v0x56e45f84c2e0_0;  alias, 1 drivers
v0x56e45f8326b0_0 .net "weight_in", 7 0, L_0x56e45f8a2b20;  1 drivers
v0x56e45f832790_0 .net "weight_load", 0 0, L_0x56e45f8a2a60;  1 drivers
v0x56e45f832850_0 .var "weight_reg", 7 0;
S_0x56e45f832d90 .scope generate, "gen_col[5]" "gen_col[5]" 7 100, 7 100 0, S_0x56e45f82c770;
 .timescale -9 -12;
P_0x56e45f832f40 .param/l "col" 1 7 100, +C4<0101>;
L_0x56e45f8a3620 .functor AND 1, v0x56e45f848f50_0, L_0x56e45f8a34b0, C4<1>, C4<1>;
v0x56e45f833e00_0 .net *"_ivl_0", 4 0, L_0x56e45f8a33e0;  1 drivers
L_0x79ed4f55b398 .functor BUFT 1, C4<00>, C4<0>, C4<0>, C4<0>;
v0x56e45f833f00_0 .net *"_ivl_3", 1 0, L_0x79ed4f55b398;  1 drivers
L_0x79ed4f55b3e0 .functor BUFT 1, C4<00110>, C4<0>, C4<0>, C4<0>;
v0x56e45f833fe0_0 .net/2u *"_ivl_4", 4 0, L_0x79ed4f55b3e0;  1 drivers
v0x56e45f8340a0_0 .net *"_ivl_6", 0 0, L_0x56e45f8a34b0;  1 drivers
L_0x56e45f8a33e0 .concat [ 3 2 0 0], v0x56e45f849040_0, L_0x79ed4f55b398;
L_0x56e45f8a34b0 .cmp/eq 5, L_0x56e45f8a33e0, L_0x79ed4f55b3e0;
S_0x56e45f833020 .scope module, "u_pe" "pe" 7 101, 8 30 0, S_0x56e45f832d90;
 .timescale -9 -12;
    .port_info 0 /INPUT 1 "clk";
    .port_info 1 /INPUT 1 "rst_n";
    .port_info 2 /INPUT 1 "weight_load";
    .port_info 3 /INPUT 8 "weight_in";
    .port_info 4 /INPUT 8 "act_in";
    .port_info 5 /OUTPUT 8 "act_out";
    .port_info 6 /INPUT 32 "psum_in";
    .port_info 7 /OUTPUT 32 "psum_out";
P_0x56e45f833200 .param/l "ACC_W" 0 8 32, +C4<00000000000000000000000000100000>;
P_0x56e45f833240 .param/l "DATA_W" 0 8 31, +C4<00000000000000000000000000001000>;
v0x56e45f833540_0 .net "act_in", 7 0, L_0x56e45f8a2e00;  1 drivers
v0x56e45f833640_0 .var "act_out", 7 0;
v0x56e45f833720_0 .net "clk", 0 0, v0x56e45f84c240_0;  alias, 1 drivers
v0x56e45f8337f0_0 .net "psum_in", 31 0, L_0x56e45f8a2ed0;  1 drivers
v0x56e45f8338b0_0 .var "psum_out", 31 0;
v0x56e45f8339e0_0 .net "rst_n", 0 0, v0x56e45f84c2e0_0;  alias, 1 drivers
v0x56e45f833a80_0 .net "weight_in", 7 0, L_0x56e45f8a36e0;  1 drivers
v0x56e45f833b60_0 .net "weight_load", 0 0, L_0x56e45f8a3620;  1 drivers
v0x56e45f833c20_0 .var "weight_reg", 7 0;
S_0x56e45f834160 .scope generate, "gen_col[6]" "gen_col[6]" 7 100, 7 100 0, S_0x56e45f82c770;
 .timescale -9 -12;
P_0x56e45f834310 .param/l "col" 1 7 100, +C4<0110>;
L_0x56e45f8a3260 .functor AND 1, v0x56e45f848f50_0, L_0x56e45f8a30f0, C4<1>, C4<1>;
v0x56e45f8351d0_0 .net *"_ivl_0", 4 0, L_0x56e45f8a2fa0;  1 drivers
L_0x79ed4f55b428 .functor BUFT 1, C4<00>, C4<0>, C4<0>, C4<0>;
v0x56e45f8352d0_0 .net *"_ivl_3", 1 0, L_0x79ed4f55b428;  1 drivers
L_0x79ed4f55b470 .functor BUFT 1, C4<00110>, C4<0>, C4<0>, C4<0>;
v0x56e45f8353b0_0 .net/2u *"_ivl_4", 4 0, L_0x79ed4f55b470;  1 drivers
v0x56e45f835470_0 .net *"_ivl_6", 0 0, L_0x56e45f8a30f0;  1 drivers
L_0x56e45f8a2fa0 .concat [ 3 2 0 0], v0x56e45f849040_0, L_0x79ed4f55b428;
L_0x56e45f8a30f0 .cmp/eq 5, L_0x56e45f8a2fa0, L_0x79ed4f55b470;
S_0x56e45f8343f0 .scope module, "u_pe" "pe" 7 101, 8 30 0, S_0x56e45f834160;
 .timescale -9 -12;
    .port_info 0 /INPUT 1 "clk";
    .port_info 1 /INPUT 1 "rst_n";
    .port_info 2 /INPUT 1 "weight_load";
    .port_info 3 /INPUT 8 "weight_in";
    .port_info 4 /INPUT 8 "act_in";
    .port_info 5 /OUTPUT 8 "act_out";
    .port_info 6 /INPUT 32 "psum_in";
    .port_info 7 /OUTPUT 32 "psum_out";
P_0x56e45f8345d0 .param/l "ACC_W" 0 8 32, +C4<00000000000000000000000000100000>;
P_0x56e45f834610 .param/l "DATA_W" 0 8 31, +C4<00000000000000000000000000001000>;
v0x56e45f834910_0 .net "act_in", 7 0, L_0x56e45f8a3d80;  1 drivers
v0x56e45f834a10_0 .var "act_out", 7 0;
v0x56e45f834af0_0 .net "clk", 0 0, v0x56e45f84c240_0;  alias, 1 drivers
v0x56e45f834bc0_0 .net "psum_in", 31 0, L_0x56e45f8a3780;  1 drivers
v0x56e45f834c80_0 .var "psum_out", 31 0;
v0x56e45f834db0_0 .net "rst_n", 0 0, v0x56e45f84c2e0_0;  alias, 1 drivers
v0x56e45f834e50_0 .net "weight_in", 7 0, L_0x56e45f8a3ce0;  1 drivers
v0x56e45f834f30_0 .net "weight_load", 0 0, L_0x56e45f8a3260;  1 drivers
v0x56e45f834ff0_0 .var "weight_reg", 7 0;
S_0x56e45f835530 .scope generate, "gen_col[7]" "gen_col[7]" 7 100, 7 100 0, S_0x56e45f82c770;
 .timescale -9 -12;
P_0x56e45f8356e0 .param/l "col" 1 7 100, +C4<0111>;
L_0x56e45f8a3b10 .functor AND 1, v0x56e45f848f50_0, L_0x56e45f8a39a0, C4<1>, C4<1>;
v0x56e45f8365a0_0 .net *"_ivl_0", 4 0, L_0x56e45f8a3850;  1 drivers
L_0x79ed4f55b4b8 .functor BUFT 1, C4<00>, C4<0>, C4<0>, C4<0>;
v0x56e45f8366a0_0 .net *"_ivl_3", 1 0, L_0x79ed4f55b4b8;  1 drivers
L_0x79ed4f55b500 .functor BUFT 1, C4<00110>, C4<0>, C4<0>, C4<0>;
v0x56e45f836780_0 .net/2u *"_ivl_4", 4 0, L_0x79ed4f55b500;  1 drivers
v0x56e45f836840_0 .net *"_ivl_6", 0 0, L_0x56e45f8a39a0;  1 drivers
L_0x56e45f8a3850 .concat [ 3 2 0 0], v0x56e45f849040_0, L_0x79ed4f55b4b8;
L_0x56e45f8a39a0 .cmp/eq 5, L_0x56e45f8a3850, L_0x79ed4f55b500;
S_0x56e45f8357c0 .scope module, "u_pe" "pe" 7 101, 8 30 0, S_0x56e45f835530;
 .timescale -9 -12;
    .port_info 0 /INPUT 1 "clk";
    .port_info 1 /INPUT 1 "rst_n";
    .port_info 2 /INPUT 1 "weight_load";
    .port_info 3 /INPUT 8 "weight_in";
    .port_info 4 /INPUT 8 "act_in";
    .port_info 5 /OUTPUT 8 "act_out";
    .port_info 6 /INPUT 32 "psum_in";
    .port_info 7 /OUTPUT 32 "psum_out";
P_0x56e45f8359a0 .param/l "ACC_W" 0 8 32, +C4<00000000000000000000000000100000>;
P_0x56e45f8359e0 .param/l "DATA_W" 0 8 31, +C4<00000000000000000000000000001000>;
v0x56e45f835ce0_0 .net "act_in", 7 0, L_0x56e45f8a43a0;  1 drivers
v0x56e45f835de0_0 .var "act_out", 7 0;
v0x56e45f835ec0_0 .net "clk", 0 0, v0x56e45f84c240_0;  alias, 1 drivers
v0x56e45f835f90_0 .net "psum_in", 31 0, L_0x56e45f8a4440;  1 drivers
v0x56e45f836050_0 .var "psum_out", 31 0;
v0x56e45f836180_0 .net "rst_n", 0 0, v0x56e45f84c2e0_0;  alias, 1 drivers
v0x56e45f836220_0 .net "weight_in", 7 0, L_0x56e45f8a3bd0;  1 drivers
v0x56e45f836300_0 .net "weight_load", 0 0, L_0x56e45f8a3b10;  1 drivers
v0x56e45f8363c0_0 .var "weight_reg", 7 0;
S_0x56e45f836900 .scope generate, "gen_row[7]" "gen_row[7]" 7 99, 7 99 0, S_0x56e45f7ed550;
 .timescale -9 -12;
P_0x56e45f836ab0 .param/l "row" 1 7 99, +C4<0111>;
S_0x56e45f836b90 .scope generate, "gen_col[0]" "gen_col[0]" 7 100, 7 100 0, S_0x56e45f836900;
 .timescale -9 -12;
P_0x56e45f836d90 .param/l "col" 1 7 100, +C4<00>;
L_0x56e45f8a3c70 .functor AND 1, v0x56e45f848f50_0, L_0x56e45f8a3f70, C4<1>, C4<1>;
v0x56e45f837c50_0 .net *"_ivl_0", 4 0, L_0x56e45f8a3e20;  1 drivers
L_0x79ed4f55b548 .functor BUFT 1, C4<00>, C4<0>, C4<0>, C4<0>;
v0x56e45f837d50_0 .net *"_ivl_3", 1 0, L_0x79ed4f55b548;  1 drivers
L_0x79ed4f55b590 .functor BUFT 1, C4<00111>, C4<0>, C4<0>, C4<0>;
v0x56e45f837e30_0 .net/2u *"_ivl_4", 4 0, L_0x79ed4f55b590;  1 drivers
v0x56e45f837ef0_0 .net *"_ivl_6", 0 0, L_0x56e45f8a3f70;  1 drivers
L_0x56e45f8a3e20 .concat [ 3 2 0 0], v0x56e45f849040_0, L_0x79ed4f55b548;
L_0x56e45f8a3f70 .cmp/eq 5, L_0x56e45f8a3e20, L_0x79ed4f55b590;
S_0x56e45f836e70 .scope module, "u_pe" "pe" 7 101, 8 30 0, S_0x56e45f836b90;
 .timescale -9 -12;
    .port_info 0 /INPUT 1 "clk";
    .port_info 1 /INPUT 1 "rst_n";
    .port_info 2 /INPUT 1 "weight_load";
    .port_info 3 /INPUT 8 "weight_in";
    .port_info 4 /INPUT 8 "act_in";
    .port_info 5 /OUTPUT 8 "act_out";
    .port_info 6 /INPUT 32 "psum_in";
    .port_info 7 /OUTPUT 32 "psum_out";
P_0x56e45f837050 .param/l "ACC_W" 0 8 32, +C4<00000000000000000000000000100000>;
P_0x56e45f837090 .param/l "DATA_W" 0 8 31, +C4<00000000000000000000000000001000>;
v0x56e45f837390_0 .net "act_in", 7 0, L_0x56e45f8a41d0;  1 drivers
v0x56e45f837490_0 .var "act_out", 7 0;
v0x56e45f837570_0 .net "clk", 0 0, v0x56e45f84c240_0;  alias, 1 drivers
v0x56e45f837640_0 .net "psum_in", 31 0, L_0x56e45f8a4270;  1 drivers
v0x56e45f837700_0 .var "psum_out", 31 0;
v0x56e45f837830_0 .net "rst_n", 0 0, v0x56e45f84c2e0_0;  alias, 1 drivers
v0x56e45f8378d0_0 .net "weight_in", 7 0, L_0x56e45f8a4130;  1 drivers
v0x56e45f8379b0_0 .net "weight_load", 0 0, L_0x56e45f8a3c70;  1 drivers
v0x56e45f837a70_0 .var "weight_reg", 7 0;
S_0x56e45f837fb0 .scope generate, "gen_col[1]" "gen_col[1]" 7 100, 7 100 0, S_0x56e45f836900;
 .timescale -9 -12;
P_0x56e45f838180 .param/l "col" 1 7 100, +C4<01>;
L_0x56e45f8a4cb0 .functor AND 1, v0x56e45f848f50_0, L_0x56e45f8a4b70, C4<1>, C4<1>;
v0x56e45f839020_0 .net *"_ivl_0", 4 0, L_0x56e45f8a4a80;  1 drivers
L_0x79ed4f55b5d8 .functor BUFT 1, C4<00>, C4<0>, C4<0>, C4<0>;
v0x56e45f839120_0 .net *"_ivl_3", 1 0, L_0x79ed4f55b5d8;  1 drivers
L_0x79ed4f55b620 .functor BUFT 1, C4<00111>, C4<0>, C4<0>, C4<0>;
v0x56e45f839200_0 .net/2u *"_ivl_4", 4 0, L_0x79ed4f55b620;  1 drivers
v0x56e45f8392c0_0 .net *"_ivl_6", 0 0, L_0x56e45f8a4b70;  1 drivers
L_0x56e45f8a4a80 .concat [ 3 2 0 0], v0x56e45f849040_0, L_0x79ed4f55b5d8;
L_0x56e45f8a4b70 .cmp/eq 5, L_0x56e45f8a4a80, L_0x79ed4f55b620;
S_0x56e45f838240 .scope module, "u_pe" "pe" 7 101, 8 30 0, S_0x56e45f837fb0;
 .timescale -9 -12;
    .port_info 0 /INPUT 1 "clk";
    .port_info 1 /INPUT 1 "rst_n";
    .port_info 2 /INPUT 1 "weight_load";
    .port_info 3 /INPUT 8 "weight_in";
    .port_info 4 /INPUT 8 "act_in";
    .port_info 5 /OUTPUT 8 "act_out";
    .port_info 6 /INPUT 32 "psum_in";
    .port_info 7 /OUTPUT 32 "psum_out";
P_0x56e45f838420 .param/l "ACC_W" 0 8 32, +C4<00000000000000000000000000100000>;
P_0x56e45f838460 .param/l "DATA_W" 0 8 31, +C4<00000000000000000000000000001000>;
v0x56e45f838760_0 .net "act_in", 7 0, L_0x56e45f8a44e0;  1 drivers
v0x56e45f838860_0 .var "act_out", 7 0;
v0x56e45f838940_0 .net "clk", 0 0, v0x56e45f84c240_0;  alias, 1 drivers
v0x56e45f838a10_0 .net "psum_in", 31 0, L_0x56e45f8a45b0;  1 drivers
v0x56e45f838ad0_0 .var "psum_out", 31 0;
v0x56e45f838c00_0 .net "rst_n", 0 0, v0x56e45f84c2e0_0;  alias, 1 drivers
v0x56e45f838ca0_0 .net "weight_in", 7 0, L_0x56e45f8a4d70;  1 drivers
v0x56e45f838d80_0 .net "weight_load", 0 0, L_0x56e45f8a4cb0;  1 drivers
v0x56e45f838e40_0 .var "weight_reg", 7 0;
S_0x56e45f839380 .scope generate, "gen_col[2]" "gen_col[2]" 7 100, 7 100 0, S_0x56e45f836900;
 .timescale -9 -12;
P_0x56e45f839560 .param/l "col" 1 7 100, +C4<010>;
L_0x56e45f8a4940 .functor AND 1, v0x56e45f848f50_0, L_0x56e45f8a47d0, C4<1>, C4<1>;
v0x56e45f83a400_0 .net *"_ivl_0", 4 0, L_0x56e45f8a4680;  1 drivers
L_0x79ed4f55b668 .functor BUFT 1, C4<00>, C4<0>, C4<0>, C4<0>;
v0x56e45f83a500_0 .net *"_ivl_3", 1 0, L_0x79ed4f55b668;  1 drivers
L_0x79ed4f55b6b0 .functor BUFT 1, C4<00111>, C4<0>, C4<0>, C4<0>;
v0x56e45f83a5e0_0 .net/2u *"_ivl_4", 4 0, L_0x79ed4f55b6b0;  1 drivers
v0x56e45f83a6a0_0 .net *"_ivl_6", 0 0, L_0x56e45f8a47d0;  1 drivers
L_0x56e45f8a4680 .concat [ 3 2 0 0], v0x56e45f849040_0, L_0x79ed4f55b668;
L_0x56e45f8a47d0 .cmp/eq 5, L_0x56e45f8a4680, L_0x79ed4f55b6b0;
S_0x56e45f839620 .scope module, "u_pe" "pe" 7 101, 8 30 0, S_0x56e45f839380;
 .timescale -9 -12;
    .port_info 0 /INPUT 1 "clk";
    .port_info 1 /INPUT 1 "rst_n";
    .port_info 2 /INPUT 1 "weight_load";
    .port_info 3 /INPUT 8 "weight_in";
    .port_info 4 /INPUT 8 "act_in";
    .port_info 5 /OUTPUT 8 "act_out";
    .port_info 6 /INPUT 32 "psum_in";
    .port_info 7 /OUTPUT 32 "psum_out";
P_0x56e45f839800 .param/l "ACC_W" 0 8 32, +C4<00000000000000000000000000100000>;
P_0x56e45f839840 .param/l "DATA_W" 0 8 31, +C4<00000000000000000000000000001000>;
v0x56e45f839b40_0 .net "act_in", 7 0, L_0x56e45f8a5470;  1 drivers
v0x56e45f839c40_0 .var "act_out", 7 0;
v0x56e45f839d20_0 .net "clk", 0 0, v0x56e45f84c240_0;  alias, 1 drivers
v0x56e45f839df0_0 .net "psum_in", 31 0, L_0x56e45f8a4e10;  1 drivers
v0x56e45f839eb0_0 .var "psum_out", 31 0;
v0x56e45f839fe0_0 .net "rst_n", 0 0, v0x56e45f84c2e0_0;  alias, 1 drivers
v0x56e45f83a080_0 .net "weight_in", 7 0, L_0x56e45f8a53d0;  1 drivers
v0x56e45f83a160_0 .net "weight_load", 0 0, L_0x56e45f8a4940;  1 drivers
v0x56e45f83a220_0 .var "weight_reg", 7 0;
S_0x56e45f83a760 .scope generate, "gen_col[3]" "gen_col[3]" 7 100, 7 100 0, S_0x56e45f836900;
 .timescale -9 -12;
P_0x56e45f83a910 .param/l "col" 1 7 100, +C4<011>;
L_0x56e45f8a51a0 .functor AND 1, v0x56e45f848f50_0, L_0x56e45f8a5030, C4<1>, C4<1>;
v0x56e45f83b7d0_0 .net *"_ivl_0", 4 0, L_0x56e45f8a4ee0;  1 drivers
L_0x79ed4f55b6f8 .functor BUFT 1, C4<00>, C4<0>, C4<0>, C4<0>;
v0x56e45f83b8d0_0 .net *"_ivl_3", 1 0, L_0x79ed4f55b6f8;  1 drivers
L_0x79ed4f55b740 .functor BUFT 1, C4<00111>, C4<0>, C4<0>, C4<0>;
v0x56e45f83b9b0_0 .net/2u *"_ivl_4", 4 0, L_0x79ed4f55b740;  1 drivers
v0x56e45f83ba70_0 .net *"_ivl_6", 0 0, L_0x56e45f8a5030;  1 drivers
L_0x56e45f8a4ee0 .concat [ 3 2 0 0], v0x56e45f849040_0, L_0x79ed4f55b6f8;
L_0x56e45f8a5030 .cmp/eq 5, L_0x56e45f8a4ee0, L_0x79ed4f55b740;
S_0x56e45f83a9f0 .scope module, "u_pe" "pe" 7 101, 8 30 0, S_0x56e45f83a760;
 .timescale -9 -12;
    .port_info 0 /INPUT 1 "clk";
    .port_info 1 /INPUT 1 "rst_n";
    .port_info 2 /INPUT 1 "weight_load";
    .port_info 3 /INPUT 8 "weight_in";
    .port_info 4 /INPUT 8 "act_in";
    .port_info 5 /OUTPUT 8 "act_out";
    .port_info 6 /INPUT 32 "psum_in";
    .port_info 7 /OUTPUT 32 "psum_out";
P_0x56e45f83abd0 .param/l "ACC_W" 0 8 32, +C4<00000000000000000000000000100000>;
P_0x56e45f83ac10 .param/l "DATA_W" 0 8 31, +C4<00000000000000000000000000001000>;
v0x56e45f83af10_0 .net "act_in", 7 0, L_0x56e45f8a5300;  1 drivers
v0x56e45f83b010_0 .var "act_out", 7 0;
v0x56e45f83b0f0_0 .net "clk", 0 0, v0x56e45f84c240_0;  alias, 1 drivers
v0x56e45f83b1c0_0 .net "psum_in", 31 0, L_0x56e45f8a5af0;  1 drivers
v0x56e45f83b280_0 .var "psum_out", 31 0;
v0x56e45f83b3b0_0 .net "rst_n", 0 0, v0x56e45f84c2e0_0;  alias, 1 drivers
v0x56e45f83b450_0 .net "weight_in", 7 0, L_0x56e45f8a5260;  1 drivers
v0x56e45f83b530_0 .net "weight_load", 0 0, L_0x56e45f8a51a0;  1 drivers
v0x56e45f83b5f0_0 .var "weight_reg", 7 0;
S_0x56e45f83bb30 .scope generate, "gen_col[4]" "gen_col[4]" 7 100, 7 100 0, S_0x56e45f836900;
 .timescale -9 -12;
P_0x56e45f83bd30 .param/l "col" 1 7 100, +C4<0100>;
L_0x56e45f8a57d0 .functor AND 1, v0x56e45f848f50_0, L_0x56e45f8a5660, C4<1>, C4<1>;
v0x56e45f83cbc0_0 .net *"_ivl_0", 4 0, L_0x56e45f8a5510;  1 drivers
L_0x79ed4f55b788 .functor BUFT 1, C4<00>, C4<0>, C4<0>, C4<0>;
v0x56e45f83ccc0_0 .net *"_ivl_3", 1 0, L_0x79ed4f55b788;  1 drivers
L_0x79ed4f55b7d0 .functor BUFT 1, C4<00111>, C4<0>, C4<0>, C4<0>;
v0x56e45f83cda0_0 .net/2u *"_ivl_4", 4 0, L_0x79ed4f55b7d0;  1 drivers
v0x56e45f83ce60_0 .net *"_ivl_6", 0 0, L_0x56e45f8a5660;  1 drivers
L_0x56e45f8a5510 .concat [ 3 2 0 0], v0x56e45f849040_0, L_0x79ed4f55b788;
L_0x56e45f8a5660 .cmp/eq 5, L_0x56e45f8a5510, L_0x79ed4f55b7d0;
S_0x56e45f83be10 .scope module, "u_pe" "pe" 7 101, 8 30 0, S_0x56e45f83bb30;
 .timescale -9 -12;
    .port_info 0 /INPUT 1 "clk";
    .port_info 1 /INPUT 1 "rst_n";
    .port_info 2 /INPUT 1 "weight_load";
    .port_info 3 /INPUT 8 "weight_in";
    .port_info 4 /INPUT 8 "act_in";
    .port_info 5 /OUTPUT 8 "act_out";
    .port_info 6 /INPUT 32 "psum_in";
    .port_info 7 /OUTPUT 32 "psum_out";
P_0x56e45f83bff0 .param/l "ACC_W" 0 8 32, +C4<00000000000000000000000000100000>;
P_0x56e45f83c030 .param/l "DATA_W" 0 8 31, +C4<00000000000000000000000000001000>;
v0x56e45f83c300_0 .net "act_in", 7 0, L_0x56e45f8a5930;  1 drivers
v0x56e45f83c400_0 .var "act_out", 7 0;
v0x56e45f83c4e0_0 .net "clk", 0 0, v0x56e45f84c240_0;  alias, 1 drivers
v0x56e45f83c5b0_0 .net "psum_in", 31 0, L_0x56e45f8a59d0;  1 drivers
v0x56e45f83c670_0 .var "psum_out", 31 0;
v0x56e45f83c7a0_0 .net "rst_n", 0 0, v0x56e45f84c2e0_0;  alias, 1 drivers
v0x56e45f83c840_0 .net "weight_in", 7 0, L_0x56e45f8a5890;  1 drivers
v0x56e45f83c920_0 .net "weight_load", 0 0, L_0x56e45f8a57d0;  1 drivers
v0x56e45f83c9e0_0 .var "weight_reg", 7 0;
S_0x56e45f83cf20 .scope generate, "gen_col[5]" "gen_col[5]" 7 100, 7 100 0, S_0x56e45f836900;
 .timescale -9 -12;
P_0x56e45f83d0d0 .param/l "col" 1 7 100, +C4<0101>;
L_0x56e45f884c30 .functor AND 1, v0x56e45f848f50_0, L_0x56e45f884af0, C4<1>, C4<1>;
v0x56e45f83df90_0 .net *"_ivl_0", 4 0, L_0x56e45f8a6190;  1 drivers
L_0x79ed4f55b818 .functor BUFT 1, C4<00>, C4<0>, C4<0>, C4<0>;
v0x56e45f83e090_0 .net *"_ivl_3", 1 0, L_0x79ed4f55b818;  1 drivers
L_0x79ed4f55b860 .functor BUFT 1, C4<00111>, C4<0>, C4<0>, C4<0>;
v0x56e45f83e170_0 .net/2u *"_ivl_4", 4 0, L_0x79ed4f55b860;  1 drivers
v0x56e45f83e230_0 .net *"_ivl_6", 0 0, L_0x56e45f884af0;  1 drivers
L_0x56e45f8a6190 .concat [ 3 2 0 0], v0x56e45f849040_0, L_0x79ed4f55b818;
L_0x56e45f884af0 .cmp/eq 5, L_0x56e45f8a6190, L_0x79ed4f55b860;
S_0x56e45f83d1b0 .scope module, "u_pe" "pe" 7 101, 8 30 0, S_0x56e45f83cf20;
 .timescale -9 -12;
    .port_info 0 /INPUT 1 "clk";
    .port_info 1 /INPUT 1 "rst_n";
    .port_info 2 /INPUT 1 "weight_load";
    .port_info 3 /INPUT 8 "weight_in";
    .port_info 4 /INPUT 8 "act_in";
    .port_info 5 /OUTPUT 8 "act_out";
    .port_info 6 /INPUT 32 "psum_in";
    .port_info 7 /OUTPUT 32 "psum_out";
P_0x56e45f83d390 .param/l "ACC_W" 0 8 32, +C4<00000000000000000000000000100000>;
P_0x56e45f83d3d0 .param/l "DATA_W" 0 8 31, +C4<00000000000000000000000000001000>;
v0x56e45f83d6d0_0 .net "act_in", 7 0, L_0x56e45f884d90;  1 drivers
v0x56e45f83d7d0_0 .var "act_out", 7 0;
v0x56e45f83d8b0_0 .net "clk", 0 0, v0x56e45f84c240_0;  alias, 1 drivers
v0x56e45f83d980_0 .net "psum_in", 31 0, L_0x56e45f884e60;  1 drivers
v0x56e45f83da40_0 .var "psum_out", 31 0;
v0x56e45f83db70_0 .net "rst_n", 0 0, v0x56e45f84c2e0_0;  alias, 1 drivers
v0x56e45f83dc10_0 .net "weight_in", 7 0, L_0x56e45f884cf0;  1 drivers
v0x56e45f83dcf0_0 .net "weight_load", 0 0, L_0x56e45f884c30;  1 drivers
v0x56e45f83ddb0_0 .var "weight_reg", 7 0;
S_0x56e45f83e2f0 .scope generate, "gen_col[6]" "gen_col[6]" 7 100, 7 100 0, S_0x56e45f836900;
 .timescale -9 -12;
P_0x56e45f83e4a0 .param/l "col" 1 7 100, +C4<0110>;
L_0x56e45f8851f0 .functor AND 1, v0x56e45f848f50_0, L_0x56e45f885080, C4<1>, C4<1>;
v0x56e45f83f360_0 .net *"_ivl_0", 4 0, L_0x56e45f884f30;  1 drivers
L_0x79ed4f55b8a8 .functor BUFT 1, C4<00>, C4<0>, C4<0>, C4<0>;
v0x56e45f83f460_0 .net *"_ivl_3", 1 0, L_0x79ed4f55b8a8;  1 drivers
L_0x79ed4f55b8f0 .functor BUFT 1, C4<00111>, C4<0>, C4<0>, C4<0>;
v0x56e45f83f540_0 .net/2u *"_ivl_4", 4 0, L_0x79ed4f55b8f0;  1 drivers
v0x56e45f83f600_0 .net *"_ivl_6", 0 0, L_0x56e45f885080;  1 drivers
L_0x56e45f884f30 .concat [ 3 2 0 0], v0x56e45f849040_0, L_0x79ed4f55b8a8;
L_0x56e45f885080 .cmp/eq 5, L_0x56e45f884f30, L_0x79ed4f55b8f0;
S_0x56e45f83e580 .scope module, "u_pe" "pe" 7 101, 8 30 0, S_0x56e45f83e2f0;
 .timescale -9 -12;
    .port_info 0 /INPUT 1 "clk";
    .port_info 1 /INPUT 1 "rst_n";
    .port_info 2 /INPUT 1 "weight_load";
    .port_info 3 /INPUT 8 "weight_in";
    .port_info 4 /INPUT 8 "act_in";
    .port_info 5 /OUTPUT 8 "act_out";
    .port_info 6 /INPUT 32 "psum_in";
    .port_info 7 /OUTPUT 32 "psum_out";
P_0x56e45f83e760 .param/l "ACC_W" 0 8 32, +C4<00000000000000000000000000100000>;
P_0x56e45f83e7a0 .param/l "DATA_W" 0 8 31, +C4<00000000000000000000000000001000>;
v0x56e45f83eaa0_0 .net "act_in", 7 0, L_0x56e45f8a5c30;  1 drivers
v0x56e45f83eba0_0 .var "act_out", 7 0;
v0x56e45f83ec80_0 .net "clk", 0 0, v0x56e45f84c240_0;  alias, 1 drivers
v0x56e45f83ed50_0 .net "psum_in", 31 0, L_0x56e45f8a5cd0;  1 drivers
v0x56e45f83ee10_0 .var "psum_out", 31 0;
v0x56e45f83ef40_0 .net "rst_n", 0 0, v0x56e45f84c2e0_0;  alias, 1 drivers
v0x56e45f83efe0_0 .net "weight_in", 7 0, L_0x56e45f8a5b90;  1 drivers
v0x56e45f83f0c0_0 .net "weight_load", 0 0, L_0x56e45f8851f0;  1 drivers
v0x56e45f83f180_0 .var "weight_reg", 7 0;
S_0x56e45f83f6c0 .scope generate, "gen_col[7]" "gen_col[7]" 7 100, 7 100 0, S_0x56e45f836900;
 .timescale -9 -12;
P_0x56e45f83f870 .param/l "col" 1 7 100, +C4<0111>;
L_0x56e45f8a6010 .functor AND 1, v0x56e45f848f50_0, L_0x56e45f8a5ea0, C4<1>, C4<1>;
v0x56e45f840730_0 .net *"_ivl_0", 4 0, L_0x56e45f8a5da0;  1 drivers
L_0x79ed4f55b938 .functor BUFT 1, C4<00>, C4<0>, C4<0>, C4<0>;
v0x56e45f840830_0 .net *"_ivl_3", 1 0, L_0x79ed4f55b938;  1 drivers
L_0x79ed4f55b980 .functor BUFT 1, C4<00111>, C4<0>, C4<0>, C4<0>;
v0x56e45f840910_0 .net/2u *"_ivl_4", 4 0, L_0x79ed4f55b980;  1 drivers
v0x56e45f8409d0_0 .net *"_ivl_6", 0 0, L_0x56e45f8a5ea0;  1 drivers
L_0x56e45f8a5da0 .concat [ 3 2 0 0], v0x56e45f849040_0, L_0x79ed4f55b938;
L_0x56e45f8a5ea0 .cmp/eq 5, L_0x56e45f8a5da0, L_0x79ed4f55b980;
S_0x56e45f83f950 .scope module, "u_pe" "pe" 7 101, 8 30 0, S_0x56e45f83f6c0;
 .timescale -9 -12;
    .port_info 0 /INPUT 1 "clk";
    .port_info 1 /INPUT 1 "rst_n";
    .port_info 2 /INPUT 1 "weight_load";
    .port_info 3 /INPUT 8 "weight_in";
    .port_info 4 /INPUT 8 "act_in";
    .port_info 5 /OUTPUT 8 "act_out";
    .port_info 6 /INPUT 32 "psum_in";
    .port_info 7 /OUTPUT 32 "psum_out";
P_0x56e45f83fb30 .param/l "ACC_W" 0 8 32, +C4<00000000000000000000000000100000>;
P_0x56e45f83fb70 .param/l "DATA_W" 0 8 31, +C4<00000000000000000000000000001000>;
v0x56e45f83fe70_0 .net "act_in", 7 0, L_0x56e45f8a90b0;  1 drivers
v0x56e45f83ff70_0 .var "act_out", 7 0;
v0x56e45f840050_0 .net "clk", 0 0, v0x56e45f84c240_0;  alias, 1 drivers
v0x56e45f840120_0 .net "psum_in", 31 0, L_0x56e45f8a8a70;  1 drivers
v0x56e45f8401e0_0 .var "psum_out", 31 0;
v0x56e45f840310_0 .net "rst_n", 0 0, v0x56e45f84c2e0_0;  alias, 1 drivers
v0x56e45f8403b0_0 .net "weight_in", 7 0, L_0x56e45f8a60d0;  1 drivers
v0x56e45f840490_0 .net "weight_load", 0 0, L_0x56e45f8a6010;  1 drivers
v0x56e45f840550_0 .var "weight_reg", 7 0;
S_0x56e45f8427c0 .scope generate, "unpack_a[0]" "unpack_a[0]" 6 31, 6 31 0, S_0x56e45f7eb0d0;
 .timescale -9 -12;
P_0x56e45f842970 .param/l "i" 1 6 31, +C4<00>;
v0x56e45f842a50_0 .net *"_ivl_0", 7 0, L_0x56e45f886bf0;  1 drivers
S_0x56e45f842b30 .scope generate, "unpack_a[1]" "unpack_a[1]" 6 31, 6 31 0, S_0x56e45f7eb0d0;
 .timescale -9 -12;
P_0x56e45f842d30 .param/l "i" 1 6 31, +C4<01>;
v0x56e45f842e10_0 .net *"_ivl_0", 7 0, L_0x56e45f886cf0;  1 drivers
S_0x56e45f842ef0 .scope generate, "unpack_a[2]" "unpack_a[2]" 6 31, 6 31 0, S_0x56e45f7eb0d0;
 .timescale -9 -12;
P_0x56e45f8430f0 .param/l "i" 1 6 31, +C4<010>;
v0x56e45f8431d0_0 .net *"_ivl_0", 7 0, L_0x56e45f886d90;  1 drivers
S_0x56e45f8432b0 .scope generate, "unpack_a[3]" "unpack_a[3]" 6 31, 6 31 0, S_0x56e45f7eb0d0;
 .timescale -9 -12;
P_0x56e45f8434b0 .param/l "i" 1 6 31, +C4<011>;
v0x56e45f843590_0 .net *"_ivl_0", 7 0, L_0x56e45f886ea0;  1 drivers
S_0x56e45f843670 .scope generate, "unpack_a[4]" "unpack_a[4]" 6 31, 6 31 0, S_0x56e45f7eb0d0;
 .timescale -9 -12;
P_0x56e45f843870 .param/l "i" 1 6 31, +C4<0100>;
v0x56e45f843950_0 .net *"_ivl_0", 7 0, L_0x56e45f886f40;  1 drivers
S_0x56e45f843a30 .scope generate, "unpack_a[5]" "unpack_a[5]" 6 31, 6 31 0, S_0x56e45f7eb0d0;
 .timescale -9 -12;
P_0x56e45f843c30 .param/l "i" 1 6 31, +C4<0101>;
v0x56e45f843d10_0 .net *"_ivl_0", 7 0, L_0x56e45f887060;  1 drivers
S_0x56e45f843df0 .scope generate, "unpack_a[6]" "unpack_a[6]" 6 31, 6 31 0, S_0x56e45f7eb0d0;
 .timescale -9 -12;
P_0x56e45f843ff0 .param/l "i" 1 6 31, +C4<0110>;
v0x56e45f8440d0_0 .net *"_ivl_0", 7 0, L_0x56e45f887100;  1 drivers
S_0x56e45f8441b0 .scope generate, "unpack_a[7]" "unpack_a[7]" 6 31, 6 31 0, S_0x56e45f7eb0d0;
 .timescale -9 -12;
P_0x56e45f8443b0 .param/l "i" 1 6 31, +C4<0111>;
v0x56e45f844490_0 .net *"_ivl_0", 7 0, L_0x56e45f887500;  1 drivers
S_0x56e45f844570 .scope generate, "unpack_w[0]" "unpack_w[0]" 6 28, 6 28 0, S_0x56e45f7eb0d0;
 .timescale -9 -12;
P_0x56e45f844770 .param/l "i" 1 6 28, +C4<00>;
v0x56e45f844850_0 .net *"_ivl_0", 7 0, L_0x56e45f886330;  1 drivers
S_0x56e45f844930 .scope generate, "unpack_w[1]" "unpack_w[1]" 6 28, 6 28 0, S_0x56e45f7eb0d0;
 .timescale -9 -12;
P_0x56e45f844b30 .param/l "i" 1 6 28, +C4<01>;
v0x56e45f844c10_0 .net *"_ivl_0", 7 0, L_0x56e45f8863d0;  1 drivers
S_0x56e45f844cf0 .scope generate, "unpack_w[2]" "unpack_w[2]" 6 28, 6 28 0, S_0x56e45f7eb0d0;
 .timescale -9 -12;
P_0x56e45f844ef0 .param/l "i" 1 6 28, +C4<010>;
v0x56e45f844fd0_0 .net *"_ivl_0", 7 0, L_0x56e45f886470;  1 drivers
S_0x56e45f8450b0 .scope generate, "unpack_w[3]" "unpack_w[3]" 6 28, 6 28 0, S_0x56e45f7eb0d0;
 .timescale -9 -12;
P_0x56e45f8452b0 .param/l "i" 1 6 28, +C4<011>;
v0x56e45f845390_0 .net *"_ivl_0", 7 0, L_0x56e45f886510;  1 drivers
S_0x56e45f845470 .scope generate, "unpack_w[4]" "unpack_w[4]" 6 28, 6 28 0, S_0x56e45f7eb0d0;
 .timescale -9 -12;
P_0x56e45f845670 .param/l "i" 1 6 28, +C4<0100>;
v0x56e45f845750_0 .net *"_ivl_0", 7 0, L_0x56e45f8865b0;  1 drivers
S_0x56e45f845830 .scope generate, "unpack_w[5]" "unpack_w[5]" 6 28, 6 28 0, S_0x56e45f7eb0d0;
 .timescale -9 -12;
P_0x56e45f845a30 .param/l "i" 1 6 28, +C4<0101>;
v0x56e45f845b10_0 .net *"_ivl_0", 7 0, L_0x56e45f886650;  1 drivers
S_0x56e45f845bf0 .scope generate, "unpack_w[6]" "unpack_w[6]" 6 28, 6 28 0, S_0x56e45f7eb0d0;
 .timescale -9 -12;
P_0x56e45f845df0 .param/l "i" 1 6 28, +C4<0110>;
v0x56e45f845ed0_0 .net *"_ivl_0", 7 0, L_0x56e45f8866f0;  1 drivers
S_0x56e45f845fb0 .scope generate, "unpack_w[7]" "unpack_w[7]" 6 28, 6 28 0, S_0x56e45f7eb0d0;
 .timescale -9 -12;
P_0x56e45f8461b0 .param/l "i" 1 6 28, +C4<0111>;
v0x56e45f846290_0 .net *"_ivl_0", 7 0, L_0x56e45f886b00;  1 drivers
S_0x56e45f849410 .scope module, "u_scratchpad" "scratchpad" 4 78, 9 15 0, S_0x56e45f7e60d0;
 .timescale -9 -12;
    .port_info 0 /INPUT 1 "clk";
    .port_info 1 /INPUT 1 "rst_n";
    .port_info 2 /INPUT 6 "sram_a_addr";
    .port_info 3 /INPUT 1 "sram_a_ren";
    .port_info 4 /INPUT 1 "sram_a_wen";
    .port_info 5 /INPUT 8 "sram_a_wdata";
    .port_info 6 /OUTPUT 8 "sram_a_rdata";
    .port_info 7 /INPUT 6 "sram_b_addr";
    .port_info 8 /INPUT 1 "sram_b_ren";
    .port_info 9 /INPUT 1 "sram_b_wen";
    .port_info 10 /INPUT 8 "sram_b_wdata";
    .port_info 11 /OUTPUT 8 "sram_b_rdata";
    .port_info 12 /INPUT 3 "sram_c_addr";
    .port_info 13 /INPUT 1 "sram_c_ren";
    .port_info 14 /INPUT 1 "sram_c_wen";
    .port_info 15 /INPUT 32 "sram_c_wdata";
    .port_info 16 /OUTPUT 32 "sram_c_rdata";
v0x56e45f7e7210_0 .net "clk", 0 0, v0x56e45f84c240_0;  alias, 1 drivers
v0x56e45f8497b0_0 .var/i "i", 31 0;
v0x56e45f849890 .array "mem_a", 63 0, 7 0;
v0x56e45f849930 .array "mem_b", 63 0, 7 0;
v0x56e45f8499f0 .array "mem_c", 7 0, 31 0;
v0x56e45f849b00_0 .net "rst_n", 0 0, v0x56e45f84c2e0_0;  alias, 1 drivers
v0x56e45f849ba0_0 .net "sram_a_addr", 5 0, v0x56e45f848440_0;  alias, 1 drivers
v0x56e45f849c60_0 .var "sram_a_rdata", 7 0;
v0x56e45f849d00_0 .net "sram_a_ren", 0 0, v0x56e45f848600_0;  alias, 1 drivers
L_0x79ed4f55ba58 .functor BUFT 1, C4<00000000>, C4<0>, C4<0>, C4<0>;
v0x56e45f849e60_0 .net "sram_a_wdata", 7 0, L_0x79ed4f55ba58;  1 drivers
L_0x79ed4f55ba10 .functor BUFT 1, C4<0>, C4<0>, C4<0>, C4<0>;
v0x56e45f849f00_0 .net "sram_a_wen", 0 0, L_0x79ed4f55ba10;  1 drivers
v0x56e45f849fc0_0 .net "sram_b_addr", 5 0, v0x56e45f8486c0_0;  alias, 1 drivers
v0x56e45f84a0b0_0 .var "sram_b_rdata", 7 0;
v0x56e45f84a180_0 .net "sram_b_ren", 0 0, v0x56e45f848880_0;  alias, 1 drivers
L_0x79ed4f55bae8 .functor BUFT 1, C4<00000000>, C4<0>, C4<0>, C4<0>;
v0x56e45f84a250_0 .net "sram_b_wdata", 7 0, L_0x79ed4f55bae8;  1 drivers
L_0x79ed4f55baa0 .functor BUFT 1, C4<0>, C4<0>, C4<0>, C4<0>;
v0x56e45f84a2f0_0 .net "sram_b_wen", 0 0, L_0x79ed4f55baa0;  1 drivers
v0x56e45f84a3b0_0 .net "sram_c_addr", 2 0, v0x56e45f848940_0;  alias, 1 drivers
v0x56e45f84a4a0_0 .var "sram_c_rdata", 31 0;
L_0x79ed4f55bb30 .functor BUFT 1, C4<0>, C4<0>, C4<0>, C4<0>;
v0x56e45f84a560_0 .net "sram_c_ren", 0 0, L_0x79ed4f55bb30;  1 drivers
v0x56e45f84a620_0 .net "sram_c_wdata", 31 0, v0x56e45f848a20_0;  alias, 1 drivers
v0x56e45f84a710_0 .net "sram_c_wen", 0 0, v0x56e45f848b00_0;  alias, 1 drivers
    .scope S_0x56e45f643db0;
T_6 ;
    %wait E_0x56e45f7c7840;
    %load/vec4 v0x56e45f641150_0;
    %nor/r;
    %flag_set/vec4 8;
    %jmp/0xz  T_6.0, 8;
    %pushi/vec4 0, 0, 8;
    %assign/vec4 v0x56e45f644990_0, 0;
    %pushi/vec4 0, 0, 8;
    %assign/vec4 v0x56e45f63af90_0, 0;
    %pushi/vec4 0, 0, 32;
    %assign/vec4 v0x56e45f63e7d0_0, 0;
    %jmp T_6.1;
T_6.0 ;
    %load/vec4 v0x56e45f644230_0;
    %flag_set/vec4 8;
    %jmp/0xz  T_6.2, 8;
    %load/vec4 v0x56e45f6418b0_0;
    %assign/vec4 v0x56e45f644990_0, 0;
T_6.2 ;
    %load/vec4 v0x56e45f6385d0_0;
    %assign/vec4 v0x56e45f63af90_0, 0;
    %load/vec4 v0x56e45f63e070_0;
    %load/vec4 v0x56e45f644990_0;
    %pad/u 32;
    %load/vec4 v0x56e45f6385d0_0;
    %pad/u 32;
    %mul;
    %add;
    %assign/vec4 v0x56e45f63e7d0_0, 0;
T_6.1 ;
    %jmp T_6;
    .thread T_6;
    .scope S_0x56e45f6562f0;
T_7 ;
    %wait E_0x56e45f7c7840;
    %load/vec4 v0x56e45f659850_0;
    %nor/r;
    %flag_set/vec4 8;
    %jmp/0xz  T_7.0, 8;
    %pushi/vec4 0, 0, 8;
    %assign/vec4 v0x56e45f65d090_0, 0;
    %pushi/vec4 0, 0, 8;
    %assign/vec4 v0x56e45f653690_0, 0;
    %pushi/vec4 0, 0, 32;
    %assign/vec4 v0x56e45f656ed0_0, 0;
    %jmp T_7.1;
T_7.0 ;
    %load/vec4 v0x56e45f65c930_0;
    %flag_set/vec4 8;
    %jmp/0xz  T_7.2, 8;
    %load/vec4 v0x56e45f659fb0_0;
    %assign/vec4 v0x56e45f65d090_0, 0;
T_7.2 ;
    %load/vec4 v0x56e45f650d10_0;
    %assign/vec4 v0x56e45f653690_0, 0;
    %load/vec4 v0x56e45f656770_0;
    %load/vec4 v0x56e45f65d090_0;
    %pad/u 32;
    %load/vec4 v0x56e45f650d10_0;
    %pad/u 32;
    %mul;
    %add;
    %assign/vec4 v0x56e45f656ed0_0, 0;
T_7.1 ;
    %jmp T_7;
    .thread T_7;
    .scope S_0x56e45f65c4b0;
T_8 ;
    %wait E_0x56e45f7c7840;
    %load/vec4 v0x56e45f671f50_0;
    %nor/r;
    %flag_set/vec4 8;
    %jmp/0xz  T_8.0, 8;
    %pushi/vec4 0, 0, 8;
    %assign/vec4 v0x56e45f675790_0, 0;
    %pushi/vec4 0, 0, 8;
    %assign/vec4 v0x56e45f66bd90_0, 0;
    %pushi/vec4 0, 0, 32;
    %assign/vec4 v0x56e45f66f5d0_0, 0;
    %jmp T_8.1;
T_8.0 ;
    %load/vec4 v0x56e45f675030_0;
    %flag_set/vec4 8;
    %jmp/0xz  T_8.2, 8;
    %load/vec4 v0x56e45f6726b0_0;
    %assign/vec4 v0x56e45f675790_0, 0;
T_8.2 ;
    %load/vec4 v0x56e45f669410_0;
    %assign/vec4 v0x56e45f66bd90_0, 0;
    %load/vec4 v0x56e45f66ee70_0;
    %load/vec4 v0x56e45f675790_0;
    %pad/u 32;
    %load/vec4 v0x56e45f669410_0;
    %pad/u 32;
    %mul;
    %add;
    %assign/vec4 v0x56e45f66f5d0_0, 0;
T_8.1 ;
    %jmp T_8;
    .thread T_8;
    .scope S_0x56e45f62b6b0;
T_9 ;
    %wait E_0x56e45f7c7840;
    %load/vec4 v0x56e45f68a650_0;
    %nor/r;
    %flag_set/vec4 8;
    %jmp/0xz  T_9.0, 8;
    %pushi/vec4 0, 0, 8;
    %assign/vec4 v0x56e45f68de90_0, 0;
    %pushi/vec4 0, 0, 8;
    %assign/vec4 v0x56e45f684490_0, 0;
    %pushi/vec4 0, 0, 32;
    %assign/vec4 v0x56e45f687cd0_0, 0;
    %jmp T_9.1;
T_9.0 ;
    %load/vec4 v0x56e45f68d730_0;
    %flag_set/vec4 8;
    %jmp/0xz  T_9.2, 8;
    %load/vec4 v0x56e45f68adb0_0;
    %assign/vec4 v0x56e45f68de90_0, 0;
T_9.2 ;
    %load/vec4 v0x56e45f681b10_0;
    %assign/vec4 v0x56e45f684490_0, 0;
    %load/vec4 v0x56e45f687570_0;
    %load/vec4 v0x56e45f68de90_0;
    %pad/u 32;
    %load/vec4 v0x56e45f681b10_0;
    %pad/u 32;
    %mul;
    %add;
    %assign/vec4 v0x56e45f687cd0_0, 0;
T_9.1 ;
    %jmp T_9;
    .thread T_9;
    .scope S_0x56e45f7b60a0;
T_10 ;
    %wait E_0x56e45f7c7840;
    %load/vec4 v0x56e45f6a2d50_0;
    %nor/r;
    %flag_set/vec4 8;
    %jmp/0xz  T_10.0, 8;
    %pushi/vec4 0, 0, 8;
    %assign/vec4 v0x56e45f6a8f10_0, 0;
    %pushi/vec4 0, 0, 8;
    %assign/vec4 v0x56e45f69cb90_0, 0;
    %pushi/vec4 0, 0, 32;
    %assign/vec4 v0x56e45f6a03d0_0, 0;
    %jmp T_10.1;
T_10.0 ;
    %load/vec4 v0x56e45f6a6590_0;
    %flag_set/vec4 8;
    %jmp/0xz  T_10.2, 8;
    %load/vec4 v0x56e45f6a5e30_0;
    %assign/vec4 v0x56e45f6a8f10_0, 0;
T_10.2 ;
    %load/vec4 v0x56e45f69a210_0;
    %assign/vec4 v0x56e45f69cb90_0, 0;
    %load/vec4 v0x56e45f69fc70_0;
    %load/vec4 v0x56e45f6a8f10_0;
    %pad/u 32;
    %load/vec4 v0x56e45f69a210_0;
    %pad/u 32;
    %mul;
    %add;
    %assign/vec4 v0x56e45f6a03d0_0, 0;
T_10.1 ;
    %jmp T_10;
    .thread T_10;
    .scope S_0x56e45f7afee0;
T_11 ;
    %wait E_0x56e45f7c7840;
    %load/vec4 v0x56e45f6bbbb0_0;
    %nor/r;
    %flag_set/vec4 8;
    %jmp/0xz  T_11.0, 8;
    %pushi/vec4 0, 0, 8;
    %assign/vec4 v0x56e45f6c1650_0, 0;
    %pushi/vec4 0, 0, 8;
    %assign/vec4 v0x56e45f6b59f0_0, 0;
    %pushi/vec4 0, 0, 32;
    %assign/vec4 v0x56e45f6bb490_0, 0;
    %jmp T_11.1;
T_11.0 ;
    %load/vec4 v0x56e45f6bec90_0;
    %flag_set/vec4 8;
    %jmp/0xz  T_11.2, 8;
    %load/vec4 v0x56e45f6be570_0;
    %assign/vec4 v0x56e45f6c1650_0, 0;
T_11.2 ;
    %load/vec4 v0x56e45f6b5290_0;
    %assign/vec4 v0x56e45f6b59f0_0, 0;
    %load/vec4 v0x56e45f6b8ad0_0;
    %load/vec4 v0x56e45f6c1650_0;
    %pad/u 32;
    %load/vec4 v0x56e45f6b5290_0;
    %pad/u 32;
    %mul;
    %add;
    %assign/vec4 v0x56e45f6bb490_0, 0;
T_11.1 ;
    %jmp T_11;
    .thread T_11;
    .scope S_0x56e45f7a9d20;
T_12 ;
    %wait E_0x56e45f7c7840;
    %load/vec4 v0x56e45f6e70b0_0;
    %nor/r;
    %flag_set/vec4 8;
    %jmp/0xz  T_12.0, 8;
    %pushi/vec4 0, 0, 8;
    %assign/vec4 v0x56e45f6e8730_0, 0;
    %pushi/vec4 0, 0, 8;
    %assign/vec4 v0x56e45f6cddb0_0, 0;
    %pushi/vec4 0, 0, 32;
    %assign/vec4 v0x56e45f6e6960_0, 0;
    %jmp T_12.1;
T_12.0 ;
    %load/vec4 v0x56e45f6e7f50_0;
    %flag_set/vec4 8;
    %jmp/0xz  T_12.2, 8;
    %load/vec4 v0x56e45f6e7800_0;
    %assign/vec4 v0x56e45f6e8730_0, 0;
T_12.2 ;
    %load/vec4 v0x56e45f6caf20_0;
    %assign/vec4 v0x56e45f6cddb0_0, 0;
    %load/vec4 v0x56e45f6e6210_0;
    %load/vec4 v0x56e45f6e8730_0;
    %pad/u 32;
    %load/vec4 v0x56e45f6caf20_0;
    %pad/u 32;
    %mul;
    %add;
    %assign/vec4 v0x56e45f6e6960_0, 0;
T_12.1 ;
    %jmp T_12;
    .thread T_12;
    .scope S_0x56e45f7a3b60;
T_13 ;
    %wait E_0x56e45f7c7840;
    %load/vec4 v0x56e45f702530_0;
    %nor/r;
    %flag_set/vec4 8;
    %jmp/0xz  T_13.0, 8;
    %pushi/vec4 0, 0, 8;
    %assign/vec4 v0x56e45f705d30_0, 0;
    %pushi/vec4 0, 0, 8;
    %assign/vec4 v0x56e45f6e53a0_0, 0;
    %pushi/vec4 0, 0, 32;
    %assign/vec4 v0x56e45f6ffb70_0, 0;
    %jmp T_13.1;
T_13.0 ;
    %load/vec4 v0x56e45f705610_0;
    %flag_set/vec4 8;
    %jmp/0xz  T_13.2, 8;
    %load/vec4 v0x56e45f702c50_0;
    %assign/vec4 v0x56e45f705d30_0, 0;
T_13.2 ;
    %load/vec4 v0x56e45f6e4c00_0;
    %assign/vec4 v0x56e45f6e53a0_0, 0;
    %load/vec4 v0x56e45f6fca90_0;
    %load/vec4 v0x56e45f705d30_0;
    %pad/u 32;
    %load/vec4 v0x56e45f6e4c00_0;
    %pad/u 32;
    %mul;
    %add;
    %assign/vec4 v0x56e45f6ffb70_0, 0;
T_13.1 ;
    %jmp T_13;
    .thread T_13;
    .scope S_0x56e45f79a8c0;
T_14 ;
    %wait E_0x56e45f7c7840;
    %load/vec4 v0x56e45f71b350_0;
    %nor/r;
    %flag_set/vec4 8;
    %jmp/0xz  T_14.0, 8;
    %pushi/vec4 0, 0, 8;
    %assign/vec4 v0x56e45f721510_0, 0;
    %pushi/vec4 0, 0, 8;
    %assign/vec4 v0x56e45f714a70_0, 0;
    %pushi/vec4 0, 0, 32;
    %assign/vec4 v0x56e45f71ac30_0, 0;
    %jmp T_14.1;
T_14.0 ;
    %load/vec4 v0x56e45f720df0_0;
    %flag_set/vec4 8;
    %jmp/0xz  T_14.2, 8;
    %load/vec4 v0x56e45f71e430_0;
    %assign/vec4 v0x56e45f721510_0, 0;
T_14.2 ;
    %load/vec4 v0x56e45f7120b0_0;
    %assign/vec4 v0x56e45f714a70_0, 0;
    %load/vec4 v0x56e45f718270_0;
    %load/vec4 v0x56e45f721510_0;
    %pad/u 32;
    %load/vec4 v0x56e45f7120b0_0;
    %pad/u 32;
    %mul;
    %add;
    %assign/vec4 v0x56e45f71ac30_0, 0;
T_14.1 ;
    %jmp T_14;
    .thread T_14;
    .scope S_0x56e45f794700;
T_15 ;
    %wait E_0x56e45f7c7840;
    %load/vec4 v0x56e45f733330_0;
    %nor/r;
    %flag_set/vec4 8;
    %jmp/0xz  T_15.0, 8;
    %pushi/vec4 0, 0, 8;
    %assign/vec4 v0x56e45f736b70_0, 0;
    %pushi/vec4 0, 0, 8;
    %assign/vec4 v0x56e45f72d170_0, 0;
    %pushi/vec4 0, 0, 32;
    %assign/vec4 v0x56e45f7309b0_0, 0;
    %jmp T_15.1;
T_15.0 ;
    %load/vec4 v0x56e45f736410_0;
    %flag_set/vec4 8;
    %jmp/0xz  T_15.2, 8;
    %load/vec4 v0x56e45f733a90_0;
    %assign/vec4 v0x56e45f736b70_0, 0;
T_15.2 ;
    %load/vec4 v0x56e45f72a7f0_0;
    %assign/vec4 v0x56e45f72d170_0, 0;
    %load/vec4 v0x56e45f730250_0;
    %load/vec4 v0x56e45f736b70_0;
    %pad/u 32;
    %load/vec4 v0x56e45f72a7f0_0;
    %pad/u 32;
    %mul;
    %add;
    %assign/vec4 v0x56e45f7309b0_0, 0;
T_15.1 ;
    %jmp T_15;
    .thread T_15;
    .scope S_0x56e45f78e540;
T_16 ;
    %wait E_0x56e45f7c7840;
    %load/vec4 v0x56e45f74ba30_0;
    %nor/r;
    %flag_set/vec4 8;
    %jmp/0xz  T_16.0, 8;
    %pushi/vec4 0, 0, 8;
    %assign/vec4 v0x56e45f74f270_0, 0;
    %pushi/vec4 0, 0, 8;
    %assign/vec4 v0x56e45f745870_0, 0;
    %pushi/vec4 0, 0, 32;
    %assign/vec4 v0x56e45f7490b0_0, 0;
    %jmp T_16.1;
T_16.0 ;
    %load/vec4 v0x56e45f74eb10_0;
    %flag_set/vec4 8;
    %jmp/0xz  T_16.2, 8;
    %load/vec4 v0x56e45f74c190_0;
    %assign/vec4 v0x56e45f74f270_0, 0;
T_16.2 ;
    %load/vec4 v0x56e45f742ef0_0;
    %assign/vec4 v0x56e45f745870_0, 0;
    %load/vec4 v0x56e45f748950_0;
    %load/vec4 v0x56e45f74f270_0;
    %pad/u 32;
    %load/vec4 v0x56e45f742ef0_0;
    %pad/u 32;
    %mul;
    %add;
    %assign/vec4 v0x56e45f7490b0_0, 0;
T_16.1 ;
    %jmp T_16;
    .thread T_16;
    .scope S_0x56e45f788380;
T_17 ;
    %wait E_0x56e45f7c7840;
    %load/vec4 v0x56e45f764130_0;
    %nor/r;
    %flag_set/vec4 8;
    %jmp/0xz  T_17.0, 8;
    %pushi/vec4 0, 0, 8;
    %assign/vec4 v0x56e45f767970_0, 0;
    %pushi/vec4 0, 0, 8;
    %assign/vec4 v0x56e45f75df70_0, 0;
    %pushi/vec4 0, 0, 32;
    %assign/vec4 v0x56e45f7617b0_0, 0;
    %jmp T_17.1;
T_17.0 ;
    %load/vec4 v0x56e45f767210_0;
    %flag_set/vec4 8;
    %jmp/0xz  T_17.2, 8;
    %load/vec4 v0x56e45f764890_0;
    %assign/vec4 v0x56e45f767970_0, 0;
T_17.2 ;
    %load/vec4 v0x56e45f75b5f0_0;
    %assign/vec4 v0x56e45f75df70_0, 0;
    %load/vec4 v0x56e45f761050_0;
    %load/vec4 v0x56e45f767970_0;
    %pad/u 32;
    %load/vec4 v0x56e45f75b5f0_0;
    %pad/u 32;
    %mul;
    %add;
    %assign/vec4 v0x56e45f7617b0_0, 0;
T_17.1 ;
    %jmp T_17;
    .thread T_17;
    .scope S_0x56e45f7821c0;
T_18 ;
    %wait E_0x56e45f7c7840;
    %load/vec4 v0x56e45f77c830_0;
    %nor/r;
    %flag_set/vec4 8;
    %jmp/0xz  T_18.0, 8;
    %pushi/vec4 0, 0, 8;
    %assign/vec4 v0x56e45f780070_0, 0;
    %pushi/vec4 0, 0, 8;
    %assign/vec4 v0x56e45f776670_0, 0;
    %pushi/vec4 0, 0, 32;
    %assign/vec4 v0x56e45f779eb0_0, 0;
    %jmp T_18.1;
T_18.0 ;
    %load/vec4 v0x56e45f77f910_0;
    %flag_set/vec4 8;
    %jmp/0xz  T_18.2, 8;
    %load/vec4 v0x56e45f77cf90_0;
    %assign/vec4 v0x56e45f780070_0, 0;
T_18.2 ;
    %load/vec4 v0x56e45f773cf0_0;
    %assign/vec4 v0x56e45f776670_0, 0;
    %load/vec4 v0x56e45f779750_0;
    %load/vec4 v0x56e45f780070_0;
    %pad/u 32;
    %load/vec4 v0x56e45f773cf0_0;
    %pad/u 32;
    %mul;
    %add;
    %assign/vec4 v0x56e45f779eb0_0, 0;
T_18.1 ;
    %jmp T_18;
    .thread T_18;
    .scope S_0x56e45f77c000;
T_19 ;
    %wait E_0x56e45f7c7840;
    %load/vec4 v0x56e45f794f30_0;
    %nor/r;
    %flag_set/vec4 8;
    %jmp/0xz  T_19.0, 8;
    %pushi/vec4 0, 0, 8;
    %assign/vec4 v0x56e45f798770_0, 0;
    %pushi/vec4 0, 0, 8;
    %assign/vec4 v0x56e45f78ed70_0, 0;
    %pushi/vec4 0, 0, 32;
    %assign/vec4 v0x56e45f7925b0_0, 0;
    %jmp T_19.1;
T_19.0 ;
    %load/vec4 v0x56e45f798010_0;
    %flag_set/vec4 8;
    %jmp/0xz  T_19.2, 8;
    %load/vec4 v0x56e45f795690_0;
    %assign/vec4 v0x56e45f798770_0, 0;
T_19.2 ;
    %load/vec4 v0x56e45f78c3f0_0;
    %assign/vec4 v0x56e45f78ed70_0, 0;
    %load/vec4 v0x56e45f791e50_0;
    %load/vec4 v0x56e45f798770_0;
    %pad/u 32;
    %load/vec4 v0x56e45f78c3f0_0;
    %pad/u 32;
    %mul;
    %add;
    %assign/vec4 v0x56e45f7925b0_0, 0;
T_19.1 ;
    %jmp T_19;
    .thread T_19;
    .scope S_0x56e45f775e40;
T_20 ;
    %wait E_0x56e45f7c7840;
    %load/vec4 v0x56e45f7ad670_0;
    %nor/r;
    %flag_set/vec4 8;
    %jmp/0xz  T_20.0, 8;
    %pushi/vec4 0, 0, 8;
    %assign/vec4 v0x56e45f7b0e70_0, 0;
    %pushi/vec4 0, 0, 8;
    %assign/vec4 v0x56e45f7a74b0_0, 0;
    %pushi/vec4 0, 0, 32;
    %assign/vec4 v0x56e45f7aacb0_0, 0;
    %jmp T_20.1;
T_20.0 ;
    %load/vec4 v0x56e45f7b0750_0;
    %flag_set/vec4 8;
    %jmp/0xz  T_20.2, 8;
    %load/vec4 v0x56e45f7add90_0;
    %assign/vec4 v0x56e45f7b0e70_0, 0;
T_20.2 ;
    %load/vec4 v0x56e45f7a4af0_0;
    %assign/vec4 v0x56e45f7a74b0_0, 0;
    %load/vec4 v0x56e45f7aa590_0;
    %load/vec4 v0x56e45f7b0e70_0;
    %pad/u 32;
    %load/vec4 v0x56e45f7a4af0_0;
    %pad/u 32;
    %mul;
    %add;
    %assign/vec4 v0x56e45f7aacb0_0, 0;
T_20.1 ;
    %jmp T_20;
    .thread T_20;
    .scope S_0x56e45f76fc80;
T_21 ;
    %wait E_0x56e45f7c7840;
    %load/vec4 v0x56e45f6f9290_0;
    %nor/r;
    %flag_set/vec4 8;
    %jmp/0xz  T_21.0, 8;
    %pushi/vec4 0, 0, 8;
    %assign/vec4 v0x56e45f6f6140_0, 0;
    %pushi/vec4 0, 0, 8;
    %assign/vec4 v0x56e45f7c3f20_0, 0;
    %pushi/vec4 0, 0, 32;
    %assign/vec4 v0x56e45f6fc370_0, 0;
    %jmp T_21.1;
T_21.0 ;
    %load/vec4 v0x56e45f6f6860_0;
    %flag_set/vec4 8;
    %jmp/0xz  T_21.2, 8;
    %load/vec4 v0x56e45f6f9330_0;
    %assign/vec4 v0x56e45f6f6140_0, 0;
T_21.2 ;
    %load/vec4 v0x56e45f7c3860_0;
    %assign/vec4 v0x56e45f7c3f20_0, 0;
    %load/vec4 v0x56e45f6ff450_0;
    %load/vec4 v0x56e45f6f6140_0;
    %pad/u 32;
    %load/vec4 v0x56e45f7c3860_0;
    %pad/u 32;
    %mul;
    %add;
    %assign/vec4 v0x56e45f6fc370_0, 0;
T_21.1 ;
    %jmp T_21;
    .thread T_21;
    .scope S_0x56e45f7669e0;
T_22 ;
    %wait E_0x56e45f7c7840;
    %load/vec4 v0x56e45f6fbef0_0;
    %nor/r;
    %flag_set/vec4 8;
    %jmp/0xz  T_22.0, 8;
    %pushi/vec4 0, 0, 8;
    %assign/vec4 v0x56e45f6f8e10_0, 0;
    %pushi/vec4 0, 0, 8;
    %assign/vec4 v0x56e45f7a7090_0, 0;
    %pushi/vec4 0, 0, 32;
    %assign/vec4 v0x56e45f6fefd0_0, 0;
    %jmp T_22.1;
T_22.0 ;
    %load/vec4 v0x56e45f71dd10_0;
    %flag_set/vec4 8;
    %jmp/0xz  T_22.2, 8;
    %load/vec4 v0x56e45f6fbf90_0;
    %assign/vec4 v0x56e45f6f8e10_0, 0;
T_22.2 ;
    %load/vec4 v0x56e45f7a6ff0_0;
    %assign/vec4 v0x56e45f7a7090_0, 0;
    %load/vec4 v0x56e45f717b50_0;
    %load/vec4 v0x56e45f6f8e10_0;
    %pad/u 32;
    %load/vec4 v0x56e45f7a6ff0_0;
    %pad/u 32;
    %mul;
    %add;
    %assign/vec4 v0x56e45f6fefd0_0, 0;
T_22.1 ;
    %jmp T_22;
    .thread T_22;
    .scope S_0x56e45f760820;
T_23 ;
    %wait E_0x56e45f7c7840;
    %load/vec4 v0x56e45f6b7ef0_0;
    %nor/r;
    %flag_set/vec4 8;
    %jmp/0xz  T_23.0, 8;
    %pushi/vec4 0, 0, 8;
    %assign/vec4 v0x56e45f613070_0, 0;
    %pushi/vec4 0, 0, 8;
    %assign/vec4 v0x56e45f6d73f0_0, 0;
    %pushi/vec4 0, 0, 32;
    %assign/vec4 v0x56e45f6bb090_0, 0;
    %jmp T_23.1;
T_23.0 ;
    %load/vec4 v0x56e45f612fb0_0;
    %flag_set/vec4 8;
    %jmp/0xz  T_23.2, 8;
    %load/vec4 v0x56e45f6b7f90_0;
    %assign/vec4 v0x56e45f613070_0, 0;
T_23.2 ;
    %load/vec4 v0x56e45f6d7330_0;
    %assign/vec4 v0x56e45f6d73f0_0, 0;
    %load/vec4 v0x56e45f6bafd0_0;
    %load/vec4 v0x56e45f613070_0;
    %pad/u 32;
    %load/vec4 v0x56e45f6d7330_0;
    %pad/u 32;
    %mul;
    %add;
    %assign/vec4 v0x56e45f6bb090_0, 0;
T_23.1 ;
    %jmp T_23;
    .thread T_23;
    .scope S_0x56e45f75a660;
T_24 ;
    %wait E_0x56e45f7c7840;
    %load/vec4 v0x56e45f70c170_0;
    %nor/r;
    %flag_set/vec4 8;
    %jmp/0xz  T_24.0, 8;
    %pushi/vec4 0, 0, 8;
    %assign/vec4 v0x56e45f708a50_0, 0;
    %pushi/vec4 0, 0, 8;
    %assign/vec4 v0x56e45f711c30_0, 0;
    %pushi/vec4 0, 0, 32;
    %assign/vec4 v0x56e45f70eb50_0, 0;
    %jmp T_24.1;
T_24.0 ;
    %load/vec4 v0x56e45f708990_0;
    %flag_set/vec4 8;
    %jmp/0xz  T_24.2, 8;
    %load/vec4 v0x56e45f70c210_0;
    %assign/vec4 v0x56e45f708a50_0, 0;
T_24.2 ;
    %load/vec4 v0x56e45f712330_0;
    %assign/vec4 v0x56e45f711c30_0, 0;
    %load/vec4 v0x56e45f70f2f0_0;
    %load/vec4 v0x56e45f708a50_0;
    %pad/u 32;
    %load/vec4 v0x56e45f712330_0;
    %pad/u 32;
    %mul;
    %add;
    %assign/vec4 v0x56e45f70eb50_0, 0;
T_24.1 ;
    %jmp T_24;
    .thread T_24;
    .scope S_0x56e45f7544a0;
T_25 ;
    %wait E_0x56e45f7c7840;
    %load/vec4 v0x56e45f7aaef0_0;
    %nor/r;
    %flag_set/vec4 8;
    %jmp/0xz  T_25.0, 8;
    %pushi/vec4 0, 0, 8;
    %assign/vec4 v0x56e45f7aa8b0_0, 0;
    %pushi/vec4 0, 0, 8;
    %assign/vec4 v0x56e45f7b09b0_0, 0;
    %pushi/vec4 0, 0, 32;
    %assign/vec4 v0x56e45f7ad8d0_0, 0;
    %jmp T_25.1;
T_25.0 ;
    %load/vec4 v0x56e45f7aa7f0_0;
    %flag_set/vec4 8;
    %jmp/0xz  T_25.2, 8;
    %load/vec4 v0x56e45f7aaf90_0;
    %assign/vec4 v0x56e45f7aa8b0_0, 0;
T_25.2 ;
    %load/vec4 v0x56e45f7b10b0_0;
    %assign/vec4 v0x56e45f7b09b0_0, 0;
    %load/vec4 v0x56e45f7ae070_0;
    %load/vec4 v0x56e45f7aa8b0_0;
    %pad/u 32;
    %load/vec4 v0x56e45f7b10b0_0;
    %pad/u 32;
    %mul;
    %add;
    %assign/vec4 v0x56e45f7ad8d0_0, 0;
T_25.1 ;
    %jmp T_25;
    .thread T_25;
    .scope S_0x56e45f74e2e0;
T_26 ;
    %wait E_0x56e45f7c7840;
    %load/vec4 v0x56e45f79ba90_0;
    %nor/r;
    %flag_set/vec4 8;
    %jmp/0xz  T_26.0, 8;
    %pushi/vec4 0, 0, 8;
    %assign/vec4 v0x56e45f79b450_0, 0;
    %pushi/vec4 0, 0, 8;
    %assign/vec4 v0x56e45f7a1550_0, 0;
    %pushi/vec4 0, 0, 32;
    %assign/vec4 v0x56e45f79e470_0, 0;
    %jmp T_26.1;
T_26.0 ;
    %load/vec4 v0x56e45f79b390_0;
    %flag_set/vec4 8;
    %jmp/0xz  T_26.2, 8;
    %load/vec4 v0x56e45f79bb30_0;
    %assign/vec4 v0x56e45f79b450_0, 0;
T_26.2 ;
    %load/vec4 v0x56e45f7a1c50_0;
    %assign/vec4 v0x56e45f7a1550_0, 0;
    %load/vec4 v0x56e45f79ec10_0;
    %load/vec4 v0x56e45f79b450_0;
    %pad/u 32;
    %load/vec4 v0x56e45f7a1c50_0;
    %pad/u 32;
    %mul;
    %add;
    %assign/vec4 v0x56e45f79e470_0, 0;
T_26.1 ;
    %jmp T_26;
    .thread T_26;
    .scope S_0x56e45f748120;
T_27 ;
    %wait E_0x56e45f7c7840;
    %load/vec4 v0x56e45f78bf30_0;
    %nor/r;
    %flag_set/vec4 8;
    %jmp/0xz  T_27.0, 8;
    %pushi/vec4 0, 0, 8;
    %assign/vec4 v0x56e45f789610_0, 0;
    %pushi/vec4 0, 0, 8;
    %assign/vec4 v0x56e45f78f710_0, 0;
    %pushi/vec4 0, 0, 32;
    %assign/vec4 v0x56e45f78c630_0, 0;
    %jmp T_27.1;
T_27.0 ;
    %load/vec4 v0x56e45f789550_0;
    %flag_set/vec4 8;
    %jmp/0xz  T_27.2, 8;
    %load/vec4 v0x56e45f78bfd0_0;
    %assign/vec4 v0x56e45f789610_0, 0;
T_27.2 ;
    %load/vec4 v0x56e45f7920f0_0;
    %assign/vec4 v0x56e45f78f710_0, 0;
    %load/vec4 v0x56e45f78f0b0_0;
    %load/vec4 v0x56e45f789610_0;
    %pad/u 32;
    %load/vec4 v0x56e45f7920f0_0;
    %pad/u 32;
    %mul;
    %add;
    %assign/vec4 v0x56e45f78c630_0, 0;
T_27.1 ;
    %jmp T_27;
    .thread T_27;
    .scope S_0x56e45f741f60;
T_28 ;
    %wait E_0x56e45f7c7840;
    %load/vec4 v0x56e45f77a0f0_0;
    %nor/r;
    %flag_set/vec4 8;
    %jmp/0xz  T_28.0, 8;
    %pushi/vec4 0, 0, 8;
    %assign/vec4 v0x56e45f779ab0_0, 0;
    %pushi/vec4 0, 0, 8;
    %assign/vec4 v0x56e45f77fbb0_0, 0;
    %pushi/vec4 0, 0, 32;
    %assign/vec4 v0x56e45f77cad0_0, 0;
    %jmp T_28.1;
T_28.0 ;
    %load/vec4 v0x56e45f7799f0_0;
    %flag_set/vec4 8;
    %jmp/0xz  T_28.2, 8;
    %load/vec4 v0x56e45f77a190_0;
    %assign/vec4 v0x56e45f779ab0_0, 0;
T_28.2 ;
    %load/vec4 v0x56e45f7802b0_0;
    %assign/vec4 v0x56e45f77fbb0_0, 0;
    %load/vec4 v0x56e45f77d270_0;
    %load/vec4 v0x56e45f779ab0_0;
    %pad/u 32;
    %load/vec4 v0x56e45f7802b0_0;
    %pad/u 32;
    %mul;
    %add;
    %assign/vec4 v0x56e45f77cad0_0, 0;
T_28.1 ;
    %jmp T_28;
    .thread T_28;
    .scope S_0x56e45f73bda0;
T_29 ;
    %wait E_0x56e45f7c7840;
    %load/vec4 v0x56e45f7674b0_0;
    %nor/r;
    %flag_set/vec4 8;
    %jmp/0xz  T_29.0, 8;
    %pushi/vec4 0, 0, 8;
    %assign/vec4 v0x56e45f764b90_0, 0;
    %pushi/vec4 0, 0, 8;
    %assign/vec4 v0x56e45f76ac90_0, 0;
    %pushi/vec4 0, 0, 32;
    %assign/vec4 v0x56e45f767bb0_0, 0;
    %jmp T_29.1;
T_29.0 ;
    %load/vec4 v0x56e45f764ad0_0;
    %flag_set/vec4 8;
    %jmp/0xz  T_29.2, 8;
    %load/vec4 v0x56e45f767550_0;
    %assign/vec4 v0x56e45f764b90_0, 0;
T_29.2 ;
    %load/vec4 v0x56e45f76d670_0;
    %assign/vec4 v0x56e45f76ac90_0, 0;
    %load/vec4 v0x56e45f76a630_0;
    %load/vec4 v0x56e45f764b90_0;
    %pad/u 32;
    %load/vec4 v0x56e45f76d670_0;
    %pad/u 32;
    %mul;
    %add;
    %assign/vec4 v0x56e45f767bb0_0, 0;
T_29.1 ;
    %jmp T_29;
    .thread T_29;
    .scope S_0x56e45f732b00;
T_30 ;
    %wait E_0x56e45f7c7840;
    %load/vec4 v0x56e45f74f4b0_0;
    %nor/r;
    %flag_set/vec4 8;
    %jmp/0xz  T_30.0, 8;
    %pushi/vec4 0, 0, 8;
    %assign/vec4 v0x56e45f74ee70_0, 0;
    %pushi/vec4 0, 0, 8;
    %assign/vec4 v0x56e45f754f70_0, 0;
    %pushi/vec4 0, 0, 32;
    %assign/vec4 v0x56e45f751f50_0, 0;
    %jmp T_30.1;
T_30.0 ;
    %load/vec4 v0x56e45f74edb0_0;
    %flag_set/vec4 8;
    %jmp/0xz  T_30.2, 8;
    %load/vec4 v0x56e45f74f550_0;
    %assign/vec4 v0x56e45f74ee70_0, 0;
T_30.2 ;
    %load/vec4 v0x56e45f755670_0;
    %assign/vec4 v0x56e45f754f70_0, 0;
    %load/vec4 v0x56e45f751e90_0;
    %load/vec4 v0x56e45f74ee70_0;
    %pad/u 32;
    %load/vec4 v0x56e45f755670_0;
    %pad/u 32;
    %mul;
    %add;
    %assign/vec4 v0x56e45f751f50_0, 0;
T_30.1 ;
    %jmp T_30;
    .thread T_30;
    .scope S_0x56e45f72c940;
T_31 ;
    %wait E_0x56e45f7c7840;
    %load/vec4 v0x56e45f73cf70_0;
    %nor/r;
    %flag_set/vec4 8;
    %jmp/0xz  T_31.0, 8;
    %pushi/vec4 0, 0, 8;
    %assign/vec4 v0x56e45f73c930_0, 0;
    %pushi/vec4 0, 0, 8;
    %assign/vec4 v0x56e45f743130_0, 0;
    %pushi/vec4 0, 0, 32;
    %assign/vec4 v0x56e45f73f950_0, 0;
    %jmp T_31.1;
T_31.0 ;
    %load/vec4 v0x56e45f73c870_0;
    %flag_set/vec4 8;
    %jmp/0xz  T_31.2, 8;
    %load/vec4 v0x56e45f73d010_0;
    %assign/vec4 v0x56e45f73c930_0, 0;
T_31.2 ;
    %load/vec4 v0x56e45f745b10_0;
    %assign/vec4 v0x56e45f743130_0, 0;
    %load/vec4 v0x56e45f7400f0_0;
    %load/vec4 v0x56e45f73c930_0;
    %pad/u 32;
    %load/vec4 v0x56e45f745b10_0;
    %pad/u 32;
    %mul;
    %add;
    %assign/vec4 v0x56e45f73f950_0, 0;
T_31.1 ;
    %jmp T_31;
    .thread T_31;
    .scope S_0x56e45f726780;
T_32 ;
    %wait E_0x56e45f7c7840;
    %load/vec4 v0x56e45f72a330_0;
    %nor/r;
    %flag_set/vec4 8;
    %jmp/0xz  T_32.0, 8;
    %pushi/vec4 0, 0, 8;
    %assign/vec4 v0x56e45f727a10_0, 0;
    %pushi/vec4 0, 0, 8;
    %assign/vec4 v0x56e45f72db10_0, 0;
    %pushi/vec4 0, 0, 32;
    %assign/vec4 v0x56e45f72aa30_0, 0;
    %jmp T_32.1;
T_32.0 ;
    %load/vec4 v0x56e45f727950_0;
    %flag_set/vec4 8;
    %jmp/0xz  T_32.2, 8;
    %load/vec4 v0x56e45f72a3d0_0;
    %assign/vec4 v0x56e45f727a10_0, 0;
T_32.2 ;
    %load/vec4 v0x56e45f7304f0_0;
    %assign/vec4 v0x56e45f72db10_0, 0;
    %load/vec4 v0x56e45f72d4b0_0;
    %load/vec4 v0x56e45f727a10_0;
    %pad/u 32;
    %load/vec4 v0x56e45f7304f0_0;
    %pad/u 32;
    %mul;
    %add;
    %assign/vec4 v0x56e45f72aa30_0, 0;
T_32.1 ;
    %jmp T_32;
    .thread T_32;
    .scope S_0x56e45f7205c0;
T_33 ;
    %wait E_0x56e45f7c7840;
    %load/vec4 v0x56e45f717df0_0;
    %nor/r;
    %flag_set/vec4 8;
    %jmp/0xz  T_33.0, 8;
    %pushi/vec4 0, 0, 8;
    %assign/vec4 v0x56e45f628d90_0, 0;
    %pushi/vec4 0, 0, 8;
    %assign/vec4 v0x56e45f71b5d0_0, 0;
    %pushi/vec4 0, 0, 32;
    %assign/vec4 v0x56e45f7185b0_0, 0;
    %jmp T_33.1;
T_33.0 ;
    %load/vec4 v0x56e45f628cf0_0;
    %flag_set/vec4 8;
    %jmp/0xz  T_33.2, 8;
    %load/vec4 v0x56e45f717e90_0;
    %assign/vec4 v0x56e45f628d90_0, 0;
T_33.2 ;
    %load/vec4 v0x56e45f71dfb0_0;
    %assign/vec4 v0x56e45f71b5d0_0, 0;
    %load/vec4 v0x56e45f7184f0_0;
    %load/vec4 v0x56e45f628d90_0;
    %pad/u 32;
    %load/vec4 v0x56e45f71dfb0_0;
    %pad/u 32;
    %mul;
    %add;
    %assign/vec4 v0x56e45f7185b0_0, 0;
T_33.1 ;
    %jmp T_33;
    .thread T_33;
    .scope S_0x56e45f71a400;
T_34 ;
    %wait E_0x56e45f7c7840;
    %load/vec4 v0x56e45f6c7a70_0;
    %nor/r;
    %flag_set/vec4 8;
    %jmp/0xz  T_34.0, 8;
    %pushi/vec4 0, 0, 8;
    %assign/vec4 v0x56e45f6c5150_0, 0;
    %pushi/vec4 0, 0, 8;
    %assign/vec4 v0x56e45f6167b0_0, 0;
    %pushi/vec4 0, 0, 32;
    %assign/vec4 v0x56e45f6c8170_0, 0;
    %jmp T_34.1;
T_34.0 ;
    %load/vec4 v0x56e45f6c5090_0;
    %flag_set/vec4 8;
    %jmp/0xz  T_34.2, 8;
    %load/vec4 v0x56e45f6c7b10_0;
    %assign/vec4 v0x56e45f6c5150_0, 0;
T_34.2 ;
    %load/vec4 v0x56e45f616eb0_0;
    %assign/vec4 v0x56e45f6167b0_0, 0;
    %load/vec4 v0x56e45f613e70_0;
    %load/vec4 v0x56e45f6c5150_0;
    %pad/u 32;
    %load/vec4 v0x56e45f616eb0_0;
    %pad/u 32;
    %mul;
    %add;
    %assign/vec4 v0x56e45f6c8170_0, 0;
T_34.1 ;
    %jmp T_34;
    .thread T_34;
    .scope S_0x56e45f714240;
T_35 ;
    %wait E_0x56e45f7c7840;
    %load/vec4 v0x56e45f6b5c30_0;
    %nor/r;
    %flag_set/vec4 8;
    %jmp/0xz  T_35.0, 8;
    %pushi/vec4 0, 0, 8;
    %assign/vec4 v0x56e45f6b55f0_0, 0;
    %pushi/vec4 0, 0, 8;
    %assign/vec4 v0x56e45f610cf0_0, 0;
    %pushi/vec4 0, 0, 32;
    %assign/vec4 v0x56e45f6b86d0_0, 0;
    %jmp T_35.1;
T_35.0 ;
    %load/vec4 v0x56e45f6b5530_0;
    %flag_set/vec4 8;
    %jmp/0xz  T_35.2, 8;
    %load/vec4 v0x56e45f6b5cd0_0;
    %assign/vec4 v0x56e45f6b55f0_0, 0;
T_35.2 ;
    %load/vec4 v0x56e45f6bb6f0_0;
    %assign/vec4 v0x56e45f610cf0_0, 0;
    %load/vec4 v0x56e45f6b8610_0;
    %load/vec4 v0x56e45f6b55f0_0;
    %pad/u 32;
    %load/vec4 v0x56e45f6bb6f0_0;
    %pad/u 32;
    %mul;
    %add;
    %assign/vec4 v0x56e45f6b86d0_0, 0;
T_35.1 ;
    %jmp T_35;
    .thread T_35;
    .scope S_0x56e45f70e080;
T_36 ;
    %wait E_0x56e45f7c7840;
    %load/vec4 v0x56e45f6a36f0_0;
    %nor/r;
    %flag_set/vec4 8;
    %jmp/0xz  T_36.0, 8;
    %pushi/vec4 0, 0, 8;
    %assign/vec4 v0x56e45f6a30b0_0, 0;
    %pushi/vec4 0, 0, 8;
    %assign/vec4 v0x56e45f6a91b0_0, 0;
    %pushi/vec4 0, 0, 32;
    %assign/vec4 v0x56e45f6a60d0_0, 0;
    %jmp T_36.1;
T_36.0 ;
    %load/vec4 v0x56e45f6a2ff0_0;
    %flag_set/vec4 8;
    %jmp/0xz  T_36.2, 8;
    %load/vec4 v0x56e45f6a3790_0;
    %assign/vec4 v0x56e45f6a30b0_0, 0;
T_36.2 ;
    %load/vec4 v0x56e45f6a98b0_0;
    %assign/vec4 v0x56e45f6a91b0_0, 0;
    %load/vec4 v0x56e45f6a6870_0;
    %load/vec4 v0x56e45f6a30b0_0;
    %pad/u 32;
    %load/vec4 v0x56e45f6a98b0_0;
    %pad/u 32;
    %mul;
    %add;
    %assign/vec4 v0x56e45f6a60d0_0, 0;
T_36.1 ;
    %jmp T_36;
    .thread T_36;
    .scope S_0x56e45f707ec0;
T_37 ;
    %wait E_0x56e45f7c7840;
    %load/vec4 v0x56e45f6911b0_0;
    %nor/r;
    %flag_set/vec4 8;
    %jmp/0xz  T_37.0, 8;
    %pushi/vec4 0, 0, 8;
    %assign/vec4 v0x56e45f690b70_0, 0;
    %pushi/vec4 0, 0, 8;
    %assign/vec4 v0x56e45f696c70_0, 0;
    %pushi/vec4 0, 0, 32;
    %assign/vec4 v0x56e45f693b90_0, 0;
    %jmp T_37.1;
T_37.0 ;
    %load/vec4 v0x56e45f690ab0_0;
    %flag_set/vec4 8;
    %jmp/0xz  T_37.2, 8;
    %load/vec4 v0x56e45f691250_0;
    %assign/vec4 v0x56e45f690b70_0, 0;
T_37.2 ;
    %load/vec4 v0x56e45f697370_0;
    %assign/vec4 v0x56e45f696c70_0, 0;
    %load/vec4 v0x56e45f694330_0;
    %load/vec4 v0x56e45f690b70_0;
    %pad/u 32;
    %load/vec4 v0x56e45f697370_0;
    %pad/u 32;
    %mul;
    %add;
    %assign/vec4 v0x56e45f693b90_0, 0;
T_37.1 ;
    %jmp T_37;
    .thread T_37;
    .scope S_0x56e45f6fec20;
T_38 ;
    %wait E_0x56e45f7c7840;
    %load/vec4 v0x56e45f67e570_0;
    %nor/r;
    %flag_set/vec4 8;
    %jmp/0xz  T_38.0, 8;
    %pushi/vec4 0, 0, 8;
    %assign/vec4 v0x56e45f67bc50_0, 0;
    %pushi/vec4 0, 0, 8;
    %assign/vec4 v0x56e45f681d50_0, 0;
    %pushi/vec4 0, 0, 32;
    %assign/vec4 v0x56e45f67ec70_0, 0;
    %jmp T_38.1;
T_38.0 ;
    %load/vec4 v0x56e45f67bb90_0;
    %flag_set/vec4 8;
    %jmp/0xz  T_38.2, 8;
    %load/vec4 v0x56e45f67e610_0;
    %assign/vec4 v0x56e45f67bc50_0, 0;
T_38.2 ;
    %load/vec4 v0x56e45f684730_0;
    %assign/vec4 v0x56e45f681d50_0, 0;
    %load/vec4 v0x56e45f6816f0_0;
    %load/vec4 v0x56e45f67bc50_0;
    %pad/u 32;
    %load/vec4 v0x56e45f684730_0;
    %pad/u 32;
    %mul;
    %add;
    %assign/vec4 v0x56e45f67ec70_0, 0;
T_38.1 ;
    %jmp T_38;
    .thread T_38;
    .scope S_0x56e45f6f8a60;
T_39 ;
    %wait E_0x56e45f7c7840;
    %load/vec4 v0x56e45f669650_0;
    %nor/r;
    %flag_set/vec4 8;
    %jmp/0xz  T_39.0, 8;
    %pushi/vec4 0, 0, 8;
    %assign/vec4 v0x56e45f669010_0, 0;
    %pushi/vec4 0, 0, 8;
    %assign/vec4 v0x56e45f66f110_0, 0;
    %pushi/vec4 0, 0, 32;
    %assign/vec4 v0x56e45f66c0f0_0, 0;
    %jmp T_39.1;
T_39.0 ;
    %load/vec4 v0x56e45f668f50_0;
    %flag_set/vec4 8;
    %jmp/0xz  T_39.2, 8;
    %load/vec4 v0x56e45f6696f0_0;
    %assign/vec4 v0x56e45f669010_0, 0;
T_39.2 ;
    %load/vec4 v0x56e45f66f810_0;
    %assign/vec4 v0x56e45f66f110_0, 0;
    %load/vec4 v0x56e45f66c030_0;
    %load/vec4 v0x56e45f669010_0;
    %pad/u 32;
    %load/vec4 v0x56e45f66f810_0;
    %pad/u 32;
    %mul;
    %add;
    %assign/vec4 v0x56e45f66c0f0_0, 0;
T_39.1 ;
    %jmp T_39;
    .thread T_39;
    .scope S_0x56e45f6ca080;
T_40 ;
    %wait E_0x56e45f7c7840;
    %load/vec4 v0x56e45f659af0_0;
    %nor/r;
    %flag_set/vec4 8;
    %jmp/0xz  T_40.0, 8;
    %pushi/vec4 0, 0, 8;
    %assign/vec4 v0x56e45f6571d0_0, 0;
    %pushi/vec4 0, 0, 8;
    %assign/vec4 v0x56e45f65d2d0_0, 0;
    %pushi/vec4 0, 0, 32;
    %assign/vec4 v0x56e45f65a1f0_0, 0;
    %jmp T_40.1;
T_40.0 ;
    %load/vec4 v0x56e45f657110_0;
    %flag_set/vec4 8;
    %jmp/0xz  T_40.2, 8;
    %load/vec4 v0x56e45f659b90_0;
    %assign/vec4 v0x56e45f6571d0_0, 0;
T_40.2 ;
    %load/vec4 v0x56e45f65fcb0_0;
    %assign/vec4 v0x56e45f65d2d0_0, 0;
    %load/vec4 v0x56e45f65cc70_0;
    %load/vec4 v0x56e45f6571d0_0;
    %pad/u 32;
    %load/vec4 v0x56e45f65fcb0_0;
    %pad/u 32;
    %mul;
    %add;
    %assign/vec4 v0x56e45f65a1f0_0, 0;
T_40.1 ;
    %jmp T_40;
    .thread T_40;
    .scope S_0x56e45f6c3ec0;
T_41 ;
    %wait E_0x56e45f7c7840;
    %load/vec4 v0x56e45f6444d0_0;
    %nor/r;
    %flag_set/vec4 8;
    %jmp/0xz  T_41.0, 8;
    %pushi/vec4 0, 0, 8;
    %assign/vec4 v0x56e45f641bb0_0, 0;
    %pushi/vec4 0, 0, 8;
    %assign/vec4 v0x56e45f64a690_0, 0;
    %pushi/vec4 0, 0, 32;
    %assign/vec4 v0x56e45f644bd0_0, 0;
    %jmp T_41.1;
T_41.0 ;
    %load/vec4 v0x56e45f641af0_0;
    %flag_set/vec4 8;
    %jmp/0xz  T_41.2, 8;
    %load/vec4 v0x56e45f644570_0;
    %assign/vec4 v0x56e45f641bb0_0, 0;
T_41.2 ;
    %load/vec4 v0x56e45f64ad90_0;
    %assign/vec4 v0x56e45f64a690_0, 0;
    %load/vec4 v0x56e45f647d50_0;
    %load/vec4 v0x56e45f641bb0_0;
    %pad/u 32;
    %load/vec4 v0x56e45f64ad90_0;
    %pad/u 32;
    %mul;
    %add;
    %assign/vec4 v0x56e45f644bd0_0, 0;
T_41.1 ;
    %jmp T_41;
    .thread T_41;
    .scope S_0x56e45f6bdd00;
T_42 ;
    %wait E_0x56e45f7c7840;
    %load/vec4 v0x56e45f631f90_0;
    %nor/r;
    %flag_set/vec4 8;
    %jmp/0xz  T_42.0, 8;
    %pushi/vec4 0, 0, 8;
    %assign/vec4 v0x56e45f62f670_0, 0;
    %pushi/vec4 0, 0, 8;
    %assign/vec4 v0x56e45f635770_0, 0;
    %pushi/vec4 0, 0, 32;
    %assign/vec4 v0x56e45f632690_0, 0;
    %jmp T_42.1;
T_42.0 ;
    %load/vec4 v0x56e45f62f5b0_0;
    %flag_set/vec4 8;
    %jmp/0xz  T_42.2, 8;
    %load/vec4 v0x56e45f632030_0;
    %assign/vec4 v0x56e45f62f670_0, 0;
T_42.2 ;
    %load/vec4 v0x56e45f638150_0;
    %assign/vec4 v0x56e45f635770_0, 0;
    %load/vec4 v0x56e45f635110_0;
    %load/vec4 v0x56e45f62f670_0;
    %pad/u 32;
    %load/vec4 v0x56e45f638150_0;
    %pad/u 32;
    %mul;
    %add;
    %assign/vec4 v0x56e45f632690_0, 0;
T_42.1 ;
    %jmp T_42;
    .thread T_42;
    .scope S_0x56e45f6b7b40;
T_43 ;
    %wait E_0x56e45f7c7840;
    %load/vec4 v0x56e45f797b70_0;
    %nor/r;
    %flag_set/vec4 8;
    %jmp/0xz  T_43.0, 8;
    %pushi/vec4 0, 0, 8;
    %assign/vec4 v0x56e45f794b50_0, 0;
    %pushi/vec4 0, 0, 8;
    %assign/vec4 v0x56e45f7ad190_0, 0;
    %pushi/vec4 0, 0, 32;
    %assign/vec4 v0x56e45f79ac50_0, 0;
    %jmp T_43.1;
T_43.0 ;
    %load/vec4 v0x56e45f794a90_0;
    %flag_set/vec4 8;
    %jmp/0xz  T_43.2, 8;
    %load/vec4 v0x56e45f797c10_0;
    %assign/vec4 v0x56e45f794b50_0, 0;
T_43.2 ;
    %load/vec4 v0x56e45f7b0340_0;
    %assign/vec4 v0x56e45f7ad190_0, 0;
    %load/vec4 v0x56e45f79de00_0;
    %load/vec4 v0x56e45f794b50_0;
    %pad/u 32;
    %load/vec4 v0x56e45f7b0340_0;
    %pad/u 32;
    %mul;
    %add;
    %assign/vec4 v0x56e45f79ac50_0, 0;
T_43.1 ;
    %jmp T_43;
    .thread T_43;
    .scope S_0x56e45f6b1980;
T_44 ;
    %wait E_0x56e45f7c7840;
    %load/vec4 v0x56e45f74e670_0;
    %nor/r;
    %flag_set/vec4 8;
    %jmp/0xz  T_44.0, 8;
    %pushi/vec4 0, 0, 8;
    %assign/vec4 v0x56e45f74b630_0, 0;
    %pushi/vec4 0, 0, 8;
    %assign/vec4 v0x56e45f763c90_0, 0;
    %pushi/vec4 0, 0, 32;
    %assign/vec4 v0x56e45f751750_0, 0;
    %jmp T_44.1;
T_44.0 ;
    %load/vec4 v0x56e45f74b590_0;
    %flag_set/vec4 8;
    %jmp/0xz  T_44.2, 8;
    %load/vec4 v0x56e45f74e710_0;
    %assign/vec4 v0x56e45f74b630_0, 0;
T_44.2 ;
    %load/vec4 v0x56e45f769f20_0;
    %assign/vec4 v0x56e45f763c90_0, 0;
    %load/vec4 v0x56e45f754900_0;
    %load/vec4 v0x56e45f74b630_0;
    %pad/u 32;
    %load/vec4 v0x56e45f769f20_0;
    %pad/u 32;
    %mul;
    %add;
    %assign/vec4 v0x56e45f751750_0, 0;
T_44.1 ;
    %jmp T_44;
    .thread T_44;
    .scope S_0x56e45f6ab7c0;
T_45 ;
    %wait E_0x56e45f7c7840;
    %load/vec4 v0x56e45f705170_0;
    %nor/r;
    %flag_set/vec4 8;
    %jmp/0xz  T_45.0, 8;
    %pushi/vec4 0, 0, 8;
    %assign/vec4 v0x56e45f702130_0, 0;
    %pushi/vec4 0, 0, 8;
    %assign/vec4 v0x56e45f71d910_0, 0;
    %pushi/vec4 0, 0, 32;
    %assign/vec4 v0x56e45f708250_0, 0;
    %jmp T_45.1;
T_45.0 ;
    %load/vec4 v0x56e45f702090_0;
    %flag_set/vec4 8;
    %jmp/0xz  T_45.2, 8;
    %load/vec4 v0x56e45f705210_0;
    %assign/vec4 v0x56e45f702130_0, 0;
T_45.2 ;
    %load/vec4 v0x56e45f71d870_0;
    %assign/vec4 v0x56e45f71d910_0, 0;
    %load/vec4 v0x56e45f70b330_0;
    %load/vec4 v0x56e45f702130_0;
    %pad/u 32;
    %load/vec4 v0x56e45f71d870_0;
    %pad/u 32;
    %mul;
    %add;
    %assign/vec4 v0x56e45f708250_0, 0;
T_45.1 ;
    %jmp T_45;
    .thread T_45;
    .scope S_0x56e45f6a2520;
T_46 ;
    %wait E_0x56e45f7c7840;
    %load/vec4 v0x56e45f693510_0;
    %nor/r;
    %flag_set/vec4 8;
    %jmp/0xz  T_46.0, 8;
    %pushi/vec4 0, 0, 8;
    %assign/vec4 v0x56e45f680fd0_0, 0;
    %pushi/vec4 0, 0, 8;
    %assign/vec4 v0x56e45f699610_0, 0;
    %pushi/vec4 0, 0, 32;
    %assign/vec4 v0x56e45f693450_0, 0;
    %jmp T_46.1;
T_46.0 ;
    %load/vec4 v0x56e45f680f10_0;
    %flag_set/vec4 8;
    %jmp/0xz  T_46.2, 8;
    %load/vec4 v0x56e45f690370_0;
    %assign/vec4 v0x56e45f680fd0_0, 0;
T_46.2 ;
    %load/vec4 v0x56e45f6a8a70_0;
    %assign/vec4 v0x56e45f699610_0, 0;
    %load/vec4 v0x56e45f696600_0;
    %load/vec4 v0x56e45f680fd0_0;
    %pad/u 32;
    %load/vec4 v0x56e45f6a8a70_0;
    %pad/u 32;
    %mul;
    %add;
    %assign/vec4 v0x56e45f693450_0, 0;
T_46.1 ;
    %jmp T_46;
    .thread T_46;
    .scope S_0x56e45f69c360;
T_47 ;
    %wait E_0x56e45f7c7840;
    %load/vec4 v0x56e45f649f50_0;
    %nor/r;
    %flag_set/vec4 8;
    %jmp/0xz  T_47.0, 8;
    %pushi/vec4 0, 0, 8;
    %assign/vec4 v0x56e45f646f30_0, 0;
    %pushi/vec4 0, 0, 8;
    %assign/vec4 v0x56e45f65f570_0, 0;
    %pushi/vec4 0, 0, 32;
    %assign/vec4 v0x56e45f64d030_0, 0;
    %jmp T_47.1;
T_47.0 ;
    %load/vec4 v0x56e45f646e70_0;
    %flag_set/vec4 8;
    %jmp/0xz  T_47.2, 8;
    %load/vec4 v0x56e45f649ff0_0;
    %assign/vec4 v0x56e45f646f30_0, 0;
T_47.2 ;
    %load/vec4 v0x56e45f665800_0;
    %assign/vec4 v0x56e45f65f570_0, 0;
    %load/vec4 v0x56e45f6501e0_0;
    %load/vec4 v0x56e45f646f30_0;
    %pad/u 32;
    %load/vec4 v0x56e45f665800_0;
    %pad/u 32;
    %mul;
    %add;
    %assign/vec4 v0x56e45f64d030_0, 0;
T_47.1 ;
    %jmp T_47;
    .thread T_47;
    .scope S_0x56e45f6961a0;
T_48 ;
    %wait E_0x56e45f7c7840;
    %load/vec4 v0x56e45f693180_0;
    %nor/r;
    %flag_set/vec4 8;
    %jmp/0xz  T_48.0, 8;
    %pushi/vec4 0, 0, 8;
    %assign/vec4 v0x56e45f68cf00_0, 0;
    %pushi/vec4 0, 0, 8;
    %assign/vec4 v0x56e45f616070_0, 0;
    %pushi/vec4 0, 0, 32;
    %assign/vec4 v0x56e45f6930c0_0, 0;
    %jmp T_48.1;
T_48.0 ;
    %load/vec4 v0x56e45f6900c0_0;
    %flag_set/vec4 8;
    %jmp/0xz  T_48.2, 8;
    %load/vec4 v0x56e45f68ffe0_0;
    %assign/vec4 v0x56e45f68cf00_0, 0;
T_48.2 ;
    %load/vec4 v0x56e45f619150_0;
    %assign/vec4 v0x56e45f616070_0, 0;
    %load/vec4 v0x56e45f7b4240_0;
    %load/vec4 v0x56e45f68cf00_0;
    %pad/u 32;
    %load/vec4 v0x56e45f619150_0;
    %pad/u 32;
    %mul;
    %add;
    %assign/vec4 v0x56e45f6930c0_0, 0;
T_48.1 ;
    %jmp T_48;
    .thread T_48;
    .scope S_0x56e45f680b80;
T_49 ;
    %wait E_0x56e45f7c7840;
    %load/vec4 v0x56e45f66e640_0;
    %nor/r;
    %flag_set/vec4 8;
    %jmp/0xz  T_49.0, 8;
    %pushi/vec4 0, 0, 8;
    %assign/vec4 v0x56e45f66b620_0, 0;
    %pushi/vec4 0, 0, 8;
    %assign/vec4 v0x56e45f674800_0, 0;
    %pushi/vec4 0, 0, 32;
    %assign/vec4 v0x56e45f6717e0_0, 0;
    %jmp T_49.1;
T_49.0 ;
    %load/vec4 v0x56e45f66b560_0;
    %flag_set/vec4 8;
    %jmp/0xz  T_49.2, 8;
    %load/vec4 v0x56e45f66e6e0_0;
    %assign/vec4 v0x56e45f66b620_0, 0;
T_49.2 ;
    %load/vec4 v0x56e45f6779b0_0;
    %assign/vec4 v0x56e45f674800_0, 0;
    %load/vec4 v0x56e45f671720_0;
    %load/vec4 v0x56e45f66b620_0;
    %pad/u 32;
    %load/vec4 v0x56e45f6779b0_0;
    %pad/u 32;
    %mul;
    %add;
    %assign/vec4 v0x56e45f6717e0_0, 0;
T_49.1 ;
    %jmp T_49;
    .thread T_49;
    .scope S_0x56e45f65c100;
T_50 ;
    %wait E_0x56e45f7c7840;
    %load/vec4 v0x56e45f649bc0_0;
    %nor/r;
    %flag_set/vec4 8;
    %jmp/0xz  T_50.0, 8;
    %pushi/vec4 0, 0, 8;
    %assign/vec4 v0x56e45f646ba0_0, 0;
    %pushi/vec4 0, 0, 8;
    %assign/vec4 v0x56e45f64fd80_0, 0;
    %pushi/vec4 0, 0, 32;
    %assign/vec4 v0x56e45f64cd60_0, 0;
    %jmp T_50.1;
T_50.0 ;
    %load/vec4 v0x56e45f646ae0_0;
    %flag_set/vec4 8;
    %jmp/0xz  T_50.2, 8;
    %load/vec4 v0x56e45f649c60_0;
    %assign/vec4 v0x56e45f646ba0_0, 0;
T_50.2 ;
    %load/vec4 v0x56e45f652f30_0;
    %assign/vec4 v0x56e45f64fd80_0, 0;
    %load/vec4 v0x56e45f64cca0_0;
    %load/vec4 v0x56e45f646ba0_0;
    %pad/u 32;
    %load/vec4 v0x56e45f652f30_0;
    %pad/u 32;
    %mul;
    %add;
    %assign/vec4 v0x56e45f64cd60_0, 0;
T_50.1 ;
    %jmp T_50;
    .thread T_50;
    .scope S_0x56e45f637680;
T_51 ;
    %wait E_0x56e45f7c7840;
    %load/vec4 v0x56e45f625140_0;
    %nor/r;
    %flag_set/vec4 8;
    %jmp/0xz  T_51.0, 8;
    %pushi/vec4 0, 0, 8;
    %assign/vec4 v0x56e45f622120_0, 0;
    %pushi/vec4 0, 0, 8;
    %assign/vec4 v0x56e45f62e4c0_0, 0;
    %pushi/vec4 0, 0, 32;
    %assign/vec4 v0x56e45f628240_0, 0;
    %jmp T_51.1;
T_51.0 ;
    %load/vec4 v0x56e45f622060_0;
    %flag_set/vec4 8;
    %jmp/0xz  T_51.2, 8;
    %load/vec4 v0x56e45f6251e0_0;
    %assign/vec4 v0x56e45f622120_0, 0;
T_51.2 ;
    %load/vec4 v0x56e45f62e3e0_0;
    %assign/vec4 v0x56e45f62e4c0_0, 0;
    %load/vec4 v0x56e45f62b3f0_0;
    %load/vec4 v0x56e45f622120_0;
    %pad/u 32;
    %load/vec4 v0x56e45f62e3e0_0;
    %pad/u 32;
    %mul;
    %add;
    %assign/vec4 v0x56e45f628240_0, 0;
T_51.1 ;
    %jmp T_51;
    .thread T_51;
    .scope S_0x56e45f612c00;
T_52 ;
    %wait E_0x56e45f7c7840;
    %load/vec4 v0x56e45f75e210_0;
    %nor/r;
    %flag_set/vec4 8;
    %jmp/0xz  T_52.0, 8;
    %pushi/vec4 0, 0, 8;
    %assign/vec4 v0x56e45f733690_0, 0;
    %pushi/vec4 0, 0, 8;
    %assign/vec4 v0x56e45f705fb0_0, 0;
    %pushi/vec4 0, 0, 32;
    %assign/vec4 v0x56e45f7613b0_0, 0;
    %jmp T_52.1;
T_52.0 ;
    %load/vec4 v0x56e45f7335d0_0;
    %flag_set/vec4 8;
    %jmp/0xz  T_52.2, 8;
    %load/vec4 v0x56e45f75e2b0_0;
    %assign/vec4 v0x56e45f733690_0, 0;
T_52.2 ;
    %load/vec4 v0x56e45f609960_0;
    %assign/vec4 v0x56e45f705fb0_0, 0;
    %load/vec4 v0x56e45f7612f0_0;
    %load/vec4 v0x56e45f733690_0;
    %pad/u 32;
    %load/vec4 v0x56e45f609960_0;
    %pad/u 32;
    %mul;
    %add;
    %assign/vec4 v0x56e45f7613b0_0, 0;
T_52.1 ;
    %jmp T_52;
    .thread T_52;
    .scope S_0x56e45f6721f0;
T_53 ;
    %wait E_0x56e45f7c7840;
    %load/vec4 v0x56e45f6f9660_0;
    %nor/r;
    %flag_set/vec4 8;
    %jmp/0xz  T_53.0, 8;
    %pushi/vec4 0, 0, 8;
    %assign/vec4 v0x56e45f70ba70_0, 0;
    %pushi/vec4 0, 0, 8;
    %assign/vec4 v0x56e45f6f9d10_0, 0;
    %pushi/vec4 0, 0, 32;
    %assign/vec4 v0x56e45f6f9530_0, 0;
    %jmp T_53.1;
T_53.0 ;
    %load/vec4 v0x56e45f6f64c0_0;
    %flag_set/vec4 8;
    %jmp/0xz  T_53.2, 8;
    %load/vec4 v0x56e45f6f63e0_0;
    %assign/vec4 v0x56e45f70ba70_0, 0;
T_53.2 ;
    %load/vec4 v0x56e45f6f9c30_0;
    %assign/vec4 v0x56e45f6f9d10_0, 0;
    %load/vec4 v0x56e45f60dce0_0;
    %load/vec4 v0x56e45f70ba70_0;
    %pad/u 32;
    %load/vec4 v0x56e45f6f9c30_0;
    %pad/u 32;
    %mul;
    %add;
    %assign/vec4 v0x56e45f6f9530_0, 0;
T_53.1 ;
    %jmp T_53;
    .thread T_53;
    .scope S_0x56e45f61fa50;
T_54 ;
    %wait E_0x56e45f7c7840;
    %load/vec4 v0x56e45f4c3bc0_0;
    %nor/r;
    %flag_set/vec4 8;
    %jmp/0xz  T_54.0, 8;
    %pushi/vec4 0, 0, 8;
    %assign/vec4 v0x56e45f4c3e00_0, 0;
    %pushi/vec4 0, 0, 8;
    %assign/vec4 v0x56e45f6cab50_0, 0;
    %pushi/vec4 0, 0, 32;
    %assign/vec4 v0x56e45f4c3a90_0, 0;
    %jmp T_54.1;
T_54.0 ;
    %load/vec4 v0x56e45f4c3d40_0;
    %flag_set/vec4 8;
    %jmp/0xz  T_54.2, 8;
    %load/vec4 v0x56e45f4c3c60_0;
    %assign/vec4 v0x56e45f4c3e00_0, 0;
T_54.2 ;
    %load/vec4 v0x56e45f7b6ce0_0;
    %assign/vec4 v0x56e45f6cab50_0, 0;
    %load/vec4 v0x56e45f6cacd0_0;
    %load/vec4 v0x56e45f4c3e00_0;
    %pad/u 32;
    %load/vec4 v0x56e45f7b6ce0_0;
    %pad/u 32;
    %mul;
    %add;
    %assign/vec4 v0x56e45f4c3a90_0, 0;
T_54.1 ;
    %jmp T_54;
    .thread T_54;
    .scope S_0x56e45f4b92b0;
T_55 ;
    %wait E_0x56e45f7c7840;
    %load/vec4 v0x56e45f487840_0;
    %nor/r;
    %flag_set/vec4 8;
    %jmp/0xz  T_55.0, 8;
    %pushi/vec4 0, 0, 8;
    %assign/vec4 v0x56e45f42c630_0, 0;
    %pushi/vec4 0, 0, 8;
    %assign/vec4 v0x56e45f4874a0_0, 0;
    %pushi/vec4 0, 0, 32;
    %assign/vec4 v0x56e45f487710_0, 0;
    %jmp T_55.1;
T_55.0 ;
    %load/vec4 v0x56e45f42c570_0;
    %flag_set/vec4 8;
    %jmp/0xz  T_55.2, 8;
    %load/vec4 v0x56e45f42c490_0;
    %assign/vec4 v0x56e45f42c630_0, 0;
T_55.2 ;
    %load/vec4 v0x56e45f4a78b0_0;
    %assign/vec4 v0x56e45f4874a0_0, 0;
    %load/vec4 v0x56e45f487650_0;
    %load/vec4 v0x56e45f42c630_0;
    %pad/u 32;
    %load/vec4 v0x56e45f4a78b0_0;
    %pad/u 32;
    %mul;
    %add;
    %assign/vec4 v0x56e45f487710_0, 0;
T_55.1 ;
    %jmp T_55;
    .thread T_55;
    .scope S_0x56e45f7c8480;
T_56 ;
    %wait E_0x56e45f7c7840;
    %load/vec4 v0x56e45f7c8e40_0;
    %nor/r;
    %flag_set/vec4 8;
    %jmp/0xz  T_56.0, 8;
    %pushi/vec4 0, 0, 8;
    %assign/vec4 v0x56e45f7c9080_0, 0;
    %pushi/vec4 0, 0, 8;
    %assign/vec4 v0x56e45f7c8aa0_0, 0;
    %pushi/vec4 0, 0, 32;
    %assign/vec4 v0x56e45f7c8d10_0, 0;
    %jmp T_56.1;
T_56.0 ;
    %load/vec4 v0x56e45f7c8fc0_0;
    %flag_set/vec4 8;
    %jmp/0xz  T_56.2, 8;
    %load/vec4 v0x56e45f7c8ee0_0;
    %assign/vec4 v0x56e45f7c9080_0, 0;
T_56.2 ;
    %load/vec4 v0x56e45f7c89a0_0;
    %assign/vec4 v0x56e45f7c8aa0_0, 0;
    %load/vec4 v0x56e45f7c8c50_0;
    %load/vec4 v0x56e45f7c9080_0;
    %pad/u 32;
    %load/vec4 v0x56e45f7c89a0_0;
    %pad/u 32;
    %mul;
    %add;
    %assign/vec4 v0x56e45f7c8d10_0, 0;
T_56.1 ;
    %jmp T_56;
    .thread T_56;
    .scope S_0x56e45f7c9850;
T_57 ;
    %wait E_0x56e45f7c7840;
    %load/vec4 v0x56e45f7ca210_0;
    %nor/r;
    %flag_set/vec4 8;
    %jmp/0xz  T_57.0, 8;
    %pushi/vec4 0, 0, 8;
    %assign/vec4 v0x56e45f7ca450_0, 0;
    %pushi/vec4 0, 0, 8;
    %assign/vec4 v0x56e45f7c9e70_0, 0;
    %pushi/vec4 0, 0, 32;
    %assign/vec4 v0x56e45f7ca0e0_0, 0;
    %jmp T_57.1;
T_57.0 ;
    %load/vec4 v0x56e45f7ca390_0;
    %flag_set/vec4 8;
    %jmp/0xz  T_57.2, 8;
    %load/vec4 v0x56e45f7ca2b0_0;
    %assign/vec4 v0x56e45f7ca450_0, 0;
T_57.2 ;
    %load/vec4 v0x56e45f7c9d70_0;
    %assign/vec4 v0x56e45f7c9e70_0, 0;
    %load/vec4 v0x56e45f7ca020_0;
    %load/vec4 v0x56e45f7ca450_0;
    %pad/u 32;
    %load/vec4 v0x56e45f7c9d70_0;
    %pad/u 32;
    %mul;
    %add;
    %assign/vec4 v0x56e45f7ca0e0_0, 0;
T_57.1 ;
    %jmp T_57;
    .thread T_57;
    .scope S_0x56e45f7cac70;
T_58 ;
    %wait E_0x56e45f7c7840;
    %load/vec4 v0x56e45f7cb600_0;
    %nor/r;
    %flag_set/vec4 8;
    %jmp/0xz  T_58.0, 8;
    %pushi/vec4 0, 0, 8;
    %assign/vec4 v0x56e45f7cb840_0, 0;
    %pushi/vec4 0, 0, 8;
    %assign/vec4 v0x56e45f7cb260_0, 0;
    %pushi/vec4 0, 0, 32;
    %assign/vec4 v0x56e45f7cb4d0_0, 0;
    %jmp T_58.1;
T_58.0 ;
    %load/vec4 v0x56e45f7cb780_0;
    %flag_set/vec4 8;
    %jmp/0xz  T_58.2, 8;
    %load/vec4 v0x56e45f7cb6a0_0;
    %assign/vec4 v0x56e45f7cb840_0, 0;
T_58.2 ;
    %load/vec4 v0x56e45f7cb160_0;
    %assign/vec4 v0x56e45f7cb260_0, 0;
    %load/vec4 v0x56e45f7cb410_0;
    %load/vec4 v0x56e45f7cb840_0;
    %pad/u 32;
    %load/vec4 v0x56e45f7cb160_0;
    %pad/u 32;
    %mul;
    %add;
    %assign/vec4 v0x56e45f7cb4d0_0, 0;
T_58.1 ;
    %jmp T_58;
    .thread T_58;
    .scope S_0x56e45f7cc010;
T_59 ;
    %wait E_0x56e45f7c7840;
    %load/vec4 v0x56e45f7cc9d0_0;
    %nor/r;
    %flag_set/vec4 8;
    %jmp/0xz  T_59.0, 8;
    %pushi/vec4 0, 0, 8;
    %assign/vec4 v0x56e45f7ccc10_0, 0;
    %pushi/vec4 0, 0, 8;
    %assign/vec4 v0x56e45f7cc630_0, 0;
    %pushi/vec4 0, 0, 32;
    %assign/vec4 v0x56e45f7cc8a0_0, 0;
    %jmp T_59.1;
T_59.0 ;
    %load/vec4 v0x56e45f7ccb50_0;
    %flag_set/vec4 8;
    %jmp/0xz  T_59.2, 8;
    %load/vec4 v0x56e45f7cca70_0;
    %assign/vec4 v0x56e45f7ccc10_0, 0;
T_59.2 ;
    %load/vec4 v0x56e45f7cc530_0;
    %assign/vec4 v0x56e45f7cc630_0, 0;
    %load/vec4 v0x56e45f7cc7e0_0;
    %load/vec4 v0x56e45f7ccc10_0;
    %pad/u 32;
    %load/vec4 v0x56e45f7cc530_0;
    %pad/u 32;
    %mul;
    %add;
    %assign/vec4 v0x56e45f7cc8a0_0, 0;
T_59.1 ;
    %jmp T_59;
    .thread T_59;
    .scope S_0x56e45f7cd3e0;
T_60 ;
    %wait E_0x56e45f7c7840;
    %load/vec4 v0x56e45f7cdda0_0;
    %nor/r;
    %flag_set/vec4 8;
    %jmp/0xz  T_60.0, 8;
    %pushi/vec4 0, 0, 8;
    %assign/vec4 v0x56e45f7cdfe0_0, 0;
    %pushi/vec4 0, 0, 8;
    %assign/vec4 v0x56e45f7cda00_0, 0;
    %pushi/vec4 0, 0, 32;
    %assign/vec4 v0x56e45f7cdc70_0, 0;
    %jmp T_60.1;
T_60.0 ;
    %load/vec4 v0x56e45f7cdf20_0;
    %flag_set/vec4 8;
    %jmp/0xz  T_60.2, 8;
    %load/vec4 v0x56e45f7cde40_0;
    %assign/vec4 v0x56e45f7cdfe0_0, 0;
T_60.2 ;
    %load/vec4 v0x56e45f7cd900_0;
    %assign/vec4 v0x56e45f7cda00_0, 0;
    %load/vec4 v0x56e45f7cdbb0_0;
    %load/vec4 v0x56e45f7cdfe0_0;
    %pad/u 32;
    %load/vec4 v0x56e45f7cd900_0;
    %pad/u 32;
    %mul;
    %add;
    %assign/vec4 v0x56e45f7cdc70_0, 0;
T_60.1 ;
    %jmp T_60;
    .thread T_60;
    .scope S_0x56e45f7ce7b0;
T_61 ;
    %wait E_0x56e45f7c7840;
    %load/vec4 v0x56e45f7cf170_0;
    %nor/r;
    %flag_set/vec4 8;
    %jmp/0xz  T_61.0, 8;
    %pushi/vec4 0, 0, 8;
    %assign/vec4 v0x56e45f7cf3b0_0, 0;
    %pushi/vec4 0, 0, 8;
    %assign/vec4 v0x56e45f7cedd0_0, 0;
    %pushi/vec4 0, 0, 32;
    %assign/vec4 v0x56e45f7cf040_0, 0;
    %jmp T_61.1;
T_61.0 ;
    %load/vec4 v0x56e45f7cf2f0_0;
    %flag_set/vec4 8;
    %jmp/0xz  T_61.2, 8;
    %load/vec4 v0x56e45f7cf210_0;
    %assign/vec4 v0x56e45f7cf3b0_0, 0;
T_61.2 ;
    %load/vec4 v0x56e45f7cecd0_0;
    %assign/vec4 v0x56e45f7cedd0_0, 0;
    %load/vec4 v0x56e45f7cef80_0;
    %load/vec4 v0x56e45f7cf3b0_0;
    %pad/u 32;
    %load/vec4 v0x56e45f7cecd0_0;
    %pad/u 32;
    %mul;
    %add;
    %assign/vec4 v0x56e45f7cf040_0, 0;
T_61.1 ;
    %jmp T_61;
    .thread T_61;
    .scope S_0x56e45f7cfe60;
T_62 ;
    %wait E_0x56e45f7c7840;
    %load/vec4 v0x56e45f7d0820_0;
    %nor/r;
    %flag_set/vec4 8;
    %jmp/0xz  T_62.0, 8;
    %pushi/vec4 0, 0, 8;
    %assign/vec4 v0x56e45f7d0a60_0, 0;
    %pushi/vec4 0, 0, 8;
    %assign/vec4 v0x56e45f7d0480_0, 0;
    %pushi/vec4 0, 0, 32;
    %assign/vec4 v0x56e45f7d06f0_0, 0;
    %jmp T_62.1;
T_62.0 ;
    %load/vec4 v0x56e45f7d09a0_0;
    %flag_set/vec4 8;
    %jmp/0xz  T_62.2, 8;
    %load/vec4 v0x56e45f7d08c0_0;
    %assign/vec4 v0x56e45f7d0a60_0, 0;
T_62.2 ;
    %load/vec4 v0x56e45f7d0380_0;
    %assign/vec4 v0x56e45f7d0480_0, 0;
    %load/vec4 v0x56e45f7d0630_0;
    %load/vec4 v0x56e45f7d0a60_0;
    %pad/u 32;
    %load/vec4 v0x56e45f7d0380_0;
    %pad/u 32;
    %mul;
    %add;
    %assign/vec4 v0x56e45f7d06f0_0, 0;
T_62.1 ;
    %jmp T_62;
    .thread T_62;
    .scope S_0x56e45f7d1230;
T_63 ;
    %wait E_0x56e45f7c7840;
    %load/vec4 v0x56e45f7d1bf0_0;
    %nor/r;
    %flag_set/vec4 8;
    %jmp/0xz  T_63.0, 8;
    %pushi/vec4 0, 0, 8;
    %assign/vec4 v0x56e45f7d1e30_0, 0;
    %pushi/vec4 0, 0, 8;
    %assign/vec4 v0x56e45f7d1850_0, 0;
    %pushi/vec4 0, 0, 32;
    %assign/vec4 v0x56e45f7d1ac0_0, 0;
    %jmp T_63.1;
T_63.0 ;
    %load/vec4 v0x56e45f7d1d70_0;
    %flag_set/vec4 8;
    %jmp/0xz  T_63.2, 8;
    %load/vec4 v0x56e45f7d1c90_0;
    %assign/vec4 v0x56e45f7d1e30_0, 0;
T_63.2 ;
    %load/vec4 v0x56e45f7d1750_0;
    %assign/vec4 v0x56e45f7d1850_0, 0;
    %load/vec4 v0x56e45f7d1a00_0;
    %load/vec4 v0x56e45f7d1e30_0;
    %pad/u 32;
    %load/vec4 v0x56e45f7d1750_0;
    %pad/u 32;
    %mul;
    %add;
    %assign/vec4 v0x56e45f7d1ac0_0, 0;
T_63.1 ;
    %jmp T_63;
    .thread T_63;
    .scope S_0x56e45f7d2610;
T_64 ;
    %wait E_0x56e45f7c7840;
    %load/vec4 v0x56e45f7d2fd0_0;
    %nor/r;
    %flag_set/vec4 8;
    %jmp/0xz  T_64.0, 8;
    %pushi/vec4 0, 0, 8;
    %assign/vec4 v0x56e45f7d3210_0, 0;
    %pushi/vec4 0, 0, 8;
    %assign/vec4 v0x56e45f7d2c30_0, 0;
    %pushi/vec4 0, 0, 32;
    %assign/vec4 v0x56e45f7d2ea0_0, 0;
    %jmp T_64.1;
T_64.0 ;
    %load/vec4 v0x56e45f7d3150_0;
    %flag_set/vec4 8;
    %jmp/0xz  T_64.2, 8;
    %load/vec4 v0x56e45f7d3070_0;
    %assign/vec4 v0x56e45f7d3210_0, 0;
T_64.2 ;
    %load/vec4 v0x56e45f7d2b30_0;
    %assign/vec4 v0x56e45f7d2c30_0, 0;
    %load/vec4 v0x56e45f7d2de0_0;
    %load/vec4 v0x56e45f7d3210_0;
    %pad/u 32;
    %load/vec4 v0x56e45f7d2b30_0;
    %pad/u 32;
    %mul;
    %add;
    %assign/vec4 v0x56e45f7d2ea0_0, 0;
T_64.1 ;
    %jmp T_64;
    .thread T_64;
    .scope S_0x56e45f7d39e0;
T_65 ;
    %wait E_0x56e45f7c7840;
    %load/vec4 v0x56e45f7d43a0_0;
    %nor/r;
    %flag_set/vec4 8;
    %jmp/0xz  T_65.0, 8;
    %pushi/vec4 0, 0, 8;
    %assign/vec4 v0x56e45f7d45e0_0, 0;
    %pushi/vec4 0, 0, 8;
    %assign/vec4 v0x56e45f7d4000_0, 0;
    %pushi/vec4 0, 0, 32;
    %assign/vec4 v0x56e45f7d4270_0, 0;
    %jmp T_65.1;
T_65.0 ;
    %load/vec4 v0x56e45f7d4520_0;
    %flag_set/vec4 8;
    %jmp/0xz  T_65.2, 8;
    %load/vec4 v0x56e45f7d4440_0;
    %assign/vec4 v0x56e45f7d45e0_0, 0;
T_65.2 ;
    %load/vec4 v0x56e45f7d3f00_0;
    %assign/vec4 v0x56e45f7d4000_0, 0;
    %load/vec4 v0x56e45f7d41b0_0;
    %load/vec4 v0x56e45f7d45e0_0;
    %pad/u 32;
    %load/vec4 v0x56e45f7d3f00_0;
    %pad/u 32;
    %mul;
    %add;
    %assign/vec4 v0x56e45f7d4270_0, 0;
T_65.1 ;
    %jmp T_65;
    .thread T_65;
    .scope S_0x56e45f7d4e00;
T_66 ;
    %wait E_0x56e45f7c7840;
    %load/vec4 v0x56e45f7d5790_0;
    %nor/r;
    %flag_set/vec4 8;
    %jmp/0xz  T_66.0, 8;
    %pushi/vec4 0, 0, 8;
    %assign/vec4 v0x56e45f7d59d0_0, 0;
    %pushi/vec4 0, 0, 8;
    %assign/vec4 v0x56e45f7d53f0_0, 0;
    %pushi/vec4 0, 0, 32;
    %assign/vec4 v0x56e45f7d5660_0, 0;
    %jmp T_66.1;
T_66.0 ;
    %load/vec4 v0x56e45f7d5910_0;
    %flag_set/vec4 8;
    %jmp/0xz  T_66.2, 8;
    %load/vec4 v0x56e45f7d5830_0;
    %assign/vec4 v0x56e45f7d59d0_0, 0;
T_66.2 ;
    %load/vec4 v0x56e45f7d52f0_0;
    %assign/vec4 v0x56e45f7d53f0_0, 0;
    %load/vec4 v0x56e45f7d55a0_0;
    %load/vec4 v0x56e45f7d59d0_0;
    %pad/u 32;
    %load/vec4 v0x56e45f7d52f0_0;
    %pad/u 32;
    %mul;
    %add;
    %assign/vec4 v0x56e45f7d5660_0, 0;
T_66.1 ;
    %jmp T_66;
    .thread T_66;
    .scope S_0x56e45f7d61a0;
T_67 ;
    %wait E_0x56e45f7c7840;
    %load/vec4 v0x56e45f7d6b60_0;
    %nor/r;
    %flag_set/vec4 8;
    %jmp/0xz  T_67.0, 8;
    %pushi/vec4 0, 0, 8;
    %assign/vec4 v0x56e45f7d6da0_0, 0;
    %pushi/vec4 0, 0, 8;
    %assign/vec4 v0x56e45f7d67c0_0, 0;
    %pushi/vec4 0, 0, 32;
    %assign/vec4 v0x56e45f7d6a30_0, 0;
    %jmp T_67.1;
T_67.0 ;
    %load/vec4 v0x56e45f7d6ce0_0;
    %flag_set/vec4 8;
    %jmp/0xz  T_67.2, 8;
    %load/vec4 v0x56e45f7d6c00_0;
    %assign/vec4 v0x56e45f7d6da0_0, 0;
T_67.2 ;
    %load/vec4 v0x56e45f7d66c0_0;
    %assign/vec4 v0x56e45f7d67c0_0, 0;
    %load/vec4 v0x56e45f7d6970_0;
    %load/vec4 v0x56e45f7d6da0_0;
    %pad/u 32;
    %load/vec4 v0x56e45f7d66c0_0;
    %pad/u 32;
    %mul;
    %add;
    %assign/vec4 v0x56e45f7d6a30_0, 0;
T_67.1 ;
    %jmp T_67;
    .thread T_67;
    .scope S_0x56e45f7d7570;
T_68 ;
    %wait E_0x56e45f7c7840;
    %load/vec4 v0x56e45f7d7f30_0;
    %nor/r;
    %flag_set/vec4 8;
    %jmp/0xz  T_68.0, 8;
    %pushi/vec4 0, 0, 8;
    %assign/vec4 v0x56e45f7d8170_0, 0;
    %pushi/vec4 0, 0, 8;
    %assign/vec4 v0x56e45f7d7b90_0, 0;
    %pushi/vec4 0, 0, 32;
    %assign/vec4 v0x56e45f7d7e00_0, 0;
    %jmp T_68.1;
T_68.0 ;
    %load/vec4 v0x56e45f7d80b0_0;
    %flag_set/vec4 8;
    %jmp/0xz  T_68.2, 8;
    %load/vec4 v0x56e45f7d7fd0_0;
    %assign/vec4 v0x56e45f7d8170_0, 0;
T_68.2 ;
    %load/vec4 v0x56e45f7d7a90_0;
    %assign/vec4 v0x56e45f7d7b90_0, 0;
    %load/vec4 v0x56e45f7d7d40_0;
    %load/vec4 v0x56e45f7d8170_0;
    %pad/u 32;
    %load/vec4 v0x56e45f7d7a90_0;
    %pad/u 32;
    %mul;
    %add;
    %assign/vec4 v0x56e45f7d7e00_0, 0;
T_68.1 ;
    %jmp T_68;
    .thread T_68;
    .scope S_0x56e45f7d8940;
T_69 ;
    %wait E_0x56e45f7c7840;
    %load/vec4 v0x56e45f7d9250_0;
    %nor/r;
    %flag_set/vec4 8;
    %jmp/0xz  T_69.0, 8;
    %pushi/vec4 0, 0, 8;
    %assign/vec4 v0x56e45f7d9490_0, 0;
    %pushi/vec4 0, 0, 8;
    %assign/vec4 v0x56e45f7d8f60_0, 0;
    %pushi/vec4 0, 0, 32;
    %assign/vec4 v0x56e45f7d9140_0, 0;
    %jmp T_69.1;
T_69.0 ;
    %load/vec4 v0x56e45f7d93d0_0;
    %flag_set/vec4 8;
    %jmp/0xz  T_69.2, 8;
    %load/vec4 v0x56e45f7d92f0_0;
    %assign/vec4 v0x56e45f7d9490_0, 0;
T_69.2 ;
    %load/vec4 v0x56e45f7d8e60_0;
    %assign/vec4 v0x56e45f7d8f60_0, 0;
    %load/vec4 v0x56e45f7d90a0_0;
    %load/vec4 v0x56e45f7d9490_0;
    %pad/u 32;
    %load/vec4 v0x56e45f7d8e60_0;
    %pad/u 32;
    %mul;
    %add;
    %assign/vec4 v0x56e45f7d9140_0, 0;
T_69.1 ;
    %jmp T_69;
    .thread T_69;
    .scope S_0x56e45f69c710;
T_70 ;
    %wait E_0x56e45f7c7840;
    %load/vec4 v0x56e45f7daa20_0;
    %nor/r;
    %flag_set/vec4 8;
    %jmp/0xz  T_70.0, 8;
    %pushi/vec4 0, 0, 64;
    %assign/vec4 v0x56e45f7d9c90_0, 0;
    %pushi/vec4 0, 0, 64;
    %assign/vec4 v0x56e45f7d9d80_0, 0;
    %jmp T_70.1;
T_70.0 ;
    %load/vec4 v0x56e45f7d9b90_0;
    %assign/vec4 v0x56e45f7d9c90_0, 0;
    %load/vec4 v0x56e45f7d9c90_0;
    %assign/vec4 v0x56e45f7d9d80_0, 0;
T_70.1 ;
    %jmp T_70;
    .thread T_70;
    .scope S_0x56e45f69c710;
T_71 ;
    %wait E_0x56e45f7c7840;
    %load/vec4 v0x56e45f7daa20_0;
    %nor/r;
    %flag_set/vec4 8;
    %jmp/0xz  T_71.0, 8;
    %pushi/vec4 0, 0, 256;
    %assign/vec4 v0x56e45f7da7e0_0, 0;
    %pushi/vec4 0, 0, 256;
    %assign/vec4 v0x56e45f7da6f0_0, 0;
    %jmp T_71.1;
T_71.0 ;
    %load/vec4 v0x56e45f7da8d0_0;
    %parti/s 256, 2048, 13;
    %assign/vec4 v0x56e45f7da7e0_0, 0;
    %load/vec4 v0x56e45f7da7e0_0;
    %assign/vec4 v0x56e45f7da6f0_0, 0;
T_71.1 ;
    %jmp T_71;
    .thread T_71;
    .scope S_0x56e45f78e8f0;
T_72 ;
    %wait E_0x56e45f490800;
    %load/vec4 v0x56e45f7e1480_0;
    %nor/r;
    %flag_set/vec4 8;
    %jmp/0xz  T_72.0, 8;
    %pushi/vec4 0, 0, 32;
    %assign/vec4 v0x56e45f7e1040_0, 0;
    %pushi/vec4 0, 0, 32;
    %assign/vec4 v0x56e45f7e1100_0, 0;
    %pushi/vec4 0, 0, 32;
    %assign/vec4 v0x56e45f7e11e0_0, 0;
    %jmp T_72.1;
T_72.0 ;
    %load/vec4 v0x56e45f7e0560_0;
    %flag_set/vec4 9;
    %flag_get/vec4 9;
    %jmp/0 T_72.4, 9;
    %load/vec4 v0x56e45f7e0700_0;
    %and;
T_72.4;
    %flag_set/vec4 8;
    %jmp/0xz  T_72.2, 8;
    %load/vec4 v0x56e45f7e03f0_0;
    %parti/s 4, 0, 2;
    %dup/vec4;
    %pushi/vec4 0, 0, 4;
    %cmp/u;
    %jmp/1 T_72.5, 6;
    %dup/vec4;
    %pushi/vec4 4, 0, 4;
    %cmp/u;
    %jmp/1 T_72.6, 6;
    %dup/vec4;
    %pushi/vec4 8, 0, 4;
    %cmp/u;
    %jmp/1 T_72.7, 6;
    %jmp T_72.9;
T_72.5 ;
    %load/vec4 v0x56e45f7e0620_0;
    %assign/vec4 v0x56e45f7e1040_0, 0;
    %jmp T_72.9;
T_72.6 ;
    %load/vec4 v0x56e45f7e0620_0;
    %assign/vec4 v0x56e45f7e1100_0, 0;
    %jmp T_72.9;
T_72.7 ;
    %load/vec4 v0x56e45f7e0620_0;
    %assign/vec4 v0x56e45f7e11e0_0, 0;
    %jmp T_72.9;
T_72.9 ;
    %pop/vec4 1;
T_72.2 ;
T_72.1 ;
    %jmp T_72;
    .thread T_72;
    .scope S_0x56e45f78e8f0;
T_73 ;
    %wait E_0x56e45f490800;
    %load/vec4 v0x56e45f7e1480_0;
    %nor/r;
    %flag_set/vec4 8;
    %jmp/0xz  T_73.0, 8;
    %pushi/vec4 0, 0, 1;
    %assign/vec4 v0x56e45f7e0e90_0, 0;
    %jmp T_73.1;
T_73.0 ;
    %load/vec4 v0x56e45f7e1100_0;
    %parti/s 1, 0, 2;
    %assign/vec4 v0x56e45f7e0e90_0, 0;
T_73.1 ;
    %jmp T_73;
    .thread T_73;
    .scope S_0x56e45f78e8f0;
T_74 ;
    %wait E_0x56e45f490800;
    %load/vec4 v0x56e45f7e1480_0;
    %nor/r;
    %flag_set/vec4 8;
    %jmp/0xz  T_74.0, 8;
    %pushi/vec4 0, 0, 4;
    %assign/vec4 v0x56e45f7e1ca0_0, 0;
    %pushi/vec4 0, 0, 4;
    %assign/vec4 v0x56e45f7e13a0_0, 0;
    %pushi/vec4 0, 0, 4;
    %assign/vec4 v0x56e45f7e0860_0, 0;
    %pushi/vec4 0, 0, 4;
    %assign/vec4 v0x56e45f7e0cf0_0, 0;
    %pushi/vec4 0, 0, 4;
    %assign/vec4 v0x56e45f7e0b00_0, 0;
    %pushi/vec4 0, 0, 5;
    %assign/vec4 v0x56e45f7e0940_0, 0;
    %pushi/vec4 0, 0, 1;
    %assign/vec4 v0x56e45f7e2030_0, 0;
    %pushi/vec4 0, 0, 3;
    %assign/vec4 v0x56e45f7e2120_0, 0;
    %pushi/vec4 0, 0, 1;
    %assign/vec4 v0x56e45f7dfe30_0, 0;
    %pushi/vec4 0, 0, 6;
    %assign/vec4 v0x56e45f7e1520_0, 0;
    %pushi/vec4 0, 0, 1;
    %assign/vec4 v0x56e45f7e16e0_0, 0;
    %pushi/vec4 0, 0, 6;
    %assign/vec4 v0x56e45f7e17a0_0, 0;
    %pushi/vec4 0, 0, 1;
    %assign/vec4 v0x56e45f7e1960_0, 0;
    %pushi/vec4 0, 0, 3;
    %assign/vec4 v0x56e45f7e1a20_0, 0;
    %pushi/vec4 0, 0, 1;
    %assign/vec4 v0x56e45f7e1be0_0, 0;
    %pushi/vec4 0, 0, 32;
    %assign/vec4 v0x56e45f7e1b00_0, 0;
    %pushi/vec4 0, 0, 32;
    %assign/vec4 v0x56e45f7e12c0_0, 0;
    %pushi/vec4 0, 0, 32;
    %store/vec4 v0x56e45f7e0a20_0, 0, 32;
T_74.2 ;
    %load/vec4 v0x56e45f7e0a20_0;
    %cmpi/s 8, 0, 32;
    %jmp/0xz T_74.3, 5;
    %pushi/vec4 0, 0, 8;
    %ix/getv/s 3, v0x56e45f7e0a20_0;
    %ix/load 4, 0, 0; Constant delay
    %assign/vec4/a/d v0x56e45f7e1d80, 0, 4;
    ; show_stmt_assign_vector: Get l-value for compressed += operand
    %load/vec4 v0x56e45f7e0a20_0;
    %pushi/vec4 1, 0, 32;
    %add;
    %store/vec4 v0x56e45f7e0a20_0, 0, 32;
    %jmp T_74.2;
T_74.3 ;
    %pushi/vec4 0, 0, 32;
    %store/vec4 v0x56e45f7e0a20_0, 0, 32;
T_74.4 ;
    %load/vec4 v0x56e45f7e0a20_0;
    %cmpi/s 8, 0, 32;
    %jmp/0xz T_74.5, 5;
    %pushi/vec4 0, 0, 8;
    %ix/getv/s 3, v0x56e45f7e0a20_0;
    %ix/load 4, 0, 0; Constant delay
    %assign/vec4/a/d v0x56e45f7dff00, 0, 4;
    ; show_stmt_assign_vector: Get l-value for compressed += operand
    %load/vec4 v0x56e45f7e0a20_0;
    %pushi/vec4 1, 0, 32;
    %add;
    %store/vec4 v0x56e45f7e0a20_0, 0, 32;
    %jmp T_74.4;
T_74.5 ;
    %pushi/vec4 0, 0, 32;
    %store/vec4 v0x56e45f7e0a20_0, 0, 32;
T_74.6 ;
    %load/vec4 v0x56e45f7e0a20_0;
    %cmpi/s 8, 0, 32;
    %jmp/0xz T_74.7, 5;
    %pushi/vec4 0, 0, 8;
    %ix/getv/s 3, v0x56e45f7e0a20_0;
    %ix/load 4, 0, 0; Constant delay
    %assign/vec4/a/d v0x56e45f7dffc0, 0, 4;
    ; show_stmt_assign_vector: Get l-value for compressed += operand
    %load/vec4 v0x56e45f7e0a20_0;
    %pushi/vec4 1, 0, 32;
    %add;
    %store/vec4 v0x56e45f7e0a20_0, 0, 32;
    %jmp T_74.6;
T_74.7 ;
    %jmp T_74.1;
T_74.0 ;
    %pushi/vec4 0, 0, 1;
    %assign/vec4 v0x56e45f7e2030_0, 0;
    %pushi/vec4 0, 0, 1;
    %assign/vec4 v0x56e45f7e16e0_0, 0;
    %pushi/vec4 0, 0, 1;
    %assign/vec4 v0x56e45f7e1960_0, 0;
    %pushi/vec4 0, 0, 1;
    %assign/vec4 v0x56e45f7e1be0_0, 0;
    %pushi/vec4 0, 0, 1;
    %assign/vec4 v0x56e45f7dfe30_0, 0;
    %load/vec4 v0x56e45f7e1ca0_0;
    %dup/vec4;
    %pushi/vec4 0, 0, 4;
    %cmp/u;
    %jmp/1 T_74.8, 6;
    %dup/vec4;
    %pushi/vec4 1, 0, 4;
    %cmp/u;
    %jmp/1 T_74.9, 6;
    %dup/vec4;
    %pushi/vec4 2, 0, 4;
    %cmp/u;
    %jmp/1 T_74.10, 6;
    %dup/vec4;
    %pushi/vec4 3, 0, 4;
    %cmp/u;
    %jmp/1 T_74.11, 6;
    %dup/vec4;
    %pushi/vec4 4, 0, 4;
    %cmp/u;
    %jmp/1 T_74.12, 6;
    %dup/vec4;
    %pushi/vec4 5, 0, 4;
    %cmp/u;
    %jmp/1 T_74.13, 6;
    %dup/vec4;
    %pushi/vec4 6, 0, 4;
    %cmp/u;
    %jmp/1 T_74.14, 6;
    %dup/vec4;
    %pushi/vec4 7, 0, 4;
    %cmp/u;
    %jmp/1 T_74.15, 6;
    %dup/vec4;
    %pushi/vec4 8, 0, 4;
    %cmp/u;
    %jmp/1 T_74.16, 6;
    %dup/vec4;
    %pushi/vec4 9, 0, 4;
    %cmp/u;
    %jmp/1 T_74.17, 6;
    %pushi/vec4 0, 0, 4;
    %assign/vec4 v0x56e45f7e1ca0_0, 0;
    %jmp T_74.19;
T_74.8 ;
    %pushi/vec4 0, 0, 32;
    %assign/vec4 v0x56e45f7e12c0_0, 0;
    %load/vec4 v0x56e45f7e0dd0_0;
    %flag_set/vec4 8;
    %jmp/0xz  T_74.20, 8;
    %pushi/vec4 1, 0, 4;
    %assign/vec4 v0x56e45f7e1ca0_0, 0;
    %pushi/vec4 0, 0, 4;
    %assign/vec4 v0x56e45f7e13a0_0, 0;
    %pushi/vec4 0, 0, 4;
    %assign/vec4 v0x56e45f7e0860_0, 0;
    %pushi/vec4 1, 0, 1;
    %ix/load 4, 0, 0;
    %ix/load 5, 0, 0;
    %flag_set/imm 4, 0;
    %assign/vec4/off/d v0x56e45f7e12c0_0, 4, 5;
T_74.20 ;
    %jmp T_74.19;
T_74.9 ;
    %load/vec4 v0x56e45f7e13a0_0;
    %parti/s 3, 0, 2;
    %load/vec4 v0x56e45f7e0860_0;
    %parti/s 3, 0, 2;
    %concat/vec4; draw_concat_vec4
    %assign/vec4 v0x56e45f7e17a0_0, 0;
    %pushi/vec4 1, 0, 1;
    %assign/vec4 v0x56e45f7e1960_0, 0;
    %load/vec4 v0x56e45f7e0860_0;
    %assign/vec4 v0x56e45f7e0b00_0, 0;
    %load/vec4 v0x56e45f7e13a0_0;
    %assign/vec4 v0x56e45f7e0cf0_0, 0;
    %load/vec4 v0x56e45f7e13a0_0;
    %parti/s 3, 0, 2;
    %assign/vec4 v0x56e45f7e2120_0, 0;
    %pushi/vec4 2, 0, 4;
    %assign/vec4 v0x56e45f7e1ca0_0, 0;
    %jmp T_74.19;
T_74.10 ;
    %pushi/vec4 3, 0, 4;
    %assign/vec4 v0x56e45f7e1ca0_0, 0;
    %jmp T_74.19;
T_74.11 ;
    %load/vec4 v0x56e45f7e1880_0;
    %load/vec4 v0x56e45f7e0b00_0;
    %pad/u 5;
    %ix/vec4 3;
    %ix/load 4, 0, 0; Constant delay
    %assign/vec4/a/d v0x56e45f7e1d80, 0, 4;
    %load/vec4 v0x56e45f7e0b00_0;
    %pad/u 32;
    %cmpi/e 7, 0, 32;
    %jmp/0xz  T_74.22, 4;
    %pushi/vec4 4, 0, 4;
    %assign/vec4 v0x56e45f7e1ca0_0, 0;
    %jmp T_74.23;
T_74.22 ;
    %load/vec4 v0x56e45f7e0b00_0;
    %addi 1, 0, 4;
    %assign/vec4 v0x56e45f7e0860_0, 0;
    %pushi/vec4 1, 0, 4;
    %assign/vec4 v0x56e45f7e1ca0_0, 0;
T_74.23 ;
    %jmp T_74.19;
T_74.12 ;
    %pushi/vec4 1, 0, 1;
    %assign/vec4 v0x56e45f7e2030_0, 0;
    %load/vec4 v0x56e45f7e0cf0_0;
    %pad/u 32;
    %cmpi/e 7, 0, 32;
    %jmp/0xz  T_74.24, 4;
    %pushi/vec4 0, 0, 4;
    %assign/vec4 v0x56e45f7e13a0_0, 0;
    %pushi/vec4 0, 0, 4;
    %assign/vec4 v0x56e45f7e0860_0, 0;
    %pushi/vec4 5, 0, 4;
    %assign/vec4 v0x56e45f7e1ca0_0, 0;
    %jmp T_74.25;
T_74.24 ;
    %load/vec4 v0x56e45f7e0cf0_0;
    %addi 1, 0, 4;
    %assign/vec4 v0x56e45f7e13a0_0, 0;
    %pushi/vec4 0, 0, 4;
    %assign/vec4 v0x56e45f7e0860_0, 0;
    %pushi/vec4 1, 0, 4;
    %assign/vec4 v0x56e45f7e1ca0_0, 0;
T_74.25 ;
    %jmp T_74.19;
T_74.13 ;
    %load/vec4 v0x56e45f7e13a0_0;
    %parti/s 3, 0, 2;
    %concati/vec4 0, 0, 3;
    %assign/vec4 v0x56e45f7e1520_0, 0;
    %pushi/vec4 1, 0, 1;
    %assign/vec4 v0x56e45f7e16e0_0, 0;
    %load/vec4 v0x56e45f7e13a0_0;
    %assign/vec4 v0x56e45f7e0cf0_0, 0;
    %pushi/vec4 6, 0, 4;
    %assign/vec4 v0x56e45f7e1ca0_0, 0;
    %jmp T_74.19;
T_74.14 ;
    %pushi/vec4 7, 0, 4;
    %assign/vec4 v0x56e45f7e1ca0_0, 0;
    %jmp T_74.19;
T_74.15 ;
    %load/vec4 v0x56e45f7e1600_0;
    %load/vec4 v0x56e45f7e0cf0_0;
    %pad/u 5;
    %ix/vec4 3;
    %ix/load 4, 0, 0; Constant delay
    %assign/vec4/a/d v0x56e45f7dff00, 0, 4;
    %load/vec4 v0x56e45f7e0cf0_0;
    %pad/u 32;
    %cmpi/e 7, 0, 32;
    %jmp/0xz  T_74.26, 4;
    %pushi/vec4 8, 0, 4;
    %assign/vec4 v0x56e45f7e1ca0_0, 0;
    %pushi/vec4 0, 0, 5;
    %assign/vec4 v0x56e45f7e0940_0, 0;
    %pushi/vec4 0, 0, 32;
    %store/vec4 v0x56e45f7e0a20_0, 0, 32;
T_74.28 ;
    %load/vec4 v0x56e45f7e0a20_0;
    %cmpi/s 8, 0, 32;
    %jmp/0xz T_74.29, 5;
    %pushi/vec4 0, 0, 8;
    %ix/getv/s 3, v0x56e45f7e0a20_0;
    %ix/load 4, 0, 0; Constant delay
    %assign/vec4/a/d v0x56e45f7dffc0, 0, 4;
    ; show_stmt_assign_vector: Get l-value for compressed += operand
    %load/vec4 v0x56e45f7e0a20_0;
    %pushi/vec4 1, 0, 32;
    %add;
    %store/vec4 v0x56e45f7e0a20_0, 0, 32;
    %jmp T_74.28;
T_74.29 ;
    %jmp T_74.27;
T_74.26 ;
    %load/vec4 v0x56e45f7e0cf0_0;
    %addi 1, 0, 4;
    %assign/vec4 v0x56e45f7e13a0_0, 0;
    %pushi/vec4 5, 0, 4;
    %assign/vec4 v0x56e45f7e1ca0_0, 0;
T_74.27 ;
    %jmp T_74.19;
T_74.16 ;
    %pushi/vec4 0, 0, 32;
    %store/vec4 v0x56e45f7e0a20_0, 0, 32;
T_74.30 ;
    %load/vec4 v0x56e45f7e0a20_0;
    %cmpi/s 8, 0, 32;
    %jmp/0xz T_74.31, 5;
    %pushi/vec4 0, 0, 8;
    %ix/getv/s 3, v0x56e45f7e0a20_0;
    %ix/load 4, 0, 0; Constant delay
    %assign/vec4/a/d v0x56e45f7dffc0, 0, 4;
    ; show_stmt_assign_vector: Get l-value for compressed += operand
    %load/vec4 v0x56e45f7e0a20_0;
    %pushi/vec4 1, 0, 32;
    %add;
    %store/vec4 v0x56e45f7e0a20_0, 0, 32;
    %jmp T_74.30;
T_74.31 ;
    %load/vec4 v0x56e45f7e0940_0;
    %pad/u 32;
    %cmpi/u 8, 0, 32;
    %jmp/0xz  T_74.32, 5;
    %load/vec4 v0x56e45f7e0940_0;
    %parti/s 3, 0, 2;
    %pad/u 5;
    %ix/vec4 4;
    %load/vec4a v0x56e45f7dff00, 4;
    %load/vec4 v0x56e45f7e0940_0;
    %parti/s 3, 0, 2;
    %pad/u 5;
    %ix/vec4 3;
    %ix/load 4, 0, 0; Constant delay
    %assign/vec4/a/d v0x56e45f7dffc0, 0, 4;
T_74.32 ;
    %load/vec4 v0x56e45f7e0940_0;
    %cmpi/u 13, 0, 5;
    %flag_inv 5; GE is !LT
    %flag_get/vec4 5;
    %jmp/0 T_74.36, 5;
    %load/vec4 v0x56e45f7e0940_0;
    %cmpi/u 20, 0, 5;
    %flag_get/vec4 4;
    %flag_get/vec4 5;
    %or;
    %and;
T_74.36;
    %flag_set/vec4 8;
    %jmp/0xz  T_74.34, 8;
    %load/vec4 v0x56e45f7e0940_0;
    %subi 13, 0, 5;
    %pad/u 3;
    %assign/vec4 v0x56e45f7e1a20_0, 0;
    %pushi/vec4 1, 0, 1;
    %assign/vec4 v0x56e45f7e1be0_0, 0;
    %load/vec4 v0x56e45f7e0f50_0;
    %load/vec4 v0x56e45f7e0940_0;
    %pad/u 32;
    %subi 13, 0, 32;
    %muli 32, 0, 32;
    %part/u 32;
    %assign/vec4 v0x56e45f7e1b00_0, 0;
T_74.34 ;
    %load/vec4 v0x56e45f7e0940_0;
    %cmpi/e 20, 0, 5;
    %jmp/0xz  T_74.37, 4;
    %pushi/vec4 9, 0, 4;
    %assign/vec4 v0x56e45f7e1ca0_0, 0;
    %jmp T_74.38;
T_74.37 ;
    %load/vec4 v0x56e45f7e0940_0;
    %addi 1, 0, 5;
    %assign/vec4 v0x56e45f7e0940_0, 0;
T_74.38 ;
    %jmp T_74.19;
T_74.17 ;
    %pushi/vec4 1, 0, 1;
    %assign/vec4 v0x56e45f7dfe30_0, 0;
    %pushi/vec4 0, 0, 1;
    %ix/load 4, 0, 0;
    %ix/load 5, 0, 0;
    %flag_set/imm 4, 0;
    %assign/vec4/off/d v0x56e45f7e12c0_0, 4, 5;
    %pushi/vec4 1, 0, 1;
    %ix/load 4, 1, 0;
    %ix/load 5, 0, 0;
    %flag_set/imm 4, 0;
    %assign/vec4/off/d v0x56e45f7e12c0_0, 4, 5;
    %pushi/vec4 0, 0, 32;
    %assign/vec4 v0x56e45f7e1100_0, 0;
    %pushi/vec4 0, 0, 4;
    %assign/vec4 v0x56e45f7e1ca0_0, 0;
    %jmp T_74.19;
T_74.19 ;
    %pop/vec4 1;
T_74.1 ;
    %jmp T_74;
    .thread T_74;
    .scope S_0x56e45f7e24f0;
T_75 ;
    %wait E_0x56e45f490800;
    %load/vec4 v0x56e45f7e2be0_0;
    %nor/r;
    %flag_set/vec4 8;
    %jmp/0xz  T_75.0, 8;
    %pushi/vec4 0, 0, 32;
    %store/vec4 v0x56e45f7e2890_0, 0, 32;
T_75.2 ;
    %load/vec4 v0x56e45f7e2890_0;
    %cmpi/s 64, 0, 32;
    %jmp/0xz T_75.3, 5;
    %pushi/vec4 0, 0, 8;
    %ix/getv/s 3, v0x56e45f7e2890_0;
    %ix/load 4, 0, 0; Constant delay
    %assign/vec4/a/d v0x56e45f7e2970, 0, 4;
    %load/vec4 v0x56e45f7e2890_0;
    %addi 1, 0, 32;
    %store/vec4 v0x56e45f7e2890_0, 0, 32;
    %jmp T_75.2;
T_75.3 ;
    %pushi/vec4 0, 0, 8;
    %assign/vec4 v0x56e45f7e2d40_0, 0;
    %jmp T_75.1;
T_75.0 ;
    %load/vec4 v0x56e45f7e2fe0_0;
    %flag_set/vec4 8;
    %jmp/0xz  T_75.4, 8;
    %load/vec4 v0x56e45f7e2f40_0;
    %load/vec4 v0x56e45f7e2c80_0;
    %pad/u 8;
    %ix/vec4 3;
    %ix/load 4, 0, 0; Constant delay
    %assign/vec4/a/d v0x56e45f7e2970, 0, 4;
T_75.4 ;
    %load/vec4 v0x56e45f7e2de0_0;
    %flag_set/vec4 8;
    %jmp/0xz  T_75.6, 8;
    %load/vec4 v0x56e45f7e2c80_0;
    %pad/u 8;
    %ix/vec4 4;
    %load/vec4a v0x56e45f7e2970, 4;
    %assign/vec4 v0x56e45f7e2d40_0, 0;
T_75.6 ;
T_75.1 ;
    %jmp T_75;
    .thread T_75;
    .scope S_0x56e45f7e24f0;
T_76 ;
    %wait E_0x56e45f490800;
    %load/vec4 v0x56e45f7e2be0_0;
    %nor/r;
    %flag_set/vec4 8;
    %jmp/0xz  T_76.0, 8;
    %pushi/vec4 0, 0, 32;
    %store/vec4 v0x56e45f7e2890_0, 0, 32;
T_76.2 ;
    %load/vec4 v0x56e45f7e2890_0;
    %cmpi/s 64, 0, 32;
    %jmp/0xz T_76.3, 5;
    %pushi/vec4 0, 0, 8;
    %ix/getv/s 3, v0x56e45f7e2890_0;
    %ix/load 4, 0, 0; Constant delay
    %assign/vec4/a/d v0x56e45f7e2a10, 0, 4;
    %load/vec4 v0x56e45f7e2890_0;
    %addi 1, 0, 32;
    %store/vec4 v0x56e45f7e2890_0, 0, 32;
    %jmp T_76.2;
T_76.3 ;
    %pushi/vec4 0, 0, 8;
    %assign/vec4 v0x56e45f7e3190_0, 0;
    %jmp T_76.1;
T_76.0 ;
    %load/vec4 v0x56e45f7e33d0_0;
    %flag_set/vec4 8;
    %jmp/0xz  T_76.4, 8;
    %load/vec4 v0x56e45f7e3330_0;
    %load/vec4 v0x56e45f7e30a0_0;
    %pad/u 8;
    %ix/vec4 3;
    %ix/load 4, 0, 0; Constant delay
    %assign/vec4/a/d v0x56e45f7e2a10, 0, 4;
T_76.4 ;
    %load/vec4 v0x56e45f7e3260_0;
    %flag_set/vec4 8;
    %jmp/0xz  T_76.6, 8;
    %load/vec4 v0x56e45f7e30a0_0;
    %pad/u 8;
    %ix/vec4 4;
    %load/vec4a v0x56e45f7e2a10, 4;
    %assign/vec4 v0x56e45f7e3190_0, 0;
T_76.6 ;
T_76.1 ;
    %jmp T_76;
    .thread T_76;
    .scope S_0x56e45f7e24f0;
T_77 ;
    %wait E_0x56e45f490800;
    %load/vec4 v0x56e45f7e2be0_0;
    %nor/r;
    %flag_set/vec4 8;
    %jmp/0xz  T_77.0, 8;
    %pushi/vec4 0, 0, 32;
    %store/vec4 v0x56e45f7e2890_0, 0, 32;
T_77.2 ;
    %load/vec4 v0x56e45f7e2890_0;
    %cmpi/s 8, 0, 32;
    %jmp/0xz T_77.3, 5;
    %pushi/vec4 0, 0, 32;
    %ix/getv/s 3, v0x56e45f7e2890_0;
    %ix/load 4, 0, 0; Constant delay
    %assign/vec4/a/d v0x56e45f7e2ad0, 0, 4;
    %load/vec4 v0x56e45f7e2890_0;
    %addi 1, 0, 32;
    %store/vec4 v0x56e45f7e2890_0, 0, 32;
    %jmp T_77.2;
T_77.3 ;
    %pushi/vec4 0, 0, 32;
    %assign/vec4 v0x56e45f7e3580_0, 0;
    %jmp T_77.1;
T_77.0 ;
    %load/vec4 v0x56e45f7e37f0_0;
    %flag_set/vec4 8;
    %jmp/0xz  T_77.4, 8;
    %load/vec4 v0x56e45f7e3700_0;
    %load/vec4 v0x56e45f7e3490_0;
    %pad/u 5;
    %ix/vec4 3;
    %ix/load 4, 0, 0; Constant delay
    %assign/vec4/a/d v0x56e45f7e2ad0, 0, 4;
T_77.4 ;
    %load/vec4 v0x56e45f7e3640_0;
    %flag_set/vec4 8;
    %jmp/0xz  T_77.6, 8;
    %load/vec4 v0x56e45f7e3490_0;
    %pad/u 5;
    %ix/vec4 4;
    %load/vec4a v0x56e45f7e2ad0, 4;
    %assign/vec4 v0x56e45f7e3580_0, 0;
T_77.6 ;
T_77.1 ;
    %jmp T_77;
    .thread T_77;
    .scope S_0x56e45f788730;
T_78 ;
    %pushi/vec4 0, 0, 1;
    %store/vec4 v0x56e45f7e5320_0, 0, 1;
    %end;
    .thread T_78;
    .scope S_0x56e45f788730;
T_79 ;
    %delay 5000, 0;
    %load/vec4 v0x56e45f7e5320_0;
    %inv;
    %store/vec4 v0x56e45f7e5320_0, 0, 1;
    %jmp T_79;
    .thread T_79;
    .scope S_0x56e45f788730;
T_80 ;
    %delay 10000000, 0;
    %vpi_call/w 3 74 "$display", "TIMEOUT: accel_done never asserted" {0 0 0};
    %vpi_call/w 3 75 "$finish" {0 0 0};
    %end;
    .thread T_80;
    .scope S_0x56e45f788730;
T_81 ;
    %pushi/vec4 0, 0, 1;
    %store/vec4 v0x56e45f7e53c0_0, 0, 1;
    %pushi/vec4 0, 0, 32;
    %store/vec4 v0x56e45f7e4f10_0, 0, 32;
    %pushi/vec4 0, 0, 1;
    %store/vec4 v0x56e45f7e5000_0, 0, 1;
    %pushi/vec4 0, 0, 32;
    %store/vec4 v0x56e45f7e5140_0, 0, 32;
    %pushi/vec4 0, 0, 1;
    %store/vec4 v0x56e45f7e5230_0, 0, 1;
    %pushi/vec4 0, 0, 1;
    %store/vec4 v0x56e45f7e4d10_0, 0, 1;
    %pushi/vec4 0, 0, 1;
    %store/vec4 v0x56e45f7e4e20_0, 0, 1;
    %pushi/vec4 4, 0, 32;
T_81.0 %dup/vec4;
    %pushi/vec4 0, 0, 32;
    %cmp/s;
    %jmp/1xz T_81.1, 5;
    %jmp/1 T_81.1, 4;
    %pushi/vec4 1, 0, 32;
    %sub;
    %wait E_0x56e45f4925a0;
    %jmp T_81.0;
T_81.1 ;
    %pop/vec4 1;
    %pushi/vec4 1, 0, 1;
    %store/vec4 v0x56e45f7e53c0_0, 0, 1;
    %pushi/vec4 2, 0, 32;
T_81.2 %dup/vec4;
    %pushi/vec4 0, 0, 32;
    %cmp/s;
    %jmp/1xz T_81.3, 5;
    %jmp/1 T_81.3, 4;
    %pushi/vec4 1, 0, 32;
    %sub;
    %wait E_0x56e45f4925a0;
    %jmp T_81.2;
T_81.3 ;
    %pop/vec4 1;
    %fork TD_accel_wrapper_tb.preload_memories, S_0x56e45f7a0e30;
    %join;
    %vpi_call/w 3 166 "$display", "[TB] Kicking MMUL" {0 0 0};
    %pushi/vec4 2684354564, 0, 32;
    %store/vec4 v0x56e45f617c90_0, 0, 32;
    %pushi/vec4 1, 0, 32;
    %store/vec4 v0x56e45f614bb0_0, 0, 32;
    %fork TD_accel_wrapper_tb.axil_write, S_0x56e45f70e430;
    %join;
    %wait E_0x56e45f492260;
    %vpi_call/w 3 171 "$display", "[TB] accel_done received at time %0t", $time {0 0 0};
    %pushi/vec4 2, 0, 32;
T_81.4 %dup/vec4;
    %pushi/vec4 0, 0, 32;
    %cmp/s;
    %jmp/1xz T_81.5, 5;
    %jmp/1 T_81.5, 4;
    %pushi/vec4 1, 0, 32;
    %sub;
    %wait E_0x56e45f4925a0;
    %jmp T_81.4;
T_81.5 ;
    %pop/vec4 1;
    %fork TD_accel_wrapper_tb.check_results, S_0x56e45f711510;
    %join;
    %vpi_call/w 3 177 "$finish" {0 0 0};
    %end;
    .thread T_81;
    .scope S_0x56e45f788730;
T_82 ;
    %vpi_call/w 3 184 "$dumpfile", "accel_wrapper_tb.vcd" {0 0 0};
    %vpi_call/w 3 185 "$dumpvars", 32'sb00000000000000000000000000000000, S_0x56e45f788730 {0 0 0};
    %end;
    .thread T_82;
    .scope S_0x56e45f7eff00;
T_83 ;
    %wait E_0x56e45f7f03f0;
    %load/vec4 v0x56e45f7f0930_0;
    %nor/r;
    %flag_set/vec4 8;
    %jmp/0xz  T_83.0, 8;
    %pushi/vec4 0, 0, 8;
    %assign/vec4 v0x56e45f7f0b90_0, 0;
    %pushi/vec4 0, 0, 8;
    %assign/vec4 v0x56e45f7f0570_0, 0;
    %pushi/vec4 0, 0, 32;
    %assign/vec4 v0x56e45f7f0800_0, 0;
    %jmp T_83.1;
T_83.0 ;
    %load/vec4 v0x56e45f7f0ad0_0;
    %flag_set/vec4 8;
    %jmp/0xz  T_83.2, 8;
    %load/vec4 v0x56e45f7f09f0_0;
    %assign/vec4 v0x56e45f7f0b90_0, 0;
T_83.2 ;
    %load/vec4 v0x56e45f7f0470_0;
    %assign/vec4 v0x56e45f7f0570_0, 0;
    %load/vec4 v0x56e45f7f0720_0;
    %load/vec4 v0x56e45f7f0b90_0;
    %pad/u 32;
    %load/vec4 v0x56e45f7f0470_0;
    %pad/u 32;
    %mul;
    %add;
    %assign/vec4 v0x56e45f7f0800_0, 0;
T_83.1 ;
    %jmp T_83;
    .thread T_83;
    .scope S_0x56e45f7f1360;
T_84 ;
    %wait E_0x56e45f7f03f0;
    %load/vec4 v0x56e45f7f1d30_0;
    %nor/r;
    %flag_set/vec4 8;
    %jmp/0xz  T_84.0, 8;
    %pushi/vec4 0, 0, 8;
    %assign/vec4 v0x56e45f7f1f50_0, 0;
    %pushi/vec4 0, 0, 8;
    %assign/vec4 v0x56e45f7f1980_0, 0;
    %pushi/vec4 0, 0, 32;
    %assign/vec4 v0x56e45f7f1c00_0, 0;
    %jmp T_84.1;
T_84.0 ;
    %load/vec4 v0x56e45f7f1e90_0;
    %flag_set/vec4 8;
    %jmp/0xz  T_84.2, 8;
    %load/vec4 v0x56e45f7f1dd0_0;
    %assign/vec4 v0x56e45f7f1f50_0, 0;
T_84.2 ;
    %load/vec4 v0x56e45f7f1880_0;
    %assign/vec4 v0x56e45f7f1980_0, 0;
    %load/vec4 v0x56e45f7f1b60_0;
    %load/vec4 v0x56e45f7f1f50_0;
    %pad/u 32;
    %load/vec4 v0x56e45f7f1880_0;
    %pad/u 32;
    %mul;
    %add;
    %assign/vec4 v0x56e45f7f1c00_0, 0;
T_84.1 ;
    %jmp T_84;
    .thread T_84;
    .scope S_0x56e45f7f2760;
T_85 ;
    %wait E_0x56e45f7f03f0;
    %load/vec4 v0x56e45f7f3170_0;
    %nor/r;
    %flag_set/vec4 8;
    %jmp/0xz  T_85.0, 8;
    %pushi/vec4 0, 0, 8;
    %assign/vec4 v0x56e45f7f3400_0, 0;
    %pushi/vec4 0, 0, 8;
    %assign/vec4 v0x56e45f7f2d80_0, 0;
    %pushi/vec4 0, 0, 32;
    %assign/vec4 v0x56e45f7f3040_0, 0;
    %jmp T_85.1;
T_85.0 ;
    %load/vec4 v0x56e45f7f3340_0;
    %flag_set/vec4 8;
    %jmp/0xz  T_85.2, 8;
    %load/vec4 v0x56e45f7f3260_0;
    %assign/vec4 v0x56e45f7f3400_0, 0;
T_85.2 ;
    %load/vec4 v0x56e45f7f2c80_0;
    %assign/vec4 v0x56e45f7f2d80_0, 0;
    %load/vec4 v0x56e45f7f2f80_0;
    %load/vec4 v0x56e45f7f3400_0;
    %pad/u 32;
    %load/vec4 v0x56e45f7f2c80_0;
    %pad/u 32;
    %mul;
    %add;
    %assign/vec4 v0x56e45f7f3040_0, 0;
T_85.1 ;
    %jmp T_85;
    .thread T_85;
    .scope S_0x56e45f7f3bd0;
T_86 ;
    %wait E_0x56e45f7f03f0;
    %load/vec4 v0x56e45f7f4530_0;
    %nor/r;
    %flag_set/vec4 8;
    %jmp/0xz  T_86.0, 8;
    %pushi/vec4 0, 0, 8;
    %assign/vec4 v0x56e45f7f4770_0, 0;
    %pushi/vec4 0, 0, 8;
    %assign/vec4 v0x56e45f7f4190_0, 0;
    %pushi/vec4 0, 0, 32;
    %assign/vec4 v0x56e45f7f4400_0, 0;
    %jmp T_86.1;
T_86.0 ;
    %load/vec4 v0x56e45f7f46b0_0;
    %flag_set/vec4 8;
    %jmp/0xz  T_86.2, 8;
    %load/vec4 v0x56e45f7f45d0_0;
    %assign/vec4 v0x56e45f7f4770_0, 0;
T_86.2 ;
    %load/vec4 v0x56e45f7f4090_0;
    %assign/vec4 v0x56e45f7f4190_0, 0;
    %load/vec4 v0x56e45f7f4340_0;
    %load/vec4 v0x56e45f7f4770_0;
    %pad/u 32;
    %load/vec4 v0x56e45f7f4090_0;
    %pad/u 32;
    %mul;
    %add;
    %assign/vec4 v0x56e45f7f4400_0, 0;
T_86.1 ;
    %jmp T_86;
    .thread T_86;
    .scope S_0x56e45f7f4f90;
T_87 ;
    %wait E_0x56e45f7f03f0;
    %load/vec4 v0x56e45f7f58d0_0;
    %nor/r;
    %flag_set/vec4 8;
    %jmp/0xz  T_87.0, 8;
    %pushi/vec4 0, 0, 8;
    %assign/vec4 v0x56e45f7f5ba0_0, 0;
    %pushi/vec4 0, 0, 8;
    %assign/vec4 v0x56e45f7f5580_0, 0;
    %pushi/vec4 0, 0, 32;
    %assign/vec4 v0x56e45f7f57f0_0, 0;
    %jmp T_87.1;
T_87.0 ;
    %load/vec4 v0x56e45f7f5ae0_0;
    %flag_set/vec4 8;
    %jmp/0xz  T_87.2, 8;
    %load/vec4 v0x56e45f7f5a00_0;
    %assign/vec4 v0x56e45f7f5ba0_0, 0;
T_87.2 ;
    %load/vec4 v0x56e45f7f5480_0;
    %assign/vec4 v0x56e45f7f5580_0, 0;
    %load/vec4 v0x56e45f7f5730_0;
    %load/vec4 v0x56e45f7f5ba0_0;
    %pad/u 32;
    %load/vec4 v0x56e45f7f5480_0;
    %pad/u 32;
    %mul;
    %add;
    %assign/vec4 v0x56e45f7f57f0_0, 0;
T_87.1 ;
    %jmp T_87;
    .thread T_87;
    .scope S_0x56e45f7f63b0;
T_88 ;
    %wait E_0x56e45f7f03f0;
    %load/vec4 v0x56e45f7f6d70_0;
    %nor/r;
    %flag_set/vec4 8;
    %jmp/0xz  T_88.0, 8;
    %pushi/vec4 0, 0, 8;
    %assign/vec4 v0x56e45f7f6fb0_0, 0;
    %pushi/vec4 0, 0, 8;
    %assign/vec4 v0x56e45f7f69d0_0, 0;
    %pushi/vec4 0, 0, 32;
    %assign/vec4 v0x56e45f7f6c40_0, 0;
    %jmp T_88.1;
T_88.0 ;
    %load/vec4 v0x56e45f7f6ef0_0;
    %flag_set/vec4 8;
    %jmp/0xz  T_88.2, 8;
    %load/vec4 v0x56e45f7f6e10_0;
    %assign/vec4 v0x56e45f7f6fb0_0, 0;
T_88.2 ;
    %load/vec4 v0x56e45f7f68d0_0;
    %assign/vec4 v0x56e45f7f69d0_0, 0;
    %load/vec4 v0x56e45f7f6b80_0;
    %load/vec4 v0x56e45f7f6fb0_0;
    %pad/u 32;
    %load/vec4 v0x56e45f7f68d0_0;
    %pad/u 32;
    %mul;
    %add;
    %assign/vec4 v0x56e45f7f6c40_0, 0;
T_88.1 ;
    %jmp T_88;
    .thread T_88;
    .scope S_0x56e45f7f7780;
T_89 ;
    %wait E_0x56e45f7f03f0;
    %load/vec4 v0x56e45f7f8140_0;
    %nor/r;
    %flag_set/vec4 8;
    %jmp/0xz  T_89.0, 8;
    %pushi/vec4 0, 0, 8;
    %assign/vec4 v0x56e45f7f8380_0, 0;
    %pushi/vec4 0, 0, 8;
    %assign/vec4 v0x56e45f7f7da0_0, 0;
    %pushi/vec4 0, 0, 32;
    %assign/vec4 v0x56e45f7f8010_0, 0;
    %jmp T_89.1;
T_89.0 ;
    %load/vec4 v0x56e45f7f82c0_0;
    %flag_set/vec4 8;
    %jmp/0xz  T_89.2, 8;
    %load/vec4 v0x56e45f7f81e0_0;
    %assign/vec4 v0x56e45f7f8380_0, 0;
T_89.2 ;
    %load/vec4 v0x56e45f7f7ca0_0;
    %assign/vec4 v0x56e45f7f7da0_0, 0;
    %load/vec4 v0x56e45f7f7f50_0;
    %load/vec4 v0x56e45f7f8380_0;
    %pad/u 32;
    %load/vec4 v0x56e45f7f7ca0_0;
    %pad/u 32;
    %mul;
    %add;
    %assign/vec4 v0x56e45f7f8010_0, 0;
T_89.1 ;
    %jmp T_89;
    .thread T_89;
    .scope S_0x56e45f7f8b50;
T_90 ;
    %wait E_0x56e45f7f03f0;
    %load/vec4 v0x56e45f7f9510_0;
    %nor/r;
    %flag_set/vec4 8;
    %jmp/0xz  T_90.0, 8;
    %pushi/vec4 0, 0, 8;
    %assign/vec4 v0x56e45f7f9750_0, 0;
    %pushi/vec4 0, 0, 8;
    %assign/vec4 v0x56e45f7f9170_0, 0;
    %pushi/vec4 0, 0, 32;
    %assign/vec4 v0x56e45f7f93e0_0, 0;
    %jmp T_90.1;
T_90.0 ;
    %load/vec4 v0x56e45f7f9690_0;
    %flag_set/vec4 8;
    %jmp/0xz  T_90.2, 8;
    %load/vec4 v0x56e45f7f95b0_0;
    %assign/vec4 v0x56e45f7f9750_0, 0;
T_90.2 ;
    %load/vec4 v0x56e45f7f9070_0;
    %assign/vec4 v0x56e45f7f9170_0, 0;
    %load/vec4 v0x56e45f7f9320_0;
    %load/vec4 v0x56e45f7f9750_0;
    %pad/u 32;
    %load/vec4 v0x56e45f7f9070_0;
    %pad/u 32;
    %mul;
    %add;
    %assign/vec4 v0x56e45f7f93e0_0, 0;
T_90.1 ;
    %jmp T_90;
    .thread T_90;
    .scope S_0x56e45f7fa200;
T_91 ;
    %wait E_0x56e45f7f03f0;
    %load/vec4 v0x56e45f7facd0_0;
    %nor/r;
    %flag_set/vec4 8;
    %jmp/0xz  T_91.0, 8;
    %pushi/vec4 0, 0, 8;
    %assign/vec4 v0x56e45f7fb020_0, 0;
    %pushi/vec4 0, 0, 8;
    %assign/vec4 v0x56e45f7fa820_0, 0;
    %pushi/vec4 0, 0, 32;
    %assign/vec4 v0x56e45f7faba0_0, 0;
    %jmp T_91.1;
T_91.0 ;
    %load/vec4 v0x56e45f7faf60_0;
    %flag_set/vec4 8;
    %jmp/0xz  T_91.2, 8;
    %load/vec4 v0x56e45f7fae80_0;
    %assign/vec4 v0x56e45f7fb020_0, 0;
T_91.2 ;
    %load/vec4 v0x56e45f7fa720_0;
    %assign/vec4 v0x56e45f7fa820_0, 0;
    %load/vec4 v0x56e45f7faae0_0;
    %load/vec4 v0x56e45f7fb020_0;
    %pad/u 32;
    %load/vec4 v0x56e45f7fa720_0;
    %pad/u 32;
    %mul;
    %add;
    %assign/vec4 v0x56e45f7faba0_0, 0;
T_91.1 ;
    %jmp T_91;
    .thread T_91;
    .scope S_0x56e45f7fb7f0;
T_92 ;
    %wait E_0x56e45f7f03f0;
    %load/vec4 v0x56e45f7fc090_0;
    %nor/r;
    %flag_set/vec4 8;
    %jmp/0xz  T_92.0, 8;
    %pushi/vec4 0, 0, 8;
    %assign/vec4 v0x56e45f7fc2d0_0, 0;
    %pushi/vec4 0, 0, 8;
    %assign/vec4 v0x56e45f7fbcf0_0, 0;
    %pushi/vec4 0, 0, 32;
    %assign/vec4 v0x56e45f7fbf60_0, 0;
    %jmp T_92.1;
T_92.0 ;
    %load/vec4 v0x56e45f7fc210_0;
    %flag_set/vec4 8;
    %jmp/0xz  T_92.2, 8;
    %load/vec4 v0x56e45f7fc130_0;
    %assign/vec4 v0x56e45f7fc2d0_0, 0;
T_92.2 ;
    %load/vec4 v0x56e45f7fbbf0_0;
    %assign/vec4 v0x56e45f7fbcf0_0, 0;
    %load/vec4 v0x56e45f7fbea0_0;
    %load/vec4 v0x56e45f7fc2d0_0;
    %pad/u 32;
    %load/vec4 v0x56e45f7fbbf0_0;
    %pad/u 32;
    %mul;
    %add;
    %assign/vec4 v0x56e45f7fbf60_0, 0;
T_92.1 ;
    %jmp T_92;
    .thread T_92;
    .scope S_0x56e45f7fcab0;
T_93 ;
    %wait E_0x56e45f7f03f0;
    %load/vec4 v0x56e45f7fd470_0;
    %nor/r;
    %flag_set/vec4 8;
    %jmp/0xz  T_93.0, 8;
    %pushi/vec4 0, 0, 8;
    %assign/vec4 v0x56e45f7fd6b0_0, 0;
    %pushi/vec4 0, 0, 8;
    %assign/vec4 v0x56e45f7fd0d0_0, 0;
    %pushi/vec4 0, 0, 32;
    %assign/vec4 v0x56e45f7fd340_0, 0;
    %jmp T_93.1;
T_93.0 ;
    %load/vec4 v0x56e45f7fd5f0_0;
    %flag_set/vec4 8;
    %jmp/0xz  T_93.2, 8;
    %load/vec4 v0x56e45f7fd510_0;
    %assign/vec4 v0x56e45f7fd6b0_0, 0;
T_93.2 ;
    %load/vec4 v0x56e45f7fcfd0_0;
    %assign/vec4 v0x56e45f7fd0d0_0, 0;
    %load/vec4 v0x56e45f7fd280_0;
    %load/vec4 v0x56e45f7fd6b0_0;
    %pad/u 32;
    %load/vec4 v0x56e45f7fcfd0_0;
    %pad/u 32;
    %mul;
    %add;
    %assign/vec4 v0x56e45f7fd340_0, 0;
T_93.1 ;
    %jmp T_93;
    .thread T_93;
    .scope S_0x56e45f7fde80;
T_94 ;
    %wait E_0x56e45f7f03f0;
    %load/vec4 v0x56e45f7fe840_0;
    %nor/r;
    %flag_set/vec4 8;
    %jmp/0xz  T_94.0, 8;
    %pushi/vec4 0, 0, 8;
    %assign/vec4 v0x56e45f7fea80_0, 0;
    %pushi/vec4 0, 0, 8;
    %assign/vec4 v0x56e45f7fe4a0_0, 0;
    %pushi/vec4 0, 0, 32;
    %assign/vec4 v0x56e45f7fe710_0, 0;
    %jmp T_94.1;
T_94.0 ;
    %load/vec4 v0x56e45f7fe9c0_0;
    %flag_set/vec4 8;
    %jmp/0xz  T_94.2, 8;
    %load/vec4 v0x56e45f7fe8e0_0;
    %assign/vec4 v0x56e45f7fea80_0, 0;
T_94.2 ;
    %load/vec4 v0x56e45f7fe3a0_0;
    %assign/vec4 v0x56e45f7fe4a0_0, 0;
    %load/vec4 v0x56e45f7fe650_0;
    %load/vec4 v0x56e45f7fea80_0;
    %pad/u 32;
    %load/vec4 v0x56e45f7fe3a0_0;
    %pad/u 32;
    %mul;
    %add;
    %assign/vec4 v0x56e45f7fe710_0, 0;
T_94.1 ;
    %jmp T_94;
    .thread T_94;
    .scope S_0x56e45f7ff2a0;
T_95 ;
    %wait E_0x56e45f7f03f0;
    %load/vec4 v0x56e45f7ffc30_0;
    %nor/r;
    %flag_set/vec4 8;
    %jmp/0xz  T_95.0, 8;
    %pushi/vec4 0, 0, 8;
    %assign/vec4 v0x56e45f7ffe70_0, 0;
    %pushi/vec4 0, 0, 8;
    %assign/vec4 v0x56e45f7ff890_0, 0;
    %pushi/vec4 0, 0, 32;
    %assign/vec4 v0x56e45f7ffb00_0, 0;
    %jmp T_95.1;
T_95.0 ;
    %load/vec4 v0x56e45f7ffdb0_0;
    %flag_set/vec4 8;
    %jmp/0xz  T_95.2, 8;
    %load/vec4 v0x56e45f7ffcd0_0;
    %assign/vec4 v0x56e45f7ffe70_0, 0;
T_95.2 ;
    %load/vec4 v0x56e45f7ff790_0;
    %assign/vec4 v0x56e45f7ff890_0, 0;
    %load/vec4 v0x56e45f7ffa40_0;
    %load/vec4 v0x56e45f7ffe70_0;
    %pad/u 32;
    %load/vec4 v0x56e45f7ff790_0;
    %pad/u 32;
    %mul;
    %add;
    %assign/vec4 v0x56e45f7ffb00_0, 0;
T_95.1 ;
    %jmp T_95;
    .thread T_95;
    .scope S_0x56e45f800640;
T_96 ;
    %wait E_0x56e45f7f03f0;
    %load/vec4 v0x56e45f801000_0;
    %nor/r;
    %flag_set/vec4 8;
    %jmp/0xz  T_96.0, 8;
    %pushi/vec4 0, 0, 8;
    %assign/vec4 v0x56e45f801240_0, 0;
    %pushi/vec4 0, 0, 8;
    %assign/vec4 v0x56e45f800c60_0, 0;
    %pushi/vec4 0, 0, 32;
    %assign/vec4 v0x56e45f800ed0_0, 0;
    %jmp T_96.1;
T_96.0 ;
    %load/vec4 v0x56e45f801180_0;
    %flag_set/vec4 8;
    %jmp/0xz  T_96.2, 8;
    %load/vec4 v0x56e45f8010a0_0;
    %assign/vec4 v0x56e45f801240_0, 0;
T_96.2 ;
    %load/vec4 v0x56e45f800b60_0;
    %assign/vec4 v0x56e45f800c60_0, 0;
    %load/vec4 v0x56e45f800e10_0;
    %load/vec4 v0x56e45f801240_0;
    %pad/u 32;
    %load/vec4 v0x56e45f800b60_0;
    %pad/u 32;
    %mul;
    %add;
    %assign/vec4 v0x56e45f800ed0_0, 0;
T_96.1 ;
    %jmp T_96;
    .thread T_96;
    .scope S_0x56e45f801a10;
T_97 ;
    %wait E_0x56e45f7f03f0;
    %load/vec4 v0x56e45f8023d0_0;
    %nor/r;
    %flag_set/vec4 8;
    %jmp/0xz  T_97.0, 8;
    %pushi/vec4 0, 0, 8;
    %assign/vec4 v0x56e45f802610_0, 0;
    %pushi/vec4 0, 0, 8;
    %assign/vec4 v0x56e45f802030_0, 0;
    %pushi/vec4 0, 0, 32;
    %assign/vec4 v0x56e45f8022a0_0, 0;
    %jmp T_97.1;
T_97.0 ;
    %load/vec4 v0x56e45f802550_0;
    %flag_set/vec4 8;
    %jmp/0xz  T_97.2, 8;
    %load/vec4 v0x56e45f802470_0;
    %assign/vec4 v0x56e45f802610_0, 0;
T_97.2 ;
    %load/vec4 v0x56e45f801f30_0;
    %assign/vec4 v0x56e45f802030_0, 0;
    %load/vec4 v0x56e45f8021e0_0;
    %load/vec4 v0x56e45f802610_0;
    %pad/u 32;
    %load/vec4 v0x56e45f801f30_0;
    %pad/u 32;
    %mul;
    %add;
    %assign/vec4 v0x56e45f8022a0_0, 0;
T_97.1 ;
    %jmp T_97;
    .thread T_97;
    .scope S_0x56e45f802de0;
T_98 ;
    %wait E_0x56e45f7f03f0;
    %load/vec4 v0x56e45f8037a0_0;
    %nor/r;
    %flag_set/vec4 8;
    %jmp/0xz  T_98.0, 8;
    %pushi/vec4 0, 0, 8;
    %assign/vec4 v0x56e45f8039e0_0, 0;
    %pushi/vec4 0, 0, 8;
    %assign/vec4 v0x56e45f803400_0, 0;
    %pushi/vec4 0, 0, 32;
    %assign/vec4 v0x56e45f803670_0, 0;
    %jmp T_98.1;
T_98.0 ;
    %load/vec4 v0x56e45f803920_0;
    %flag_set/vec4 8;
    %jmp/0xz  T_98.2, 8;
    %load/vec4 v0x56e45f803840_0;
    %assign/vec4 v0x56e45f8039e0_0, 0;
T_98.2 ;
    %load/vec4 v0x56e45f803300_0;
    %assign/vec4 v0x56e45f803400_0, 0;
    %load/vec4 v0x56e45f8035b0_0;
    %load/vec4 v0x56e45f8039e0_0;
    %pad/u 32;
    %load/vec4 v0x56e45f803300_0;
    %pad/u 32;
    %mul;
    %add;
    %assign/vec4 v0x56e45f803670_0, 0;
T_98.1 ;
    %jmp T_98;
    .thread T_98;
    .scope S_0x56e45f804490;
T_99 ;
    %wait E_0x56e45f7f03f0;
    %load/vec4 v0x56e45f804e50_0;
    %nor/r;
    %flag_set/vec4 8;
    %jmp/0xz  T_99.0, 8;
    %pushi/vec4 0, 0, 8;
    %assign/vec4 v0x56e45f8052a0_0, 0;
    %pushi/vec4 0, 0, 8;
    %assign/vec4 v0x56e45f804ab0_0, 0;
    %pushi/vec4 0, 0, 32;
    %assign/vec4 v0x56e45f804d20_0, 0;
    %jmp T_99.1;
T_99.0 ;
    %load/vec4 v0x56e45f8051e0_0;
    %flag_set/vec4 8;
    %jmp/0xz  T_99.2, 8;
    %load/vec4 v0x56e45f805100_0;
    %assign/vec4 v0x56e45f8052a0_0, 0;
T_99.2 ;
    %load/vec4 v0x56e45f8049b0_0;
    %assign/vec4 v0x56e45f804ab0_0, 0;
    %load/vec4 v0x56e45f804c60_0;
    %load/vec4 v0x56e45f8052a0_0;
    %pad/u 32;
    %load/vec4 v0x56e45f8049b0_0;
    %pad/u 32;
    %mul;
    %add;
    %assign/vec4 v0x56e45f804d20_0, 0;
T_99.1 ;
    %jmp T_99;
    .thread T_99;
    .scope S_0x56e45f805a70;
T_100 ;
    %wait E_0x56e45f7f03f0;
    %load/vec4 v0x56e45f806430_0;
    %nor/r;
    %flag_set/vec4 8;
    %jmp/0xz  T_100.0, 8;
    %pushi/vec4 0, 0, 8;
    %assign/vec4 v0x56e45f806670_0, 0;
    %pushi/vec4 0, 0, 8;
    %assign/vec4 v0x56e45f806090_0, 0;
    %pushi/vec4 0, 0, 32;
    %assign/vec4 v0x56e45f806300_0, 0;
    %jmp T_100.1;
T_100.0 ;
    %load/vec4 v0x56e45f8065b0_0;
    %flag_set/vec4 8;
    %jmp/0xz  T_100.2, 8;
    %load/vec4 v0x56e45f8064d0_0;
    %assign/vec4 v0x56e45f806670_0, 0;
T_100.2 ;
    %load/vec4 v0x56e45f805f90_0;
    %assign/vec4 v0x56e45f806090_0, 0;
    %load/vec4 v0x56e45f806240_0;
    %load/vec4 v0x56e45f806670_0;
    %pad/u 32;
    %load/vec4 v0x56e45f805f90_0;
    %pad/u 32;
    %mul;
    %add;
    %assign/vec4 v0x56e45f806300_0, 0;
T_100.1 ;
    %jmp T_100;
    .thread T_100;
    .scope S_0x56e45f806e50;
T_101 ;
    %wait E_0x56e45f7f03f0;
    %load/vec4 v0x56e45f807810_0;
    %nor/r;
    %flag_set/vec4 8;
    %jmp/0xz  T_101.0, 8;
    %pushi/vec4 0, 0, 8;
    %assign/vec4 v0x56e45f807a50_0, 0;
    %pushi/vec4 0, 0, 8;
    %assign/vec4 v0x56e45f807470_0, 0;
    %pushi/vec4 0, 0, 32;
    %assign/vec4 v0x56e45f8076e0_0, 0;
    %jmp T_101.1;
T_101.0 ;
    %load/vec4 v0x56e45f807990_0;
    %flag_set/vec4 8;
    %jmp/0xz  T_101.2, 8;
    %load/vec4 v0x56e45f8078b0_0;
    %assign/vec4 v0x56e45f807a50_0, 0;
T_101.2 ;
    %load/vec4 v0x56e45f807370_0;
    %assign/vec4 v0x56e45f807470_0, 0;
    %load/vec4 v0x56e45f807620_0;
    %load/vec4 v0x56e45f807a50_0;
    %pad/u 32;
    %load/vec4 v0x56e45f807370_0;
    %pad/u 32;
    %mul;
    %add;
    %assign/vec4 v0x56e45f8076e0_0, 0;
T_101.1 ;
    %jmp T_101;
    .thread T_101;
    .scope S_0x56e45f808220;
T_102 ;
    %wait E_0x56e45f7f03f0;
    %load/vec4 v0x56e45f808be0_0;
    %nor/r;
    %flag_set/vec4 8;
    %jmp/0xz  T_102.0, 8;
    %pushi/vec4 0, 0, 8;
    %assign/vec4 v0x56e45f808e20_0, 0;
    %pushi/vec4 0, 0, 8;
    %assign/vec4 v0x56e45f808840_0, 0;
    %pushi/vec4 0, 0, 32;
    %assign/vec4 v0x56e45f808ab0_0, 0;
    %jmp T_102.1;
T_102.0 ;
    %load/vec4 v0x56e45f808d60_0;
    %flag_set/vec4 8;
    %jmp/0xz  T_102.2, 8;
    %load/vec4 v0x56e45f808c80_0;
    %assign/vec4 v0x56e45f808e20_0, 0;
T_102.2 ;
    %load/vec4 v0x56e45f808740_0;
    %assign/vec4 v0x56e45f808840_0, 0;
    %load/vec4 v0x56e45f8089f0_0;
    %load/vec4 v0x56e45f808e20_0;
    %pad/u 32;
    %load/vec4 v0x56e45f808740_0;
    %pad/u 32;
    %mul;
    %add;
    %assign/vec4 v0x56e45f808ab0_0, 0;
T_102.1 ;
    %jmp T_102;
    .thread T_102;
    .scope S_0x56e45f809640;
T_103 ;
    %wait E_0x56e45f7f03f0;
    %load/vec4 v0x56e45f809fd0_0;
    %nor/r;
    %flag_set/vec4 8;
    %jmp/0xz  T_103.0, 8;
    %pushi/vec4 0, 0, 8;
    %assign/vec4 v0x56e45f80a210_0, 0;
    %pushi/vec4 0, 0, 8;
    %assign/vec4 v0x56e45f809c30_0, 0;
    %pushi/vec4 0, 0, 32;
    %assign/vec4 v0x56e45f809ea0_0, 0;
    %jmp T_103.1;
T_103.0 ;
    %load/vec4 v0x56e45f80a150_0;
    %flag_set/vec4 8;
    %jmp/0xz  T_103.2, 8;
    %load/vec4 v0x56e45f80a070_0;
    %assign/vec4 v0x56e45f80a210_0, 0;
T_103.2 ;
    %load/vec4 v0x56e45f809b30_0;
    %assign/vec4 v0x56e45f809c30_0, 0;
    %load/vec4 v0x56e45f809de0_0;
    %load/vec4 v0x56e45f80a210_0;
    %pad/u 32;
    %load/vec4 v0x56e45f809b30_0;
    %pad/u 32;
    %mul;
    %add;
    %assign/vec4 v0x56e45f809ea0_0, 0;
T_103.1 ;
    %jmp T_103;
    .thread T_103;
    .scope S_0x56e45f80a9e0;
T_104 ;
    %wait E_0x56e45f7f03f0;
    %load/vec4 v0x56e45f80b3a0_0;
    %nor/r;
    %flag_set/vec4 8;
    %jmp/0xz  T_104.0, 8;
    %pushi/vec4 0, 0, 8;
    %assign/vec4 v0x56e45f80b5e0_0, 0;
    %pushi/vec4 0, 0, 8;
    %assign/vec4 v0x56e45f80b000_0, 0;
    %pushi/vec4 0, 0, 32;
    %assign/vec4 v0x56e45f80b270_0, 0;
    %jmp T_104.1;
T_104.0 ;
    %load/vec4 v0x56e45f80b520_0;
    %flag_set/vec4 8;
    %jmp/0xz  T_104.2, 8;
    %load/vec4 v0x56e45f80b440_0;
    %assign/vec4 v0x56e45f80b5e0_0, 0;
T_104.2 ;
    %load/vec4 v0x56e45f80af00_0;
    %assign/vec4 v0x56e45f80b000_0, 0;
    %load/vec4 v0x56e45f80b1b0_0;
    %load/vec4 v0x56e45f80b5e0_0;
    %pad/u 32;
    %load/vec4 v0x56e45f80af00_0;
    %pad/u 32;
    %mul;
    %add;
    %assign/vec4 v0x56e45f80b270_0, 0;
T_104.1 ;
    %jmp T_104;
    .thread T_104;
    .scope S_0x56e45f80bdb0;
T_105 ;
    %wait E_0x56e45f7f03f0;
    %load/vec4 v0x56e45f80c770_0;
    %nor/r;
    %flag_set/vec4 8;
    %jmp/0xz  T_105.0, 8;
    %pushi/vec4 0, 0, 8;
    %assign/vec4 v0x56e45f80c9b0_0, 0;
    %pushi/vec4 0, 0, 8;
    %assign/vec4 v0x56e45f80c3d0_0, 0;
    %pushi/vec4 0, 0, 32;
    %assign/vec4 v0x56e45f80c640_0, 0;
    %jmp T_105.1;
T_105.0 ;
    %load/vec4 v0x56e45f80c8f0_0;
    %flag_set/vec4 8;
    %jmp/0xz  T_105.2, 8;
    %load/vec4 v0x56e45f80c810_0;
    %assign/vec4 v0x56e45f80c9b0_0, 0;
T_105.2 ;
    %load/vec4 v0x56e45f80c2d0_0;
    %assign/vec4 v0x56e45f80c3d0_0, 0;
    %load/vec4 v0x56e45f80c580_0;
    %load/vec4 v0x56e45f80c9b0_0;
    %pad/u 32;
    %load/vec4 v0x56e45f80c2d0_0;
    %pad/u 32;
    %mul;
    %add;
    %assign/vec4 v0x56e45f80c640_0, 0;
T_105.1 ;
    %jmp T_105;
    .thread T_105;
    .scope S_0x56e45f80d180;
T_106 ;
    %wait E_0x56e45f7f03f0;
    %load/vec4 v0x56e45f80db40_0;
    %nor/r;
    %flag_set/vec4 8;
    %jmp/0xz  T_106.0, 8;
    %pushi/vec4 0, 0, 8;
    %assign/vec4 v0x56e45f80dd80_0, 0;
    %pushi/vec4 0, 0, 8;
    %assign/vec4 v0x56e45f80d7a0_0, 0;
    %pushi/vec4 0, 0, 32;
    %assign/vec4 v0x56e45f80da10_0, 0;
    %jmp T_106.1;
T_106.0 ;
    %load/vec4 v0x56e45f80dcc0_0;
    %flag_set/vec4 8;
    %jmp/0xz  T_106.2, 8;
    %load/vec4 v0x56e45f80dbe0_0;
    %assign/vec4 v0x56e45f80dd80_0, 0;
T_106.2 ;
    %load/vec4 v0x56e45f80d6a0_0;
    %assign/vec4 v0x56e45f80d7a0_0, 0;
    %load/vec4 v0x56e45f80d950_0;
    %load/vec4 v0x56e45f80dd80_0;
    %pad/u 32;
    %load/vec4 v0x56e45f80d6a0_0;
    %pad/u 32;
    %mul;
    %add;
    %assign/vec4 v0x56e45f80da10_0, 0;
T_106.1 ;
    %jmp T_106;
    .thread T_106;
    .scope S_0x56e45f80e830;
T_107 ;
    %wait E_0x56e45f7f03f0;
    %load/vec4 v0x56e45f80f1f0_0;
    %nor/r;
    %flag_set/vec4 8;
    %jmp/0xz  T_107.0, 8;
    %pushi/vec4 0, 0, 8;
    %assign/vec4 v0x56e45f80f430_0, 0;
    %pushi/vec4 0, 0, 8;
    %assign/vec4 v0x56e45f80ee50_0, 0;
    %pushi/vec4 0, 0, 32;
    %assign/vec4 v0x56e45f80f0c0_0, 0;
    %jmp T_107.1;
T_107.0 ;
    %load/vec4 v0x56e45f80f370_0;
    %flag_set/vec4 8;
    %jmp/0xz  T_107.2, 8;
    %load/vec4 v0x56e45f80f290_0;
    %assign/vec4 v0x56e45f80f430_0, 0;
T_107.2 ;
    %load/vec4 v0x56e45f80ed50_0;
    %assign/vec4 v0x56e45f80ee50_0, 0;
    %load/vec4 v0x56e45f80f000_0;
    %load/vec4 v0x56e45f80f430_0;
    %pad/u 32;
    %load/vec4 v0x56e45f80ed50_0;
    %pad/u 32;
    %mul;
    %add;
    %assign/vec4 v0x56e45f80f0c0_0, 0;
T_107.1 ;
    %jmp T_107;
    .thread T_107;
    .scope S_0x56e45f80fc00;
T_108 ;
    %wait E_0x56e45f7f03f0;
    %load/vec4 v0x56e45f8105c0_0;
    %nor/r;
    %flag_set/vec4 8;
    %jmp/0xz  T_108.0, 8;
    %pushi/vec4 0, 0, 8;
    %assign/vec4 v0x56e45f810800_0, 0;
    %pushi/vec4 0, 0, 8;
    %assign/vec4 v0x56e45f810220_0, 0;
    %pushi/vec4 0, 0, 32;
    %assign/vec4 v0x56e45f810490_0, 0;
    %jmp T_108.1;
T_108.0 ;
    %load/vec4 v0x56e45f810740_0;
    %flag_set/vec4 8;
    %jmp/0xz  T_108.2, 8;
    %load/vec4 v0x56e45f810660_0;
    %assign/vec4 v0x56e45f810800_0, 0;
T_108.2 ;
    %load/vec4 v0x56e45f810120_0;
    %assign/vec4 v0x56e45f810220_0, 0;
    %load/vec4 v0x56e45f8103d0_0;
    %load/vec4 v0x56e45f810800_0;
    %pad/u 32;
    %load/vec4 v0x56e45f810120_0;
    %pad/u 32;
    %mul;
    %add;
    %assign/vec4 v0x56e45f810490_0, 0;
T_108.1 ;
    %jmp T_108;
    .thread T_108;
    .scope S_0x56e45f810fe0;
T_109 ;
    %wait E_0x56e45f7f03f0;
    %load/vec4 v0x56e45f8119a0_0;
    %nor/r;
    %flag_set/vec4 8;
    %jmp/0xz  T_109.0, 8;
    %pushi/vec4 0, 0, 8;
    %assign/vec4 v0x56e45f811be0_0, 0;
    %pushi/vec4 0, 0, 8;
    %assign/vec4 v0x56e45f811600_0, 0;
    %pushi/vec4 0, 0, 32;
    %assign/vec4 v0x56e45f811870_0, 0;
    %jmp T_109.1;
T_109.0 ;
    %load/vec4 v0x56e45f811b20_0;
    %flag_set/vec4 8;
    %jmp/0xz  T_109.2, 8;
    %load/vec4 v0x56e45f811a40_0;
    %assign/vec4 v0x56e45f811be0_0, 0;
T_109.2 ;
    %load/vec4 v0x56e45f811500_0;
    %assign/vec4 v0x56e45f811600_0, 0;
    %load/vec4 v0x56e45f8117b0_0;
    %load/vec4 v0x56e45f811be0_0;
    %pad/u 32;
    %load/vec4 v0x56e45f811500_0;
    %pad/u 32;
    %mul;
    %add;
    %assign/vec4 v0x56e45f811870_0, 0;
T_109.1 ;
    %jmp T_109;
    .thread T_109;
    .scope S_0x56e45f8123b0;
T_110 ;
    %wait E_0x56e45f7f03f0;
    %load/vec4 v0x56e45f812d70_0;
    %nor/r;
    %flag_set/vec4 8;
    %jmp/0xz  T_110.0, 8;
    %pushi/vec4 0, 0, 8;
    %assign/vec4 v0x56e45f812fb0_0, 0;
    %pushi/vec4 0, 0, 8;
    %assign/vec4 v0x56e45f8129d0_0, 0;
    %pushi/vec4 0, 0, 32;
    %assign/vec4 v0x56e45f812c40_0, 0;
    %jmp T_110.1;
T_110.0 ;
    %load/vec4 v0x56e45f812ef0_0;
    %flag_set/vec4 8;
    %jmp/0xz  T_110.2, 8;
    %load/vec4 v0x56e45f812e10_0;
    %assign/vec4 v0x56e45f812fb0_0, 0;
T_110.2 ;
    %load/vec4 v0x56e45f8128d0_0;
    %assign/vec4 v0x56e45f8129d0_0, 0;
    %load/vec4 v0x56e45f812b80_0;
    %load/vec4 v0x56e45f812fb0_0;
    %pad/u 32;
    %load/vec4 v0x56e45f8128d0_0;
    %pad/u 32;
    %mul;
    %add;
    %assign/vec4 v0x56e45f812c40_0, 0;
T_110.1 ;
    %jmp T_110;
    .thread T_110;
    .scope S_0x56e45f8137d0;
T_111 ;
    %wait E_0x56e45f7f03f0;
    %load/vec4 v0x56e45f814160_0;
    %nor/r;
    %flag_set/vec4 8;
    %jmp/0xz  T_111.0, 8;
    %pushi/vec4 0, 0, 8;
    %assign/vec4 v0x56e45f8143a0_0, 0;
    %pushi/vec4 0, 0, 8;
    %assign/vec4 v0x56e45f813dc0_0, 0;
    %pushi/vec4 0, 0, 32;
    %assign/vec4 v0x56e45f814030_0, 0;
    %jmp T_111.1;
T_111.0 ;
    %load/vec4 v0x56e45f8142e0_0;
    %flag_set/vec4 8;
    %jmp/0xz  T_111.2, 8;
    %load/vec4 v0x56e45f814200_0;
    %assign/vec4 v0x56e45f8143a0_0, 0;
T_111.2 ;
    %load/vec4 v0x56e45f813cc0_0;
    %assign/vec4 v0x56e45f813dc0_0, 0;
    %load/vec4 v0x56e45f813f70_0;
    %load/vec4 v0x56e45f8143a0_0;
    %pad/u 32;
    %load/vec4 v0x56e45f813cc0_0;
    %pad/u 32;
    %mul;
    %add;
    %assign/vec4 v0x56e45f814030_0, 0;
T_111.1 ;
    %jmp T_111;
    .thread T_111;
    .scope S_0x56e45f814b70;
T_112 ;
    %wait E_0x56e45f7f03f0;
    %load/vec4 v0x56e45f815530_0;
    %nor/r;
    %flag_set/vec4 8;
    %jmp/0xz  T_112.0, 8;
    %pushi/vec4 0, 0, 8;
    %assign/vec4 v0x56e45f815770_0, 0;
    %pushi/vec4 0, 0, 8;
    %assign/vec4 v0x56e45f815190_0, 0;
    %pushi/vec4 0, 0, 32;
    %assign/vec4 v0x56e45f815400_0, 0;
    %jmp T_112.1;
T_112.0 ;
    %load/vec4 v0x56e45f8156b0_0;
    %flag_set/vec4 8;
    %jmp/0xz  T_112.2, 8;
    %load/vec4 v0x56e45f8155d0_0;
    %assign/vec4 v0x56e45f815770_0, 0;
T_112.2 ;
    %load/vec4 v0x56e45f815090_0;
    %assign/vec4 v0x56e45f815190_0, 0;
    %load/vec4 v0x56e45f815340_0;
    %load/vec4 v0x56e45f815770_0;
    %pad/u 32;
    %load/vec4 v0x56e45f815090_0;
    %pad/u 32;
    %mul;
    %add;
    %assign/vec4 v0x56e45f815400_0, 0;
T_112.1 ;
    %jmp T_112;
    .thread T_112;
    .scope S_0x56e45f815f40;
T_113 ;
    %wait E_0x56e45f7f03f0;
    %load/vec4 v0x56e45f816900_0;
    %nor/r;
    %flag_set/vec4 8;
    %jmp/0xz  T_113.0, 8;
    %pushi/vec4 0, 0, 8;
    %assign/vec4 v0x56e45f816b40_0, 0;
    %pushi/vec4 0, 0, 8;
    %assign/vec4 v0x56e45f816560_0, 0;
    %pushi/vec4 0, 0, 32;
    %assign/vec4 v0x56e45f8167d0_0, 0;
    %jmp T_113.1;
T_113.0 ;
    %load/vec4 v0x56e45f816a80_0;
    %flag_set/vec4 8;
    %jmp/0xz  T_113.2, 8;
    %load/vec4 v0x56e45f8169a0_0;
    %assign/vec4 v0x56e45f816b40_0, 0;
T_113.2 ;
    %load/vec4 v0x56e45f816460_0;
    %assign/vec4 v0x56e45f816560_0, 0;
    %load/vec4 v0x56e45f816710_0;
    %load/vec4 v0x56e45f816b40_0;
    %pad/u 32;
    %load/vec4 v0x56e45f816460_0;
    %pad/u 32;
    %mul;
    %add;
    %assign/vec4 v0x56e45f8167d0_0, 0;
T_113.1 ;
    %jmp T_113;
    .thread T_113;
    .scope S_0x56e45f817310;
T_114 ;
    %wait E_0x56e45f7f03f0;
    %load/vec4 v0x56e45f817cd0_0;
    %nor/r;
    %flag_set/vec4 8;
    %jmp/0xz  T_114.0, 8;
    %pushi/vec4 0, 0, 8;
    %assign/vec4 v0x56e45f817f10_0, 0;
    %pushi/vec4 0, 0, 8;
    %assign/vec4 v0x56e45f817930_0, 0;
    %pushi/vec4 0, 0, 32;
    %assign/vec4 v0x56e45f817ba0_0, 0;
    %jmp T_114.1;
T_114.0 ;
    %load/vec4 v0x56e45f817e50_0;
    %flag_set/vec4 8;
    %jmp/0xz  T_114.2, 8;
    %load/vec4 v0x56e45f817d70_0;
    %assign/vec4 v0x56e45f817f10_0, 0;
T_114.2 ;
    %load/vec4 v0x56e45f817830_0;
    %assign/vec4 v0x56e45f817930_0, 0;
    %load/vec4 v0x56e45f817ae0_0;
    %load/vec4 v0x56e45f817f10_0;
    %pad/u 32;
    %load/vec4 v0x56e45f817830_0;
    %pad/u 32;
    %mul;
    %add;
    %assign/vec4 v0x56e45f817ba0_0, 0;
T_114.1 ;
    %jmp T_114;
    .thread T_114;
    .scope S_0x56e45f8189c0;
T_115 ;
    %wait E_0x56e45f7f03f0;
    %load/vec4 v0x56e45f819380_0;
    %nor/r;
    %flag_set/vec4 8;
    %jmp/0xz  T_115.0, 8;
    %pushi/vec4 0, 0, 8;
    %assign/vec4 v0x56e45f8195c0_0, 0;
    %pushi/vec4 0, 0, 8;
    %assign/vec4 v0x56e45f818fe0_0, 0;
    %pushi/vec4 0, 0, 32;
    %assign/vec4 v0x56e45f819250_0, 0;
    %jmp T_115.1;
T_115.0 ;
    %load/vec4 v0x56e45f819500_0;
    %flag_set/vec4 8;
    %jmp/0xz  T_115.2, 8;
    %load/vec4 v0x56e45f819420_0;
    %assign/vec4 v0x56e45f8195c0_0, 0;
T_115.2 ;
    %load/vec4 v0x56e45f818ee0_0;
    %assign/vec4 v0x56e45f818fe0_0, 0;
    %load/vec4 v0x56e45f819190_0;
    %load/vec4 v0x56e45f8195c0_0;
    %pad/u 32;
    %load/vec4 v0x56e45f818ee0_0;
    %pad/u 32;
    %mul;
    %add;
    %assign/vec4 v0x56e45f819250_0, 0;
T_115.1 ;
    %jmp T_115;
    .thread T_115;
    .scope S_0x56e45f819d90;
T_116 ;
    %wait E_0x56e45f7f03f0;
    %load/vec4 v0x56e45f81a750_0;
    %nor/r;
    %flag_set/vec4 8;
    %jmp/0xz  T_116.0, 8;
    %pushi/vec4 0, 0, 8;
    %assign/vec4 v0x56e45f81a990_0, 0;
    %pushi/vec4 0, 0, 8;
    %assign/vec4 v0x56e45f81a3b0_0, 0;
    %pushi/vec4 0, 0, 32;
    %assign/vec4 v0x56e45f81a620_0, 0;
    %jmp T_116.1;
T_116.0 ;
    %load/vec4 v0x56e45f81a8d0_0;
    %flag_set/vec4 8;
    %jmp/0xz  T_116.2, 8;
    %load/vec4 v0x56e45f81a7f0_0;
    %assign/vec4 v0x56e45f81a990_0, 0;
T_116.2 ;
    %load/vec4 v0x56e45f81a2b0_0;
    %assign/vec4 v0x56e45f81a3b0_0, 0;
    %load/vec4 v0x56e45f81a560_0;
    %load/vec4 v0x56e45f81a990_0;
    %pad/u 32;
    %load/vec4 v0x56e45f81a2b0_0;
    %pad/u 32;
    %mul;
    %add;
    %assign/vec4 v0x56e45f81a620_0, 0;
T_116.1 ;
    %jmp T_116;
    .thread T_116;
    .scope S_0x56e45f81b170;
T_117 ;
    %wait E_0x56e45f7f03f0;
    %load/vec4 v0x56e45f81bb30_0;
    %nor/r;
    %flag_set/vec4 8;
    %jmp/0xz  T_117.0, 8;
    %pushi/vec4 0, 0, 8;
    %assign/vec4 v0x56e45f81bd70_0, 0;
    %pushi/vec4 0, 0, 8;
    %assign/vec4 v0x56e45f81b790_0, 0;
    %pushi/vec4 0, 0, 32;
    %assign/vec4 v0x56e45f81ba00_0, 0;
    %jmp T_117.1;
T_117.0 ;
    %load/vec4 v0x56e45f81bcb0_0;
    %flag_set/vec4 8;
    %jmp/0xz  T_117.2, 8;
    %load/vec4 v0x56e45f81bbd0_0;
    %assign/vec4 v0x56e45f81bd70_0, 0;
T_117.2 ;
    %load/vec4 v0x56e45f81b690_0;
    %assign/vec4 v0x56e45f81b790_0, 0;
    %load/vec4 v0x56e45f81b940_0;
    %load/vec4 v0x56e45f81bd70_0;
    %pad/u 32;
    %load/vec4 v0x56e45f81b690_0;
    %pad/u 32;
    %mul;
    %add;
    %assign/vec4 v0x56e45f81ba00_0, 0;
T_117.1 ;
    %jmp T_117;
    .thread T_117;
    .scope S_0x56e45f81c540;
T_118 ;
    %wait E_0x56e45f7f03f0;
    %load/vec4 v0x56e45f81cf00_0;
    %nor/r;
    %flag_set/vec4 8;
    %jmp/0xz  T_118.0, 8;
    %pushi/vec4 0, 0, 8;
    %assign/vec4 v0x56e45f81d140_0, 0;
    %pushi/vec4 0, 0, 8;
    %assign/vec4 v0x56e45f81cb60_0, 0;
    %pushi/vec4 0, 0, 32;
    %assign/vec4 v0x56e45f81cdd0_0, 0;
    %jmp T_118.1;
T_118.0 ;
    %load/vec4 v0x56e45f81d080_0;
    %flag_set/vec4 8;
    %jmp/0xz  T_118.2, 8;
    %load/vec4 v0x56e45f81cfa0_0;
    %assign/vec4 v0x56e45f81d140_0, 0;
T_118.2 ;
    %load/vec4 v0x56e45f81ca60_0;
    %assign/vec4 v0x56e45f81cb60_0, 0;
    %load/vec4 v0x56e45f81cd10_0;
    %load/vec4 v0x56e45f81d140_0;
    %pad/u 32;
    %load/vec4 v0x56e45f81ca60_0;
    %pad/u 32;
    %mul;
    %add;
    %assign/vec4 v0x56e45f81cdd0_0, 0;
T_118.1 ;
    %jmp T_118;
    .thread T_118;
    .scope S_0x56e45f81d960;
T_119 ;
    %wait E_0x56e45f7f03f0;
    %load/vec4 v0x56e45f81e2f0_0;
    %nor/r;
    %flag_set/vec4 8;
    %jmp/0xz  T_119.0, 8;
    %pushi/vec4 0, 0, 8;
    %assign/vec4 v0x56e45f81e530_0, 0;
    %pushi/vec4 0, 0, 8;
    %assign/vec4 v0x56e45f81df50_0, 0;
    %pushi/vec4 0, 0, 32;
    %assign/vec4 v0x56e45f81e1c0_0, 0;
    %jmp T_119.1;
T_119.0 ;
    %load/vec4 v0x56e45f81e470_0;
    %flag_set/vec4 8;
    %jmp/0xz  T_119.2, 8;
    %load/vec4 v0x56e45f81e390_0;
    %assign/vec4 v0x56e45f81e530_0, 0;
T_119.2 ;
    %load/vec4 v0x56e45f81de50_0;
    %assign/vec4 v0x56e45f81df50_0, 0;
    %load/vec4 v0x56e45f81e100_0;
    %load/vec4 v0x56e45f81e530_0;
    %pad/u 32;
    %load/vec4 v0x56e45f81de50_0;
    %pad/u 32;
    %mul;
    %add;
    %assign/vec4 v0x56e45f81e1c0_0, 0;
T_119.1 ;
    %jmp T_119;
    .thread T_119;
    .scope S_0x56e45f81ed00;
T_120 ;
    %wait E_0x56e45f7f03f0;
    %load/vec4 v0x56e45f81f6c0_0;
    %nor/r;
    %flag_set/vec4 8;
    %jmp/0xz  T_120.0, 8;
    %pushi/vec4 0, 0, 8;
    %assign/vec4 v0x56e45f81f900_0, 0;
    %pushi/vec4 0, 0, 8;
    %assign/vec4 v0x56e45f81f320_0, 0;
    %pushi/vec4 0, 0, 32;
    %assign/vec4 v0x56e45f81f590_0, 0;
    %jmp T_120.1;
T_120.0 ;
    %load/vec4 v0x56e45f81f840_0;
    %flag_set/vec4 8;
    %jmp/0xz  T_120.2, 8;
    %load/vec4 v0x56e45f81f760_0;
    %assign/vec4 v0x56e45f81f900_0, 0;
T_120.2 ;
    %load/vec4 v0x56e45f81f220_0;
    %assign/vec4 v0x56e45f81f320_0, 0;
    %load/vec4 v0x56e45f81f4d0_0;
    %load/vec4 v0x56e45f81f900_0;
    %pad/u 32;
    %load/vec4 v0x56e45f81f220_0;
    %pad/u 32;
    %mul;
    %add;
    %assign/vec4 v0x56e45f81f590_0, 0;
T_120.1 ;
    %jmp T_120;
    .thread T_120;
    .scope S_0x56e45f8200d0;
T_121 ;
    %wait E_0x56e45f7f03f0;
    %load/vec4 v0x56e45f820a90_0;
    %nor/r;
    %flag_set/vec4 8;
    %jmp/0xz  T_121.0, 8;
    %pushi/vec4 0, 0, 8;
    %assign/vec4 v0x56e45f820cd0_0, 0;
    %pushi/vec4 0, 0, 8;
    %assign/vec4 v0x56e45f8206f0_0, 0;
    %pushi/vec4 0, 0, 32;
    %assign/vec4 v0x56e45f820960_0, 0;
    %jmp T_121.1;
T_121.0 ;
    %load/vec4 v0x56e45f820c10_0;
    %flag_set/vec4 8;
    %jmp/0xz  T_121.2, 8;
    %load/vec4 v0x56e45f820b30_0;
    %assign/vec4 v0x56e45f820cd0_0, 0;
T_121.2 ;
    %load/vec4 v0x56e45f8205f0_0;
    %assign/vec4 v0x56e45f8206f0_0, 0;
    %load/vec4 v0x56e45f8208a0_0;
    %load/vec4 v0x56e45f820cd0_0;
    %pad/u 32;
    %load/vec4 v0x56e45f8205f0_0;
    %pad/u 32;
    %mul;
    %add;
    %assign/vec4 v0x56e45f820960_0, 0;
T_121.1 ;
    %jmp T_121;
    .thread T_121;
    .scope S_0x56e45f8214a0;
T_122 ;
    %wait E_0x56e45f7f03f0;
    %load/vec4 v0x56e45f821e60_0;
    %nor/r;
    %flag_set/vec4 8;
    %jmp/0xz  T_122.0, 8;
    %pushi/vec4 0, 0, 8;
    %assign/vec4 v0x56e45f8220a0_0, 0;
    %pushi/vec4 0, 0, 8;
    %assign/vec4 v0x56e45f821ac0_0, 0;
    %pushi/vec4 0, 0, 32;
    %assign/vec4 v0x56e45f821d30_0, 0;
    %jmp T_122.1;
T_122.0 ;
    %load/vec4 v0x56e45f821fe0_0;
    %flag_set/vec4 8;
    %jmp/0xz  T_122.2, 8;
    %load/vec4 v0x56e45f821f00_0;
    %assign/vec4 v0x56e45f8220a0_0, 0;
T_122.2 ;
    %load/vec4 v0x56e45f8219c0_0;
    %assign/vec4 v0x56e45f821ac0_0, 0;
    %load/vec4 v0x56e45f821c70_0;
    %load/vec4 v0x56e45f8220a0_0;
    %pad/u 32;
    %load/vec4 v0x56e45f8219c0_0;
    %pad/u 32;
    %mul;
    %add;
    %assign/vec4 v0x56e45f821d30_0, 0;
T_122.1 ;
    %jmp T_122;
    .thread T_122;
    .scope S_0x56e45f822b50;
T_123 ;
    %wait E_0x56e45f7f03f0;
    %load/vec4 v0x56e45f823510_0;
    %nor/r;
    %flag_set/vec4 8;
    %jmp/0xz  T_123.0, 8;
    %pushi/vec4 0, 0, 8;
    %assign/vec4 v0x56e45f823750_0, 0;
    %pushi/vec4 0, 0, 8;
    %assign/vec4 v0x56e45f823170_0, 0;
    %pushi/vec4 0, 0, 32;
    %assign/vec4 v0x56e45f8233e0_0, 0;
    %jmp T_123.1;
T_123.0 ;
    %load/vec4 v0x56e45f823690_0;
    %flag_set/vec4 8;
    %jmp/0xz  T_123.2, 8;
    %load/vec4 v0x56e45f8235b0_0;
    %assign/vec4 v0x56e45f823750_0, 0;
T_123.2 ;
    %load/vec4 v0x56e45f823070_0;
    %assign/vec4 v0x56e45f823170_0, 0;
    %load/vec4 v0x56e45f823320_0;
    %load/vec4 v0x56e45f823750_0;
    %pad/u 32;
    %load/vec4 v0x56e45f823070_0;
    %pad/u 32;
    %mul;
    %add;
    %assign/vec4 v0x56e45f8233e0_0, 0;
T_123.1 ;
    %jmp T_123;
    .thread T_123;
    .scope S_0x56e45f823f20;
T_124 ;
    %wait E_0x56e45f7f03f0;
    %load/vec4 v0x56e45f8248e0_0;
    %nor/r;
    %flag_set/vec4 8;
    %jmp/0xz  T_124.0, 8;
    %pushi/vec4 0, 0, 8;
    %assign/vec4 v0x56e45f824b20_0, 0;
    %pushi/vec4 0, 0, 8;
    %assign/vec4 v0x56e45f824540_0, 0;
    %pushi/vec4 0, 0, 32;
    %assign/vec4 v0x56e45f8247b0_0, 0;
    %jmp T_124.1;
T_124.0 ;
    %load/vec4 v0x56e45f824a60_0;
    %flag_set/vec4 8;
    %jmp/0xz  T_124.2, 8;
    %load/vec4 v0x56e45f824980_0;
    %assign/vec4 v0x56e45f824b20_0, 0;
T_124.2 ;
    %load/vec4 v0x56e45f824440_0;
    %assign/vec4 v0x56e45f824540_0, 0;
    %load/vec4 v0x56e45f8246f0_0;
    %load/vec4 v0x56e45f824b20_0;
    %pad/u 32;
    %load/vec4 v0x56e45f824440_0;
    %pad/u 32;
    %mul;
    %add;
    %assign/vec4 v0x56e45f8247b0_0, 0;
T_124.1 ;
    %jmp T_124;
    .thread T_124;
    .scope S_0x56e45f825300;
T_125 ;
    %wait E_0x56e45f7f03f0;
    %load/vec4 v0x56e45f825cc0_0;
    %nor/r;
    %flag_set/vec4 8;
    %jmp/0xz  T_125.0, 8;
    %pushi/vec4 0, 0, 8;
    %assign/vec4 v0x56e45f825f00_0, 0;
    %pushi/vec4 0, 0, 8;
    %assign/vec4 v0x56e45f825920_0, 0;
    %pushi/vec4 0, 0, 32;
    %assign/vec4 v0x56e45f825b90_0, 0;
    %jmp T_125.1;
T_125.0 ;
    %load/vec4 v0x56e45f825e40_0;
    %flag_set/vec4 8;
    %jmp/0xz  T_125.2, 8;
    %load/vec4 v0x56e45f825d60_0;
    %assign/vec4 v0x56e45f825f00_0, 0;
T_125.2 ;
    %load/vec4 v0x56e45f825820_0;
    %assign/vec4 v0x56e45f825920_0, 0;
    %load/vec4 v0x56e45f825ad0_0;
    %load/vec4 v0x56e45f825f00_0;
    %pad/u 32;
    %load/vec4 v0x56e45f825820_0;
    %pad/u 32;
    %mul;
    %add;
    %assign/vec4 v0x56e45f825b90_0, 0;
T_125.1 ;
    %jmp T_125;
    .thread T_125;
    .scope S_0x56e45f8266d0;
T_126 ;
    %wait E_0x56e45f7f03f0;
    %load/vec4 v0x56e45f827090_0;
    %nor/r;
    %flag_set/vec4 8;
    %jmp/0xz  T_126.0, 8;
    %pushi/vec4 0, 0, 8;
    %assign/vec4 v0x56e45f8272d0_0, 0;
    %pushi/vec4 0, 0, 8;
    %assign/vec4 v0x56e45f826cf0_0, 0;
    %pushi/vec4 0, 0, 32;
    %assign/vec4 v0x56e45f826f60_0, 0;
    %jmp T_126.1;
T_126.0 ;
    %load/vec4 v0x56e45f827210_0;
    %flag_set/vec4 8;
    %jmp/0xz  T_126.2, 8;
    %load/vec4 v0x56e45f827130_0;
    %assign/vec4 v0x56e45f8272d0_0, 0;
T_126.2 ;
    %load/vec4 v0x56e45f826bf0_0;
    %assign/vec4 v0x56e45f826cf0_0, 0;
    %load/vec4 v0x56e45f826ea0_0;
    %load/vec4 v0x56e45f8272d0_0;
    %pad/u 32;
    %load/vec4 v0x56e45f826bf0_0;
    %pad/u 32;
    %mul;
    %add;
    %assign/vec4 v0x56e45f826f60_0, 0;
T_126.1 ;
    %jmp T_126;
    .thread T_126;
    .scope S_0x56e45f827af0;
T_127 ;
    %wait E_0x56e45f7f03f0;
    %load/vec4 v0x56e45f828480_0;
    %nor/r;
    %flag_set/vec4 8;
    %jmp/0xz  T_127.0, 8;
    %pushi/vec4 0, 0, 8;
    %assign/vec4 v0x56e45f8286c0_0, 0;
    %pushi/vec4 0, 0, 8;
    %assign/vec4 v0x56e45f8280e0_0, 0;
    %pushi/vec4 0, 0, 32;
    %assign/vec4 v0x56e45f828350_0, 0;
    %jmp T_127.1;
T_127.0 ;
    %load/vec4 v0x56e45f828600_0;
    %flag_set/vec4 8;
    %jmp/0xz  T_127.2, 8;
    %load/vec4 v0x56e45f828520_0;
    %assign/vec4 v0x56e45f8286c0_0, 0;
T_127.2 ;
    %load/vec4 v0x56e45f827fe0_0;
    %assign/vec4 v0x56e45f8280e0_0, 0;
    %load/vec4 v0x56e45f828290_0;
    %load/vec4 v0x56e45f8286c0_0;
    %pad/u 32;
    %load/vec4 v0x56e45f827fe0_0;
    %pad/u 32;
    %mul;
    %add;
    %assign/vec4 v0x56e45f828350_0, 0;
T_127.1 ;
    %jmp T_127;
    .thread T_127;
    .scope S_0x56e45f828e90;
T_128 ;
    %wait E_0x56e45f7f03f0;
    %load/vec4 v0x56e45f829850_0;
    %nor/r;
    %flag_set/vec4 8;
    %jmp/0xz  T_128.0, 8;
    %pushi/vec4 0, 0, 8;
    %assign/vec4 v0x56e45f829a90_0, 0;
    %pushi/vec4 0, 0, 8;
    %assign/vec4 v0x56e45f8294b0_0, 0;
    %pushi/vec4 0, 0, 32;
    %assign/vec4 v0x56e45f829720_0, 0;
    %jmp T_128.1;
T_128.0 ;
    %load/vec4 v0x56e45f8299d0_0;
    %flag_set/vec4 8;
    %jmp/0xz  T_128.2, 8;
    %load/vec4 v0x56e45f8298f0_0;
    %assign/vec4 v0x56e45f829a90_0, 0;
T_128.2 ;
    %load/vec4 v0x56e45f8293b0_0;
    %assign/vec4 v0x56e45f8294b0_0, 0;
    %load/vec4 v0x56e45f829660_0;
    %load/vec4 v0x56e45f829a90_0;
    %pad/u 32;
    %load/vec4 v0x56e45f8293b0_0;
    %pad/u 32;
    %mul;
    %add;
    %assign/vec4 v0x56e45f829720_0, 0;
T_128.1 ;
    %jmp T_128;
    .thread T_128;
    .scope S_0x56e45f82a260;
T_129 ;
    %wait E_0x56e45f7f03f0;
    %load/vec4 v0x56e45f82ac20_0;
    %nor/r;
    %flag_set/vec4 8;
    %jmp/0xz  T_129.0, 8;
    %pushi/vec4 0, 0, 8;
    %assign/vec4 v0x56e45f82ae60_0, 0;
    %pushi/vec4 0, 0, 8;
    %assign/vec4 v0x56e45f82a880_0, 0;
    %pushi/vec4 0, 0, 32;
    %assign/vec4 v0x56e45f82aaf0_0, 0;
    %jmp T_129.1;
T_129.0 ;
    %load/vec4 v0x56e45f82ada0_0;
    %flag_set/vec4 8;
    %jmp/0xz  T_129.2, 8;
    %load/vec4 v0x56e45f82acc0_0;
    %assign/vec4 v0x56e45f82ae60_0, 0;
T_129.2 ;
    %load/vec4 v0x56e45f82a780_0;
    %assign/vec4 v0x56e45f82a880_0, 0;
    %load/vec4 v0x56e45f82aa30_0;
    %load/vec4 v0x56e45f82ae60_0;
    %pad/u 32;
    %load/vec4 v0x56e45f82a780_0;
    %pad/u 32;
    %mul;
    %add;
    %assign/vec4 v0x56e45f82aaf0_0, 0;
T_129.1 ;
    %jmp T_129;
    .thread T_129;
    .scope S_0x56e45f82b630;
T_130 ;
    %wait E_0x56e45f7f03f0;
    %load/vec4 v0x56e45f82bff0_0;
    %nor/r;
    %flag_set/vec4 8;
    %jmp/0xz  T_130.0, 8;
    %pushi/vec4 0, 0, 8;
    %assign/vec4 v0x56e45f82c230_0, 0;
    %pushi/vec4 0, 0, 8;
    %assign/vec4 v0x56e45f82bc50_0, 0;
    %pushi/vec4 0, 0, 32;
    %assign/vec4 v0x56e45f82bec0_0, 0;
    %jmp T_130.1;
T_130.0 ;
    %load/vec4 v0x56e45f82c170_0;
    %flag_set/vec4 8;
    %jmp/0xz  T_130.2, 8;
    %load/vec4 v0x56e45f82c090_0;
    %assign/vec4 v0x56e45f82c230_0, 0;
T_130.2 ;
    %load/vec4 v0x56e45f82bb50_0;
    %assign/vec4 v0x56e45f82bc50_0, 0;
    %load/vec4 v0x56e45f82be00_0;
    %load/vec4 v0x56e45f82c230_0;
    %pad/u 32;
    %load/vec4 v0x56e45f82bb50_0;
    %pad/u 32;
    %mul;
    %add;
    %assign/vec4 v0x56e45f82bec0_0, 0;
T_130.1 ;
    %jmp T_130;
    .thread T_130;
    .scope S_0x56e45f82cce0;
T_131 ;
    %wait E_0x56e45f7f03f0;
    %load/vec4 v0x56e45f82d6a0_0;
    %nor/r;
    %flag_set/vec4 8;
    %jmp/0xz  T_131.0, 8;
    %pushi/vec4 0, 0, 8;
    %assign/vec4 v0x56e45f82d8e0_0, 0;
    %pushi/vec4 0, 0, 8;
    %assign/vec4 v0x56e45f82d300_0, 0;
    %pushi/vec4 0, 0, 32;
    %assign/vec4 v0x56e45f82d570_0, 0;
    %jmp T_131.1;
T_131.0 ;
    %load/vec4 v0x56e45f82d820_0;
    %flag_set/vec4 8;
    %jmp/0xz  T_131.2, 8;
    %load/vec4 v0x56e45f82d740_0;
    %assign/vec4 v0x56e45f82d8e0_0, 0;
T_131.2 ;
    %load/vec4 v0x56e45f82d200_0;
    %assign/vec4 v0x56e45f82d300_0, 0;
    %load/vec4 v0x56e45f82d4b0_0;
    %load/vec4 v0x56e45f82d8e0_0;
    %pad/u 32;
    %load/vec4 v0x56e45f82d200_0;
    %pad/u 32;
    %mul;
    %add;
    %assign/vec4 v0x56e45f82d570_0, 0;
T_131.1 ;
    %jmp T_131;
    .thread T_131;
    .scope S_0x56e45f82e0b0;
T_132 ;
    %wait E_0x56e45f7f03f0;
    %load/vec4 v0x56e45f82ea70_0;
    %nor/r;
    %flag_set/vec4 8;
    %jmp/0xz  T_132.0, 8;
    %pushi/vec4 0, 0, 8;
    %assign/vec4 v0x56e45f82ecb0_0, 0;
    %pushi/vec4 0, 0, 8;
    %assign/vec4 v0x56e45f82e6d0_0, 0;
    %pushi/vec4 0, 0, 32;
    %assign/vec4 v0x56e45f82e940_0, 0;
    %jmp T_132.1;
T_132.0 ;
    %load/vec4 v0x56e45f82ebf0_0;
    %flag_set/vec4 8;
    %jmp/0xz  T_132.2, 8;
    %load/vec4 v0x56e45f82eb10_0;
    %assign/vec4 v0x56e45f82ecb0_0, 0;
T_132.2 ;
    %load/vec4 v0x56e45f82e5d0_0;
    %assign/vec4 v0x56e45f82e6d0_0, 0;
    %load/vec4 v0x56e45f82e880_0;
    %load/vec4 v0x56e45f82ecb0_0;
    %pad/u 32;
    %load/vec4 v0x56e45f82e5d0_0;
    %pad/u 32;
    %mul;
    %add;
    %assign/vec4 v0x56e45f82e940_0, 0;
T_132.1 ;
    %jmp T_132;
    .thread T_132;
    .scope S_0x56e45f82f490;
T_133 ;
    %wait E_0x56e45f7f03f0;
    %load/vec4 v0x56e45f82fe50_0;
    %nor/r;
    %flag_set/vec4 8;
    %jmp/0xz  T_133.0, 8;
    %pushi/vec4 0, 0, 8;
    %assign/vec4 v0x56e45f830090_0, 0;
    %pushi/vec4 0, 0, 8;
    %assign/vec4 v0x56e45f82fab0_0, 0;
    %pushi/vec4 0, 0, 32;
    %assign/vec4 v0x56e45f82fd20_0, 0;
    %jmp T_133.1;
T_133.0 ;
    %load/vec4 v0x56e45f82ffd0_0;
    %flag_set/vec4 8;
    %jmp/0xz  T_133.2, 8;
    %load/vec4 v0x56e45f82fef0_0;
    %assign/vec4 v0x56e45f830090_0, 0;
T_133.2 ;
    %load/vec4 v0x56e45f82f9b0_0;
    %assign/vec4 v0x56e45f82fab0_0, 0;
    %load/vec4 v0x56e45f82fc60_0;
    %load/vec4 v0x56e45f830090_0;
    %pad/u 32;
    %load/vec4 v0x56e45f82f9b0_0;
    %pad/u 32;
    %mul;
    %add;
    %assign/vec4 v0x56e45f82fd20_0, 0;
T_133.1 ;
    %jmp T_133;
    .thread T_133;
    .scope S_0x56e45f830860;
T_134 ;
    %wait E_0x56e45f7f03f0;
    %load/vec4 v0x56e45f831220_0;
    %nor/r;
    %flag_set/vec4 8;
    %jmp/0xz  T_134.0, 8;
    %pushi/vec4 0, 0, 8;
    %assign/vec4 v0x56e45f831460_0, 0;
    %pushi/vec4 0, 0, 8;
    %assign/vec4 v0x56e45f830e80_0, 0;
    %pushi/vec4 0, 0, 32;
    %assign/vec4 v0x56e45f8310f0_0, 0;
    %jmp T_134.1;
T_134.0 ;
    %load/vec4 v0x56e45f8313a0_0;
    %flag_set/vec4 8;
    %jmp/0xz  T_134.2, 8;
    %load/vec4 v0x56e45f8312c0_0;
    %assign/vec4 v0x56e45f831460_0, 0;
T_134.2 ;
    %load/vec4 v0x56e45f830d80_0;
    %assign/vec4 v0x56e45f830e80_0, 0;
    %load/vec4 v0x56e45f831030_0;
    %load/vec4 v0x56e45f831460_0;
    %pad/u 32;
    %load/vec4 v0x56e45f830d80_0;
    %pad/u 32;
    %mul;
    %add;
    %assign/vec4 v0x56e45f8310f0_0, 0;
T_134.1 ;
    %jmp T_134;
    .thread T_134;
    .scope S_0x56e45f831c80;
T_135 ;
    %wait E_0x56e45f7f03f0;
    %load/vec4 v0x56e45f832610_0;
    %nor/r;
    %flag_set/vec4 8;
    %jmp/0xz  T_135.0, 8;
    %pushi/vec4 0, 0, 8;
    %assign/vec4 v0x56e45f832850_0, 0;
    %pushi/vec4 0, 0, 8;
    %assign/vec4 v0x56e45f832270_0, 0;
    %pushi/vec4 0, 0, 32;
    %assign/vec4 v0x56e45f8324e0_0, 0;
    %jmp T_135.1;
T_135.0 ;
    %load/vec4 v0x56e45f832790_0;
    %flag_set/vec4 8;
    %jmp/0xz  T_135.2, 8;
    %load/vec4 v0x56e45f8326b0_0;
    %assign/vec4 v0x56e45f832850_0, 0;
T_135.2 ;
    %load/vec4 v0x56e45f832170_0;
    %assign/vec4 v0x56e45f832270_0, 0;
    %load/vec4 v0x56e45f832420_0;
    %load/vec4 v0x56e45f832850_0;
    %pad/u 32;
    %load/vec4 v0x56e45f832170_0;
    %pad/u 32;
    %mul;
    %add;
    %assign/vec4 v0x56e45f8324e0_0, 0;
T_135.1 ;
    %jmp T_135;
    .thread T_135;
    .scope S_0x56e45f833020;
T_136 ;
    %wait E_0x56e45f7f03f0;
    %load/vec4 v0x56e45f8339e0_0;
    %nor/r;
    %flag_set/vec4 8;
    %jmp/0xz  T_136.0, 8;
    %pushi/vec4 0, 0, 8;
    %assign/vec4 v0x56e45f833c20_0, 0;
    %pushi/vec4 0, 0, 8;
    %assign/vec4 v0x56e45f833640_0, 0;
    %pushi/vec4 0, 0, 32;
    %assign/vec4 v0x56e45f8338b0_0, 0;
    %jmp T_136.1;
T_136.0 ;
    %load/vec4 v0x56e45f833b60_0;
    %flag_set/vec4 8;
    %jmp/0xz  T_136.2, 8;
    %load/vec4 v0x56e45f833a80_0;
    %assign/vec4 v0x56e45f833c20_0, 0;
T_136.2 ;
    %load/vec4 v0x56e45f833540_0;
    %assign/vec4 v0x56e45f833640_0, 0;
    %load/vec4 v0x56e45f8337f0_0;
    %load/vec4 v0x56e45f833c20_0;
    %pad/u 32;
    %load/vec4 v0x56e45f833540_0;
    %pad/u 32;
    %mul;
    %add;
    %assign/vec4 v0x56e45f8338b0_0, 0;
T_136.1 ;
    %jmp T_136;
    .thread T_136;
    .scope S_0x56e45f8343f0;
T_137 ;
    %wait E_0x56e45f7f03f0;
    %load/vec4 v0x56e45f834db0_0;
    %nor/r;
    %flag_set/vec4 8;
    %jmp/0xz  T_137.0, 8;
    %pushi/vec4 0, 0, 8;
    %assign/vec4 v0x56e45f834ff0_0, 0;
    %pushi/vec4 0, 0, 8;
    %assign/vec4 v0x56e45f834a10_0, 0;
    %pushi/vec4 0, 0, 32;
    %assign/vec4 v0x56e45f834c80_0, 0;
    %jmp T_137.1;
T_137.0 ;
    %load/vec4 v0x56e45f834f30_0;
    %flag_set/vec4 8;
    %jmp/0xz  T_137.2, 8;
    %load/vec4 v0x56e45f834e50_0;
    %assign/vec4 v0x56e45f834ff0_0, 0;
T_137.2 ;
    %load/vec4 v0x56e45f834910_0;
    %assign/vec4 v0x56e45f834a10_0, 0;
    %load/vec4 v0x56e45f834bc0_0;
    %load/vec4 v0x56e45f834ff0_0;
    %pad/u 32;
    %load/vec4 v0x56e45f834910_0;
    %pad/u 32;
    %mul;
    %add;
    %assign/vec4 v0x56e45f834c80_0, 0;
T_137.1 ;
    %jmp T_137;
    .thread T_137;
    .scope S_0x56e45f8357c0;
T_138 ;
    %wait E_0x56e45f7f03f0;
    %load/vec4 v0x56e45f836180_0;
    %nor/r;
    %flag_set/vec4 8;
    %jmp/0xz  T_138.0, 8;
    %pushi/vec4 0, 0, 8;
    %assign/vec4 v0x56e45f8363c0_0, 0;
    %pushi/vec4 0, 0, 8;
    %assign/vec4 v0x56e45f835de0_0, 0;
    %pushi/vec4 0, 0, 32;
    %assign/vec4 v0x56e45f836050_0, 0;
    %jmp T_138.1;
T_138.0 ;
    %load/vec4 v0x56e45f836300_0;
    %flag_set/vec4 8;
    %jmp/0xz  T_138.2, 8;
    %load/vec4 v0x56e45f836220_0;
    %assign/vec4 v0x56e45f8363c0_0, 0;
T_138.2 ;
    %load/vec4 v0x56e45f835ce0_0;
    %assign/vec4 v0x56e45f835de0_0, 0;
    %load/vec4 v0x56e45f835f90_0;
    %load/vec4 v0x56e45f8363c0_0;
    %pad/u 32;
    %load/vec4 v0x56e45f835ce0_0;
    %pad/u 32;
    %mul;
    %add;
    %assign/vec4 v0x56e45f836050_0, 0;
T_138.1 ;
    %jmp T_138;
    .thread T_138;
    .scope S_0x56e45f836e70;
T_139 ;
    %wait E_0x56e45f7f03f0;
    %load/vec4 v0x56e45f837830_0;
    %nor/r;
    %flag_set/vec4 8;
    %jmp/0xz  T_139.0, 8;
    %pushi/vec4 0, 0, 8;
    %assign/vec4 v0x56e45f837a70_0, 0;
    %pushi/vec4 0, 0, 8;
    %assign/vec4 v0x56e45f837490_0, 0;
    %pushi/vec4 0, 0, 32;
    %assign/vec4 v0x56e45f837700_0, 0;
    %jmp T_139.1;
T_139.0 ;
    %load/vec4 v0x56e45f8379b0_0;
    %flag_set/vec4 8;
    %jmp/0xz  T_139.2, 8;
    %load/vec4 v0x56e45f8378d0_0;
    %assign/vec4 v0x56e45f837a70_0, 0;
T_139.2 ;
    %load/vec4 v0x56e45f837390_0;
    %assign/vec4 v0x56e45f837490_0, 0;
    %load/vec4 v0x56e45f837640_0;
    %load/vec4 v0x56e45f837a70_0;
    %pad/u 32;
    %load/vec4 v0x56e45f837390_0;
    %pad/u 32;
    %mul;
    %add;
    %assign/vec4 v0x56e45f837700_0, 0;
T_139.1 ;
    %jmp T_139;
    .thread T_139;
    .scope S_0x56e45f838240;
T_140 ;
    %wait E_0x56e45f7f03f0;
    %load/vec4 v0x56e45f838c00_0;
    %nor/r;
    %flag_set/vec4 8;
    %jmp/0xz  T_140.0, 8;
    %pushi/vec4 0, 0, 8;
    %assign/vec4 v0x56e45f838e40_0, 0;
    %pushi/vec4 0, 0, 8;
    %assign/vec4 v0x56e45f838860_0, 0;
    %pushi/vec4 0, 0, 32;
    %assign/vec4 v0x56e45f838ad0_0, 0;
    %jmp T_140.1;
T_140.0 ;
    %load/vec4 v0x56e45f838d80_0;
    %flag_set/vec4 8;
    %jmp/0xz  T_140.2, 8;
    %load/vec4 v0x56e45f838ca0_0;
    %assign/vec4 v0x56e45f838e40_0, 0;
T_140.2 ;
    %load/vec4 v0x56e45f838760_0;
    %assign/vec4 v0x56e45f838860_0, 0;
    %load/vec4 v0x56e45f838a10_0;
    %load/vec4 v0x56e45f838e40_0;
    %pad/u 32;
    %load/vec4 v0x56e45f838760_0;
    %pad/u 32;
    %mul;
    %add;
    %assign/vec4 v0x56e45f838ad0_0, 0;
T_140.1 ;
    %jmp T_140;
    .thread T_140;
    .scope S_0x56e45f839620;
T_141 ;
    %wait E_0x56e45f7f03f0;
    %load/vec4 v0x56e45f839fe0_0;
    %nor/r;
    %flag_set/vec4 8;
    %jmp/0xz  T_141.0, 8;
    %pushi/vec4 0, 0, 8;
    %assign/vec4 v0x56e45f83a220_0, 0;
    %pushi/vec4 0, 0, 8;
    %assign/vec4 v0x56e45f839c40_0, 0;
    %pushi/vec4 0, 0, 32;
    %assign/vec4 v0x56e45f839eb0_0, 0;
    %jmp T_141.1;
T_141.0 ;
    %load/vec4 v0x56e45f83a160_0;
    %flag_set/vec4 8;
    %jmp/0xz  T_141.2, 8;
    %load/vec4 v0x56e45f83a080_0;
    %assign/vec4 v0x56e45f83a220_0, 0;
T_141.2 ;
    %load/vec4 v0x56e45f839b40_0;
    %assign/vec4 v0x56e45f839c40_0, 0;
    %load/vec4 v0x56e45f839df0_0;
    %load/vec4 v0x56e45f83a220_0;
    %pad/u 32;
    %load/vec4 v0x56e45f839b40_0;
    %pad/u 32;
    %mul;
    %add;
    %assign/vec4 v0x56e45f839eb0_0, 0;
T_141.1 ;
    %jmp T_141;
    .thread T_141;
    .scope S_0x56e45f83a9f0;
T_142 ;
    %wait E_0x56e45f7f03f0;
    %load/vec4 v0x56e45f83b3b0_0;
    %nor/r;
    %flag_set/vec4 8;
    %jmp/0xz  T_142.0, 8;
    %pushi/vec4 0, 0, 8;
    %assign/vec4 v0x56e45f83b5f0_0, 0;
    %pushi/vec4 0, 0, 8;
    %assign/vec4 v0x56e45f83b010_0, 0;
    %pushi/vec4 0, 0, 32;
    %assign/vec4 v0x56e45f83b280_0, 0;
    %jmp T_142.1;
T_142.0 ;
    %load/vec4 v0x56e45f83b530_0;
    %flag_set/vec4 8;
    %jmp/0xz  T_142.2, 8;
    %load/vec4 v0x56e45f83b450_0;
    %assign/vec4 v0x56e45f83b5f0_0, 0;
T_142.2 ;
    %load/vec4 v0x56e45f83af10_0;
    %assign/vec4 v0x56e45f83b010_0, 0;
    %load/vec4 v0x56e45f83b1c0_0;
    %load/vec4 v0x56e45f83b5f0_0;
    %pad/u 32;
    %load/vec4 v0x56e45f83af10_0;
    %pad/u 32;
    %mul;
    %add;
    %assign/vec4 v0x56e45f83b280_0, 0;
T_142.1 ;
    %jmp T_142;
    .thread T_142;
    .scope S_0x56e45f83be10;
T_143 ;
    %wait E_0x56e45f7f03f0;
    %load/vec4 v0x56e45f83c7a0_0;
    %nor/r;
    %flag_set/vec4 8;
    %jmp/0xz  T_143.0, 8;
    %pushi/vec4 0, 0, 8;
    %assign/vec4 v0x56e45f83c9e0_0, 0;
    %pushi/vec4 0, 0, 8;
    %assign/vec4 v0x56e45f83c400_0, 0;
    %pushi/vec4 0, 0, 32;
    %assign/vec4 v0x56e45f83c670_0, 0;
    %jmp T_143.1;
T_143.0 ;
    %load/vec4 v0x56e45f83c920_0;
    %flag_set/vec4 8;
    %jmp/0xz  T_143.2, 8;
    %load/vec4 v0x56e45f83c840_0;
    %assign/vec4 v0x56e45f83c9e0_0, 0;
T_143.2 ;
    %load/vec4 v0x56e45f83c300_0;
    %assign/vec4 v0x56e45f83c400_0, 0;
    %load/vec4 v0x56e45f83c5b0_0;
    %load/vec4 v0x56e45f83c9e0_0;
    %pad/u 32;
    %load/vec4 v0x56e45f83c300_0;
    %pad/u 32;
    %mul;
    %add;
    %assign/vec4 v0x56e45f83c670_0, 0;
T_143.1 ;
    %jmp T_143;
    .thread T_143;
    .scope S_0x56e45f83d1b0;
T_144 ;
    %wait E_0x56e45f7f03f0;
    %load/vec4 v0x56e45f83db70_0;
    %nor/r;
    %flag_set/vec4 8;
    %jmp/0xz  T_144.0, 8;
    %pushi/vec4 0, 0, 8;
    %assign/vec4 v0x56e45f83ddb0_0, 0;
    %pushi/vec4 0, 0, 8;
    %assign/vec4 v0x56e45f83d7d0_0, 0;
    %pushi/vec4 0, 0, 32;
    %assign/vec4 v0x56e45f83da40_0, 0;
    %jmp T_144.1;
T_144.0 ;
    %load/vec4 v0x56e45f83dcf0_0;
    %flag_set/vec4 8;
    %jmp/0xz  T_144.2, 8;
    %load/vec4 v0x56e45f83dc10_0;
    %assign/vec4 v0x56e45f83ddb0_0, 0;
T_144.2 ;
    %load/vec4 v0x56e45f83d6d0_0;
    %assign/vec4 v0x56e45f83d7d0_0, 0;
    %load/vec4 v0x56e45f83d980_0;
    %load/vec4 v0x56e45f83ddb0_0;
    %pad/u 32;
    %load/vec4 v0x56e45f83d6d0_0;
    %pad/u 32;
    %mul;
    %add;
    %assign/vec4 v0x56e45f83da40_0, 0;
T_144.1 ;
    %jmp T_144;
    .thread T_144;
    .scope S_0x56e45f83e580;
T_145 ;
    %wait E_0x56e45f7f03f0;
    %load/vec4 v0x56e45f83ef40_0;
    %nor/r;
    %flag_set/vec4 8;
    %jmp/0xz  T_145.0, 8;
    %pushi/vec4 0, 0, 8;
    %assign/vec4 v0x56e45f83f180_0, 0;
    %pushi/vec4 0, 0, 8;
    %assign/vec4 v0x56e45f83eba0_0, 0;
    %pushi/vec4 0, 0, 32;
    %assign/vec4 v0x56e45f83ee10_0, 0;
    %jmp T_145.1;
T_145.0 ;
    %load/vec4 v0x56e45f83f0c0_0;
    %flag_set/vec4 8;
    %jmp/0xz  T_145.2, 8;
    %load/vec4 v0x56e45f83efe0_0;
    %assign/vec4 v0x56e45f83f180_0, 0;
T_145.2 ;
    %load/vec4 v0x56e45f83eaa0_0;
    %assign/vec4 v0x56e45f83eba0_0, 0;
    %load/vec4 v0x56e45f83ed50_0;
    %load/vec4 v0x56e45f83f180_0;
    %pad/u 32;
    %load/vec4 v0x56e45f83eaa0_0;
    %pad/u 32;
    %mul;
    %add;
    %assign/vec4 v0x56e45f83ee10_0, 0;
T_145.1 ;
    %jmp T_145;
    .thread T_145;
    .scope S_0x56e45f83f950;
T_146 ;
    %wait E_0x56e45f7f03f0;
    %load/vec4 v0x56e45f840310_0;
    %nor/r;
    %flag_set/vec4 8;
    %jmp/0xz  T_146.0, 8;
    %pushi/vec4 0, 0, 8;
    %assign/vec4 v0x56e45f840550_0, 0;
    %pushi/vec4 0, 0, 8;
    %assign/vec4 v0x56e45f83ff70_0, 0;
    %pushi/vec4 0, 0, 32;
    %assign/vec4 v0x56e45f8401e0_0, 0;
    %jmp T_146.1;
T_146.0 ;
    %load/vec4 v0x56e45f840490_0;
    %flag_set/vec4 8;
    %jmp/0xz  T_146.2, 8;
    %load/vec4 v0x56e45f8403b0_0;
    %assign/vec4 v0x56e45f840550_0, 0;
T_146.2 ;
    %load/vec4 v0x56e45f83fe70_0;
    %assign/vec4 v0x56e45f83ff70_0, 0;
    %load/vec4 v0x56e45f840120_0;
    %load/vec4 v0x56e45f840550_0;
    %pad/u 32;
    %load/vec4 v0x56e45f83fe70_0;
    %pad/u 32;
    %mul;
    %add;
    %assign/vec4 v0x56e45f8401e0_0, 0;
T_146.1 ;
    %jmp T_146;
    .thread T_146;
    .scope S_0x56e45f7ed550;
T_147 ;
    %wait E_0x56e45f7f03f0;
    %load/vec4 v0x56e45f841b60_0;
    %nor/r;
    %flag_set/vec4 8;
    %jmp/0xz  T_147.0, 8;
    %pushi/vec4 0, 0, 64;
    %assign/vec4 v0x56e45f840d90_0, 0;
    %pushi/vec4 0, 0, 64;
    %assign/vec4 v0x56e45f840e80_0, 0;
    %jmp T_147.1;
T_147.0 ;
    %load/vec4 v0x56e45f840c90_0;
    %assign/vec4 v0x56e45f840d90_0, 0;
    %load/vec4 v0x56e45f840d90_0;
    %assign/vec4 v0x56e45f840e80_0, 0;
T_147.1 ;
    %jmp T_147;
    .thread T_147;
    .scope S_0x56e45f7ed550;
T_148 ;
    %wait E_0x56e45f7f03f0;
    %load/vec4 v0x56e45f841b60_0;
    %nor/r;
    %flag_set/vec4 8;
    %jmp/0xz  T_148.0, 8;
    %pushi/vec4 0, 0, 256;
    %assign/vec4 v0x56e45f8418e0_0, 0;
    %pushi/vec4 0, 0, 256;
    %assign/vec4 v0x56e45f8417f0_0, 0;
    %jmp T_148.1;
T_148.0 ;
    %load/vec4 v0x56e45f8419d0_0;
    %parti/s 256, 2048, 13;
    %assign/vec4 v0x56e45f8418e0_0, 0;
    %load/vec4 v0x56e45f8418e0_0;
    %assign/vec4 v0x56e45f8417f0_0, 0;
T_148.1 ;
    %jmp T_148;
    .thread T_148;
    .scope S_0x56e45f7e66c0;
T_149 ;
    %wait E_0x56e45f7e7470;
    %load/vec4 v0x56e45f8483a0_0;
    %nor/r;
    %flag_set/vec4 8;
    %jmp/0xz  T_149.0, 8;
    %pushi/vec4 0, 0, 32;
    %assign/vec4 v0x56e45f847f60_0, 0;
    %pushi/vec4 0, 0, 32;
    %assign/vec4 v0x56e45f848020_0, 0;
    %pushi/vec4 0, 0, 32;
    %assign/vec4 v0x56e45f848100_0, 0;
    %jmp T_149.1;
T_149.0 ;
    %load/vec4 v0x56e45f847590_0;
    %flag_set/vec4 9;
    %flag_get/vec4 9;
    %jmp/0 T_149.4, 9;
    %load/vec4 v0x56e45f847730_0;
    %and;
T_149.4;
    %flag_set/vec4 8;
    %jmp/0xz  T_149.2, 8;
    %load/vec4 v0x56e45f847420_0;
    %parti/s 4, 0, 2;
    %dup/vec4;
    %pushi/vec4 0, 0, 4;
    %cmp/u;
    %jmp/1 T_149.5, 6;
    %dup/vec4;
    %pushi/vec4 4, 0, 4;
    %cmp/u;
    %jmp/1 T_149.6, 6;
    %dup/vec4;
    %pushi/vec4 8, 0, 4;
    %cmp/u;
    %jmp/1 T_149.7, 6;
    %jmp T_149.9;
T_149.5 ;
    %load/vec4 v0x56e45f847650_0;
    %assign/vec4 v0x56e45f847f60_0, 0;
    %jmp T_149.9;
T_149.6 ;
    %load/vec4 v0x56e45f847650_0;
    %assign/vec4 v0x56e45f848020_0, 0;
    %jmp T_149.9;
T_149.7 ;
    %load/vec4 v0x56e45f847650_0;
    %assign/vec4 v0x56e45f848100_0, 0;
    %jmp T_149.9;
T_149.9 ;
    %pop/vec4 1;
T_149.2 ;
T_149.1 ;
    %jmp T_149;
    .thread T_149;
    .scope S_0x56e45f7e66c0;
T_150 ;
    %wait E_0x56e45f7e7470;
    %load/vec4 v0x56e45f8483a0_0;
    %nor/r;
    %flag_set/vec4 8;
    %jmp/0xz  T_150.0, 8;
    %pushi/vec4 0, 0, 1;
    %assign/vec4 v0x56e45f847db0_0, 0;
    %jmp T_150.1;
T_150.0 ;
    %load/vec4 v0x56e45f848020_0;
    %parti/s 1, 0, 2;
    %assign/vec4 v0x56e45f847db0_0, 0;
T_150.1 ;
    %jmp T_150;
    .thread T_150;
    .scope S_0x56e45f7e66c0;
T_151 ;
    %wait E_0x56e45f7e7470;
    %load/vec4 v0x56e45f8483a0_0;
    %nor/r;
    %flag_set/vec4 8;
    %jmp/0xz  T_151.0, 8;
    %pushi/vec4 0, 0, 4;
    %assign/vec4 v0x56e45f848bc0_0, 0;
    %pushi/vec4 0, 0, 4;
    %assign/vec4 v0x56e45f8482c0_0, 0;
    %pushi/vec4 0, 0, 4;
    %assign/vec4 v0x56e45f847890_0, 0;
    %pushi/vec4 0, 0, 4;
    %assign/vec4 v0x56e45f847c10_0, 0;
    %pushi/vec4 0, 0, 4;
    %assign/vec4 v0x56e45f847b30_0, 0;
    %pushi/vec4 0, 0, 5;
    %assign/vec4 v0x56e45f847970_0, 0;
    %pushi/vec4 0, 0, 1;
    %assign/vec4 v0x56e45f848f50_0, 0;
    %pushi/vec4 0, 0, 3;
    %assign/vec4 v0x56e45f849040_0, 0;
    %pushi/vec4 0, 0, 1;
    %assign/vec4 v0x56e45f846e60_0, 0;
    %pushi/vec4 0, 0, 6;
    %assign/vec4 v0x56e45f848440_0, 0;
    %pushi/vec4 0, 0, 1;
    %assign/vec4 v0x56e45f848600_0, 0;
    %pushi/vec4 0, 0, 6;
    %assign/vec4 v0x56e45f8486c0_0, 0;
    %pushi/vec4 0, 0, 1;
    %assign/vec4 v0x56e45f848880_0, 0;
    %pushi/vec4 0, 0, 3;
    %assign/vec4 v0x56e45f848940_0, 0;
    %pushi/vec4 0, 0, 1;
    %assign/vec4 v0x56e45f848b00_0, 0;
    %pushi/vec4 0, 0, 32;
    %assign/vec4 v0x56e45f848a20_0, 0;
    %pushi/vec4 0, 0, 32;
    %assign/vec4 v0x56e45f8481e0_0, 0;
    %pushi/vec4 0, 0, 32;
    %store/vec4 v0x56e45f847a50_0, 0, 32;
T_151.2 ;
    %load/vec4 v0x56e45f847a50_0;
    %cmpi/s 8, 0, 32;
    %jmp/0xz T_151.3, 5;
    %pushi/vec4 0, 0, 8;
    %ix/getv/s 3, v0x56e45f847a50_0;
    %ix/load 4, 0, 0; Constant delay
    %assign/vec4/a/d v0x56e45f848ca0, 0, 4;
    ; show_stmt_assign_vector: Get l-value for compressed += operand
    %load/vec4 v0x56e45f847a50_0;
    %pushi/vec4 1, 0, 32;
    %add;
    %store/vec4 v0x56e45f847a50_0, 0, 32;
    %jmp T_151.2;
T_151.3 ;
    %pushi/vec4 0, 0, 32;
    %store/vec4 v0x56e45f847a50_0, 0, 32;
T_151.4 ;
    %load/vec4 v0x56e45f847a50_0;
    %cmpi/s 8, 0, 32;
    %jmp/0xz T_151.5, 5;
    %pushi/vec4 0, 0, 8;
    %ix/getv/s 3, v0x56e45f847a50_0;
    %ix/load 4, 0, 0; Constant delay
    %assign/vec4/a/d v0x56e45f846f30, 0, 4;
    ; show_stmt_assign_vector: Get l-value for compressed += operand
    %load/vec4 v0x56e45f847a50_0;
    %pushi/vec4 1, 0, 32;
    %add;
    %store/vec4 v0x56e45f847a50_0, 0, 32;
    %jmp T_151.4;
T_151.5 ;
    %pushi/vec4 0, 0, 32;
    %store/vec4 v0x56e45f847a50_0, 0, 32;
T_151.6 ;
    %load/vec4 v0x56e45f847a50_0;
    %cmpi/s 8, 0, 32;
    %jmp/0xz T_151.7, 5;
    %pushi/vec4 0, 0, 8;
    %ix/getv/s 3, v0x56e45f847a50_0;
    %ix/load 4, 0, 0; Constant delay
    %assign/vec4/a/d v0x56e45f846ff0, 0, 4;
    ; show_stmt_assign_vector: Get l-value for compressed += operand
    %load/vec4 v0x56e45f847a50_0;
    %pushi/vec4 1, 0, 32;
    %add;
    %store/vec4 v0x56e45f847a50_0, 0, 32;
    %jmp T_151.6;
T_151.7 ;
    %jmp T_151.1;
T_151.0 ;
    %pushi/vec4 0, 0, 1;
    %assign/vec4 v0x56e45f848f50_0, 0;
    %pushi/vec4 0, 0, 1;
    %assign/vec4 v0x56e45f848600_0, 0;
    %pushi/vec4 0, 0, 1;
    %assign/vec4 v0x56e45f848880_0, 0;
    %pushi/vec4 0, 0, 1;
    %assign/vec4 v0x56e45f848b00_0, 0;
    %pushi/vec4 0, 0, 1;
    %assign/vec4 v0x56e45f846e60_0, 0;
    %load/vec4 v0x56e45f848bc0_0;
    %dup/vec4;
    %pushi/vec4 0, 0, 4;
    %cmp/u;
    %jmp/1 T_151.8, 6;
    %dup/vec4;
    %pushi/vec4 1, 0, 4;
    %cmp/u;
    %jmp/1 T_151.9, 6;
    %dup/vec4;
    %pushi/vec4 2, 0, 4;
    %cmp/u;
    %jmp/1 T_151.10, 6;
    %dup/vec4;
    %pushi/vec4 3, 0, 4;
    %cmp/u;
    %jmp/1 T_151.11, 6;
    %dup/vec4;
    %pushi/vec4 4, 0, 4;
    %cmp/u;
    %jmp/1 T_151.12, 6;
    %dup/vec4;
    %pushi/vec4 5, 0, 4;
    %cmp/u;
    %jmp/1 T_151.13, 6;
    %dup/vec4;
    %pushi/vec4 6, 0, 4;
    %cmp/u;
    %jmp/1 T_151.14, 6;
    %dup/vec4;
    %pushi/vec4 7, 0, 4;
    %cmp/u;
    %jmp/1 T_151.15, 6;
    %dup/vec4;
    %pushi/vec4 8, 0, 4;
    %cmp/u;
    %jmp/1 T_151.16, 6;
    %dup/vec4;
    %pushi/vec4 9, 0, 4;
    %cmp/u;
    %jmp/1 T_151.17, 6;
    %pushi/vec4 0, 0, 4;
    %assign/vec4 v0x56e45f848bc0_0, 0;
    %jmp T_151.19;
T_151.8 ;
    %pushi/vec4 0, 0, 32;
    %assign/vec4 v0x56e45f8481e0_0, 0;
    %load/vec4 v0x56e45f847cf0_0;
    %flag_set/vec4 8;
    %jmp/0xz  T_151.20, 8;
    %pushi/vec4 1, 0, 4;
    %assign/vec4 v0x56e45f848bc0_0, 0;
    %pushi/vec4 0, 0, 4;
    %assign/vec4 v0x56e45f8482c0_0, 0;
    %pushi/vec4 0, 0, 4;
    %assign/vec4 v0x56e45f847890_0, 0;
    %pushi/vec4 1, 0, 1;
    %ix/load 4, 0, 0;
    %ix/load 5, 0, 0;
    %flag_set/imm 4, 0;
    %assign/vec4/off/d v0x56e45f8481e0_0, 4, 5;
T_151.20 ;
    %jmp T_151.19;
T_151.9 ;
    %load/vec4 v0x56e45f8482c0_0;
    %parti/s 3, 0, 2;
    %load/vec4 v0x56e45f847890_0;
    %parti/s 3, 0, 2;
    %concat/vec4; draw_concat_vec4
    %assign/vec4 v0x56e45f8486c0_0, 0;
    %pushi/vec4 1, 0, 1;
    %assign/vec4 v0x56e45f848880_0, 0;
    %load/vec4 v0x56e45f847890_0;
    %assign/vec4 v0x56e45f847b30_0, 0;
    %load/vec4 v0x56e45f8482c0_0;
    %assign/vec4 v0x56e45f847c10_0, 0;
    %load/vec4 v0x56e45f8482c0_0;
    %parti/s 3, 0, 2;
    %assign/vec4 v0x56e45f849040_0, 0;
    %pushi/vec4 2, 0, 4;
    %assign/vec4 v0x56e45f848bc0_0, 0;
    %jmp T_151.19;
T_151.10 ;
    %pushi/vec4 3, 0, 4;
    %assign/vec4 v0x56e45f848bc0_0, 0;
    %jmp T_151.19;
T_151.11 ;
    %load/vec4 v0x56e45f8487a0_0;
    %load/vec4 v0x56e45f847b30_0;
    %pad/u 5;
    %ix/vec4 3;
    %ix/load 4, 0, 0; Constant delay
    %assign/vec4/a/d v0x56e45f848ca0, 0, 4;
    %load/vec4 v0x56e45f847b30_0;
    %pad/u 32;
    %cmpi/e 7, 0, 32;
    %jmp/0xz  T_151.22, 4;
    %pushi/vec4 4, 0, 4;
    %assign/vec4 v0x56e45f848bc0_0, 0;
    %jmp T_151.23;
T_151.22 ;
    %load/vec4 v0x56e45f847b30_0;
    %addi 1, 0, 4;
    %assign/vec4 v0x56e45f847890_0, 0;
    %pushi/vec4 1, 0, 4;
    %assign/vec4 v0x56e45f848bc0_0, 0;
T_151.23 ;
    %jmp T_151.19;
T_151.12 ;
    %pushi/vec4 1, 0, 1;
    %assign/vec4 v0x56e45f848f50_0, 0;
    %load/vec4 v0x56e45f847c10_0;
    %pad/u 32;
    %cmpi/e 7, 0, 32;
    %jmp/0xz  T_151.24, 4;
    %pushi/vec4 0, 0, 4;
    %assign/vec4 v0x56e45f8482c0_0, 0;
    %pushi/vec4 0, 0, 4;
    %assign/vec4 v0x56e45f847890_0, 0;
    %pushi/vec4 5, 0, 4;
    %assign/vec4 v0x56e45f848bc0_0, 0;
    %jmp T_151.25;
T_151.24 ;
    %load/vec4 v0x56e45f847c10_0;
    %addi 1, 0, 4;
    %assign/vec4 v0x56e45f8482c0_0, 0;
    %pushi/vec4 0, 0, 4;
    %assign/vec4 v0x56e45f847890_0, 0;
    %pushi/vec4 1, 0, 4;
    %assign/vec4 v0x56e45f848bc0_0, 0;
T_151.25 ;
    %jmp T_151.19;
T_151.13 ;
    %load/vec4 v0x56e45f8482c0_0;
    %parti/s 3, 0, 2;
    %concati/vec4 0, 0, 3;
    %assign/vec4 v0x56e45f848440_0, 0;
    %pushi/vec4 1, 0, 1;
    %assign/vec4 v0x56e45f848600_0, 0;
    %load/vec4 v0x56e45f8482c0_0;
    %assign/vec4 v0x56e45f847c10_0, 0;
    %pushi/vec4 6, 0, 4;
    %assign/vec4 v0x56e45f848bc0_0, 0;
    %jmp T_151.19;
T_151.14 ;
    %pushi/vec4 7, 0, 4;
    %assign/vec4 v0x56e45f848bc0_0, 0;
    %jmp T_151.19;
T_151.15 ;
    %load/vec4 v0x56e45f848520_0;
    %load/vec4 v0x56e45f847c10_0;
    %pad/u 5;
    %ix/vec4 3;
    %ix/load 4, 0, 0; Constant delay
    %assign/vec4/a/d v0x56e45f846f30, 0, 4;
    %load/vec4 v0x56e45f847c10_0;
    %pad/u 32;
    %cmpi/e 7, 0, 32;
    %jmp/0xz  T_151.26, 4;
    %pushi/vec4 8, 0, 4;
    %assign/vec4 v0x56e45f848bc0_0, 0;
    %pushi/vec4 0, 0, 5;
    %assign/vec4 v0x56e45f847970_0, 0;
    %pushi/vec4 0, 0, 32;
    %store/vec4 v0x56e45f847a50_0, 0, 32;
T_151.28 ;
    %load/vec4 v0x56e45f847a50_0;
    %cmpi/s 8, 0, 32;
    %jmp/0xz T_151.29, 5;
    %pushi/vec4 0, 0, 8;
    %ix/getv/s 3, v0x56e45f847a50_0;
    %ix/load 4, 0, 0; Constant delay
    %assign/vec4/a/d v0x56e45f846ff0, 0, 4;
    ; show_stmt_assign_vector: Get l-value for compressed += operand
    %load/vec4 v0x56e45f847a50_0;
    %pushi/vec4 1, 0, 32;
    %add;
    %store/vec4 v0x56e45f847a50_0, 0, 32;
    %jmp T_151.28;
T_151.29 ;
    %jmp T_151.27;
T_151.26 ;
    %load/vec4 v0x56e45f847c10_0;
    %addi 1, 0, 4;
    %assign/vec4 v0x56e45f8482c0_0, 0;
    %pushi/vec4 5, 0, 4;
    %assign/vec4 v0x56e45f848bc0_0, 0;
T_151.27 ;
    %jmp T_151.19;
T_151.16 ;
    %pushi/vec4 0, 0, 32;
    %store/vec4 v0x56e45f847a50_0, 0, 32;
T_151.30 ;
    %load/vec4 v0x56e45f847a50_0;
    %cmpi/s 8, 0, 32;
    %jmp/0xz T_151.31, 5;
    %pushi/vec4 0, 0, 8;
    %ix/getv/s 3, v0x56e45f847a50_0;
    %ix/load 4, 0, 0; Constant delay
    %assign/vec4/a/d v0x56e45f846ff0, 0, 4;
    ; show_stmt_assign_vector: Get l-value for compressed += operand
    %load/vec4 v0x56e45f847a50_0;
    %pushi/vec4 1, 0, 32;
    %add;
    %store/vec4 v0x56e45f847a50_0, 0, 32;
    %jmp T_151.30;
T_151.31 ;
    %load/vec4 v0x56e45f847970_0;
    %pad/u 32;
    %cmpi/u 8, 0, 32;
    %jmp/0xz  T_151.32, 5;
    %load/vec4 v0x56e45f847970_0;
    %parti/s 3, 0, 2;
    %pad/u 5;
    %ix/vec4 4;
    %load/vec4a v0x56e45f846f30, 4;
    %load/vec4 v0x56e45f847970_0;
    %parti/s 3, 0, 2;
    %pad/u 5;
    %ix/vec4 3;
    %ix/load 4, 0, 0; Constant delay
    %assign/vec4/a/d v0x56e45f846ff0, 0, 4;
T_151.32 ;
    %load/vec4 v0x56e45f847970_0;
    %cmpi/u 13, 0, 5;
    %flag_inv 5; GE is !LT
    %flag_get/vec4 5;
    %jmp/0 T_151.36, 5;
    %load/vec4 v0x56e45f847970_0;
    %cmpi/u 20, 0, 5;
    %flag_get/vec4 4;
    %flag_get/vec4 5;
    %or;
    %and;
T_151.36;
    %flag_set/vec4 8;
    %jmp/0xz  T_151.34, 8;
    %load/vec4 v0x56e45f847970_0;
    %subi 13, 0, 5;
    %pad/u 3;
    %assign/vec4 v0x56e45f848940_0, 0;
    %pushi/vec4 1, 0, 1;
    %assign/vec4 v0x56e45f848b00_0, 0;
    %load/vec4 v0x56e45f847e70_0;
    %load/vec4 v0x56e45f847970_0;
    %pad/u 32;
    %subi 13, 0, 32;
    %muli 32, 0, 32;
    %part/u 32;
    %assign/vec4 v0x56e45f848a20_0, 0;
T_151.34 ;
    %load/vec4 v0x56e45f847970_0;
    %cmpi/e 20, 0, 5;
    %jmp/0xz  T_151.37, 4;
    %pushi/vec4 9, 0, 4;
    %assign/vec4 v0x56e45f848bc0_0, 0;
    %jmp T_151.38;
T_151.37 ;
    %load/vec4 v0x56e45f847970_0;
    %addi 1, 0, 5;
    %assign/vec4 v0x56e45f847970_0, 0;
T_151.38 ;
    %jmp T_151.19;
T_151.17 ;
    %pushi/vec4 1, 0, 1;
    %assign/vec4 v0x56e45f846e60_0, 0;
    %pushi/vec4 0, 0, 1;
    %ix/load 4, 0, 0;
    %ix/load 5, 0, 0;
    %flag_set/imm 4, 0;
    %assign/vec4/off/d v0x56e45f8481e0_0, 4, 5;
    %pushi/vec4 1, 0, 1;
    %ix/load 4, 1, 0;
    %ix/load 5, 0, 0;
    %flag_set/imm 4, 0;
    %assign/vec4/off/d v0x56e45f8481e0_0, 4, 5;
    %pushi/vec4 0, 0, 32;
    %assign/vec4 v0x56e45f848020_0, 0;
    %pushi/vec4 0, 0, 4;
    %assign/vec4 v0x56e45f848bc0_0, 0;
    %jmp T_151.19;
T_151.19 ;
    %pop/vec4 1;
T_151.1 ;
    %jmp T_151;
    .thread T_151;
    .scope S_0x56e45f849410;
T_152 ;
    %wait E_0x56e45f7e7470;
    %load/vec4 v0x56e45f849b00_0;
    %nor/r;
    %flag_set/vec4 8;
    %jmp/0xz  T_152.0, 8;
    %pushi/vec4 0, 0, 32;
    %store/vec4 v0x56e45f8497b0_0, 0, 32;
T_152.2 ;
    %load/vec4 v0x56e45f8497b0_0;
    %cmpi/s 64, 0, 32;
    %jmp/0xz T_152.3, 5;
    %pushi/vec4 0, 0, 8;
    %ix/getv/s 3, v0x56e45f8497b0_0;
    %ix/load 4, 0, 0; Constant delay
    %assign/vec4/a/d v0x56e45f849890, 0, 4;
    %load/vec4 v0x56e45f8497b0_0;
    %addi 1, 0, 32;
    %store/vec4 v0x56e45f8497b0_0, 0, 32;
    %jmp T_152.2;
T_152.3 ;
    %pushi/vec4 0, 0, 8;
    %assign/vec4 v0x56e45f849c60_0, 0;
    %jmp T_152.1;
T_152.0 ;
    %load/vec4 v0x56e45f849f00_0;
    %flag_set/vec4 8;
    %jmp/0xz  T_152.4, 8;
    %load/vec4 v0x56e45f849e60_0;
    %load/vec4 v0x56e45f849ba0_0;
    %pad/u 8;
    %ix/vec4 3;
    %ix/load 4, 0, 0; Constant delay
    %assign/vec4/a/d v0x56e45f849890, 0, 4;
T_152.4 ;
    %load/vec4 v0x56e45f849d00_0;
    %flag_set/vec4 8;
    %jmp/0xz  T_152.6, 8;
    %load/vec4 v0x56e45f849ba0_0;
    %pad/u 8;
    %ix/vec4 4;
    %load/vec4a v0x56e45f849890, 4;
    %assign/vec4 v0x56e45f849c60_0, 0;
T_152.6 ;
T_152.1 ;
    %jmp T_152;
    .thread T_152;
    .scope S_0x56e45f849410;
T_153 ;
    %wait E_0x56e45f7e7470;
    %load/vec4 v0x56e45f849b00_0;
    %nor/r;
    %flag_set/vec4 8;
    %jmp/0xz  T_153.0, 8;
    %pushi/vec4 0, 0, 32;
    %store/vec4 v0x56e45f8497b0_0, 0, 32;
T_153.2 ;
    %load/vec4 v0x56e45f8497b0_0;
    %cmpi/s 64, 0, 32;
    %jmp/0xz T_153.3, 5;
    %pushi/vec4 0, 0, 8;
    %ix/getv/s 3, v0x56e45f8497b0_0;
    %ix/load 4, 0, 0; Constant delay
    %assign/vec4/a/d v0x56e45f849930, 0, 4;
    %load/vec4 v0x56e45f8497b0_0;
    %addi 1, 0, 32;
    %store/vec4 v0x56e45f8497b0_0, 0, 32;
    %jmp T_153.2;
T_153.3 ;
    %pushi/vec4 0, 0, 8;
    %assign/vec4 v0x56e45f84a0b0_0, 0;
    %jmp T_153.1;
T_153.0 ;
    %load/vec4 v0x56e45f84a2f0_0;
    %flag_set/vec4 8;
    %jmp/0xz  T_153.4, 8;
    %load/vec4 v0x56e45f84a250_0;
    %load/vec4 v0x56e45f849fc0_0;
    %pad/u 8;
    %ix/vec4 3;
    %ix/load 4, 0, 0; Constant delay
    %assign/vec4/a/d v0x56e45f849930, 0, 4;
T_153.4 ;
    %load/vec4 v0x56e45f84a180_0;
    %flag_set/vec4 8;
    %jmp/0xz  T_153.6, 8;
    %load/vec4 v0x56e45f849fc0_0;
    %pad/u 8;
    %ix/vec4 4;
    %load/vec4a v0x56e45f849930, 4;
    %assign/vec4 v0x56e45f84a0b0_0, 0;
T_153.6 ;
T_153.1 ;
    %jmp T_153;
    .thread T_153;
    .scope S_0x56e45f849410;
T_154 ;
    %wait E_0x56e45f7e7470;
    %load/vec4 v0x56e45f849b00_0;
    %nor/r;
    %flag_set/vec4 8;
    %jmp/0xz  T_154.0, 8;
    %pushi/vec4 0, 0, 32;
    %store/vec4 v0x56e45f8497b0_0, 0, 32;
T_154.2 ;
    %load/vec4 v0x56e45f8497b0_0;
    %cmpi/s 8, 0, 32;
    %jmp/0xz T_154.3, 5;
    %pushi/vec4 0, 0, 32;
    %ix/getv/s 3, v0x56e45f8497b0_0;
    %ix/load 4, 0, 0; Constant delay
    %assign/vec4/a/d v0x56e45f8499f0, 0, 4;
    %load/vec4 v0x56e45f8497b0_0;
    %addi 1, 0, 32;
    %store/vec4 v0x56e45f8497b0_0, 0, 32;
    %jmp T_154.2;
T_154.3 ;
    %pushi/vec4 0, 0, 32;
    %assign/vec4 v0x56e45f84a4a0_0, 0;
    %jmp T_154.1;
T_154.0 ;
    %load/vec4 v0x56e45f84a710_0;
    %flag_set/vec4 8;
    %jmp/0xz  T_154.4, 8;
    %load/vec4 v0x56e45f84a620_0;
    %load/vec4 v0x56e45f84a3b0_0;
    %pad/u 5;
    %ix/vec4 3;
    %ix/load 4, 0, 0; Constant delay
    %assign/vec4/a/d v0x56e45f8499f0, 0, 4;
T_154.4 ;
    %load/vec4 v0x56e45f84a560_0;
    %flag_set/vec4 8;
    %jmp/0xz  T_154.6, 8;
    %load/vec4 v0x56e45f84a3b0_0;
    %pad/u 5;
    %ix/vec4 4;
    %load/vec4a v0x56e45f8499f0, 4;
    %assign/vec4 v0x56e45f84a4a0_0, 0;
T_154.6 ;
T_154.1 ;
    %jmp T_154;
    .thread T_154;
    .scope S_0x56e45f7145f0;
T_155 ;
    %pushi/vec4 0, 0, 1;
    %store/vec4 v0x56e45f84c240_0, 0, 1;
    %end;
    .thread T_155;
    .scope S_0x56e45f7145f0;
T_156 ;
    %delay 5000, 0;
    %load/vec4 v0x56e45f84c240_0;
    %inv;
    %store/vec4 v0x56e45f84c240_0, 0, 1;
    %jmp T_156;
    .thread T_156;
    .scope S_0x56e45f7145f0;
T_157 ;
    %delay 20000000, 0;
    %vpi_call/w 3 239 "$display", "[TB2] TIMEOUT" {0 0 0};
    %vpi_call/w 3 240 "$finish" {0 0 0};
    %end;
    .thread T_157;
    .scope S_0x56e45f7145f0;
T_158 ;
    %pushi/vec4 0, 0, 1;
    %store/vec4 v0x56e45f84c2e0_0, 0, 1;
    %pushi/vec4 0, 0, 32;
    %store/vec4 v0x56e45f84be30_0, 0, 32;
    %pushi/vec4 0, 0, 1;
    %store/vec4 v0x56e45f84bf20_0, 0, 1;
    %pushi/vec4 0, 0, 32;
    %store/vec4 v0x56e45f84c060_0, 0, 32;
    %pushi/vec4 0, 0, 1;
    %store/vec4 v0x56e45f84c150_0, 0, 1;
    %pushi/vec4 0, 0, 1;
    %store/vec4 v0x56e45f84bc30_0, 0, 1;
    %pushi/vec4 0, 0, 1;
    %store/vec4 v0x56e45f84bd40_0, 0, 1;
    %pushi/vec4 4, 0, 32;
T_158.0 %dup/vec4;
    %pushi/vec4 0, 0, 32;
    %cmp/s;
    %jmp/1xz T_158.1, 5;
    %jmp/1 T_158.1, 4;
    %pushi/vec4 1, 0, 32;
    %sub;
    %wait E_0x56e45f7e5650;
    %jmp T_158.0;
T_158.1 ;
    %pop/vec4 1;
    %pushi/vec4 1, 0, 1;
    %store/vec4 v0x56e45f84c2e0_0, 0, 1;
    %pushi/vec4 2, 0, 32;
T_158.2 %dup/vec4;
    %pushi/vec4 0, 0, 32;
    %cmp/s;
    %jmp/1xz T_158.3, 5;
    %jmp/1 T_158.3, 4;
    %pushi/vec4 1, 0, 32;
    %sub;
    %wait E_0x56e45f7e5650;
    %jmp T_158.2;
T_158.3 ;
    %pop/vec4 1;
    %fork TD_accel_wrapper_tb2.preload_memories, S_0x56e45f7e5d30;
    %join;
    %vpi_call/w 3 304 "$display", "[TB2] Kicking MMUL" {0 0 0};
    %pushi/vec4 2684354564, 0, 32;
    %store/vec4 v0x56e45f7e56d0_0, 0, 32;
    %pushi/vec4 1, 0, 32;
    %store/vec4 v0x56e45f7e57d0_0, 0, 32;
    %fork TD_accel_wrapper_tb2.axil_write, S_0x56e45f7e54a0;
    %join;
    %wait E_0x56e45f4508c0;
    %vpi_call/w 3 308 "$display", "[TB2] accel_done received at time %0t", $time {0 0 0};
    %pushi/vec4 2, 0, 32;
T_158.4 %dup/vec4;
    %pushi/vec4 0, 0, 32;
    %cmp/s;
    %jmp/1xz T_158.5, 5;
    %jmp/1 T_158.5, 4;
    %pushi/vec4 1, 0, 32;
    %sub;
    %wait E_0x56e45f7e5650;
    %jmp T_158.4;
T_158.5 ;
    %pop/vec4 1;
    %fork TD_accel_wrapper_tb2.check_results, S_0x56e45f7e58b0;
    %join;
    %vpi_call/w 3 312 "$finish" {0 0 0};
    %end;
    .thread T_158;
    .scope S_0x56e45f7145f0;
T_159 ;
    %vpi_call/w 3 316 "$dumpfile", "accel_wrapper_tb2.vcd" {0 0 0};
    %vpi_call/w 3 317 "$dumpvars", 32'sb00000000000000000000000000000000, S_0x56e45f7145f0 {0 0 0};
    %end;
    .thread T_159;
# The file index is used to find the file name in the following table.
:file_names 10;
    "N/A";
    "<interactive>";
    "-";
    "../tb/accel_wrapper_tb.sv";
    "../rtl/accel/accel_wrapper.sv";
    "../rtl/accel/accel_top.sv";
    "../rtl/accel/systolic_array_wrap.sv";
    "../rtl/accel/systolic_array.sv";
    "../rtl/accel/pe.sv";
    "../rtl/accel/scratchpad.sv";
