#! /usr/bin/vvp
:ivl_version "12.0 (stable)";
:ivl_delay_selection "TYPICAL";
:vpi_time_precision - 12;
:vpi_module "/usr/lib/x86_64-linux-gnu/ivl/system.vpi";
:vpi_module "/usr/lib/x86_64-linux-gnu/ivl/vhdl_sys.vpi";
:vpi_module "/usr/lib/x86_64-linux-gnu/ivl/vhdl_textio.vpi";
:vpi_module "/usr/lib/x86_64-linux-gnu/ivl/v2005_math.vpi";
:vpi_module "/usr/lib/x86_64-linux-gnu/ivl/va_math.vpi";
:vpi_module "/usr/lib/x86_64-linux-gnu/ivl/v2009.vpi";
S_0x5e901f5d51f0 .scope package, "$unit" "$unit" 2 1;
 .timescale 0 0;
S_0x5e901f510620 .scope module, "tb_cpu_accel" "tb_cpu_accel" 3 7;
 .timescale -9 -12;
v0x5e901f62f240_0 .net *"_ivl_11", 7 0, L_0x5e901f648fa0;  1 drivers
v0x5e901f62f2e0_0 .net *"_ivl_12", 9 0, L_0x5e901f649040;  1 drivers
L_0x793e5cf579a8 .functor BUFT 1, C4<00>, C4<0>, C4<0>, C4<0>;
v0x5e901f62f380_0 .net *"_ivl_15", 1 0, L_0x793e5cf579a8;  1 drivers
v0x5e901f62f420_0 .net *"_ivl_3", 7 0, L_0x5e901f648c50;  1 drivers
v0x5e901f62f4e0_0 .net *"_ivl_4", 9 0, L_0x5e901f648cf0;  1 drivers
L_0x793e5cf57960 .functor BUFT 1, C4<00>, C4<0>, C4<0>, C4<0>;
v0x5e901f62f610_0 .net *"_ivl_7", 1 0, L_0x793e5cf57960;  1 drivers
v0x5e901f62f6f0_0 .net "accel_done", 0 0, v0x5e901f613c00_0;  1 drivers
v0x5e901f62f820_0 .net "axil_araddr", 0 0, v0x5e901f621030_0;  1 drivers
v0x5e901f62f950_0 .net "axil_arvalid", 0 0, v0x5e901f621120_0;  1 drivers
v0x5e901f62fb10_0 .net "axil_awaddr", 31 0, v0x5e901f621210_0;  1 drivers
v0x5e901f62fc60_0 .net "axil_awvalid", 0 0, v0x5e901f621300_0;  1 drivers
v0x5e901f62fd90_0 .net "axil_wdata", 31 0, v0x5e901f6213f0_0;  1 drivers
v0x5e901f62fee0_0 .net "axil_wvalid", 0 0, v0x5e901f621500_0;  1 drivers
v0x5e901f630010_0 .var "clk", 0 0;
v0x5e901f6300b0 .array "dmem", 255 0, 31 0;
v0x5e901f630170_0 .net "dmem_addr", 31 0, L_0x5e901f6462c0;  1 drivers
v0x5e901f630230_0 .net "dmem_wdata", 31 0, L_0x5e901f646330;  1 drivers
v0x5e901f6302f0_0 .net "dmem_wr_en", 0 0, L_0x5e901f6463a0;  1 drivers
v0x5e901f630390_0 .var/i "fail", 31 0;
v0x5e901f630470_0 .var/i "i", 31 0;
v0x5e901f630550 .array "imem", 255 0, 31 0;
v0x5e901f630610_0 .net "imem_addr", 31 0, v0x5e901f623f50_0;  1 drivers
v0x5e901f6306d0_0 .var/i "j", 31 0;
v0x5e901f6307b0_0 .var/i "pass", 31 0;
v0x5e901f630890_0 .var "rst_n", 0 0;
L_0x5e901f648b60 .array/port v0x5e901f630550, L_0x5e901f648cf0;
L_0x5e901f648c50 .part v0x5e901f623f50_0, 2, 8;
L_0x5e901f648cf0 .concat [ 8 2 0 0], L_0x5e901f648c50, L_0x793e5cf57960;
L_0x5e901f648e80 .array/port v0x5e901f6300b0, L_0x5e901f649040;
L_0x5e901f648fa0 .part L_0x5e901f6462c0, 2, 8;
L_0x5e901f649040 .concat [ 8 2 0 0], L_0x5e901f648fa0, L_0x793e5cf579a8;
S_0x5e901f4d03f0 .scope module, "u_accel" "accel_wrapper" 3 42, 4 10 0, S_0x5e901f510620;
 .timescale -9 -12;
    .port_info 0 /INPUT 1 "clk";
    .port_info 1 /INPUT 1 "rst_n";
    .port_info 2 /INPUT 32 "axil_awaddr";
    .port_info 3 /INPUT 1 "axil_awvalid";
    .port_info 4 /INPUT 32 "axil_wdata";
    .port_info 5 /INPUT 1 "axil_wvalid";
    .port_info 6 /INPUT 1 "axil_araddr";
    .port_info 7 /INPUT 1 "axil_arvalid";
    .port_info 8 /OUTPUT 1 "accel_done";
P_0x5e901f5db880 .param/l "ACC_W" 0 4 12, +C4<00000000000000000000000000100000>;
P_0x5e901f5db8c0 .param/l "COLS" 0 4 14, +C4<00000000000000000000000000001000>;
P_0x5e901f5db900 .param/l "DATA_W" 0 4 11, +C4<00000000000000000000000000001000>;
P_0x5e901f5db940 .param/l "ROWS" 0 4 13, +C4<00000000000000000000000000001000>;
v0x5e901f617760_0 .net "accel_done", 0 0, v0x5e901f613c00_0;  alias, 1 drivers
v0x5e901f617850_0 .net "axil_araddr", 0 0, v0x5e901f621030_0;  alias, 1 drivers
v0x5e901f617920_0 .net "axil_arvalid", 0 0, v0x5e901f621120_0;  alias, 1 drivers
v0x5e901f617a20_0 .net "axil_awaddr", 31 0, v0x5e901f621210_0;  alias, 1 drivers
v0x5e901f617af0_0 .net "axil_awvalid", 0 0, v0x5e901f621300_0;  alias, 1 drivers
v0x5e901f617b90_0 .net "axil_wdata", 31 0, v0x5e901f6213f0_0;  alias, 1 drivers
v0x5e901f617c60_0 .net "axil_wvalid", 0 0, v0x5e901f621500_0;  alias, 1 drivers
v0x5e901f617d30_0 .net "clk", 0 0, v0x5e901f630010_0;  1 drivers
v0x5e901f617dd0_0 .net "rst_n", 0 0, v0x5e901f630890_0;  1 drivers
v0x5e901f617e70_0 .net "sram_a_addr", 5 0, v0x5e901f6151e0_0;  1 drivers
v0x5e901f617f10_0 .net "sram_a_rdata", 7 0, v0x5e901f616a00_0;  1 drivers
v0x5e901f618000_0 .net "sram_a_ren", 0 0, v0x5e901f6153a0_0;  1 drivers
v0x5e901f6180f0_0 .net "sram_b_addr", 5 0, v0x5e901f615460_0;  1 drivers
v0x5e901f6181e0_0 .net "sram_b_rdata", 7 0, v0x5e901f616e50_0;  1 drivers
v0x5e901f6182d0_0 .net "sram_b_ren", 0 0, v0x5e901f615620_0;  1 drivers
v0x5e901f6183c0_0 .net "sram_c_addr", 2 0, v0x5e901f6156e0_0;  1 drivers
v0x5e901f6184b0_0 .net "sram_c_wdata", 31 0, v0x5e901f6157c0_0;  1 drivers
v0x5e901f6186b0_0 .net "sram_c_wen", 0 0, v0x5e901f6158a0_0;  1 drivers
S_0x5e901f4ce250 .scope module, "u_accel_top" "accel_top" 4 54, 5 4 0, S_0x5e901f4d03f0;
 .timescale -9 -12;
    .port_info 0 /INPUT 1 "clk";
    .port_info 1 /INPUT 1 "rst_n";
    .port_info 2 /INPUT 32 "axil_awaddr";
    .port_info 3 /INPUT 1 "axil_awvalid";
    .port_info 4 /INPUT 32 "axil_wdata";
    .port_info 5 /INPUT 1 "axil_wvalid";
    .port_info 6 /INPUT 1 "axil_araddr";
    .port_info 7 /INPUT 1 "axil_arvalid";
    .port_info 8 /OUTPUT 1 "accel_done";
    .port_info 9 /OUTPUT 6 "sram_a_addr";
    .port_info 10 /OUTPUT 1 "sram_a_ren";
    .port_info 11 /INPUT 8 "sram_a_rdata";
    .port_info 12 /OUTPUT 6 "sram_b_addr";
    .port_info 13 /OUTPUT 1 "sram_b_ren";
    .port_info 14 /INPUT 8 "sram_b_rdata";
    .port_info 15 /OUTPUT 3 "sram_c_addr";
    .port_info 16 /OUTPUT 1 "sram_c_wen";
    .port_info 17 /OUTPUT 32 "sram_c_wdata";
P_0x5e901f3abe80 .param/l "ACC_W" 0 5 6, +C4<00000000000000000000000000100000>;
P_0x5e901f3abec0 .param/l "COLS" 0 5 8, +C4<00000000000000000000000000001000>;
P_0x5e901f3abf00 .param/l "COMPUTE" 1 5 94, C4<1000>;
P_0x5e901f3abf40 .param/l "DATA_W" 0 5 5, +C4<00000000000000000000000000001000>;
P_0x5e901f3abf80 .param/l "DONE" 1 5 95, C4<1001>;
P_0x5e901f3abfc0 .param/l "IDLE" 1 5 86, C4<0000>;
P_0x5e901f3ac000 .param/l "LOAD_A_LAT" 1 5 93, C4<0111>;
P_0x5e901f3ac040 .param/l "LOAD_A_REQ" 1 5 91, C4<0101>;
P_0x5e901f3ac080 .param/l "LOAD_A_WAIT" 1 5 92, C4<0110>;
P_0x5e901f3ac0c0 .param/l "LOAD_W_FIRE" 1 5 90, C4<0100>;
P_0x5e901f3ac100 .param/l "LOAD_W_LAT" 1 5 89, C4<0011>;
P_0x5e901f3ac140 .param/l "LOAD_W_REQ" 1 5 87, C4<0001>;
P_0x5e901f3ac180 .param/l "LOAD_W_WAIT" 1 5 88, C4<0010>;
P_0x5e901f3ac1c0 .param/l "ROWS" 0 5 7, +C4<00000000000000000000000000001000>;
L_0x5e901f670f90 .functor AND 1, L_0x5e901f670dc0, L_0x5e901f670e60, C4<1>, C4<1>;
v0x5e901f613a40_0 .net *"_ivl_35", 0 0, L_0x5e901f670dc0;  1 drivers
v0x5e901f613b40_0 .net *"_ivl_37", 0 0, L_0x5e901f670e60;  1 drivers
v0x5e901f613c00_0 .var "accel_done", 0 0;
v0x5e901f613cd0 .array "act_buf", 7 0, 7 0;
v0x5e901f613d90 .array "act_in_arr", 7 0, 7 0;
v0x5e901f613fa0_0 .net "act_in_flat", 63 0, L_0x5e901f649dc0;  1 drivers
v0x5e901f614060_0 .net "axil_araddr", 0 0, v0x5e901f621030_0;  alias, 1 drivers
v0x5e901f614100_0 .net "axil_arvalid", 0 0, v0x5e901f621120_0;  alias, 1 drivers
v0x5e901f6141c0_0 .net "axil_awaddr", 31 0, v0x5e901f621210_0;  alias, 1 drivers
v0x5e901f614330_0 .net "axil_awvalid", 0 0, v0x5e901f621300_0;  alias, 1 drivers
v0x5e901f6143f0_0 .net "axil_wdata", 31 0, v0x5e901f6213f0_0;  alias, 1 drivers
v0x5e901f6144d0_0 .net "axil_wvalid", 0 0, v0x5e901f621500_0;  alias, 1 drivers
v0x5e901f614590_0 .net "clk", 0 0, v0x5e901f630010_0;  alias, 1 drivers
v0x5e901f614630_0 .var "col_cnt", 3 0;
v0x5e901f614710_0 .var "compute_cnt", 4 0;
v0x5e901f6147f0_0 .var/i "k", 31 0;
v0x5e901f6148d0_0 .var "latch_col", 3 0;
v0x5e901f6149b0_0 .var "latch_row", 3 0;
v0x5e901f614a90_0 .net "mmul_kick", 0 0, L_0x5e901f670f90;  1 drivers
v0x5e901f614b50_0 .var "mmul_prev", 0 0;
v0x5e901f614c10_0 .net "psum_out_w", 255 0, L_0x5e901f64bd80;  1 drivers
v0x5e901f614d00_0 .var "reg_mload", 31 0;
v0x5e901f614dc0_0 .var "reg_mmul", 31 0;
v0x5e901f614ea0_0 .var "reg_mstore", 31 0;
v0x5e901f614f80_0 .var "reg_status", 31 0;
v0x5e901f615060_0 .var "row_cnt", 3 0;
v0x5e901f615140_0 .net "rst_n", 0 0, v0x5e901f630890_0;  alias, 1 drivers
v0x5e901f6151e0_0 .var "sram_a_addr", 5 0;
v0x5e901f6152c0_0 .net "sram_a_rdata", 7 0, v0x5e901f616a00_0;  alias, 1 drivers
v0x5e901f6153a0_0 .var "sram_a_ren", 0 0;
v0x5e901f615460_0 .var "sram_b_addr", 5 0;
v0x5e901f615540_0 .net "sram_b_rdata", 7 0, v0x5e901f616e50_0;  alias, 1 drivers
v0x5e901f615620_0 .var "sram_b_ren", 0 0;
v0x5e901f6156e0_0 .var "sram_c_addr", 2 0;
v0x5e901f6157c0_0 .var "sram_c_wdata", 31 0;
v0x5e901f6158a0_0 .var "sram_c_wen", 0 0;
v0x5e901f615960_0 .var "state", 3 0;
v0x5e901f615a40 .array "weight_data_arr", 7 0, 7 0;
v0x5e901f615c00_0 .net "weight_data_flat", 63 0, L_0x5e901f649530;  1 drivers
v0x5e901f615cf0_0 .var "weight_load", 0 0;
v0x5e901f615de0_0 .var "weight_row", 2 0;
E_0x5e901f3bcfb0/0 .event negedge, v0x5e901f590f60_0;
E_0x5e901f3bcfb0/1 .event posedge, v0x5e901f58b500_0;
E_0x5e901f3bcfb0 .event/or E_0x5e901f3bcfb0/0, E_0x5e901f3bcfb0/1;
v0x5e901f615a40_0 .array/port v0x5e901f615a40, 0;
v0x5e901f615a40_1 .array/port v0x5e901f615a40, 1;
v0x5e901f615a40_2 .array/port v0x5e901f615a40, 2;
v0x5e901f615a40_3 .array/port v0x5e901f615a40, 3;
LS_0x5e901f649530_0_0 .concat8 [ 8 8 8 8], v0x5e901f615a40_0, v0x5e901f615a40_1, v0x5e901f615a40_2, v0x5e901f615a40_3;
v0x5e901f615a40_4 .array/port v0x5e901f615a40, 4;
v0x5e901f615a40_5 .array/port v0x5e901f615a40, 5;
v0x5e901f615a40_6 .array/port v0x5e901f615a40, 6;
v0x5e901f615a40_7 .array/port v0x5e901f615a40, 7;
LS_0x5e901f649530_0_4 .concat8 [ 8 8 8 8], v0x5e901f615a40_4, v0x5e901f615a40_5, v0x5e901f615a40_6, v0x5e901f615a40_7;
L_0x5e901f649530 .concat8 [ 32 32 0 0], LS_0x5e901f649530_0_0, LS_0x5e901f649530_0_4;
v0x5e901f613d90_0 .array/port v0x5e901f613d90, 0;
v0x5e901f613d90_1 .array/port v0x5e901f613d90, 1;
v0x5e901f613d90_2 .array/port v0x5e901f613d90, 2;
v0x5e901f613d90_3 .array/port v0x5e901f613d90, 3;
LS_0x5e901f649dc0_0_0 .concat8 [ 8 8 8 8], v0x5e901f613d90_0, v0x5e901f613d90_1, v0x5e901f613d90_2, v0x5e901f613d90_3;
v0x5e901f613d90_4 .array/port v0x5e901f613d90, 4;
v0x5e901f613d90_5 .array/port v0x5e901f613d90, 5;
v0x5e901f613d90_6 .array/port v0x5e901f613d90, 6;
v0x5e901f613d90_7 .array/port v0x5e901f613d90, 7;
LS_0x5e901f649dc0_0_4 .concat8 [ 8 8 8 8], v0x5e901f613d90_4, v0x5e901f613d90_5, v0x5e901f613d90_6, v0x5e901f613d90_7;
L_0x5e901f649dc0 .concat8 [ 32 32 0 0], LS_0x5e901f649dc0_0_0, LS_0x5e901f649dc0_0_4;
L_0x5e901f670dc0 .part v0x5e901f614dc0_0, 0, 1;
L_0x5e901f670e60 .reduce/nor v0x5e901f614b50_0;
S_0x5e901f4ce600 .scope generate, "pack_a[0]" "pack_a[0]" 5 57, 5 57 0, S_0x5e901f4ce250;
 .timescale -9 -12;
P_0x5e901f5a08c0 .param/l "gi" 1 5 57, +C4<00>;
v0x5e901f4fcc00_0 .net *"_ivl_2", 7 0, v0x5e901f613d90_0;  1 drivers
S_0x5e901f4a5820 .scope generate, "pack_a[1]" "pack_a[1]" 5 57, 5 57 0, S_0x5e901f4ce250;
 .timescale -9 -12;
P_0x5e901f519d40 .param/l "gi" 1 5 57, +C4<01>;
v0x5e901f4f9b20_0 .net *"_ivl_2", 7 0, v0x5e901f613d90_1;  1 drivers
S_0x5e901f4a5b10 .scope generate, "pack_a[2]" "pack_a[2]" 5 57, 5 57 0, S_0x5e901f4ce250;
 .timescale -9 -12;
P_0x5e901f51a4b0 .param/l "gi" 1 5 57, +C4<010>;
v0x5e901f4f6a40_0 .net *"_ivl_2", 7 0, v0x5e901f613d90_2;  1 drivers
S_0x5e901f50a460 .scope generate, "pack_a[3]" "pack_a[3]" 5 57, 5 57 0, S_0x5e901f4ce250;
 .timescale -9 -12;
P_0x5e901f51d540 .param/l "gi" 1 5 57, +C4<011>;
v0x5e901f4f3960_0 .net *"_ivl_2", 7 0, v0x5e901f613d90_3;  1 drivers
S_0x5e901f50d540 .scope generate, "pack_a[4]" "pack_a[4]" 5 57, 5 57 0, S_0x5e901f4ce250;
 .timescale -9 -12;
P_0x5e901f51ffa0 .param/l "gi" 1 5 57, +C4<0100>;
v0x5e901f3a0850_0 .net *"_ivl_2", 7 0, v0x5e901f613d90_4;  1 drivers
S_0x5e901f4d0040 .scope generate, "pack_a[5]" "pack_a[5]" 5 57, 5 57 0, S_0x5e901f4ce250;
 .timescale -9 -12;
P_0x5e901f522fe0 .param/l "gi" 1 5 57, +C4<0101>;
v0x5e901f3b6820_0 .net *"_ivl_2", 7 0, v0x5e901f613d90_5;  1 drivers
S_0x5e901f572220 .scope generate, "pack_a[6]" "pack_a[6]" 5 57, 5 57 0, S_0x5e901f4ce250;
 .timescale -9 -12;
P_0x5e901f5237b0 .param/l "gi" 1 5 57, +C4<0110>;
v0x5e901f526100_0 .net *"_ivl_2", 7 0, v0x5e901f613d90_6;  1 drivers
S_0x5e901f575300 .scope generate, "pack_a[7]" "pack_a[7]" 5 57, 5 57 0, S_0x5e901f4ce250;
 .timescale -9 -12;
P_0x5e901f526890 .param/l "gi" 1 5 57, +C4<0111>;
v0x5e901f5291e0_0 .net *"_ivl_2", 7 0, v0x5e901f613d90_7;  1 drivers
S_0x5e901f584760 .scope generate, "pack_w[0]" "pack_w[0]" 5 54, 5 54 0, S_0x5e901f4ce250;
 .timescale -9 -12;
P_0x5e901f51ff50 .param/l "gi" 1 5 54, +C4<00>;
v0x5e901f52c280_0 .net *"_ivl_2", 7 0, v0x5e901f615a40_0;  1 drivers
S_0x5e901f587840 .scope generate, "pack_w[1]" "pack_w[1]" 5 54, 5 54 0, S_0x5e901f4ce250;
 .timescale -9 -12;
P_0x5e901f52ca00 .param/l "gi" 1 5 54, +C4<01>;
v0x5e901f52f360_0 .net *"_ivl_2", 7 0, v0x5e901f615a40_1;  1 drivers
S_0x5e901f58a920 .scope generate, "pack_w[2]" "pack_w[2]" 5 54, 5 54 0, S_0x5e901f4ce250;
 .timescale -9 -12;
P_0x5e901f52fae0 .param/l "gi" 1 5 54, +C4<010>;
v0x5e901f532440_0 .net *"_ivl_2", 7 0, v0x5e901f615a40_2;  1 drivers
S_0x5e901f58da00 .scope generate, "pack_w[3]" "pack_w[3]" 5 54, 5 54 0, S_0x5e901f4ce250;
 .timescale -9 -12;
P_0x5e901f532bc0 .param/l "gi" 1 5 54, +C4<011>;
v0x5e901f535520_0 .net *"_ivl_2", 7 0, v0x5e901f615a40_3;  1 drivers
S_0x5e901f59ce60 .scope generate, "pack_w[4]" "pack_w[4]" 5 54, 5 54 0, S_0x5e901f4ce250;
 .timescale -9 -12;
P_0x5e901f535ca0 .param/l "gi" 1 5 54, +C4<0100>;
v0x5e901f538600_0 .net *"_ivl_2", 7 0, v0x5e901f615a40_4;  1 drivers
S_0x5e901f56f140 .scope generate, "pack_w[5]" "pack_w[5]" 5 54, 5 54 0, S_0x5e901f4ce250;
 .timescale -9 -12;
P_0x5e901f538d80 .param/l "gi" 1 5 54, +C4<0101>;
v0x5e901f53b6e0_0 .net *"_ivl_2", 7 0, v0x5e901f615a40_5;  1 drivers
S_0x5e901f541420 .scope generate, "pack_w[6]" "pack_w[6]" 5 54, 5 54 0, S_0x5e901f4ce250;
 .timescale -9 -12;
P_0x5e901f53be60 .param/l "gi" 1 5 54, +C4<0110>;
v0x5e901f53e7c0_0 .net *"_ivl_2", 7 0, v0x5e901f615a40_6;  1 drivers
S_0x5e901f544500 .scope generate, "pack_w[7]" "pack_w[7]" 5 54, 5 54 0, S_0x5e901f4ce250;
 .timescale -9 -12;
P_0x5e901f53ef40 .param/l "gi" 1 5 54, +C4<0111>;
v0x5e901f5418a0_0 .net *"_ivl_2", 7 0, v0x5e901f615a40_7;  1 drivers
S_0x5e901f553960 .scope module, "u_systolic" "systolic_array_wrap" 5 65, 6 6 0, S_0x5e901f4ce250;
 .timescale -9 -12;
    .port_info 0 /INPUT 1 "clk";
    .port_info 1 /INPUT 1 "rst_n";
    .port_info 2 /INPUT 1 "weight_load";
    .port_info 3 /INPUT 3 "weight_row";
    .port_info 4 /INPUT 64 "weight_data_flat";
    .port_info 5 /INPUT 64 "act_in_flat";
    .port_info 6 /OUTPUT 256 "psum_out_flat";
P_0x5e901f542000 .param/l "ACC_W" 0 6 10, +C4<00000000000000000000000000100000>;
P_0x5e901f542040 .param/l "COLS" 0 6 8, +C4<00000000000000000000000000001000>;
P_0x5e901f542080 .param/l "DATA_W" 0 6 9, +C4<00000000000000000000000000001000>;
P_0x5e901f5420c0 .param/l "ROWS" 0 6 7, +C4<00000000000000000000000000001000>;
v0x5e901f613110_0 .net "act_in_2d", 63 0, L_0x5e901f64b1c0;  1 drivers
v0x5e901f613230_0 .net "act_in_flat", 63 0, L_0x5e901f649dc0;  alias, 1 drivers
v0x5e901f6132f0_0 .net "clk", 0 0, v0x5e901f630010_0;  alias, 1 drivers
v0x5e901f6133c0_0 .net "psum_out_2d", 255 0, v0x5e901f60e610_0;  1 drivers
v0x5e901f6134c0_0 .net "psum_out_flat", 255 0, L_0x5e901f64bd80;  alias, 1 drivers
v0x5e901f6135b0_0 .net "rst_n", 0 0, v0x5e901f630890_0;  alias, 1 drivers
v0x5e901f613650_0 .net "weight_data_2d", 63 0, L_0x5e901f64a690;  1 drivers
v0x5e901f613720_0 .net "weight_data_flat", 63 0, L_0x5e901f649530;  alias, 1 drivers
v0x5e901f6137e0_0 .net "weight_load", 0 0, v0x5e901f615cf0_0;  1 drivers
v0x5e901f6138b0_0 .net "weight_row", 2 0, v0x5e901f615de0_0;  1 drivers
L_0x5e901f64a1f0 .part L_0x5e901f649530, 0, 8;
L_0x5e901f64a290 .part L_0x5e901f649530, 8, 8;
L_0x5e901f64a330 .part L_0x5e901f649530, 16, 8;
L_0x5e901f64a3d0 .part L_0x5e901f649530, 24, 8;
L_0x5e901f64a470 .part L_0x5e901f649530, 32, 8;
L_0x5e901f64a510 .part L_0x5e901f649530, 40, 8;
L_0x5e901f64a5f0 .part L_0x5e901f649530, 48, 8;
LS_0x5e901f64a690_0_0 .concat8 [ 8 8 8 8], L_0x5e901f64a1f0, L_0x5e901f64a290, L_0x5e901f64a330, L_0x5e901f64a3d0;
LS_0x5e901f64a690_0_4 .concat8 [ 8 8 8 8], L_0x5e901f64a470, L_0x5e901f64a510, L_0x5e901f64a5f0, L_0x5e901f64aa00;
L_0x5e901f64a690 .concat8 [ 32 32 0 0], LS_0x5e901f64a690_0_0, LS_0x5e901f64a690_0_4;
L_0x5e901f64aa00 .part L_0x5e901f649530, 56, 8;
L_0x5e901f64aaf0 .part L_0x5e901f649dc0, 0, 8;
L_0x5e901f64abf0 .part L_0x5e901f649dc0, 8, 8;
L_0x5e901f64ac90 .part L_0x5e901f649dc0, 16, 8;
L_0x5e901f64ada0 .part L_0x5e901f649dc0, 24, 8;
L_0x5e901f64ae40 .part L_0x5e901f649dc0, 32, 8;
L_0x5e901f64aee0 .part L_0x5e901f649dc0, 40, 8;
L_0x5e901f64b090 .part L_0x5e901f649dc0, 48, 8;
LS_0x5e901f64b1c0_0_0 .concat8 [ 8 8 8 8], L_0x5e901f64aaf0, L_0x5e901f64abf0, L_0x5e901f64ac90, L_0x5e901f64ada0;
LS_0x5e901f64b1c0_0_4 .concat8 [ 8 8 8 8], L_0x5e901f64ae40, L_0x5e901f64aee0, L_0x5e901f64b090, L_0x5e901f64b490;
L_0x5e901f64b1c0 .concat8 [ 32 32 0 0], LS_0x5e901f64b1c0_0_0, LS_0x5e901f64b1c0_0_4;
L_0x5e901f64b490 .part L_0x5e901f649dc0, 56, 8;
L_0x5e901f64b620 .part v0x5e901f60e610_0, 0, 32;
L_0x5e901f64b710 .part v0x5e901f60e610_0, 32, 32;
L_0x5e901f64b580 .part v0x5e901f60e610_0, 64, 32;
L_0x5e901f64b860 .part v0x5e901f60e610_0, 96, 32;
L_0x5e901f64b9c0 .part v0x5e901f60e610_0, 128, 32;
L_0x5e901f64ba60 .part v0x5e901f60e610_0, 160, 32;
L_0x5e901f64bbd0 .part v0x5e901f60e610_0, 192, 32;
LS_0x5e901f64bd80_0_0 .concat8 [ 32 32 32 32], L_0x5e901f64b620, L_0x5e901f64b710, L_0x5e901f64b580, L_0x5e901f64b860;
LS_0x5e901f64bd80_0_4 .concat8 [ 32 32 32 32], L_0x5e901f64b9c0, L_0x5e901f64ba60, L_0x5e901f64bbd0, L_0x5e901f64c180;
L_0x5e901f64bd80 .concat8 [ 128 128 0 0], LS_0x5e901f64bd80_0_0, LS_0x5e901f64bd80_0_4;
L_0x5e901f64c180 .part v0x5e901f60e610_0, 224, 32;
S_0x5e901f556a40 .scope generate, "pack_p[0]" "pack_p[0]" 6 34, 6 34 0, S_0x5e901f553960;
 .timescale -9 -12;
P_0x5e901f547ad0 .param/l "i" 1 6 34, +C4<00>;
v0x5e901f5481e0_0 .net *"_ivl_0", 31 0, L_0x5e901f64b620;  1 drivers
S_0x5e901f559b20 .scope generate, "pack_p[1]" "pack_p[1]" 6 34, 6 34 0, S_0x5e901f553960;
 .timescale -9 -12;
P_0x5e901f54abd0 .param/l "i" 1 6 34, +C4<01>;
v0x5e901f54b310_0 .net *"_ivl_0", 31 0, L_0x5e901f64b710;  1 drivers
S_0x5e901f55cc00 .scope generate, "pack_p[2]" "pack_p[2]" 6 34, 6 34 0, S_0x5e901f553960;
 .timescale -9 -12;
P_0x5e901f54dc90 .param/l "i" 1 6 34, +C4<010>;
v0x5e901f54e3a0_0 .net *"_ivl_0", 31 0, L_0x5e901f64b580;  1 drivers
S_0x5e901f56c060 .scope generate, "pack_p[3]" "pack_p[3]" 6 34, 6 34 0, S_0x5e901f553960;
 .timescale -9 -12;
P_0x5e901f550d50 .param/l "i" 1 6 34, +C4<011>;
v0x5e901f551480_0 .net *"_ivl_0", 31 0, L_0x5e901f64b860;  1 drivers
S_0x5e901f53e340 .scope generate, "pack_p[4]" "pack_p[4]" 6 34, 6 34 0, S_0x5e901f553960;
 .timescale -9 -12;
P_0x5e901f553ea0 .param/l "i" 1 6 34, +C4<0100>;
v0x5e901f556ec0_0 .net *"_ivl_0", 31 0, L_0x5e901f64b9c0;  1 drivers
S_0x5e901f4d1430 .scope generate, "pack_p[5]" "pack_p[5]" 6 34, 6 34 0, S_0x5e901f553960;
 .timescale -9 -12;
P_0x5e901f557620 .param/l "i" 1 6 34, +C4<0101>;
v0x5e901f559fa0_0 .net *"_ivl_0", 31 0, L_0x5e901f64ba60;  1 drivers
S_0x5e901f513700 .scope generate, "pack_p[6]" "pack_p[6]" 6 34, 6 34 0, S_0x5e901f553960;
 .timescale -9 -12;
P_0x5e901f55a700 .param/l "i" 1 6 34, +C4<0110>;
v0x5e901f55d080_0 .net *"_ivl_0", 31 0, L_0x5e901f64bbd0;  1 drivers
S_0x5e901f522b60 .scope generate, "pack_p[7]" "pack_p[7]" 6 34, 6 34 0, S_0x5e901f553960;
 .timescale -9 -12;
P_0x5e901f55d7e0 .param/l "i" 1 6 34, +C4<0111>;
v0x5e901f560160_0 .net *"_ivl_0", 31 0, L_0x5e901f64c180;  1 drivers
S_0x5e901f525c40 .scope module, "u_sys" "systolic_array" 6 44, 7 43 0, S_0x5e901f553960;
 .timescale -9 -12;
    .port_info 0 /INPUT 1 "clk";
    .port_info 1 /INPUT 1 "rst_n";
    .port_info 2 /INPUT 1 "weight_load";
    .port_info 3 /INPUT 3 "weight_row";
    .port_info 4 /INPUT 64 "weight_data";
    .port_info 5 /INPUT 64 "act_in";
    .port_info 6 /OUTPUT 256 "psum_out";
P_0x5e901f5608c0 .param/l "ACC_W" 0 7 47, +C4<00000000000000000000000000100000>;
P_0x5e901f560900 .param/l "COLS" 0 7 45, +C4<00000000000000000000000000001000>;
P_0x5e901f560940 .param/l "DATA_W" 0 7 46, +C4<00000000000000000000000000001000>;
P_0x5e901f560980 .param/l "ROWS" 0 7 44, +C4<00000000000000000000000000001000>;
L_0x793e5cf59df0 .functor BUFT 1, C4<0000000000000000000000000000000000000000000000000000000000000000000000000000000000000000000000000000000000000000000000000000000000000000000000000000000000000000000000000000000000000000000000000000000000000000000000000000000000000000000000000000000000000000>, C4<0>, C4<0>, C4<0>;
v0x5e901f60d8f0_0 .net/2u *"_ivl_476", 255 0, L_0x793e5cf59df0;  1 drivers
v0x5e901f60d9f0_0 .net "act_h", 575 0, L_0x5e901f66ffa0;  1 drivers
v0x5e901f60dab0_0 .net "act_in", 63 0, L_0x5e901f64b1c0;  alias, 1 drivers
v0x5e901f60dbb0_0 .var "act_s1", 63 0;
v0x5e901f60dca0_0 .var "act_s2", 63 0;
v0x5e901f60dd60_0 .net "clk", 0 0, v0x5e901f630010_0;  alias, 1 drivers
v0x5e901f60e610_0 .var "psum_out", 255 0;
v0x5e901f60e700_0 .var "psum_s11", 255 0;
v0x5e901f60e7f0_0 .net "psum_v", 2303 0, L_0x5e901f66f220;  1 drivers
v0x5e901f60e940_0 .net "rst_n", 0 0, v0x5e901f630890_0;  alias, 1 drivers
v0x5e901f60f1f0_0 .net "weight_data", 63 0, L_0x5e901f64a690;  alias, 1 drivers
v0x5e901f60f2e0_0 .net "weight_load", 0 0, v0x5e901f615cf0_0;  alias, 1 drivers
v0x5e901f60f3a0_0 .net "weight_row", 2 0, v0x5e901f615de0_0;  alias, 1 drivers
L_0x5e901f64c270 .part v0x5e901f60dca0_0, 0, 8;
L_0x5e901f64c310 .part v0x5e901f60dca0_0, 8, 8;
L_0x5e901f64c400 .part v0x5e901f60dca0_0, 16, 8;
L_0x5e901f64c4a0 .part v0x5e901f60dca0_0, 24, 8;
L_0x5e901f64c540 .part v0x5e901f60dca0_0, 32, 8;
L_0x5e901f64c5e0 .part v0x5e901f60dca0_0, 40, 8;
L_0x5e901f64c6c0 .part v0x5e901f60dca0_0, 48, 8;
L_0x5e901f64c760 .part v0x5e901f60dca0_0, 56, 8;
L_0x5e901f64cb90 .part L_0x5e901f64a690, 0, 8;
L_0x5e901f64cc30 .part L_0x5e901f66ffa0, 0, 8;
L_0x5e901f64ccd0 .part L_0x5e901f66f220, 0, 32;
L_0x5e901f64d060 .part L_0x5e901f64a690, 8, 8;
L_0x5e901f64d170 .part L_0x5e901f66ffa0, 8, 8;
L_0x5e901f64d210 .part L_0x5e901f66f220, 32, 32;
L_0x5e901f64d5e0 .part L_0x5e901f64a690, 16, 8;
L_0x5e901f64d680 .part L_0x5e901f66ffa0, 16, 8;
L_0x5e901f64d7b0 .part L_0x5e901f66f220, 64, 32;
L_0x5e901f64dc00 .part L_0x5e901f64a690, 24, 8;
L_0x5e901f64dd40 .part L_0x5e901f66ffa0, 24, 8;
L_0x5e901f64dde0 .part L_0x5e901f66f220, 96, 32;
L_0x5e901f64e200 .part L_0x5e901f64a690, 32, 8;
L_0x5e901f64e2a0 .part L_0x5e901f66ffa0, 32, 8;
L_0x5e901f64e400 .part L_0x5e901f66f220, 128, 32;
L_0x5e901f64ea70 .part L_0x5e901f64a690, 40, 8;
L_0x5e901f64ecf0 .part L_0x5e901f66ffa0, 40, 8;
L_0x5e901f64ed90 .part L_0x5e901f66f220, 160, 32;
L_0x5e901f64f290 .part L_0x5e901f64a690, 48, 8;
L_0x5e901f64f330 .part L_0x5e901f66ffa0, 48, 8;
L_0x5e901f64f4c0 .part L_0x5e901f66f220, 192, 32;
L_0x5e901f64f8e0 .part L_0x5e901f64a690, 56, 8;
L_0x5e901f64fa80 .part L_0x5e901f66ffa0, 56, 8;
L_0x5e901f64fc30 .part L_0x5e901f66f220, 224, 32;
L_0x5e901f650270 .part L_0x5e901f64a690, 0, 8;
L_0x5e901f650310 .part L_0x5e901f66ffa0, 72, 8;
L_0x5e901f6504d0 .part L_0x5e901f66f220, 256, 32;
L_0x5e901f6508f0 .part L_0x5e901f64a690, 8, 8;
L_0x5e901f6503b0 .part L_0x5e901f66ffa0, 80, 8;
L_0x5e901f650ac0 .part L_0x5e901f66f220, 288, 32;
L_0x5e901f650ff0 .part L_0x5e901f64a690, 16, 8;
L_0x5e901f651090 .part L_0x5e901f66ffa0, 88, 8;
L_0x5e901f651280 .part L_0x5e901f66f220, 320, 32;
L_0x5e901f6516d0 .part L_0x5e901f64a690, 24, 8;
L_0x5e901f6518d0 .part L_0x5e901f66ffa0, 96, 8;
L_0x5e901f651970 .part L_0x5e901f66f220, 352, 32;
L_0x5e901f651f00 .part L_0x5e901f64a690, 32, 8;
L_0x5e901f651fa0 .part L_0x5e901f66ffa0, 104, 8;
L_0x5e901f6521c0 .part L_0x5e901f66f220, 384, 32;
L_0x5e901f652a00 .part L_0x5e901f64a690, 40, 8;
L_0x5e901f652e40 .part L_0x5e901f66ffa0, 112, 8;
L_0x5e901f652ee0 .part L_0x5e901f66f220, 416, 32;
L_0x5e901f653830 .part L_0x5e901f64a690, 48, 8;
L_0x5e901f6538d0 .part L_0x5e901f66ffa0, 120, 8;
L_0x5e901f653b20 .part L_0x5e901f66f220, 448, 32;
L_0x5e901f653f10 .part L_0x5e901f64a690, 56, 8;
L_0x5e901f654170 .part L_0x5e901f66ffa0, 128, 8;
L_0x5e901f654210 .part L_0x5e901f66f220, 480, 32;
L_0x5e901f6549b0 .part L_0x5e901f64a690, 0, 8;
L_0x5e901f654a50 .part L_0x5e901f66ffa0, 144, 8;
L_0x5e901f654cd0 .part L_0x5e901f66f220, 512, 32;
L_0x5e901f6550f0 .part L_0x5e901f64a690, 8, 8;
L_0x5e901f655380 .part L_0x5e901f66ffa0, 152, 8;
L_0x5e901f655420 .part L_0x5e901f66f220, 544, 32;
L_0x5e901f655a70 .part L_0x5e901f64a690, 16, 8;
L_0x5e901f655b10 .part L_0x5e901f66ffa0, 160, 8;
L_0x5e901f655dc0 .part L_0x5e901f66f220, 576, 32;
L_0x5e901f6561e0 .part L_0x5e901f64a690, 24, 8;
L_0x5e901f6564a0 .part L_0x5e901f66ffa0, 168, 8;
L_0x5e901f656540 .part L_0x5e901f66f220, 608, 32;
L_0x5e901f656bc0 .part L_0x5e901f64a690, 32, 8;
L_0x5e901f656c60 .part L_0x5e901f66ffa0, 176, 8;
L_0x5e901f656f40 .part L_0x5e901f66f220, 640, 32;
L_0x5e901f657390 .part L_0x5e901f64a690, 40, 8;
L_0x5e901f657680 .part L_0x5e901f66ffa0, 184, 8;
L_0x5e901f657720 .part L_0x5e901f66f220, 672, 32;
L_0x5e901f657dd0 .part L_0x5e901f64a690, 48, 8;
L_0x5e901f657e70 .part L_0x5e901f66ffa0, 192, 8;
L_0x5e901f658180 .part L_0x5e901f66f220, 704, 32;
L_0x5e901f6585d0 .part L_0x5e901f64a690, 56, 8;
L_0x5e901f6588f0 .part L_0x5e901f66ffa0, 200, 8;
L_0x5e901f658990 .part L_0x5e901f66f220, 736, 32;
L_0x5e901f659070 .part L_0x5e901f64a690, 0, 8;
L_0x5e901f659110 .part L_0x5e901f66ffa0, 216, 8;
L_0x5e901f659450 .part L_0x5e901f66f220, 768, 32;
L_0x5e901f6598a0 .part L_0x5e901f64a690, 8, 8;
L_0x5e901f659bf0 .part L_0x5e901f66ffa0, 224, 8;
L_0x5e901f659c90 .part L_0x5e901f66f220, 800, 32;
L_0x5e901f65a3a0 .part L_0x5e901f64a690, 16, 8;
L_0x5e901f65a440 .part L_0x5e901f66ffa0, 232, 8;
L_0x5e901f65a7b0 .part L_0x5e901f66f220, 832, 32;
L_0x5e901f65ac00 .part L_0x5e901f64a690, 24, 8;
L_0x5e901f65af80 .part L_0x5e901f66ffa0, 240, 8;
L_0x5e901f65b020 .part L_0x5e901f66f220, 864, 32;
L_0x5e901f65b760 .part L_0x5e901f64a690, 32, 8;
L_0x5e901f65b800 .part L_0x5e901f66ffa0, 248, 8;
L_0x5e901f65bba0 .part L_0x5e901f66f220, 896, 32;
L_0x5e901f65c810 .part L_0x5e901f64a690, 40, 8;
L_0x5e901f65cfd0 .part L_0x5e901f66ffa0, 256, 8;
L_0x5e901f65d070 .part L_0x5e901f66f220, 928, 32;
L_0x5e901f65d7e0 .part L_0x5e901f64a690, 48, 8;
L_0x5e901f65d880 .part L_0x5e901f66ffa0, 264, 8;
L_0x5e901f65dc50 .part L_0x5e901f66f220, 960, 32;
L_0x5e901f65e0a0 .part L_0x5e901f64a690, 56, 8;
L_0x5e901f65e480 .part L_0x5e901f66ffa0, 272, 8;
L_0x5e901f65e930 .part L_0x5e901f66f220, 992, 32;
L_0x5e901f65f4e0 .part L_0x5e901f64a690, 0, 8;
L_0x5e901f65f580 .part L_0x5e901f66ffa0, 288, 8;
L_0x5e901f65f980 .part L_0x5e901f66f220, 1024, 32;
L_0x5e901f65fdd0 .part L_0x5e901f64a690, 8, 8;
L_0x5e901f6601e0 .part L_0x5e901f66ffa0, 296, 8;
L_0x5e901f660280 .part L_0x5e901f66f220, 1056, 32;
L_0x5e901f660a50 .part L_0x5e901f64a690, 16, 8;
L_0x5e901f660af0 .part L_0x5e901f66ffa0, 304, 8;
L_0x5e901f660f20 .part L_0x5e901f66f220, 1088, 32;
L_0x5e901f661370 .part L_0x5e901f64a690, 24, 8;
L_0x5e901f6617b0 .part L_0x5e901f66ffa0, 312, 8;
L_0x5e901f661850 .part L_0x5e901f66f220, 1120, 32;
L_0x5e901f662050 .part L_0x5e901f64a690, 32, 8;
L_0x5e901f6620f0 .part L_0x5e901f66ffa0, 320, 8;
L_0x5e901f662550 .part L_0x5e901f66f220, 1152, 32;
L_0x5e901f6629a0 .part L_0x5e901f64a690, 40, 8;
L_0x5e901f662e10 .part L_0x5e901f66ffa0, 328, 8;
L_0x5e901f662eb0 .part L_0x5e901f66f220, 1184, 32;
L_0x5e901f6636e0 .part L_0x5e901f64a690, 48, 8;
L_0x5e901f663780 .part L_0x5e901f66ffa0, 336, 8;
L_0x5e901f663c10 .part L_0x5e901f66f220, 1216, 32;
L_0x5e901f664060 .part L_0x5e901f64a690, 56, 8;
L_0x5e901f664500 .part L_0x5e901f66ffa0, 344, 8;
L_0x5e901f6645a0 .part L_0x5e901f66f220, 1248, 32;
L_0x5e901f664e00 .part L_0x5e901f64a690, 0, 8;
L_0x5e901f664ea0 .part L_0x5e901f66ffa0, 360, 8;
L_0x5e901f665360 .part L_0x5e901f66f220, 1280, 32;
L_0x5e901f6657b0 .part L_0x5e901f64a690, 8, 8;
L_0x5e901f664f40 .part L_0x5e901f66ffa0, 368, 8;
L_0x5e901f664fe0 .part L_0x5e901f66f220, 1312, 32;
L_0x5e901f665da0 .part L_0x5e901f64a690, 16, 8;
L_0x5e901f665e40 .part L_0x5e901f66ffa0, 376, 8;
L_0x5e901f665850 .part L_0x5e901f66f220, 1344, 32;
L_0x5e901f666380 .part L_0x5e901f64a690, 24, 8;
L_0x5e901f665ee0 .part L_0x5e901f66ffa0, 384, 8;
L_0x5e901f665f80 .part L_0x5e901f66f220, 1376, 32;
L_0x5e901f666950 .part L_0x5e901f64a690, 32, 8;
L_0x5e901f6669f0 .part L_0x5e901f66ffa0, 392, 8;
L_0x5e901f666420 .part L_0x5e901f66f220, 1408, 32;
L_0x5e901f666f10 .part L_0x5e901f64a690, 40, 8;
L_0x5e901f666a90 .part L_0x5e901f66ffa0, 400, 8;
L_0x5e901f666b30 .part L_0x5e901f66f220, 1440, 32;
L_0x5e901f667cd0 .part L_0x5e901f64a690, 48, 8;
L_0x5e901f667d70 .part L_0x5e901f66ffa0, 408, 8;
L_0x5e901f666fb0 .part L_0x5e901f66f220, 1472, 32;
L_0x5e901f6682c0 .part L_0x5e901f64a690, 56, 8;
L_0x5e901f667e10 .part L_0x5e901f66ffa0, 416, 8;
L_0x5e901f667eb0 .part L_0x5e901f66f220, 1504, 32;
L_0x5e901f668830 .part L_0x5e901f64a690, 0, 8;
L_0x5e901f6688d0 .part L_0x5e901f66ffa0, 432, 8;
L_0x5e901f668360 .part L_0x5e901f66f220, 1536, 32;
L_0x5e901f668e50 .part L_0x5e901f64a690, 8, 8;
L_0x5e901f668970 .part L_0x5e901f66ffa0, 440, 8;
L_0x5e901f668a10 .part L_0x5e901f66f220, 1568, 32;
L_0x5e901f6693f0 .part L_0x5e901f64a690, 16, 8;
L_0x5e901f669490 .part L_0x5e901f66ffa0, 448, 8;
L_0x5e901f668ef0 .part L_0x5e901f66f220, 1600, 32;
L_0x5e901f669310 .part L_0x5e901f64a690, 24, 8;
L_0x5e901f669a50 .part L_0x5e901f66ffa0, 456, 8;
L_0x5e901f669af0 .part L_0x5e901f66f220, 1632, 32;
L_0x5e901f6698b0 .part L_0x5e901f64a690, 32, 8;
L_0x5e901f669950 .part L_0x5e901f66ffa0, 464, 8;
L_0x5e901f66a0d0 .part L_0x5e901f66f220, 1664, 32;
L_0x5e901f66a470 .part L_0x5e901f64a690, 40, 8;
L_0x5e901f669b90 .part L_0x5e901f66ffa0, 472, 8;
L_0x5e901f669c60 .part L_0x5e901f66f220, 1696, 32;
L_0x5e901f66aa70 .part L_0x5e901f64a690, 48, 8;
L_0x5e901f66ab10 .part L_0x5e901f66ffa0, 480, 8;
L_0x5e901f66a510 .part L_0x5e901f66f220, 1728, 32;
L_0x5e901f66a960 .part L_0x5e901f64a690, 56, 8;
L_0x5e901f66b130 .part L_0x5e901f66ffa0, 488, 8;
L_0x5e901f66b1d0 .part L_0x5e901f66f220, 1760, 32;
L_0x5e901f66aec0 .part L_0x5e901f64a690, 0, 8;
L_0x5e901f66af60 .part L_0x5e901f66ffa0, 504, 8;
L_0x5e901f66b000 .part L_0x5e901f66f220, 1792, 32;
L_0x5e901f66bb00 .part L_0x5e901f64a690, 8, 8;
L_0x5e901f66b270 .part L_0x5e901f66ffa0, 512, 8;
L_0x5e901f66b340 .part L_0x5e901f66f220, 1824, 32;
L_0x5e901f66c160 .part L_0x5e901f64a690, 16, 8;
L_0x5e901f66c200 .part L_0x5e901f66ffa0, 520, 8;
L_0x5e901f66bba0 .part L_0x5e901f66f220, 1856, 32;
L_0x5e901f66bff0 .part L_0x5e901f64a690, 24, 8;
L_0x5e901f66c090 .part L_0x5e901f66ffa0, 528, 8;
L_0x5e901f66c880 .part L_0x5e901f66f220, 1888, 32;
L_0x5e901f66c620 .part L_0x5e901f64a690, 32, 8;
L_0x5e901f66c6c0 .part L_0x5e901f66ffa0, 536, 8;
L_0x5e901f66c760 .part L_0x5e901f66f220, 1920, 32;
L_0x5e901f66e1e0 .part L_0x5e901f64a690, 40, 8;
L_0x5e901f66c920 .part L_0x5e901f66ffa0, 544, 8;
L_0x5e901f66c9f0 .part L_0x5e901f66f220, 1952, 32;
L_0x5e901f66ce40 .part L_0x5e901f64a690, 48, 8;
L_0x5e901f66f0b0 .part L_0x5e901f66ffa0, 552, 8;
L_0x5e901f66ea90 .part L_0x5e901f66f220, 1984, 32;
L_0x5e901f66eee0 .part L_0x5e901f64a690, 56, 8;
L_0x5e901f66ef80 .part L_0x5e901f66ffa0, 560, 8;
LS_0x5e901f66ffa0_0_0 .concat8 [ 8 8 8 8], L_0x5e901f64c270, v0x5e901f58ada0_0, v0x5e901f5a34e0_0, v0x5e901f4a55b0_0;
LS_0x5e901f66ffa0_0_4 .concat8 [ 8 8 8 8], v0x5e901f5bf8e0_0, v0x5e901f4fb0c0_0, v0x5e901f4fef00_0, v0x5e901f5a3e40_0;
LS_0x5e901f66ffa0_0_8 .concat8 [ 8 8 8 8], v0x5e901f5949e0_0, L_0x5e901f64c310, v0x5e901f581da0_0, v0x5e901f56ce80_0;
LS_0x5e901f66ffa0_0_12 .concat8 [ 8 8 8 8], v0x5e901f557860_0, v0x5e901f545320_0, v0x5e901f52fd00_0, v0x5e901f51d7c0_0;
LS_0x5e901f66ffa0_0_16 .concat8 [ 8 8 8 8], v0x5e901f5a91e0_0, v0x5e901f550860_0, L_0x5e901f64c400, v0x5e901f516880_0;
LS_0x5e901f66ffa0_0_20 .concat8 [ 8 8 8 8], v0x5e901f553690_0, v0x5e901f52ec10_0, v0x5e901f50a190_0, v0x5e901f511460_0;
LS_0x5e901f66ffa0_0_24 .concat8 [ 8 8 8 8], v0x5e901f4f2410_0, v0x5e901f376ab0_0, v0x5e901f3eeb40_0, L_0x5e901f64c4a0;
LS_0x5e901f66ffa0_0_28 .concat8 [ 8 8 8 8], v0x5e901f3b2140_0, v0x5e901f5dccd0_0, v0x5e901f5de050_0, v0x5e901f5df420_0;
LS_0x5e901f66ffa0_0_32 .concat8 [ 8 8 8 8], v0x5e901f5e0810_0, v0x5e901f5e1be0_0, v0x5e901f5e2fb0_0, v0x5e901f5e4380_0;
LS_0x5e901f66ffa0_0_36 .concat8 [ 8 8 8 8], L_0x5e901f64c540, v0x5e901f5e5a30_0, v0x5e901f5e7210_0, v0x5e901f5e85f0_0;
LS_0x5e901f66ffa0_0_40 .concat8 [ 8 8 8 8], v0x5e901f5e99c0_0, v0x5e901f5eadb0_0, v0x5e901f5ec180_0, v0x5e901f5ed550_0;
LS_0x5e901f66ffa0_0_44 .concat8 [ 8 8 8 8], v0x5e901f5ee920_0, L_0x5e901f64c5e0, v0x5e901f5effd0_0, v0x5e901f5f13a0_0;
LS_0x5e901f66ffa0_0_48 .concat8 [ 8 8 8 8], v0x5e901f5f2780_0, v0x5e901f5f3b50_0, v0x5e901f5f4f40_0, v0x5e901f5f6310_0;
LS_0x5e901f66ffa0_0_52 .concat8 [ 8 8 8 8], v0x5e901f5f76e0_0, v0x5e901f5f8ab0_0, L_0x5e901f64c6c0, v0x5e901f5fa160_0;
LS_0x5e901f66ffa0_0_56 .concat8 [ 8 8 8 8], v0x5e901f5fb530_0, v0x5e901f5fc910_0, v0x5e901f5fdce0_0, v0x5e901f5ff0d0_0;
LS_0x5e901f66ffa0_0_60 .concat8 [ 8 8 8 8], v0x5e901f6004a0_0, v0x5e901f601870_0, v0x5e901f602c40_0, L_0x5e901f64c760;
LS_0x5e901f66ffa0_0_64 .concat8 [ 8 8 8 8], v0x5e901f6042f0_0, v0x5e901f6056c0_0, v0x5e901f606aa0_0, v0x5e901f607e70_0;
LS_0x5e901f66ffa0_0_68 .concat8 [ 8 8 8 8], v0x5e901f609260_0, v0x5e901f60a630_0, v0x5e901f60ba00_0, v0x5e901f60cdd0_0;
LS_0x5e901f66ffa0_1_0 .concat8 [ 32 32 32 32], LS_0x5e901f66ffa0_0_0, LS_0x5e901f66ffa0_0_4, LS_0x5e901f66ffa0_0_8, LS_0x5e901f66ffa0_0_12;
LS_0x5e901f66ffa0_1_4 .concat8 [ 32 32 32 32], LS_0x5e901f66ffa0_0_16, LS_0x5e901f66ffa0_0_20, LS_0x5e901f66ffa0_0_24, LS_0x5e901f66ffa0_0_28;
LS_0x5e901f66ffa0_1_8 .concat8 [ 32 32 32 32], LS_0x5e901f66ffa0_0_32, LS_0x5e901f66ffa0_0_36, LS_0x5e901f66ffa0_0_40, LS_0x5e901f66ffa0_0_44;
LS_0x5e901f66ffa0_1_12 .concat8 [ 32 32 32 32], LS_0x5e901f66ffa0_0_48, LS_0x5e901f66ffa0_0_52, LS_0x5e901f66ffa0_0_56, LS_0x5e901f66ffa0_0_60;
LS_0x5e901f66ffa0_1_16 .concat8 [ 32 32 0 0], LS_0x5e901f66ffa0_0_64, LS_0x5e901f66ffa0_0_68;
LS_0x5e901f66ffa0_2_0 .concat8 [ 128 128 128 128], LS_0x5e901f66ffa0_1_0, LS_0x5e901f66ffa0_1_4, LS_0x5e901f66ffa0_1_8, LS_0x5e901f66ffa0_1_12;
LS_0x5e901f66ffa0_2_4 .concat8 [ 64 0 0 0], LS_0x5e901f66ffa0_1_16;
L_0x5e901f66ffa0 .concat8 [ 512 64 0 0], LS_0x5e901f66ffa0_2_0, LS_0x5e901f66ffa0_2_4;
L_0x5e901f66f150 .part L_0x5e901f66f220, 2016, 32;
LS_0x5e901f66f220_0_0 .concat8 [ 256 32 32 32], L_0x793e5cf59df0, v0x5e901f58e5e0_0, v0x5e901f5a6ce0_0, v0x5e901f4a36f0_0;
LS_0x5e901f66f220_0_4 .concat8 [ 32 32 32 32], v0x5e901f5c0360_0, v0x5e901f4f1cc0_0, v0x5e901f4fbe20_0, v0x5e901f4f8d40_0;
LS_0x5e901f66f220_0_8 .concat8 [ 32 32 32 32], v0x5e901f591900_0, v0x5e901f57c2e0_0, v0x5e901f569e60_0, v0x5e901f554840_0;
LS_0x5e901f66f220_0_12 .concat8 [ 32 32 32 32], v0x5e901f542240_0, v0x5e901f52c520_0, v0x5e901f51a6e0_0, v0x5e901f596c80_0;
LS_0x5e901f66f220_0_16 .concat8 [ 32 32 32 32], v0x5e901f54a6a0_0, v0x5e901f504340_0, v0x5e901f54d3f0_0, v0x5e901f528970_0;
LS_0x5e901f66f220_0_20 .concat8 [ 32 32 32 32], v0x5e901f503ef0_0, v0x5e901f53eb20_0, v0x5e901f507b60_0, v0x5e901f376cf0_0;
LS_0x5e901f66f220_0_24 .concat8 [ 32 32 32 32], v0x5e901f397ee0_0, v0x5e901f3b23b0_0, v0x5e901f5dceb0_0, v0x5e901f5de2c0_0;
LS_0x5e901f66f220_0_28 .concat8 [ 32 32 32 32], v0x5e901f5df690_0, v0x5e901f5e0a80_0, v0x5e901f5e1e50_0, v0x5e901f5e3220_0;
LS_0x5e901f66f220_0_32 .concat8 [ 32 32 32 32], v0x5e901f5e45f0_0, v0x5e901f5e5ca0_0, v0x5e901f5e7480_0, v0x5e901f5e8860_0;
LS_0x5e901f66f220_0_36 .concat8 [ 32 32 32 32], v0x5e901f5e9c30_0, v0x5e901f5eb020_0, v0x5e901f5ec3f0_0, v0x5e901f5ed7c0_0;
LS_0x5e901f66f220_0_40 .concat8 [ 32 32 32 32], v0x5e901f5eeb90_0, v0x5e901f5f0240_0, v0x5e901f5f1610_0, v0x5e901f5f29f0_0;
LS_0x5e901f66f220_0_44 .concat8 [ 32 32 32 32], v0x5e901f5f3dc0_0, v0x5e901f5f51b0_0, v0x5e901f5f6580_0, v0x5e901f5f7950_0;
LS_0x5e901f66f220_0_48 .concat8 [ 32 32 32 32], v0x5e901f5f8d20_0, v0x5e901f5fa3d0_0, v0x5e901f5fb7a0_0, v0x5e901f5fcb80_0;
LS_0x5e901f66f220_0_52 .concat8 [ 32 32 32 32], v0x5e901f5fdf50_0, v0x5e901f5ff340_0, v0x5e901f600710_0, v0x5e901f601ae0_0;
LS_0x5e901f66f220_0_56 .concat8 [ 32 32 32 32], v0x5e901f602eb0_0, v0x5e901f604560_0, v0x5e901f605930_0, v0x5e901f606d10_0;
LS_0x5e901f66f220_0_60 .concat8 [ 32 32 32 32], v0x5e901f6080e0_0, v0x5e901f6094d0_0, v0x5e901f60a8a0_0, v0x5e901f60bc70_0;
LS_0x5e901f66f220_0_64 .concat8 [ 32 0 0 0], v0x5e901f60d040_0;
LS_0x5e901f66f220_1_0 .concat8 [ 352 128 128 128], LS_0x5e901f66f220_0_0, LS_0x5e901f66f220_0_4, LS_0x5e901f66f220_0_8, LS_0x5e901f66f220_0_12;
LS_0x5e901f66f220_1_4 .concat8 [ 128 128 128 128], LS_0x5e901f66f220_0_16, LS_0x5e901f66f220_0_20, LS_0x5e901f66f220_0_24, LS_0x5e901f66f220_0_28;
LS_0x5e901f66f220_1_8 .concat8 [ 128 128 128 128], LS_0x5e901f66f220_0_32, LS_0x5e901f66f220_0_36, LS_0x5e901f66f220_0_40, LS_0x5e901f66f220_0_44;
LS_0x5e901f66f220_1_12 .concat8 [ 128 128 128 128], LS_0x5e901f66f220_0_48, LS_0x5e901f66f220_0_52, LS_0x5e901f66f220_0_56, LS_0x5e901f66f220_0_60;
LS_0x5e901f66f220_1_16 .concat8 [ 32 0 0 0], LS_0x5e901f66f220_0_64;
LS_0x5e901f66f220_2_0 .concat8 [ 736 512 512 512], LS_0x5e901f66f220_1_0, LS_0x5e901f66f220_1_4, LS_0x5e901f66f220_1_8, LS_0x5e901f66f220_1_12;
LS_0x5e901f66f220_2_4 .concat8 [ 32 0 0 0], LS_0x5e901f66f220_1_16;
L_0x5e901f66f220 .concat8 [ 2272 32 0 0], LS_0x5e901f66f220_2_0, LS_0x5e901f66f220_2_4;
S_0x5e901f528d20 .scope generate, "act_feed[0]" "act_feed[0]" 7 88, 7 88 0, S_0x5e901f525c40;
 .timescale -9 -12;
P_0x5e901f566320 .param/l "r" 1 7 88, +C4<00>;
v0x5e901f566a80_0 .net *"_ivl_0", 7 0, L_0x5e901f64c270;  1 drivers
S_0x5e901f52be00 .scope generate, "act_feed[1]" "act_feed[1]" 7 88, 7 88 0, S_0x5e901f525c40;
 .timescale -9 -12;
P_0x5e901f569490 .param/l "r" 1 7 88, +C4<01>;
v0x5e901f56c4e0_0 .net *"_ivl_0", 7 0, L_0x5e901f64c310;  1 drivers
S_0x5e901f53b260 .scope generate, "act_feed[2]" "act_feed[2]" 7 88, 7 88 0, S_0x5e901f525c40;
 .timescale -9 -12;
P_0x5e901f56cc40 .param/l "r" 1 7 88, +C4<010>;
v0x5e901f56f5c0_0 .net *"_ivl_0", 7 0, L_0x5e901f64c400;  1 drivers
S_0x5e901f4bdc60 .scope generate, "act_feed[3]" "act_feed[3]" 7 88, 7 88 0, S_0x5e901f525c40;
 .timescale -9 -12;
P_0x5e901f56fd20 .param/l "r" 1 7 88, +C4<011>;
v0x5e901f5726a0_0 .net *"_ivl_0", 7 0, L_0x5e901f64c4a0;  1 drivers
S_0x5e901f4bacd0 .scope generate, "act_feed[4]" "act_feed[4]" 7 88, 7 88 0, S_0x5e901f525c40;
 .timescale -9 -12;
P_0x5e901f572ec0 .param/l "r" 1 7 88, +C4<0100>;
v0x5e901f575ee0_0 .net *"_ivl_0", 7 0, L_0x5e901f64c540;  1 drivers
S_0x5e901f4dac20 .scope generate, "act_feed[5]" "act_feed[5]" 7 88, 7 88 0, S_0x5e901f525c40;
 .timescale -9 -12;
P_0x5e901f578860 .param/l "r" 1 7 88, +C4<0101>;
v0x5e901f578fc0_0 .net *"_ivl_0", 7 0, L_0x5e901f64c5e0;  1 drivers
S_0x5e901f4d6260 .scope generate, "act_feed[6]" "act_feed[6]" 7 88, 7 88 0, S_0x5e901f525c40;
 .timescale -9 -12;
P_0x5e901f57b940 .param/l "r" 1 7 88, +C4<0110>;
v0x5e901f57c0a0_0 .net *"_ivl_0", 7 0, L_0x5e901f64c6c0;  1 drivers
S_0x5e901f4c5d10 .scope generate, "act_feed[7]" "act_feed[7]" 7 88, 7 88 0, S_0x5e901f525c40;
 .timescale -9 -12;
P_0x5e901f57ea20 .param/l "r" 1 7 88, +C4<0111>;
v0x5e901f57f180_0 .net *"_ivl_0", 7 0, L_0x5e901f64c760;  1 drivers
S_0x5e901f4c4cd0 .scope generate, "gen_row[0]" "gen_row[0]" 7 99, 7 99 0, S_0x5e901f525c40;
 .timescale -9 -12;
P_0x5e901f572e70 .param/l "row" 1 7 99, +C4<00>;
S_0x5e901f4c3ef0 .scope generate, "gen_col[0]" "gen_col[0]" 7 100, 7 100 0, S_0x5e901f4c4cd0;
 .timescale -9 -12;
P_0x5e901f582260 .param/l "col" 1 7 100, +C4<00>;
L_0x5e901f64ad30 .functor AND 1, v0x5e901f615cf0_0, L_0x5e901f64ca00, C4<1>, C4<1>;
v0x5e901f597120_0 .net *"_ivl_0", 3 0, L_0x5e901f64c960;  1 drivers
L_0x793e5cf579f0 .functor BUFT 1, C4<0>, C4<0>, C4<0>, C4<0>;
v0x5e901f597880_0 .net *"_ivl_3", 0 0, L_0x793e5cf579f0;  1 drivers
L_0x793e5cf57a38 .functor BUFT 1, C4<0000>, C4<0>, C4<0>, C4<0>;
v0x5e901f59a200_0 .net/2u *"_ivl_4", 3 0, L_0x793e5cf57a38;  1 drivers
v0x5e901f59a960_0 .net *"_ivl_6", 0 0, L_0x5e901f64ca00;  1 drivers
L_0x5e901f64c960 .concat [ 3 1 0 0], v0x5e901f615de0_0, L_0x793e5cf579f0;
L_0x5e901f64ca00 .cmp/eq 4, L_0x5e901f64c960, L_0x793e5cf57a38;
S_0x5e901f4c3260 .scope module, "u_pe" "pe" 7 101, 8 30 0, S_0x5e901f4c3ef0;
 .timescale -9 -12;
    .port_info 0 /INPUT 1 "clk";
    .port_info 1 /INPUT 1 "rst_n";
    .port_info 2 /INPUT 1 "weight_load";
    .port_info 3 /INPUT 8 "weight_in";
    .port_info 4 /INPUT 8 "act_in";
    .port_info 5 /OUTPUT 8 "act_out";
    .port_info 6 /INPUT 32 "psum_in";
    .port_info 7 /OUTPUT 32 "psum_out";
P_0x5e901f5db7f0 .param/l "ACC_W" 0 8 32, +C4<00000000000000000000000000100000>;
P_0x5e901f5db830 .param/l "DATA_W" 0 8 31, +C4<00000000000000000000000000001000>;
v0x5e901f588420_0 .net "act_in", 7 0, L_0x5e901f64cc30;  1 drivers
v0x5e901f58ada0_0 .var "act_out", 7 0;
v0x5e901f58b500_0 .net "clk", 0 0, v0x5e901f630010_0;  alias, 1 drivers
v0x5e901f58de80_0 .net "psum_in", 31 0, L_0x5e901f64ccd0;  1 drivers
v0x5e901f58e5e0_0 .var "psum_out", 31 0;
v0x5e901f590f60_0 .net "rst_n", 0 0, v0x5e901f630890_0;  alias, 1 drivers
v0x5e901f5916c0_0 .net "weight_in", 7 0, L_0x5e901f64cb90;  1 drivers
v0x5e901f594040_0 .net "weight_load", 0 0, L_0x5e901f64ad30;  1 drivers
v0x5e901f5947a0_0 .var "weight_reg", 7 0;
E_0x5e901f307960 .event posedge, v0x5e901f58b500_0;
S_0x5e901f4c2430 .scope generate, "gen_col[1]" "gen_col[1]" 7 100, 7 100 0, S_0x5e901f4c4cd0;
 .timescale -9 -12;
P_0x5e901f591020 .param/l "col" 1 7 100, +C4<01>;
L_0x5e901f64cff0 .functor AND 1, v0x5e901f615cf0_0, L_0x5e901f64ced0, C4<1>, C4<1>;
v0x5e901f5af860_0 .net *"_ivl_0", 3 0, L_0x5e901f64cdd0;  1 drivers
L_0x793e5cf57a80 .functor BUFT 1, C4<0>, C4<0>, C4<0>, C4<0>;
v0x5e901f5aff80_0 .net *"_ivl_3", 0 0, L_0x793e5cf57a80;  1 drivers
L_0x793e5cf57ac8 .functor BUFT 1, C4<0000>, C4<0>, C4<0>, C4<0>;
v0x5e901f5b2940_0 .net/2u *"_ivl_4", 3 0, L_0x793e5cf57ac8;  1 drivers
v0x5e901f4f2ce0_0 .net *"_ivl_6", 0 0, L_0x5e901f64ced0;  1 drivers
L_0x5e901f64cdd0 .concat [ 3 1 0 0], v0x5e901f615de0_0, L_0x793e5cf57a80;
L_0x5e901f64ced0 .cmp/eq 4, L_0x5e901f64cdd0, L_0x793e5cf57ac8;
S_0x5e901f4c1630 .scope module, "u_pe" "pe" 7 101, 8 30 0, S_0x5e901f4c2430;
 .timescale -9 -12;
    .port_info 0 /INPUT 1 "clk";
    .port_info 1 /INPUT 1 "rst_n";
    .port_info 2 /INPUT 1 "weight_load";
    .port_info 3 /INPUT 8 "weight_in";
    .port_info 4 /INPUT 8 "act_in";
    .port_info 5 /OUTPUT 8 "act_out";
    .port_info 6 /INPUT 32 "psum_in";
    .port_info 7 /OUTPUT 32 "psum_out";
P_0x5e901f59d2e0 .param/l "ACC_W" 0 8 32, +C4<00000000000000000000000000100000>;
P_0x5e901f59d320 .param/l "DATA_W" 0 8 31, +C4<00000000000000000000000000001000>;
v0x5e901f5a0b20_0 .net "act_in", 7 0, L_0x5e901f64d170;  1 drivers
v0x5e901f5a34e0_0 .var "act_out", 7 0;
v0x5e901f5a3c00_0 .net "clk", 0 0, v0x5e901f630010_0;  alias, 1 drivers
v0x5e901f5a65c0_0 .net "psum_in", 31 0, L_0x5e901f64d210;  1 drivers
v0x5e901f5a6ce0_0 .var "psum_out", 31 0;
v0x5e901f5a96a0_0 .net "rst_n", 0 0, v0x5e901f630890_0;  alias, 1 drivers
v0x5e901f5a9dc0_0 .net "weight_in", 7 0, L_0x5e901f64d060;  1 drivers
v0x5e901f5ac780_0 .net "weight_load", 0 0, L_0x5e901f64cff0;  1 drivers
v0x5e901f5acea0_0 .var "weight_reg", 7 0;
S_0x5e901f4bfd50 .scope generate, "gen_col[2]" "gen_col[2]" 7 100, 7 100 0, S_0x5e901f4c4cd0;
 .timescale -9 -12;
P_0x5e901f59db00 .param/l "col" 1 7 100, +C4<010>;
L_0x5e901f64d100 .functor AND 1, v0x5e901f615cf0_0, L_0x5e901f64d420, C4<1>, C4<1>;
v0x5e901f4b7a40_0 .net *"_ivl_0", 3 0, L_0x5e901f64d300;  1 drivers
L_0x793e5cf57b10 .functor BUFT 1, C4<0>, C4<0>, C4<0>, C4<0>;
v0x5e901f4a3ab0_0 .net *"_ivl_3", 0 0, L_0x793e5cf57b10;  1 drivers
L_0x793e5cf57b58 .functor BUFT 1, C4<0000>, C4<0>, C4<0>, C4<0>;
v0x5e901f4fb480_0 .net/2u *"_ivl_4", 3 0, L_0x793e5cf57b58;  1 drivers
v0x5e901f4f83a0_0 .net *"_ivl_6", 0 0, L_0x5e901f64d420;  1 drivers
L_0x5e901f64d300 .concat [ 3 1 0 0], v0x5e901f615de0_0, L_0x793e5cf57b10;
L_0x5e901f64d420 .cmp/eq 4, L_0x5e901f64d300, L_0x793e5cf57b58;
S_0x5e901f4a4d30 .scope module, "u_pe" "pe" 7 101, 8 30 0, S_0x5e901f4bfd50;
 .timescale -9 -12;
    .port_info 0 /INPUT 1 "clk";
    .port_info 1 /INPUT 1 "rst_n";
    .port_info 2 /INPUT 1 "weight_load";
    .port_info 3 /INPUT 8 "weight_in";
    .port_info 4 /INPUT 8 "act_in";
    .port_info 5 /OUTPUT 8 "act_out";
    .port_info 6 /INPUT 32 "psum_in";
    .port_info 7 /OUTPUT 32 "psum_out";
P_0x5e901f5b2f70 .param/l "ACC_W" 0 8 32, +C4<00000000000000000000000000100000>;
P_0x5e901f5b2fb0 .param/l "DATA_W" 0 8 31, +C4<00000000000000000000000000001000>;
v0x5e901f4a10d0_0 .net "act_in", 7 0, L_0x5e901f64d680;  1 drivers
v0x5e901f4a55b0_0 .var "act_out", 7 0;
v0x5e901f4cfc60_0 .net "clk", 0 0, v0x5e901f630010_0;  alias, 1 drivers
v0x5e901f4db580_0 .net "psum_in", 31 0, L_0x5e901f64d7b0;  1 drivers
v0x5e901f4a36f0_0 .var "psum_out", 31 0;
v0x5e901f4b74d0_0 .net "rst_n", 0 0, v0x5e901f630890_0;  alias, 1 drivers
v0x5e901f4cd510_0 .net "weight_in", 7 0, L_0x5e901f64d5e0;  1 drivers
v0x5e901f4cc140_0 .net "weight_load", 0 0, L_0x5e901f64d100;  1 drivers
v0x5e901f4dc250_0 .var "weight_reg", 7 0;
S_0x5e901f4adcb0 .scope generate, "gen_col[3]" "gen_col[3]" 7 100, 7 100 0, S_0x5e901f4c4cd0;
 .timescale -9 -12;
P_0x5e901f5b5ec0 .param/l "col" 1 7 100, +C4<011>;
L_0x5e901f64db40 .functor AND 1, v0x5e901f615cf0_0, L_0x5e901f64d9d0, C4<1>, C4<1>;
v0x5e901f4c1b70_0 .net *"_ivl_0", 3 0, L_0x5e901f64d880;  1 drivers
L_0x793e5cf57ba0 .functor BUFT 1, C4<0>, C4<0>, C4<0>, C4<0>;
v0x5e901f4d1790_0 .net *"_ivl_3", 0 0, L_0x793e5cf57ba0;  1 drivers
L_0x793e5cf57be8 .functor BUFT 1, C4<0000>, C4<0>, C4<0>, C4<0>;
v0x5e901f49e050_0 .net/2u *"_ivl_4", 3 0, L_0x793e5cf57be8;  1 drivers
v0x5e901f49e110_0 .net *"_ivl_6", 0 0, L_0x5e901f64d9d0;  1 drivers
L_0x5e901f64d880 .concat [ 3 1 0 0], v0x5e901f615de0_0, L_0x793e5cf57ba0;
L_0x5e901f64d9d0 .cmp/eq 4, L_0x5e901f64d880, L_0x793e5cf57be8;
S_0x5e901f4a48f0 .scope module, "u_pe" "pe" 7 101, 8 30 0, S_0x5e901f4adcb0;
 .timescale -9 -12;
    .port_info 0 /INPUT 1 "clk";
    .port_info 1 /INPUT 1 "rst_n";
    .port_info 2 /INPUT 1 "weight_load";
    .port_info 3 /INPUT 8 "weight_in";
    .port_info 4 /INPUT 8 "act_in";
    .port_info 5 /OUTPUT 8 "act_out";
    .port_info 6 /INPUT 32 "psum_in";
    .port_info 7 /OUTPUT 32 "psum_out";
P_0x5e901f4f52c0 .param/l "ACC_W" 0 8 32, +C4<00000000000000000000000000100000>;
P_0x5e901f4f5300 .param/l "DATA_W" 0 8 31, +C4<00000000000000000000000000001000>;
v0x5e901f5bfca0_0 .net "act_in", 7 0, L_0x5e901f64dd40;  1 drivers
v0x5e901f5bf8e0_0 .var "act_out", 7 0;
v0x5e901f5bf600_0 .net "clk", 0 0, v0x5e901f630010_0;  alias, 1 drivers
v0x5e901f5bf6a0_0 .net "psum_in", 31 0, L_0x5e901f64dde0;  1 drivers
v0x5e901f5c0360_0 .var "psum_out", 31 0;
v0x5e901f4a4040_0 .net "rst_n", 0 0, v0x5e901f630890_0;  alias, 1 drivers
v0x5e901f4a40e0_0 .net "weight_in", 7 0, L_0x5e901f64dc00;  1 drivers
v0x5e901f4c28e0_0 .net "weight_load", 0 0, L_0x5e901f64db40;  1 drivers
v0x5e901f4c29a0_0 .var "weight_reg", 7 0;
S_0x5e901f4ab840 .scope generate, "gen_col[4]" "gen_col[4]" 7 100, 7 100 0, S_0x5e901f4c4cd0;
 .timescale -9 -12;
P_0x5e901f4f53a0 .param/l "col" 1 7 100, +C4<0100>;
L_0x5e901f64e140 .functor AND 1, v0x5e901f615cf0_0, L_0x5e901f64e020, C4<1>, C4<1>;
v0x5e901f50e360_0 .net *"_ivl_0", 3 0, L_0x5e901f64dca0;  1 drivers
L_0x793e5cf57c30 .functor BUFT 1, C4<0>, C4<0>, C4<0>, C4<0>;
v0x5e901f50dc60_0 .net *"_ivl_3", 0 0, L_0x793e5cf57c30;  1 drivers
L_0x793e5cf57c78 .functor BUFT 1, C4<0000>, C4<0>, C4<0>, C4<0>;
v0x5e901f50b280_0 .net/2u *"_ivl_4", 3 0, L_0x793e5cf57c78;  1 drivers
v0x5e901f50b340_0 .net *"_ivl_6", 0 0, L_0x5e901f64e020;  1 drivers
L_0x5e901f64dca0 .concat [ 3 1 0 0], v0x5e901f615de0_0, L_0x793e5cf57c30;
L_0x5e901f64e020 .cmp/eq 4, L_0x5e901f64dca0, L_0x793e5cf57c78;
S_0x5e901f4a44b0 .scope module, "u_pe" "pe" 7 101, 8 30 0, S_0x5e901f4ab840;
 .timescale -9 -12;
    .port_info 0 /INPUT 1 "clk";
    .port_info 1 /INPUT 1 "rst_n";
    .port_info 2 /INPUT 1 "weight_load";
    .port_info 3 /INPUT 8 "weight_in";
    .port_info 4 /INPUT 8 "act_in";
    .port_info 5 /OUTPUT 8 "act_out";
    .port_info 6 /INPUT 32 "psum_in";
    .port_info 7 /OUTPUT 32 "psum_out";
P_0x5e901f5a6100 .param/l "ACC_W" 0 8 32, +C4<00000000000000000000000000100000>;
P_0x5e901f5a6140 .param/l "DATA_W" 0 8 31, +C4<00000000000000000000000000001000>;
v0x5e901f4fb000_0 .net "act_in", 7 0, L_0x5e901f64e2a0;  1 drivers
v0x5e901f4fb0c0_0 .var "act_out", 7 0;
v0x5e901f4f7f20_0 .net "clk", 0 0, v0x5e901f630010_0;  alias, 1 drivers
v0x5e901f4f4e40_0 .net "psum_in", 31 0, L_0x5e901f64e400;  1 drivers
v0x5e901f4f1cc0_0 .var "psum_out", 31 0;
v0x5e901f4cdf60_0 .net "rst_n", 0 0, v0x5e901f630890_0;  alias, 1 drivers
v0x5e901f4ce000_0 .net "weight_in", 7 0, L_0x5e901f64e200;  1 drivers
v0x5e901f510d40_0 .net "weight_load", 0 0, L_0x5e901f64e140;  1 drivers
v0x5e901f510e00_0 .var "weight_reg", 7 0;
S_0x5e901f4a6e20 .scope generate, "gen_col[5]" "gen_col[5]" 7 100, 7 100 0, S_0x5e901f4c4cd0;
 .timescale -9 -12;
P_0x5e901f4b7570 .param/l "col" 1 7 100, +C4<0101>;
L_0x5e901f64e8a0 .functor AND 1, v0x5e901f615cf0_0, L_0x5e901f64e730, C4<1>, C4<1>;
v0x5e901f5ad0e0_0 .net *"_ivl_0", 3 0, L_0x5e901f64e4d0;  1 drivers
L_0x793e5cf57cc0 .functor BUFT 1, C4<0>, C4<0>, C4<0>, C4<0>;
v0x5e901f5ac9e0_0 .net *"_ivl_3", 0 0, L_0x793e5cf57cc0;  1 drivers
L_0x793e5cf57d08 .functor BUFT 1, C4<0000>, C4<0>, C4<0>, C4<0>;
v0x5e901f5aa000_0 .net/2u *"_ivl_4", 3 0, L_0x793e5cf57d08;  1 drivers
v0x5e901f5aa0c0_0 .net *"_ivl_6", 0 0, L_0x5e901f64e730;  1 drivers
L_0x5e901f64e4d0 .concat [ 3 1 0 0], v0x5e901f615de0_0, L_0x793e5cf57cc0;
L_0x5e901f64e730 .cmp/eq 4, L_0x5e901f64e4d0, L_0x793e5cf57d08;
S_0x5e901f4a5170 .scope module, "u_pe" "pe" 7 101, 8 30 0, S_0x5e901f4a6e20;
 .timescale -9 -12;
    .port_info 0 /INPUT 1 "clk";
    .port_info 1 /INPUT 1 "rst_n";
    .port_info 2 /INPUT 1 "weight_load";
    .port_info 3 /INPUT 8 "weight_in";
    .port_info 4 /INPUT 8 "act_in";
    .port_info 5 /OUTPUT 8 "act_out";
    .port_info 6 /INPUT 32 "psum_in";
    .port_info 7 /OUTPUT 32 "psum_out";
P_0x5e901f50ab80 .param/l "ACC_W" 0 8 32, +C4<00000000000000000000000000100000>;
P_0x5e901f50abc0 .param/l "DATA_W" 0 8 31, +C4<00000000000000000000000000001000>;
v0x5e901f5018e0_0 .net "act_in", 7 0, L_0x5e901f64ecf0;  1 drivers
v0x5e901f4fef00_0 .var "act_out", 7 0;
v0x5e901f4fe800_0 .net "clk", 0 0, v0x5e901f630010_0;  alias, 1 drivers
v0x5e901f4fe8a0_0 .net "psum_in", 31 0, L_0x5e901f64ed90;  1 drivers
v0x5e901f4fbe20_0 .var "psum_out", 31 0;
v0x5e901f5b01c0_0 .net "rst_n", 0 0, v0x5e901f630890_0;  alias, 1 drivers
v0x5e901f5b0260_0 .net "weight_in", 7 0, L_0x5e901f64ea70;  1 drivers
v0x5e901f5afac0_0 .net "weight_load", 0 0, L_0x5e901f64e8a0;  1 drivers
v0x5e901f5afb80_0 .var "weight_reg", 7 0;
S_0x5e901f5bffb0 .scope generate, "gen_col[6]" "gen_col[6]" 7 100, 7 100 0, S_0x5e901f4c4cd0;
 .timescale -9 -12;
P_0x5e901f4f4f20 .param/l "col" 1 7 100, +C4<0110>;
L_0x5e901f64f1d0 .functor AND 1, v0x5e901f615cf0_0, L_0x5e901f64f060, C4<1>, C4<1>;
v0x5e901f59dc80_0 .net *"_ivl_0", 3 0, L_0x5e901f64ef10;  1 drivers
L_0x793e5cf57d50 .functor BUFT 1, C4<0>, C4<0>, C4<0>, C4<0>;
v0x5e901f59d580_0 .net *"_ivl_3", 0 0, L_0x793e5cf57d50;  1 drivers
L_0x793e5cf57d98 .functor BUFT 1, C4<0000>, C4<0>, C4<0>, C4<0>;
v0x5e901f59aba0_0 .net/2u *"_ivl_4", 3 0, L_0x793e5cf57d98;  1 drivers
v0x5e901f59ac60_0 .net *"_ivl_6", 0 0, L_0x5e901f64f060;  1 drivers
L_0x5e901f64ef10 .concat [ 3 1 0 0], v0x5e901f615de0_0, L_0x793e5cf57d50;
L_0x5e901f64f060 .cmp/eq 4, L_0x5e901f64ef10, L_0x793e5cf57d98;
S_0x5e901f5b20d0 .scope module, "u_pe" "pe" 7 101, 8 30 0, S_0x5e901f5bffb0;
 .timescale -9 -12;
    .port_info 0 /INPUT 1 "clk";
    .port_info 1 /INPUT 1 "rst_n";
    .port_info 2 /INPUT 1 "weight_load";
    .port_info 3 /INPUT 8 "weight_in";
    .port_info 4 /INPUT 8 "act_in";
    .port_info 5 /OUTPUT 8 "act_out";
    .port_info 6 /INPUT 32 "psum_in";
    .port_info 7 /OUTPUT 32 "psum_out";
P_0x5e901f504a90 .param/l "ACC_W" 0 8 32, +C4<00000000000000000000000000100000>;
P_0x5e901f504ad0 .param/l "DATA_W" 0 8 31, +C4<00000000000000000000000000001000>;
v0x5e901f5a6820_0 .net "act_in", 7 0, L_0x5e901f64f330;  1 drivers
v0x5e901f5a3e40_0 .var "act_out", 7 0;
v0x5e901f5a3740_0 .net "clk", 0 0, v0x5e901f630010_0;  alias, 1 drivers
v0x5e901f5a37e0_0 .net "psum_in", 31 0, L_0x5e901f64f4c0;  1 drivers
v0x5e901f4f8d40_0 .var "psum_out", 31 0;
v0x5e901f5a0d60_0 .net "rst_n", 0 0, v0x5e901f630890_0;  alias, 1 drivers
v0x5e901f5a0e00_0 .net "weight_in", 7 0, L_0x5e901f64f290;  1 drivers
v0x5e901f5a0660_0 .net "weight_load", 0 0, L_0x5e901f64f1d0;  1 drivers
v0x5e901f5a0720_0 .var "weight_reg", 7 0;
S_0x5e901f5aeff0 .scope generate, "gen_col[7]" "gen_col[7]" 7 100, 7 100 0, S_0x5e901f4c4cd0;
 .timescale -9 -12;
P_0x5e901f5ad1c0 .param/l "col" 1 7 100, +C4<0111>;
L_0x5e901f64f820 .functor AND 1, v0x5e901f615cf0_0, L_0x5e901f64f6b0, C4<1>, C4<1>;
v0x5e901f58e120_0 .net *"_ivl_0", 3 0, L_0x5e901f64f560;  1 drivers
L_0x793e5cf57de0 .functor BUFT 1, C4<0>, C4<0>, C4<0>, C4<0>;
v0x5e901f58b740_0 .net *"_ivl_3", 0 0, L_0x793e5cf57de0;  1 drivers
L_0x793e5cf57e28 .functor BUFT 1, C4<0000>, C4<0>, C4<0>, C4<0>;
v0x5e901f58b040_0 .net/2u *"_ivl_4", 3 0, L_0x793e5cf57e28;  1 drivers
v0x5e901f58b100_0 .net *"_ivl_6", 0 0, L_0x5e901f64f6b0;  1 drivers
L_0x5e901f64f560 .concat [ 3 1 0 0], v0x5e901f615de0_0, L_0x793e5cf57de0;
L_0x5e901f64f6b0 .cmp/eq 4, L_0x5e901f64f560, L_0x793e5cf57e28;
S_0x5e901f5abf10 .scope module, "u_pe" "pe" 7 101, 8 30 0, S_0x5e901f5aeff0;
 .timescale -9 -12;
    .port_info 0 /INPUT 1 "clk";
    .port_info 1 /INPUT 1 "rst_n";
    .port_info 2 /INPUT 1 "weight_load";
    .port_info 3 /INPUT 8 "weight_in";
    .port_info 4 /INPUT 8 "act_in";
    .port_info 5 /OUTPUT 8 "act_out";
    .port_info 6 /INPUT 32 "psum_in";
    .port_info 7 /OUTPUT 32 "psum_out";
P_0x5e901f5a6ff0 .param/l "ACC_W" 0 8 32, +C4<00000000000000000000000000100000>;
P_0x5e901f5a7030 .param/l "DATA_W" 0 8 31, +C4<00000000000000000000000000001000>;
v0x5e901f5973c0_0 .net "act_in", 7 0, L_0x5e901f64fa80;  1 drivers
v0x5e901f5949e0_0 .var "act_out", 7 0;
v0x5e901f5942e0_0 .net "clk", 0 0, v0x5e901f630010_0;  alias, 1 drivers
v0x5e901f594380_0 .net "psum_in", 31 0, L_0x5e901f64fc30;  1 drivers
v0x5e901f591900_0 .var "psum_out", 31 0;
v0x5e901f591200_0 .net "rst_n", 0 0, v0x5e901f630890_0;  alias, 1 drivers
v0x5e901f5912a0_0 .net "weight_in", 7 0, L_0x5e901f64f8e0;  1 drivers
v0x5e901f58e820_0 .net "weight_load", 0 0, L_0x5e901f64f820;  1 drivers
v0x5e901f58e8e0_0 .var "weight_reg", 7 0;
S_0x5e901f5a8e30 .scope generate, "gen_row[1]" "gen_row[1]" 7 99, 7 99 0, S_0x5e901f525c40;
 .timescale -9 -12;
P_0x5e901f58b820 .param/l "row" 1 7 99, +C4<01>;
S_0x5e901f5a5d50 .scope generate, "gen_col[0]" "gen_col[0]" 7 100, 7 100 0, S_0x5e901f5a8e30;
 .timescale -9 -12;
P_0x5e901f5886b0 .param/l "col" 1 7 100, +C4<00>;
L_0x5e901f6501b0 .functor AND 1, v0x5e901f615cf0_0, L_0x5e901f650040, C4<1>, C4<1>;
v0x5e901f576120_0 .net *"_ivl_0", 3 0, L_0x5e901f64fef0;  1 drivers
L_0x793e5cf57e70 .functor BUFT 1, C4<0>, C4<0>, C4<0>, C4<0>;
v0x5e901f575a20_0 .net *"_ivl_3", 0 0, L_0x793e5cf57e70;  1 drivers
L_0x793e5cf57eb8 .functor BUFT 1, C4<0001>, C4<0>, C4<0>, C4<0>;
v0x5e901f573040_0 .net/2u *"_ivl_4", 3 0, L_0x793e5cf57eb8;  1 drivers
v0x5e901f573100_0 .net *"_ivl_6", 0 0, L_0x5e901f650040;  1 drivers
L_0x5e901f64fef0 .concat [ 3 1 0 0], v0x5e901f615de0_0, L_0x793e5cf57e70;
L_0x5e901f650040 .cmp/eq 4, L_0x5e901f64fef0, L_0x793e5cf57eb8;
S_0x5e901f5a2c70 .scope module, "u_pe" "pe" 7 101, 8 30 0, S_0x5e901f5a5d50;
 .timescale -9 -12;
    .port_info 0 /INPUT 1 "clk";
    .port_info 1 /INPUT 1 "rst_n";
    .port_info 2 /INPUT 1 "weight_load";
    .port_info 3 /INPUT 8 "weight_in";
    .port_info 4 /INPUT 8 "act_in";
    .port_info 5 /OUTPUT 8 "act_out";
    .port_info 6 /INPUT 32 "psum_in";
    .port_info 7 /OUTPUT 32 "psum_out";
P_0x5e901f587fb0 .param/l "ACC_W" 0 8 32, +C4<00000000000000000000000000100000>;
P_0x5e901f587ff0 .param/l "DATA_W" 0 8 31, +C4<00000000000000000000000000001000>;
v0x5e901f5824a0_0 .net "act_in", 7 0, L_0x5e901f650310;  1 drivers
v0x5e901f581da0_0 .var "act_out", 7 0;
v0x5e901f57f3c0_0 .net "clk", 0 0, v0x5e901f630010_0;  alias, 1 drivers
v0x5e901f57f460_0 .net "psum_in", 31 0, L_0x5e901f6504d0;  1 drivers
v0x5e901f57c2e0_0 .var "psum_out", 31 0;
v0x5e901f57bbe0_0 .net "rst_n", 0 0, v0x5e901f630890_0;  alias, 1 drivers
v0x5e901f57bc80_0 .net "weight_in", 7 0, L_0x5e901f650270;  1 drivers
v0x5e901f578b00_0 .net "weight_load", 0 0, L_0x5e901f6501b0;  1 drivers
v0x5e901f578bc0_0 .var "weight_reg", 7 0;
S_0x5e901f59fb90 .scope generate, "gen_col[1]" "gen_col[1]" 7 100, 7 100 0, S_0x5e901f5a8e30;
 .timescale -9 -12;
P_0x5e901f576220 .param/l "col" 1 7 100, +C4<01>;
L_0x5e901f650830 .functor AND 1, v0x5e901f615cf0_0, L_0x5e901f6506c0, C4<1>, C4<1>;
v0x5e901f5665c0_0 .net *"_ivl_0", 3 0, L_0x5e901f650570;  1 drivers
L_0x793e5cf57f00 .functor BUFT 1, C4<0>, C4<0>, C4<0>, C4<0>;
v0x5e901f563be0_0 .net *"_ivl_3", 0 0, L_0x793e5cf57f00;  1 drivers
L_0x793e5cf57f48 .functor BUFT 1, C4<0001>, C4<0>, C4<0>, C4<0>;
v0x5e901f5634e0_0 .net/2u *"_ivl_4", 3 0, L_0x793e5cf57f48;  1 drivers
v0x5e901f5635a0_0 .net *"_ivl_6", 0 0, L_0x5e901f6506c0;  1 drivers
L_0x5e901f650570 .concat [ 3 1 0 0], v0x5e901f615de0_0, L_0x793e5cf57f00;
L_0x5e901f6506c0 .cmp/eq 4, L_0x5e901f650570, L_0x793e5cf57f48;
S_0x5e901f59cab0 .scope module, "u_pe" "pe" 7 101, 8 30 0, S_0x5e901f59fb90;
 .timescale -9 -12;
    .port_info 0 /INPUT 1 "clk";
    .port_info 1 /INPUT 1 "rst_n";
    .port_info 2 /INPUT 1 "weight_load";
    .port_info 3 /INPUT 8 "weight_in";
    .port_info 4 /INPUT 8 "act_in";
    .port_info 5 /OUTPUT 8 "act_out";
    .port_info 6 /INPUT 32 "psum_in";
    .port_info 7 /OUTPUT 32 "psum_out";
P_0x5e901f5a3020 .param/l "ACC_W" 0 8 32, +C4<00000000000000000000000000100000>;
P_0x5e901f5a3060 .param/l "DATA_W" 0 8 31, +C4<00000000000000000000000000001000>;
v0x5e901f56f860_0 .net "act_in", 7 0, L_0x5e901f6503b0;  1 drivers
v0x5e901f56ce80_0 .var "act_out", 7 0;
v0x5e901f56c780_0 .net "clk", 0 0, v0x5e901f630010_0;  alias, 1 drivers
v0x5e901f569da0_0 .net "psum_in", 31 0, L_0x5e901f650ac0;  1 drivers
v0x5e901f569e60_0 .var "psum_out", 31 0;
v0x5e901f5696a0_0 .net "rst_n", 0 0, v0x5e901f630890_0;  alias, 1 drivers
v0x5e901f569740_0 .net "weight_in", 7 0, L_0x5e901f6508f0;  1 drivers
v0x5e901f566cc0_0 .net "weight_load", 0 0, L_0x5e901f650830;  1 drivers
v0x5e901f566d80_0 .var "weight_reg", 7 0;
S_0x5e901f5999d0 .scope generate, "gen_col[2]" "gen_col[2]" 7 100, 7 100 0, S_0x5e901f5a8e30;
 .timescale -9 -12;
P_0x5e901f5666c0 .param/l "col" 1 7 100, +C4<010>;
L_0x5e901f650f30 .functor AND 1, v0x5e901f615cf0_0, L_0x5e901f650dc0, C4<1>, C4<1>;
v0x5e901f550fa0_0 .net *"_ivl_0", 3 0, L_0x5e901f650ca0;  1 drivers
L_0x793e5cf57f90 .functor BUFT 1, C4<0>, C4<0>, C4<0>, C4<0>;
v0x5e901f54e5c0_0 .net *"_ivl_3", 0 0, L_0x793e5cf57f90;  1 drivers
L_0x793e5cf57fd8 .functor BUFT 1, C4<0001>, C4<0>, C4<0>, C4<0>;
v0x5e901f54dec0_0 .net/2u *"_ivl_4", 3 0, L_0x793e5cf57fd8;  1 drivers
v0x5e901f54df80_0 .net *"_ivl_6", 0 0, L_0x5e901f650dc0;  1 drivers
L_0x5e901f650ca0 .concat [ 3 1 0 0], v0x5e901f615de0_0, L_0x793e5cf57f90;
L_0x5e901f650dc0 .cmp/eq 4, L_0x5e901f650ca0, L_0x793e5cf57fd8;
S_0x5e901f5968f0 .scope module, "u_pe" "pe" 7 101, 8 30 0, S_0x5e901f5999d0;
 .timescale -9 -12;
    .port_info 0 /INPUT 1 "clk";
    .port_info 1 /INPUT 1 "rst_n";
    .port_info 2 /INPUT 1 "weight_load";
    .port_info 3 /INPUT 8 "weight_in";
    .port_info 4 /INPUT 8 "act_in";
    .port_info 5 /OUTPUT 8 "act_out";
    .port_info 6 /INPUT 32 "psum_in";
    .port_info 7 /OUTPUT 32 "psum_out";
P_0x5e901f560b00 .param/l "ACC_W" 0 8 32, +C4<00000000000000000000000000100000>;
P_0x5e901f560b40 .param/l "DATA_W" 0 8 31, +C4<00000000000000000000000000001000>;
v0x5e901f55a940_0 .net "act_in", 7 0, L_0x5e901f651090;  1 drivers
v0x5e901f557860_0 .var "act_out", 7 0;
v0x5e901f557160_0 .net "clk", 0 0, v0x5e901f630010_0;  alias, 1 drivers
v0x5e901f554780_0 .net "psum_in", 31 0, L_0x5e901f651280;  1 drivers
v0x5e901f554840_0 .var "psum_out", 31 0;
v0x5e901f554080_0 .net "rst_n", 0 0, v0x5e901f630890_0;  alias, 1 drivers
v0x5e901f554120_0 .net "weight_in", 7 0, L_0x5e901f650ff0;  1 drivers
v0x5e901f5516a0_0 .net "weight_load", 0 0, L_0x5e901f650f30;  1 drivers
v0x5e901f551760_0 .var "weight_reg", 7 0;
S_0x5e901f593810 .scope generate, "gen_col[3]" "gen_col[3]" 7 100, 7 100 0, S_0x5e901f5a8e30;
 .timescale -9 -12;
P_0x5e901f54e6a0 .param/l "col" 1 7 100, +C4<011>;
L_0x5e901f651610 .functor AND 1, v0x5e901f615cf0_0, L_0x5e901f6514a0, C4<1>, C4<1>;
v0x5e901f53c080_0 .net *"_ivl_0", 3 0, L_0x5e901f651350;  1 drivers
L_0x793e5cf58020 .functor BUFT 1, C4<0>, C4<0>, C4<0>, C4<0>;
v0x5e901f53b980_0 .net *"_ivl_3", 0 0, L_0x793e5cf58020;  1 drivers
L_0x793e5cf58068 .functor BUFT 1, C4<0001>, C4<0>, C4<0>, C4<0>;
v0x5e901f538fa0_0 .net/2u *"_ivl_4", 3 0, L_0x793e5cf58068;  1 drivers
v0x5e901f539060_0 .net *"_ivl_6", 0 0, L_0x5e901f6514a0;  1 drivers
L_0x5e901f651350 .concat [ 3 1 0 0], v0x5e901f615de0_0, L_0x793e5cf58020;
L_0x5e901f6514a0 .cmp/eq 4, L_0x5e901f651350, L_0x793e5cf58068;
S_0x5e901f590730 .scope module, "u_pe" "pe" 7 101, 8 30 0, S_0x5e901f593810;
 .timescale -9 -12;
    .port_info 0 /INPUT 1 "clk";
    .port_info 1 /INPUT 1 "rst_n";
    .port_info 2 /INPUT 1 "weight_load";
    .port_info 3 /INPUT 8 "weight_in";
    .port_info 4 /INPUT 8 "act_in";
    .port_info 5 /OUTPUT 8 "act_out";
    .port_info 6 /INPUT 32 "psum_in";
    .port_info 7 /OUTPUT 32 "psum_out";
P_0x5e901f54b530 .param/l "ACC_W" 0 8 32, +C4<00000000000000000000000000100000>;
P_0x5e901f54b570 .param/l "DATA_W" 0 8 31, +C4<00000000000000000000000000001000>;
v0x5e901f547d00_0 .net "act_in", 7 0, L_0x5e901f6518d0;  1 drivers
v0x5e901f545320_0 .var "act_out", 7 0;
v0x5e901f544c20_0 .net "clk", 0 0, v0x5e901f630010_0;  alias, 1 drivers
v0x5e901f544cc0_0 .net "psum_in", 31 0, L_0x5e901f651970;  1 drivers
v0x5e901f542240_0 .var "psum_out", 31 0;
v0x5e901f541b40_0 .net "rst_n", 0 0, v0x5e901f630890_0;  alias, 1 drivers
v0x5e901f541be0_0 .net "weight_in", 7 0, L_0x5e901f6516d0;  1 drivers
v0x5e901f53f160_0 .net "weight_load", 0 0, L_0x5e901f651610;  1 drivers
v0x5e901f53f220_0 .var "weight_reg", 7 0;
S_0x5e901f58d650 .scope generate, "gen_col[4]" "gen_col[4]" 7 100, 7 100 0, S_0x5e901f5a8e30;
 .timescale -9 -12;
P_0x5e901f5484d0 .param/l "col" 1 7 100, +C4<0100>;
L_0x5e901f651e40 .functor AND 1, v0x5e901f615cf0_0, L_0x5e901f651cd0, C4<1>, C4<1>;
v0x5e901f526a60_0 .net *"_ivl_0", 3 0, L_0x5e901f651b80;  1 drivers
L_0x793e5cf580b0 .functor BUFT 1, C4<0>, C4<0>, C4<0>, C4<0>;
v0x5e901f526360_0 .net *"_ivl_3", 0 0, L_0x793e5cf580b0;  1 drivers
L_0x793e5cf580f8 .functor BUFT 1, C4<0001>, C4<0>, C4<0>, C4<0>;
v0x5e901f523980_0 .net/2u *"_ivl_4", 3 0, L_0x793e5cf580f8;  1 drivers
v0x5e901f523a40_0 .net *"_ivl_6", 0 0, L_0x5e901f651cd0;  1 drivers
L_0x5e901f651b80 .concat [ 3 1 0 0], v0x5e901f615de0_0, L_0x793e5cf580b0;
L_0x5e901f651cd0 .cmp/eq 4, L_0x5e901f651b80, L_0x793e5cf580f8;
S_0x5e901f58a570 .scope module, "u_pe" "pe" 7 101, 8 30 0, S_0x5e901f58d650;
 .timescale -9 -12;
    .port_info 0 /INPUT 1 "clk";
    .port_info 1 /INPUT 1 "rst_n";
    .port_info 2 /INPUT 1 "weight_load";
    .port_info 3 /INPUT 8 "weight_in";
    .port_info 4 /INPUT 8 "act_in";
    .port_info 5 /OUTPUT 8 "act_out";
    .port_info 6 /INPUT 32 "psum_in";
    .port_info 7 /OUTPUT 32 "psum_out";
P_0x5e901f535ec0 .param/l "ACC_W" 0 8 32, +C4<00000000000000000000000000100000>;
P_0x5e901f535f00 .param/l "DATA_W" 0 8 31, +C4<00000000000000000000000000001000>;
v0x5e901f5326e0_0 .net "act_in", 7 0, L_0x5e901f651fa0;  1 drivers
v0x5e901f52fd00_0 .var "act_out", 7 0;
v0x5e901f52cc20_0 .net "clk", 0 0, v0x5e901f630010_0;  alias, 1 drivers
v0x5e901f52ccc0_0 .net "psum_in", 31 0, L_0x5e901f6521c0;  1 drivers
v0x5e901f52c520_0 .var "psum_out", 31 0;
v0x5e901f529b40_0 .net "rst_n", 0 0, v0x5e901f630890_0;  alias, 1 drivers
v0x5e901f529be0_0 .net "weight_in", 7 0, L_0x5e901f651f00;  1 drivers
v0x5e901f529440_0 .net "weight_load", 0 0, L_0x5e901f651e40;  1 drivers
v0x5e901f529500_0 .var "weight_reg", 7 0;
S_0x5e901f587490 .scope generate, "gen_col[5]" "gen_col[5]" 7 100, 7 100 0, S_0x5e901f5a8e30;
 .timescale -9 -12;
P_0x5e901f526b60 .param/l "col" 1 7 100, +C4<0101>;
L_0x5e901f652730 .functor AND 1, v0x5e901f615cf0_0, L_0x5e901f6525c0, C4<1>, C4<1>;
v0x5e901f516f00_0 .net *"_ivl_0", 3 0, L_0x5e901f652260;  1 drivers
L_0x793e5cf58140 .functor BUFT 1, C4<0>, C4<0>, C4<0>, C4<0>;
v0x5e901f514520_0 .net *"_ivl_3", 0 0, L_0x793e5cf58140;  1 drivers
L_0x793e5cf58188 .functor BUFT 1, C4<0001>, C4<0>, C4<0>, C4<0>;
v0x5e901f513e20_0 .net/2u *"_ivl_4", 3 0, L_0x793e5cf58188;  1 drivers
v0x5e901f513ee0_0 .net *"_ivl_6", 0 0, L_0x5e901f6525c0;  1 drivers
L_0x5e901f652260 .concat [ 3 1 0 0], v0x5e901f615de0_0, L_0x793e5cf58140;
L_0x5e901f6525c0 .cmp/eq 4, L_0x5e901f652260, L_0x793e5cf58188;
S_0x5e901f5843b0 .scope module, "u_pe" "pe" 7 101, 8 30 0, S_0x5e901f587490;
 .timescale -9 -12;
    .port_info 0 /INPUT 1 "clk";
    .port_info 1 /INPUT 1 "rst_n";
    .port_info 2 /INPUT 1 "weight_load";
    .port_info 3 /INPUT 8 "weight_in";
    .port_info 4 /INPUT 8 "act_in";
    .port_info 5 /OUTPUT 8 "act_out";
    .port_info 6 /INPUT 32 "psum_in";
    .port_info 7 /OUTPUT 32 "psum_out";
P_0x5e901f532eb0 .param/l "ACC_W" 0 8 32, +C4<00000000000000000000000000100000>;
P_0x5e901f532ef0 .param/l "DATA_W" 0 8 31, +C4<00000000000000000000000000001000>;
v0x5e901f5201a0_0 .net "act_in", 7 0, L_0x5e901f652e40;  1 drivers
v0x5e901f51d7c0_0 .var "act_out", 7 0;
v0x5e901f51d0c0_0 .net "clk", 0 0, v0x5e901f630010_0;  alias, 1 drivers
v0x5e901f51d160_0 .net "psum_in", 31 0, L_0x5e901f652ee0;  1 drivers
v0x5e901f51a6e0_0 .var "psum_out", 31 0;
v0x5e901f519fe0_0 .net "rst_n", 0 0, v0x5e901f630890_0;  alias, 1 drivers
v0x5e901f51a080_0 .net "weight_in", 7 0, L_0x5e901f652a00;  1 drivers
v0x5e901f517600_0 .net "weight_load", 0 0, L_0x5e901f652730;  1 drivers
v0x5e901f5176c0_0 .var "weight_reg", 7 0;
S_0x5e901f5812d0 .scope generate, "gen_col[6]" "gen_col[6]" 7 100, 7 100 0, S_0x5e901f5a8e30;
 .timescale -9 -12;
P_0x5e901f517000 .param/l "col" 1 7 100, +C4<0110>;
L_0x5e901f653770 .functor AND 1, v0x5e901f615cf0_0, L_0x5e901f653680, C4<1>, C4<1>;
v0x5e901f57e580_0 .net *"_ivl_0", 3 0, L_0x5e901f653120;  1 drivers
L_0x793e5cf581d0 .functor BUFT 1, C4<0>, C4<0>, C4<0>, C4<0>;
v0x5e901f57b4a0_0 .net *"_ivl_3", 0 0, L_0x793e5cf581d0;  1 drivers
L_0x793e5cf58218 .functor BUFT 1, C4<0001>, C4<0>, C4<0>, C4<0>;
v0x5e901f5783c0_0 .net/2u *"_ivl_4", 3 0, L_0x793e5cf58218;  1 drivers
v0x5e901f578480_0 .net *"_ivl_6", 0 0, L_0x5e901f653680;  1 drivers
L_0x5e901f653120 .concat [ 3 1 0 0], v0x5e901f615de0_0, L_0x793e5cf581d0;
L_0x5e901f653680 .cmp/eq 4, L_0x5e901f653120, L_0x793e5cf58218;
S_0x5e901f57e1f0 .scope module, "u_pe" "pe" 7 101, 8 30 0, S_0x5e901f5812d0;
 .timescale -9 -12;
    .port_info 0 /INPUT 1 "clk";
    .port_info 1 /INPUT 1 "rst_n";
    .port_info 2 /INPUT 1 "weight_load";
    .port_info 3 /INPUT 8 "weight_in";
    .port_info 4 /INPUT 8 "act_in";
    .port_info 5 /OUTPUT 8 "act_out";
    .port_info 6 /INPUT 32 "psum_in";
    .port_info 7 /OUTPUT 32 "psum_out";
P_0x5e901f5b24b0 .param/l "ACC_W" 0 8 32, +C4<00000000000000000000000000100000>;
P_0x5e901f5b24f0 .param/l "DATA_W" 0 8 31, +C4<00000000000000000000000000001000>;
v0x5e901f5ac370_0 .net "act_in", 7 0, L_0x5e901f6538d0;  1 drivers
v0x5e901f5a91e0_0 .var "act_out", 7 0;
v0x5e901f599d60_0 .net "clk", 0 0, v0x5e901f630010_0;  alias, 1 drivers
v0x5e901f599e30_0 .net "psum_in", 31 0, L_0x5e901f653b20;  1 drivers
v0x5e901f596c80_0 .var "psum_out", 31 0;
v0x5e901f593ba0_0 .net "rst_n", 0 0, v0x5e901f630890_0;  alias, 1 drivers
v0x5e901f593c40_0 .net "weight_in", 7 0, L_0x5e901f653830;  1 drivers
v0x5e901f590ac0_0 .net "weight_load", 0 0, L_0x5e901f653770;  1 drivers
v0x5e901f590b80_0 .var "weight_reg", 7 0;
S_0x5e901f57b110 .scope generate, "gen_col[7]" "gen_col[7]" 7 100, 7 100 0, S_0x5e901f5a8e30;
 .timescale -9 -12;
P_0x5e901f581740 .param/l "col" 1 7 100, +C4<0111>;
L_0x5e901f653e50 .functor AND 1, v0x5e901f615cf0_0, L_0x5e901f653ce0, C4<1>, C4<1>;
v0x5e901f535080_0 .net *"_ivl_0", 3 0, L_0x5e901f653bc0;  1 drivers
L_0x793e5cf58260 .functor BUFT 1, C4<0>, C4<0>, C4<0>, C4<0>;
v0x5e901f531fa0_0 .net *"_ivl_3", 0 0, L_0x793e5cf58260;  1 drivers
L_0x793e5cf582a8 .functor BUFT 1, C4<0001>, C4<0>, C4<0>, C4<0>;
v0x5e901f52eec0_0 .net/2u *"_ivl_4", 3 0, L_0x793e5cf582a8;  1 drivers
v0x5e901f52ef80_0 .net *"_ivl_6", 0 0, L_0x5e901f653ce0;  1 drivers
L_0x5e901f653bc0 .concat [ 3 1 0 0], v0x5e901f615de0_0, L_0x793e5cf58260;
L_0x5e901f653ce0 .cmp/eq 4, L_0x5e901f653bc0, L_0x793e5cf582a8;
S_0x5e901f578030 .scope module, "u_pe" "pe" 7 101, 8 30 0, S_0x5e901f57b110;
 .timescale -9 -12;
    .port_info 0 /INPUT 1 "clk";
    .port_info 1 /INPUT 1 "rst_n";
    .port_info 2 /INPUT 1 "weight_load";
    .port_info 3 /INPUT 8 "weight_in";
    .port_info 4 /INPUT 8 "act_in";
    .port_info 5 /OUTPUT 8 "act_out";
    .port_info 6 /INPUT 32 "psum_in";
    .port_info 7 /OUTPUT 32 "psum_out";
P_0x5e901f568fb0 .param/l "ACC_W" 0 8 32, +C4<00000000000000000000000000100000>;
P_0x5e901f568ff0 .param/l "DATA_W" 0 8 31, +C4<00000000000000000000000000001000>;
v0x5e901f55fcc0_0 .net "act_in", 7 0, L_0x5e901f654170;  1 drivers
v0x5e901f550860_0 .var "act_out", 7 0;
v0x5e901f54d780_0 .net "clk", 0 0, v0x5e901f630010_0;  alias, 1 drivers
v0x5e901f54d820_0 .net "psum_in", 31 0, L_0x5e901f654210;  1 drivers
v0x5e901f54a6a0_0 .var "psum_out", 31 0;
v0x5e901f5475c0_0 .net "rst_n", 0 0, v0x5e901f630890_0;  alias, 1 drivers
v0x5e901f547660_0 .net "weight_in", 7 0, L_0x5e901f653f10;  1 drivers
v0x5e901f538160_0 .net "weight_load", 0 0, L_0x5e901f653e50;  1 drivers
v0x5e901f538200_0 .var "weight_reg", 7 0;
S_0x5e901f574f50 .scope generate, "gen_row[2]" "gen_row[2]" 7 99, 7 99 0, S_0x5e901f525c40;
 .timescale -9 -12;
P_0x5e901f535180 .param/l "row" 1 7 99, +C4<010>;
S_0x5e901f571e70 .scope generate, "gen_col[0]" "gen_col[0]" 7 100, 7 100 0, S_0x5e901f574f50;
 .timescale -9 -12;
P_0x5e901f51fa60 .param/l "col" 1 7 100, +C4<00>;
L_0x5e901f6548f0 .functor AND 1, v0x5e901f615cf0_0, L_0x5e901f6547b0, C4<1>, C4<1>;
v0x5e901f568bf0_0 .net *"_ivl_0", 3 0, L_0x5e901f654690;  1 drivers
L_0x793e5cf582f0 .functor BUFT 1, C4<0>, C4<0>, C4<0>, C4<0>;
v0x5e901f565af0_0 .net *"_ivl_3", 0 0, L_0x793e5cf582f0;  1 drivers
L_0x793e5cf58338 .functor BUFT 1, C4<0010>, C4<0>, C4<0>, C4<0>;
v0x5e901f565bd0_0 .net/2u *"_ivl_4", 3 0, L_0x793e5cf58338;  1 drivers
v0x5e901f562a10_0 .net *"_ivl_6", 0 0, L_0x5e901f6547b0;  1 drivers
L_0x5e901f654690 .concat [ 3 1 0 0], v0x5e901f615de0_0, L_0x793e5cf582f0;
L_0x5e901f6547b0 .cmp/eq 4, L_0x5e901f654690, L_0x793e5cf58338;
S_0x5e901f56ed90 .scope module, "u_pe" "pe" 7 101, 8 30 0, S_0x5e901f571e70;
 .timescale -9 -12;
    .port_info 0 /INPUT 1 "clk";
    .port_info 1 /INPUT 1 "rst_n";
    .port_info 2 /INPUT 1 "weight_load";
    .port_info 3 /INPUT 8 "weight_in";
    .port_info 4 /INPUT 8 "act_in";
    .port_info 5 /OUTPUT 8 "act_out";
    .port_info 6 /INPUT 32 "psum_in";
    .port_info 7 /OUTPUT 32 "psum_out";
P_0x5e901f51c980 .param/l "ACC_W" 0 8 32, +C4<00000000000000000000000000100000>;
P_0x5e901f51c9c0 .param/l "DATA_W" 0 8 31, +C4<00000000000000000000000000001000>;
v0x5e901f5167c0_0 .net "act_in", 7 0, L_0x5e901f654a50;  1 drivers
v0x5e901f516880_0 .var "act_out", 7 0;
v0x5e901f5073a0_0 .net "clk", 0 0, v0x5e901f630010_0;  alias, 1 drivers
v0x5e901f504280_0 .net "psum_in", 31 0, L_0x5e901f654cd0;  1 drivers
v0x5e901f504340_0 .var "psum_out", 31 0;
v0x5e901f5011e0_0 .net "rst_n", 0 0, v0x5e901f630890_0;  alias, 1 drivers
v0x5e901f4fe0c0_0 .net "weight_in", 7 0, L_0x5e901f6549b0;  1 drivers
v0x5e901f4fe180_0 .net "weight_load", 0 0, L_0x5e901f6548f0;  1 drivers
v0x5e901f56bcb0_0 .var "weight_reg", 7 0;
S_0x5e901f55f930 .scope generate, "gen_col[1]" "gen_col[1]" 7 100, 7 100 0, S_0x5e901f574f50;
 .timescale -9 -12;
P_0x5e901f568d10 .param/l "col" 1 7 100, +C4<01>;
L_0x5e901f655030 .functor AND 1, v0x5e901f615cf0_0, L_0x5e901f654ef0, C4<1>, C4<1>;
v0x5e901f544170_0 .net *"_ivl_0", 3 0, L_0x5e901f654da0;  1 drivers
L_0x793e5cf58380 .functor BUFT 1, C4<0>, C4<0>, C4<0>, C4<0>;
v0x5e901f541070_0 .net *"_ivl_3", 0 0, L_0x793e5cf58380;  1 drivers
L_0x793e5cf583c8 .functor BUFT 1, C4<0010>, C4<0>, C4<0>, C4<0>;
v0x5e901f541150_0 .net/2u *"_ivl_4", 3 0, L_0x793e5cf583c8;  1 drivers
v0x5e901f53df90_0 .net *"_ivl_6", 0 0, L_0x5e901f654ef0;  1 drivers
L_0x5e901f654da0 .concat [ 3 1 0 0], v0x5e901f615de0_0, L_0x793e5cf58380;
L_0x5e901f654ef0 .cmp/eq 4, L_0x5e901f654da0, L_0x793e5cf583c8;
S_0x5e901f55c850 .scope module, "u_pe" "pe" 7 101, 8 30 0, S_0x5e901f55f930;
 .timescale -9 -12;
    .port_info 0 /INPUT 1 "clk";
    .port_info 1 /INPUT 1 "rst_n";
    .port_info 2 /INPUT 1 "weight_load";
    .port_info 3 /INPUT 8 "weight_in";
    .port_info 4 /INPUT 8 "act_in";
    .port_info 5 /OUTPUT 8 "act_out";
    .port_info 6 /INPUT 32 "psum_in";
    .port_info 7 /OUTPUT 32 "psum_out";
P_0x5e901f559770 .param/l "ACC_W" 0 8 32, +C4<00000000000000000000000000100000>;
P_0x5e901f5597b0 .param/l "DATA_W" 0 8 31, +C4<00000000000000000000000000001000>;
v0x5e901f5535b0_0 .net "act_in", 7 0, L_0x5e901f655380;  1 drivers
v0x5e901f553690_0 .var "act_out", 7 0;
v0x5e901f5504d0_0 .net "clk", 0 0, v0x5e901f630010_0;  alias, 1 drivers
v0x5e901f5505a0_0 .net "psum_in", 31 0, L_0x5e901f655420;  1 drivers
v0x5e901f54d3f0_0 .var "psum_out", 31 0;
v0x5e901f54a310_0 .net "rst_n", 0 0, v0x5e901f630890_0;  alias, 1 drivers
v0x5e901f54a3b0_0 .net "weight_in", 7 0, L_0x5e901f6550f0;  1 drivers
v0x5e901f547230_0 .net "weight_load", 0 0, L_0x5e901f655030;  1 drivers
v0x5e901f5472f0_0 .var "weight_reg", 7 0;
S_0x5e901f53aeb0 .scope generate, "gen_col[2]" "gen_col[2]" 7 100, 7 100 0, S_0x5e901f574f50;
 .timescale -9 -12;
P_0x5e901f544270 .param/l "col" 1 7 100, +C4<010>;
L_0x5e901f6559b0 .functor AND 1, v0x5e901f615cf0_0, L_0x5e901f655840, C4<1>, C4<1>;
v0x5e901f51f6d0_0 .net *"_ivl_0", 3 0, L_0x5e901f6556f0;  1 drivers
L_0x793e5cf58410 .functor BUFT 1, C4<0>, C4<0>, C4<0>, C4<0>;
v0x5e901f51f7d0_0 .net *"_ivl_3", 0 0, L_0x793e5cf58410;  1 drivers
L_0x793e5cf58458 .functor BUFT 1, C4<0010>, C4<0>, C4<0>, C4<0>;
v0x5e901f51c630_0 .net/2u *"_ivl_4", 3 0, L_0x793e5cf58458;  1 drivers
v0x5e901f51c6f0_0 .net *"_ivl_6", 0 0, L_0x5e901f655840;  1 drivers
L_0x5e901f6556f0 .concat [ 3 1 0 0], v0x5e901f615de0_0, L_0x793e5cf58410;
L_0x5e901f655840 .cmp/eq 4, L_0x5e901f6556f0, L_0x793e5cf58458;
S_0x5e901f537dd0 .scope module, "u_pe" "pe" 7 101, 8 30 0, S_0x5e901f53aeb0;
 .timescale -9 -12;
    .port_info 0 /INPUT 1 "clk";
    .port_info 1 /INPUT 1 "rst_n";
    .port_info 2 /INPUT 1 "weight_load";
    .port_info 3 /INPUT 8 "weight_in";
    .port_info 4 /INPUT 8 "act_in";
    .port_info 5 /OUTPUT 8 "act_out";
    .port_info 6 /INPUT 32 "psum_in";
    .port_info 7 /OUTPUT 32 "psum_out";
P_0x5e901f534cf0 .param/l "ACC_W" 0 8 32, +C4<00000000000000000000000000100000>;
P_0x5e901f534d30 .param/l "DATA_W" 0 8 31, +C4<00000000000000000000000000001000>;
v0x5e901f52eb30_0 .net "act_in", 7 0, L_0x5e901f655b10;  1 drivers
v0x5e901f52ec10_0 .var "act_out", 7 0;
v0x5e901f52ba50_0 .net "clk", 0 0, v0x5e901f630010_0;  alias, 1 drivers
v0x5e901f52bb20_0 .net "psum_in", 31 0, L_0x5e901f655dc0;  1 drivers
v0x5e901f528970_0 .var "psum_out", 31 0;
v0x5e901f528a80_0 .net "rst_n", 0 0, v0x5e901f630890_0;  alias, 1 drivers
v0x5e901f525890_0 .net "weight_in", 7 0, L_0x5e901f655a70;  1 drivers
v0x5e901f525970_0 .net "weight_load", 0 0, L_0x5e901f6559b0;  1 drivers
v0x5e901f5227b0_0 .var "weight_reg", 7 0;
S_0x5e901f519530 .scope generate, "gen_col[3]" "gen_col[3]" 7 100, 7 100 0, S_0x5e901f574f50;
 .timescale -9 -12;
P_0x5e901f516450 .param/l "col" 1 7 100, +C4<011>;
L_0x5e901f656120 .functor AND 1, v0x5e901f615cf0_0, L_0x5e901f655fb0, C4<1>, C4<1>;
v0x5e901f4fac50_0 .net *"_ivl_0", 3 0, L_0x5e901f655e60;  1 drivers
L_0x793e5cf584a0 .functor BUFT 1, C4<0>, C4<0>, C4<0>, C4<0>;
v0x5e901f4fad50_0 .net *"_ivl_3", 0 0, L_0x793e5cf584a0;  1 drivers
L_0x793e5cf584e8 .functor BUFT 1, C4<0010>, C4<0>, C4<0>, C4<0>;
v0x5e901f4f7bb0_0 .net/2u *"_ivl_4", 3 0, L_0x793e5cf584e8;  1 drivers
v0x5e901f4f7c70_0 .net *"_ivl_6", 0 0, L_0x5e901f655fb0;  1 drivers
L_0x5e901f655e60 .concat [ 3 1 0 0], v0x5e901f615de0_0, L_0x793e5cf584a0;
L_0x5e901f655fb0 .cmp/eq 4, L_0x5e901f655e60, L_0x793e5cf584e8;
S_0x5e901f513350 .scope module, "u_pe" "pe" 7 101, 8 30 0, S_0x5e901f519530;
 .timescale -9 -12;
    .port_info 0 /INPUT 1 "clk";
    .port_info 1 /INPUT 1 "rst_n";
    .port_info 2 /INPUT 1 "weight_load";
    .port_info 3 /INPUT 8 "weight_in";
    .port_info 4 /INPUT 8 "act_in";
    .port_info 5 /OUTPUT 8 "act_out";
    .port_info 6 /INPUT 32 "psum_in";
    .port_info 7 /OUTPUT 32 "psum_out";
P_0x5e901f510270 .param/l "ACC_W" 0 8 32, +C4<00000000000000000000000000100000>;
P_0x5e901f5102b0 .param/l "DATA_W" 0 8 31, +C4<00000000000000000000000000001000>;
v0x5e901f50a0b0_0 .net "act_in", 7 0, L_0x5e901f6564a0;  1 drivers
v0x5e901f50a190_0 .var "act_out", 7 0;
v0x5e901f506fd0_0 .net "clk", 0 0, v0x5e901f630010_0;  alias, 1 drivers
v0x5e901f5070a0_0 .net "psum_in", 31 0, L_0x5e901f656540;  1 drivers
v0x5e901f503ef0_0 .var "psum_out", 31 0;
v0x5e901f500e10_0 .net "rst_n", 0 0, v0x5e901f630890_0;  alias, 1 drivers
v0x5e901f500eb0_0 .net "weight_in", 7 0, L_0x5e901f6561e0;  1 drivers
v0x5e901f4fdd30_0 .net "weight_load", 0 0, L_0x5e901f656120;  1 drivers
v0x5e901f4fddf0_0 .var "weight_reg", 7 0;
S_0x5e901f4f4ab0 .scope generate, "gen_col[4]" "gen_col[4]" 7 100, 7 100 0, S_0x5e901f574f50;
 .timescale -9 -12;
P_0x5e901f4f1950 .param/l "col" 1 7 100, +C4<0100>;
L_0x5e901f656b00 .functor AND 1, v0x5e901f615cf0_0, L_0x5e901f656990, C4<1>, C4<1>;
v0x5e901f55d360_0 .net *"_ivl_0", 3 0, L_0x5e901f656840;  1 drivers
L_0x793e5cf58530 .functor BUFT 1, C4<0>, C4<0>, C4<0>, C4<0>;
v0x5e901f55d460_0 .net *"_ivl_3", 0 0, L_0x793e5cf58530;  1 drivers
L_0x793e5cf58578 .functor BUFT 1, C4<0010>, C4<0>, C4<0>, C4<0>;
v0x5e901f55a260_0 .net/2u *"_ivl_4", 3 0, L_0x793e5cf58578;  1 drivers
v0x5e901f55a320_0 .net *"_ivl_6", 0 0, L_0x5e901f656990;  1 drivers
L_0x5e901f656840 .concat [ 3 1 0 0], v0x5e901f615de0_0, L_0x793e5cf58530;
L_0x5e901f656990 .cmp/eq 4, L_0x5e901f656840, L_0x793e5cf58578;
S_0x5e901f4aac60 .scope module, "u_pe" "pe" 7 101, 8 30 0, S_0x5e901f4f4ab0;
 .timescale -9 -12;
    .port_info 0 /INPUT 1 "clk";
    .port_info 1 /INPUT 1 "rst_n";
    .port_info 2 /INPUT 1 "weight_load";
    .port_info 3 /INPUT 8 "weight_in";
    .port_info 4 /INPUT 8 "act_in";
    .port_info 5 /OUTPUT 8 "act_out";
    .port_info 6 /INPUT 32 "psum_in";
    .port_info 7 /OUTPUT 32 "psum_out";
P_0x5e901f4a8640 .param/l "ACC_W" 0 8 32, +C4<00000000000000000000000000100000>;
P_0x5e901f4a8680 .param/l "DATA_W" 0 8 31, +C4<00000000000000000000000000001000>;
v0x5e901f4a1e50_0 .net "act_in", 7 0, L_0x5e901f656c60;  1 drivers
v0x5e901f511460_0 .var "act_out", 7 0;
v0x5e901f511540_0 .net "clk", 0 0, v0x5e901f630010_0;  alias, 1 drivers
v0x5e901f53ea60_0 .net "psum_in", 31 0, L_0x5e901f656f40;  1 drivers
v0x5e901f53eb20_0 .var "psum_out", 31 0;
v0x5e901f5050e0_0 .net "rst_n", 0 0, v0x5e901f630890_0;  alias, 1 drivers
v0x5e901f505180_0 .net "weight_in", 7 0, L_0x5e901f656bc0;  1 drivers
v0x5e901f501fe0_0 .net "weight_load", 0 0, L_0x5e901f656b00;  1 drivers
v0x5e901f5020a0_0 .var "weight_reg", 7 0;
S_0x5e901f52f600 .scope generate, "gen_col[5]" "gen_col[5]" 7 100, 7 100 0, S_0x5e901f574f50;
 .timescale -9 -12;
P_0x5e901f52f7b0 .param/l "col" 1 7 100, +C4<0101>;
L_0x5e901f6572d0 .functor AND 1, v0x5e901f615cf0_0, L_0x5e901f657160, C4<1>, C4<1>;
v0x5e901f3a5c00_0 .net *"_ivl_0", 3 0, L_0x5e901f657010;  1 drivers
L_0x793e5cf585c0 .functor BUFT 1, C4<0>, C4<0>, C4<0>, C4<0>;
v0x5e901f3a5d00_0 .net *"_ivl_3", 0 0, L_0x793e5cf585c0;  1 drivers
L_0x793e5cf58608 .functor BUFT 1, C4<0010>, C4<0>, C4<0>, C4<0>;
v0x5e901f3a5de0_0 .net/2u *"_ivl_4", 3 0, L_0x793e5cf58608;  1 drivers
v0x5e901f33af20_0 .net *"_ivl_6", 0 0, L_0x5e901f657160;  1 drivers
L_0x5e901f657010 .concat [ 3 1 0 0], v0x5e901f615de0_0, L_0x793e5cf585c0;
L_0x5e901f657160 .cmp/eq 4, L_0x5e901f657010, L_0x793e5cf58608;
S_0x5e901f4f5ca0 .scope module, "u_pe" "pe" 7 101, 8 30 0, S_0x5e901f52f600;
 .timescale -9 -12;
    .port_info 0 /INPUT 1 "clk";
    .port_info 1 /INPUT 1 "rst_n";
    .port_info 2 /INPUT 1 "weight_load";
    .port_info 3 /INPUT 8 "weight_in";
    .port_info 4 /INPUT 8 "act_in";
    .port_info 5 /OUTPUT 8 "act_out";
    .port_info 6 /INPUT 32 "psum_in";
    .port_info 7 /OUTPUT 32 "psum_out";
P_0x5e901f4f8690 .param/l "ACC_W" 0 8 32, +C4<00000000000000000000000000100000>;
P_0x5e901f4f86d0 .param/l "DATA_W" 0 8 31, +C4<00000000000000000000000000001000>;
v0x5e901f4f56b0_0 .net "act_in", 7 0, L_0x5e901f657680;  1 drivers
v0x5e901f4f2410_0 .var "act_out", 7 0;
v0x5e901f4f24f0_0 .net "clk", 0 0, v0x5e901f630010_0;  alias, 1 drivers
v0x5e901f507aa0_0 .net "psum_in", 31 0, L_0x5e901f657720;  1 drivers
v0x5e901f507b60_0 .var "psum_out", 31 0;
v0x5e901f5b2ba0_0 .net "rst_n", 0 0, v0x5e901f630890_0;  alias, 1 drivers
v0x5e901f5b2c40_0 .net "weight_in", 7 0, L_0x5e901f657390;  1 drivers
v0x5e901f5b2d20_0 .net "weight_load", 0 0, L_0x5e901f6572d0;  1 drivers
v0x5e901f3a5a20_0 .var "weight_reg", 7 0;
S_0x5e901f33afe0 .scope generate, "gen_col[6]" "gen_col[6]" 7 100, 7 100 0, S_0x5e901f574f50;
 .timescale -9 -12;
P_0x5e901f33b190 .param/l "col" 1 7 100, +C4<0110>;
L_0x5e901f657d10 .functor AND 1, v0x5e901f615cf0_0, L_0x5e901f657ba0, C4<1>, C4<1>;
v0x5e901f392a00_0 .net *"_ivl_0", 3 0, L_0x5e901f657a50;  1 drivers
L_0x793e5cf58650 .functor BUFT 1, C4<0>, C4<0>, C4<0>, C4<0>;
v0x5e901f392b00_0 .net *"_ivl_3", 0 0, L_0x793e5cf58650;  1 drivers
L_0x793e5cf58698 .functor BUFT 1, C4<0010>, C4<0>, C4<0>, C4<0>;
v0x5e901f392be0_0 .net/2u *"_ivl_4", 3 0, L_0x793e5cf58698;  1 drivers
v0x5e901f392ca0_0 .net *"_ivl_6", 0 0, L_0x5e901f657ba0;  1 drivers
L_0x5e901f657a50 .concat [ 3 1 0 0], v0x5e901f615de0_0, L_0x793e5cf58650;
L_0x5e901f657ba0 .cmp/eq 4, L_0x5e901f657a50, L_0x793e5cf58698;
S_0x5e901f354ce0 .scope module, "u_pe" "pe" 7 101, 8 30 0, S_0x5e901f33afe0;
 .timescale -9 -12;
    .port_info 0 /INPUT 1 "clk";
    .port_info 1 /INPUT 1 "rst_n";
    .port_info 2 /INPUT 1 "weight_load";
    .port_info 3 /INPUT 8 "weight_in";
    .port_info 4 /INPUT 8 "act_in";
    .port_info 5 /OUTPUT 8 "act_out";
    .port_info 6 /INPUT 32 "psum_in";
    .port_info 7 /OUTPUT 32 "psum_out";
P_0x5e901f354ec0 .param/l "ACC_W" 0 8 32, +C4<00000000000000000000000000100000>;
P_0x5e901f354f00 .param/l "DATA_W" 0 8 31, +C4<00000000000000000000000000001000>;
v0x5e901f3769b0_0 .net "act_in", 7 0, L_0x5e901f657e70;  1 drivers
v0x5e901f376ab0_0 .var "act_out", 7 0;
v0x5e901f376b90_0 .net "clk", 0 0, v0x5e901f630010_0;  alias, 1 drivers
v0x5e901f376c30_0 .net "psum_in", 31 0, L_0x5e901f658180;  1 drivers
v0x5e901f376cf0_0 .var "psum_out", 31 0;
v0x5e901f34e1c0_0 .net "rst_n", 0 0, v0x5e901f630890_0;  alias, 1 drivers
v0x5e901f34e260_0 .net "weight_in", 7 0, L_0x5e901f657dd0;  1 drivers
v0x5e901f34e340_0 .net "weight_load", 0 0, L_0x5e901f657d10;  1 drivers
v0x5e901f34e400_0 .var "weight_reg", 7 0;
S_0x5e901f39c530 .scope generate, "gen_col[7]" "gen_col[7]" 7 100, 7 100 0, S_0x5e901f574f50;
 .timescale -9 -12;
P_0x5e901f39c6e0 .param/l "col" 1 7 100, +C4<0111>;
L_0x5e901f658510 .functor AND 1, v0x5e901f615cf0_0, L_0x5e901f6583a0, C4<1>, C4<1>;
v0x5e901f3d9400_0 .net *"_ivl_0", 3 0, L_0x5e901f658250;  1 drivers
L_0x793e5cf586e0 .functor BUFT 1, C4<0>, C4<0>, C4<0>, C4<0>;
v0x5e901f3d9500_0 .net *"_ivl_3", 0 0, L_0x793e5cf586e0;  1 drivers
L_0x793e5cf58728 .functor BUFT 1, C4<0010>, C4<0>, C4<0>, C4<0>;
v0x5e901f3e3d70_0 .net/2u *"_ivl_4", 3 0, L_0x793e5cf58728;  1 drivers
v0x5e901f3e3e30_0 .net *"_ivl_6", 0 0, L_0x5e901f6583a0;  1 drivers
L_0x5e901f658250 .concat [ 3 1 0 0], v0x5e901f615de0_0, L_0x793e5cf586e0;
L_0x5e901f6583a0 .cmp/eq 4, L_0x5e901f658250, L_0x793e5cf58728;
S_0x5e901f39c7c0 .scope module, "u_pe" "pe" 7 101, 8 30 0, S_0x5e901f39c530;
 .timescale -9 -12;
    .port_info 0 /INPUT 1 "clk";
    .port_info 1 /INPUT 1 "rst_n";
    .port_info 2 /INPUT 1 "weight_load";
    .port_info 3 /INPUT 8 "weight_in";
    .port_info 4 /INPUT 8 "act_in";
    .port_info 5 /OUTPUT 8 "act_out";
    .port_info 6 /INPUT 32 "psum_in";
    .port_info 7 /OUTPUT 32 "psum_out";
P_0x5e901f392d60 .param/l "ACC_W" 0 8 32, +C4<00000000000000000000000000100000>;
P_0x5e901f392da0 .param/l "DATA_W" 0 8 31, +C4<00000000000000000000000000001000>;
v0x5e901f3eea40_0 .net "act_in", 7 0, L_0x5e901f6588f0;  1 drivers
v0x5e901f3eeb40_0 .var "act_out", 7 0;
v0x5e901f397d50_0 .net "clk", 0 0, v0x5e901f630010_0;  alias, 1 drivers
v0x5e901f397e20_0 .net "psum_in", 31 0, L_0x5e901f658990;  1 drivers
v0x5e901f397ee0_0 .var "psum_out", 31 0;
v0x5e901f398010_0 .net "rst_n", 0 0, v0x5e901f630890_0;  alias, 1 drivers
v0x5e901f3980b0_0 .net "weight_in", 7 0, L_0x5e901f6585d0;  1 drivers
v0x5e901f3d9160_0 .net "weight_load", 0 0, L_0x5e901f658510;  1 drivers
v0x5e901f3d9220_0 .var "weight_reg", 7 0;
S_0x5e901f3e3ef0 .scope generate, "gen_row[3]" "gen_row[3]" 7 99, 7 99 0, S_0x5e901f525c40;
 .timescale -9 -12;
P_0x5e901f3e40a0 .param/l "row" 1 7 99, +C4<011>;
S_0x5e901f3d22f0 .scope generate, "gen_col[0]" "gen_col[0]" 7 100, 7 100 0, S_0x5e901f3e3ef0;
 .timescale -9 -12;
P_0x5e901f3d24f0 .param/l "col" 1 7 100, +C4<00>;
L_0x5e901f658fb0 .functor AND 1, v0x5e901f615cf0_0, L_0x5e901f658e40, C4<1>, C4<1>;
v0x5e901f2e3810_0 .net *"_ivl_0", 3 0, L_0x5e901f658cf0;  1 drivers
L_0x793e5cf58770 .functor BUFT 1, C4<0>, C4<0>, C4<0>, C4<0>;
v0x5e901f5dc450_0 .net *"_ivl_3", 0 0, L_0x793e5cf58770;  1 drivers
L_0x793e5cf587b8 .functor BUFT 1, C4<0011>, C4<0>, C4<0>, C4<0>;
v0x5e901f5dc4f0_0 .net/2u *"_ivl_4", 3 0, L_0x793e5cf587b8;  1 drivers
v0x5e901f5dc590_0 .net *"_ivl_6", 0 0, L_0x5e901f658e40;  1 drivers
L_0x5e901f658cf0 .concat [ 3 1 0 0], v0x5e901f615de0_0, L_0x793e5cf58770;
L_0x5e901f658e40 .cmp/eq 4, L_0x5e901f658cf0, L_0x793e5cf587b8;
S_0x5e901f3d25d0 .scope module, "u_pe" "pe" 7 101, 8 30 0, S_0x5e901f3d22f0;
 .timescale -9 -12;
    .port_info 0 /INPUT 1 "clk";
    .port_info 1 /INPUT 1 "rst_n";
    .port_info 2 /INPUT 1 "weight_load";
    .port_info 3 /INPUT 8 "weight_in";
    .port_info 4 /INPUT 8 "act_in";
    .port_info 5 /OUTPUT 8 "act_out";
    .port_info 6 /INPUT 32 "psum_in";
    .port_info 7 /OUTPUT 32 "psum_out";
P_0x5e901f3a2f70 .param/l "ACC_W" 0 8 32, +C4<00000000000000000000000000100000>;
P_0x5e901f3a2fb0 .param/l "DATA_W" 0 8 31, +C4<00000000000000000000000000001000>;
v0x5e901f3a32b0_0 .net "act_in", 7 0, L_0x5e901f659110;  1 drivers
v0x5e901f3b2140_0 .var "act_out", 7 0;
v0x5e901f3b2220_0 .net "clk", 0 0, v0x5e901f630010_0;  alias, 1 drivers
v0x5e901f3b22f0_0 .net "psum_in", 31 0, L_0x5e901f659450;  1 drivers
v0x5e901f3b23b0_0 .var "psum_out", 31 0;
v0x5e901f3b24e0_0 .net "rst_n", 0 0, v0x5e901f630890_0;  alias, 1 drivers
v0x5e901f2e3490_0 .net "weight_in", 7 0, L_0x5e901f659070;  1 drivers
v0x5e901f2e3570_0 .net "weight_load", 0 0, L_0x5e901f658fb0;  1 drivers
v0x5e901f2e3630_0 .var "weight_reg", 7 0;
S_0x5e901f5dc630 .scope generate, "gen_col[1]" "gen_col[1]" 7 100, 7 100 0, S_0x5e901f3e3ef0;
 .timescale -9 -12;
P_0x5e901f39c950 .param/l "col" 1 7 100, +C4<01>;
L_0x5e901f6597e0 .functor AND 1, v0x5e901f615cf0_0, L_0x5e901f659670, C4<1>, C4<1>;
v0x5e901f5dd400_0 .net *"_ivl_0", 3 0, L_0x5e901f659520;  1 drivers
L_0x793e5cf58800 .functor BUFT 1, C4<0>, C4<0>, C4<0>, C4<0>;
v0x5e901f5dd500_0 .net *"_ivl_3", 0 0, L_0x793e5cf58800;  1 drivers
L_0x793e5cf58848 .functor BUFT 1, C4<0011>, C4<0>, C4<0>, C4<0>;
v0x5e901f5dd5e0_0 .net/2u *"_ivl_4", 3 0, L_0x793e5cf58848;  1 drivers
v0x5e901f5dd6d0_0 .net *"_ivl_6", 0 0, L_0x5e901f659670;  1 drivers
L_0x5e901f659520 .concat [ 3 1 0 0], v0x5e901f615de0_0, L_0x793e5cf58800;
L_0x5e901f659670 .cmp/eq 4, L_0x5e901f659520, L_0x793e5cf58848;
S_0x5e901f5dc7c0 .scope module, "u_pe" "pe" 7 101, 8 30 0, S_0x5e901f5dc630;
 .timescale -9 -12;
    .port_info 0 /INPUT 1 "clk";
    .port_info 1 /INPUT 1 "rst_n";
    .port_info 2 /INPUT 1 "weight_load";
    .port_info 3 /INPUT 8 "weight_in";
    .port_info 4 /INPUT 8 "act_in";
    .port_info 5 /OUTPUT 8 "act_out";
    .port_info 6 /INPUT 32 "psum_in";
    .port_info 7 /OUTPUT 32 "psum_out";
P_0x5e901f5dc950 .param/l "ACC_W" 0 8 32, +C4<00000000000000000000000000100000>;
P_0x5e901f5dc990 .param/l "DATA_W" 0 8 31, +C4<00000000000000000000000000001000>;
v0x5e901f5dcc30_0 .net "act_in", 7 0, L_0x5e901f659bf0;  1 drivers
v0x5e901f5dccd0_0 .var "act_out", 7 0;
v0x5e901f5dcd70_0 .net "clk", 0 0, v0x5e901f630010_0;  alias, 1 drivers
v0x5e901f5dce10_0 .net "psum_in", 31 0, L_0x5e901f659c90;  1 drivers
v0x5e901f5dceb0_0 .var "psum_out", 31 0;
v0x5e901f5dcfe0_0 .net "rst_n", 0 0, v0x5e901f630890_0;  alias, 1 drivers
v0x5e901f5dd080_0 .net "weight_in", 7 0, L_0x5e901f6598a0;  1 drivers
v0x5e901f5dd160_0 .net "weight_load", 0 0, L_0x5e901f6597e0;  1 drivers
v0x5e901f5dd220_0 .var "weight_reg", 7 0;
S_0x5e901f5dd790 .scope generate, "gen_col[2]" "gen_col[2]" 7 100, 7 100 0, S_0x5e901f3e3ef0;
 .timescale -9 -12;
P_0x5e901f5dd970 .param/l "col" 1 7 100, +C4<010>;
L_0x5e901f65a2e0 .functor AND 1, v0x5e901f615cf0_0, L_0x5e901f65a170, C4<1>, C4<1>;
v0x5e901f5de810_0 .net *"_ivl_0", 3 0, L_0x5e901f65a020;  1 drivers
L_0x793e5cf58890 .functor BUFT 1, C4<0>, C4<0>, C4<0>, C4<0>;
v0x5e901f5de910_0 .net *"_ivl_3", 0 0, L_0x793e5cf58890;  1 drivers
L_0x793e5cf588d8 .functor BUFT 1, C4<0011>, C4<0>, C4<0>, C4<0>;
v0x5e901f5de9f0_0 .net/2u *"_ivl_4", 3 0, L_0x793e5cf588d8;  1 drivers
v0x5e901f5deab0_0 .net *"_ivl_6", 0 0, L_0x5e901f65a170;  1 drivers
L_0x5e901f65a020 .concat [ 3 1 0 0], v0x5e901f615de0_0, L_0x793e5cf58890;
L_0x5e901f65a170 .cmp/eq 4, L_0x5e901f65a020, L_0x793e5cf588d8;
S_0x5e901f5dda30 .scope module, "u_pe" "pe" 7 101, 8 30 0, S_0x5e901f5dd790;
 .timescale -9 -12;
    .port_info 0 /INPUT 1 "clk";
    .port_info 1 /INPUT 1 "rst_n";
    .port_info 2 /INPUT 1 "weight_load";
    .port_info 3 /INPUT 8 "weight_in";
    .port_info 4 /INPUT 8 "act_in";
    .port_info 5 /OUTPUT 8 "act_out";
    .port_info 6 /INPUT 32 "psum_in";
    .port_info 7 /OUTPUT 32 "psum_out";
P_0x5e901f5ddc10 .param/l "ACC_W" 0 8 32, +C4<00000000000000000000000000100000>;
P_0x5e901f5ddc50 .param/l "DATA_W" 0 8 31, +C4<00000000000000000000000000001000>;
v0x5e901f5ddf50_0 .net "act_in", 7 0, L_0x5e901f65a440;  1 drivers
v0x5e901f5de050_0 .var "act_out", 7 0;
v0x5e901f5de130_0 .net "clk", 0 0, v0x5e901f630010_0;  alias, 1 drivers
v0x5e901f5de200_0 .net "psum_in", 31 0, L_0x5e901f65a7b0;  1 drivers
v0x5e901f5de2c0_0 .var "psum_out", 31 0;
v0x5e901f5de3f0_0 .net "rst_n", 0 0, v0x5e901f630890_0;  alias, 1 drivers
v0x5e901f5de490_0 .net "weight_in", 7 0, L_0x5e901f65a3a0;  1 drivers
v0x5e901f5de570_0 .net "weight_load", 0 0, L_0x5e901f65a2e0;  1 drivers
v0x5e901f5de630_0 .var "weight_reg", 7 0;
S_0x5e901f5deb70 .scope generate, "gen_col[3]" "gen_col[3]" 7 100, 7 100 0, S_0x5e901f3e3ef0;
 .timescale -9 -12;
P_0x5e901f5ded20 .param/l "col" 1 7 100, +C4<011>;
L_0x5e901f65ab40 .functor AND 1, v0x5e901f615cf0_0, L_0x5e901f65a9d0, C4<1>, C4<1>;
v0x5e901f5dfbe0_0 .net *"_ivl_0", 3 0, L_0x5e901f65a880;  1 drivers
L_0x793e5cf58920 .functor BUFT 1, C4<0>, C4<0>, C4<0>, C4<0>;
v0x5e901f5dfce0_0 .net *"_ivl_3", 0 0, L_0x793e5cf58920;  1 drivers
L_0x793e5cf58968 .functor BUFT 1, C4<0011>, C4<0>, C4<0>, C4<0>;
v0x5e901f5dfdc0_0 .net/2u *"_ivl_4", 3 0, L_0x793e5cf58968;  1 drivers
v0x5e901f5dfe80_0 .net *"_ivl_6", 0 0, L_0x5e901f65a9d0;  1 drivers
L_0x5e901f65a880 .concat [ 3 1 0 0], v0x5e901f615de0_0, L_0x793e5cf58920;
L_0x5e901f65a9d0 .cmp/eq 4, L_0x5e901f65a880, L_0x793e5cf58968;
S_0x5e901f5dee00 .scope module, "u_pe" "pe" 7 101, 8 30 0, S_0x5e901f5deb70;
 .timescale -9 -12;
    .port_info 0 /INPUT 1 "clk";
    .port_info 1 /INPUT 1 "rst_n";
    .port_info 2 /INPUT 1 "weight_load";
    .port_info 3 /INPUT 8 "weight_in";
    .port_info 4 /INPUT 8 "act_in";
    .port_info 5 /OUTPUT 8 "act_out";
    .port_info 6 /INPUT 32 "psum_in";
    .port_info 7 /OUTPUT 32 "psum_out";
P_0x5e901f5defe0 .param/l "ACC_W" 0 8 32, +C4<00000000000000000000000000100000>;
P_0x5e901f5df020 .param/l "DATA_W" 0 8 31, +C4<00000000000000000000000000001000>;
v0x5e901f5df320_0 .net "act_in", 7 0, L_0x5e901f65af80;  1 drivers
v0x5e901f5df420_0 .var "act_out", 7 0;
v0x5e901f5df500_0 .net "clk", 0 0, v0x5e901f630010_0;  alias, 1 drivers
v0x5e901f5df5d0_0 .net "psum_in", 31 0, L_0x5e901f65b020;  1 drivers
v0x5e901f5df690_0 .var "psum_out", 31 0;
v0x5e901f5df7c0_0 .net "rst_n", 0 0, v0x5e901f630890_0;  alias, 1 drivers
v0x5e901f5df860_0 .net "weight_in", 7 0, L_0x5e901f65ac00;  1 drivers
v0x5e901f5df940_0 .net "weight_load", 0 0, L_0x5e901f65ab40;  1 drivers
v0x5e901f5dfa00_0 .var "weight_reg", 7 0;
S_0x5e901f5dff40 .scope generate, "gen_col[4]" "gen_col[4]" 7 100, 7 100 0, S_0x5e901f3e3ef0;
 .timescale -9 -12;
P_0x5e901f5e0140 .param/l "col" 1 7 100, +C4<0100>;
L_0x5e901f65b6a0 .functor AND 1, v0x5e901f615cf0_0, L_0x5e901f65b530, C4<1>, C4<1>;
v0x5e901f5e0fd0_0 .net *"_ivl_0", 3 0, L_0x5e901f65b3e0;  1 drivers
L_0x793e5cf589b0 .functor BUFT 1, C4<0>, C4<0>, C4<0>, C4<0>;
v0x5e901f5e10d0_0 .net *"_ivl_3", 0 0, L_0x793e5cf589b0;  1 drivers
L_0x793e5cf589f8 .functor BUFT 1, C4<0011>, C4<0>, C4<0>, C4<0>;
v0x5e901f5e11b0_0 .net/2u *"_ivl_4", 3 0, L_0x793e5cf589f8;  1 drivers
v0x5e901f5e1270_0 .net *"_ivl_6", 0 0, L_0x5e901f65b530;  1 drivers
L_0x5e901f65b3e0 .concat [ 3 1 0 0], v0x5e901f615de0_0, L_0x793e5cf589b0;
L_0x5e901f65b530 .cmp/eq 4, L_0x5e901f65b3e0, L_0x793e5cf589f8;
S_0x5e901f5e0220 .scope module, "u_pe" "pe" 7 101, 8 30 0, S_0x5e901f5dff40;
 .timescale -9 -12;
    .port_info 0 /INPUT 1 "clk";
    .port_info 1 /INPUT 1 "rst_n";
    .port_info 2 /INPUT 1 "weight_load";
    .port_info 3 /INPUT 8 "weight_in";
    .port_info 4 /INPUT 8 "act_in";
    .port_info 5 /OUTPUT 8 "act_out";
    .port_info 6 /INPUT 32 "psum_in";
    .port_info 7 /OUTPUT 32 "psum_out";
P_0x5e901f5e0400 .param/l "ACC_W" 0 8 32, +C4<00000000000000000000000000100000>;
P_0x5e901f5e0440 .param/l "DATA_W" 0 8 31, +C4<00000000000000000000000000001000>;
v0x5e901f5e0710_0 .net "act_in", 7 0, L_0x5e901f65b800;  1 drivers
v0x5e901f5e0810_0 .var "act_out", 7 0;
v0x5e901f5e08f0_0 .net "clk", 0 0, v0x5e901f630010_0;  alias, 1 drivers
v0x5e901f5e09c0_0 .net "psum_in", 31 0, L_0x5e901f65bba0;  1 drivers
v0x5e901f5e0a80_0 .var "psum_out", 31 0;
v0x5e901f5e0bb0_0 .net "rst_n", 0 0, v0x5e901f630890_0;  alias, 1 drivers
v0x5e901f5e0c50_0 .net "weight_in", 7 0, L_0x5e901f65b760;  1 drivers
v0x5e901f5e0d30_0 .net "weight_load", 0 0, L_0x5e901f65b6a0;  1 drivers
v0x5e901f5e0df0_0 .var "weight_reg", 7 0;
S_0x5e901f5e1330 .scope generate, "gen_col[5]" "gen_col[5]" 7 100, 7 100 0, S_0x5e901f3e3ef0;
 .timescale -9 -12;
P_0x5e901f5e14e0 .param/l "col" 1 7 100, +C4<0101>;
L_0x5e901f65c340 .functor AND 1, v0x5e901f615cf0_0, L_0x5e901f65c1d0, C4<1>, C4<1>;
v0x5e901f5e23a0_0 .net *"_ivl_0", 3 0, L_0x5e901f65bc70;  1 drivers
L_0x793e5cf58a40 .functor BUFT 1, C4<0>, C4<0>, C4<0>, C4<0>;
v0x5e901f5e24a0_0 .net *"_ivl_3", 0 0, L_0x793e5cf58a40;  1 drivers
L_0x793e5cf58a88 .functor BUFT 1, C4<0011>, C4<0>, C4<0>, C4<0>;
v0x5e901f5e2580_0 .net/2u *"_ivl_4", 3 0, L_0x793e5cf58a88;  1 drivers
v0x5e901f5e2640_0 .net *"_ivl_6", 0 0, L_0x5e901f65c1d0;  1 drivers
L_0x5e901f65bc70 .concat [ 3 1 0 0], v0x5e901f615de0_0, L_0x793e5cf58a40;
L_0x5e901f65c1d0 .cmp/eq 4, L_0x5e901f65bc70, L_0x793e5cf58a88;
S_0x5e901f5e15c0 .scope module, "u_pe" "pe" 7 101, 8 30 0, S_0x5e901f5e1330;
 .timescale -9 -12;
    .port_info 0 /INPUT 1 "clk";
    .port_info 1 /INPUT 1 "rst_n";
    .port_info 2 /INPUT 1 "weight_load";
    .port_info 3 /INPUT 8 "weight_in";
    .port_info 4 /INPUT 8 "act_in";
    .port_info 5 /OUTPUT 8 "act_out";
    .port_info 6 /INPUT 32 "psum_in";
    .port_info 7 /OUTPUT 32 "psum_out";
P_0x5e901f5e17a0 .param/l "ACC_W" 0 8 32, +C4<00000000000000000000000000100000>;
P_0x5e901f5e17e0 .param/l "DATA_W" 0 8 31, +C4<00000000000000000000000000001000>;
v0x5e901f5e1ae0_0 .net "act_in", 7 0, L_0x5e901f65cfd0;  1 drivers
v0x5e901f5e1be0_0 .var "act_out", 7 0;
v0x5e901f5e1cc0_0 .net "clk", 0 0, v0x5e901f630010_0;  alias, 1 drivers
v0x5e901f5e1d90_0 .net "psum_in", 31 0, L_0x5e901f65d070;  1 drivers
v0x5e901f5e1e50_0 .var "psum_out", 31 0;
v0x5e901f5e1f80_0 .net "rst_n", 0 0, v0x5e901f630890_0;  alias, 1 drivers
v0x5e901f5e2020_0 .net "weight_in", 7 0, L_0x5e901f65c810;  1 drivers
v0x5e901f5e2100_0 .net "weight_load", 0 0, L_0x5e901f65c340;  1 drivers
v0x5e901f5e21c0_0 .var "weight_reg", 7 0;
S_0x5e901f5e2700 .scope generate, "gen_col[6]" "gen_col[6]" 7 100, 7 100 0, S_0x5e901f3e3ef0;
 .timescale -9 -12;
P_0x5e901f5e28b0 .param/l "col" 1 7 100, +C4<0110>;
L_0x5e901f65d720 .functor AND 1, v0x5e901f615cf0_0, L_0x5e901f65d5b0, C4<1>, C4<1>;
v0x5e901f5e3770_0 .net *"_ivl_0", 3 0, L_0x5e901f65d460;  1 drivers
L_0x793e5cf58ad0 .functor BUFT 1, C4<0>, C4<0>, C4<0>, C4<0>;
v0x5e901f5e3870_0 .net *"_ivl_3", 0 0, L_0x793e5cf58ad0;  1 drivers
L_0x793e5cf58b18 .functor BUFT 1, C4<0011>, C4<0>, C4<0>, C4<0>;
v0x5e901f5e3950_0 .net/2u *"_ivl_4", 3 0, L_0x793e5cf58b18;  1 drivers
v0x5e901f5e3a10_0 .net *"_ivl_6", 0 0, L_0x5e901f65d5b0;  1 drivers
L_0x5e901f65d460 .concat [ 3 1 0 0], v0x5e901f615de0_0, L_0x793e5cf58ad0;
L_0x5e901f65d5b0 .cmp/eq 4, L_0x5e901f65d460, L_0x793e5cf58b18;
S_0x5e901f5e2990 .scope module, "u_pe" "pe" 7 101, 8 30 0, S_0x5e901f5e2700;
 .timescale -9 -12;
    .port_info 0 /INPUT 1 "clk";
    .port_info 1 /INPUT 1 "rst_n";
    .port_info 2 /INPUT 1 "weight_load";
    .port_info 3 /INPUT 8 "weight_in";
    .port_info 4 /INPUT 8 "act_in";
    .port_info 5 /OUTPUT 8 "act_out";
    .port_info 6 /INPUT 32 "psum_in";
    .port_info 7 /OUTPUT 32 "psum_out";
P_0x5e901f5e2b70 .param/l "ACC_W" 0 8 32, +C4<00000000000000000000000000100000>;
P_0x5e901f5e2bb0 .param/l "DATA_W" 0 8 31, +C4<00000000000000000000000000001000>;
v0x5e901f5e2eb0_0 .net "act_in", 7 0, L_0x5e901f65d880;  1 drivers
v0x5e901f5e2fb0_0 .var "act_out", 7 0;
v0x5e901f5e3090_0 .net "clk", 0 0, v0x5e901f630010_0;  alias, 1 drivers
v0x5e901f5e3160_0 .net "psum_in", 31 0, L_0x5e901f65dc50;  1 drivers
v0x5e901f5e3220_0 .var "psum_out", 31 0;
v0x5e901f5e3350_0 .net "rst_n", 0 0, v0x5e901f630890_0;  alias, 1 drivers
v0x5e901f5e33f0_0 .net "weight_in", 7 0, L_0x5e901f65d7e0;  1 drivers
v0x5e901f5e34d0_0 .net "weight_load", 0 0, L_0x5e901f65d720;  1 drivers
v0x5e901f5e3590_0 .var "weight_reg", 7 0;
S_0x5e901f5e3ad0 .scope generate, "gen_col[7]" "gen_col[7]" 7 100, 7 100 0, S_0x5e901f3e3ef0;
 .timescale -9 -12;
P_0x5e901f5e3c80 .param/l "col" 1 7 100, +C4<0111>;
L_0x5e901f65dfe0 .functor AND 1, v0x5e901f615cf0_0, L_0x5e901f65de70, C4<1>, C4<1>;
v0x5e901f5e4b40_0 .net *"_ivl_0", 3 0, L_0x5e901f65dd20;  1 drivers
L_0x793e5cf58b60 .functor BUFT 1, C4<0>, C4<0>, C4<0>, C4<0>;
v0x5e901f5e4c40_0 .net *"_ivl_3", 0 0, L_0x793e5cf58b60;  1 drivers
L_0x793e5cf58ba8 .functor BUFT 1, C4<0011>, C4<0>, C4<0>, C4<0>;
v0x5e901f5e4d20_0 .net/2u *"_ivl_4", 3 0, L_0x793e5cf58ba8;  1 drivers
v0x5e901f5e4de0_0 .net *"_ivl_6", 0 0, L_0x5e901f65de70;  1 drivers
L_0x5e901f65dd20 .concat [ 3 1 0 0], v0x5e901f615de0_0, L_0x793e5cf58b60;
L_0x5e901f65de70 .cmp/eq 4, L_0x5e901f65dd20, L_0x793e5cf58ba8;
S_0x5e901f5e3d60 .scope module, "u_pe" "pe" 7 101, 8 30 0, S_0x5e901f5e3ad0;
 .timescale -9 -12;
    .port_info 0 /INPUT 1 "clk";
    .port_info 1 /INPUT 1 "rst_n";
    .port_info 2 /INPUT 1 "weight_load";
    .port_info 3 /INPUT 8 "weight_in";
    .port_info 4 /INPUT 8 "act_in";
    .port_info 5 /OUTPUT 8 "act_out";
    .port_info 6 /INPUT 32 "psum_in";
    .port_info 7 /OUTPUT 32 "psum_out";
P_0x5e901f5e3f40 .param/l "ACC_W" 0 8 32, +C4<00000000000000000000000000100000>;
P_0x5e901f5e3f80 .param/l "DATA_W" 0 8 31, +C4<00000000000000000000000000001000>;
v0x5e901f5e4280_0 .net "act_in", 7 0, L_0x5e901f65e480;  1 drivers
v0x5e901f5e4380_0 .var "act_out", 7 0;
v0x5e901f5e4460_0 .net "clk", 0 0, v0x5e901f630010_0;  alias, 1 drivers
v0x5e901f5e4530_0 .net "psum_in", 31 0, L_0x5e901f65e930;  1 drivers
v0x5e901f5e45f0_0 .var "psum_out", 31 0;
v0x5e901f5e4720_0 .net "rst_n", 0 0, v0x5e901f630890_0;  alias, 1 drivers
v0x5e901f5e47c0_0 .net "weight_in", 7 0, L_0x5e901f65e0a0;  1 drivers
v0x5e901f5e48a0_0 .net "weight_load", 0 0, L_0x5e901f65dfe0;  1 drivers
v0x5e901f5e4960_0 .var "weight_reg", 7 0;
S_0x5e901f5e4ea0 .scope generate, "gen_row[4]" "gen_row[4]" 7 99, 7 99 0, S_0x5e901f525c40;
 .timescale -9 -12;
P_0x5e901f5e5050 .param/l "row" 1 7 99, +C4<0100>;
S_0x5e901f5e5130 .scope generate, "gen_col[0]" "gen_col[0]" 7 100, 7 100 0, S_0x5e901f5e4ea0;
 .timescale -9 -12;
P_0x5e901f5e5330 .param/l "col" 1 7 100, +C4<00>;
L_0x5e901f65f420 .functor AND 1, v0x5e901f615cf0_0, L_0x5e901f65f2b0, C4<1>, C4<1>;
v0x5e901f5e6600_0 .net *"_ivl_0", 4 0, L_0x5e901f65f160;  1 drivers
L_0x793e5cf58bf0 .functor BUFT 1, C4<00>, C4<0>, C4<0>, C4<0>;
v0x5e901f5e6700_0 .net *"_ivl_3", 1 0, L_0x793e5cf58bf0;  1 drivers
L_0x793e5cf58c38 .functor BUFT 1, C4<00100>, C4<0>, C4<0>, C4<0>;
v0x5e901f5e67e0_0 .net/2u *"_ivl_4", 4 0, L_0x793e5cf58c38;  1 drivers
v0x5e901f5e68a0_0 .net *"_ivl_6", 0 0, L_0x5e901f65f2b0;  1 drivers
L_0x5e901f65f160 .concat [ 3 2 0 0], v0x5e901f615de0_0, L_0x793e5cf58bf0;
L_0x5e901f65f2b0 .cmp/eq 5, L_0x5e901f65f160, L_0x793e5cf58c38;
S_0x5e901f5e5410 .scope module, "u_pe" "pe" 7 101, 8 30 0, S_0x5e901f5e5130;
 .timescale -9 -12;
    .port_info 0 /INPUT 1 "clk";
    .port_info 1 /INPUT 1 "rst_n";
    .port_info 2 /INPUT 1 "weight_load";
    .port_info 3 /INPUT 8 "weight_in";
    .port_info 4 /INPUT 8 "act_in";
    .port_info 5 /OUTPUT 8 "act_out";
    .port_info 6 /INPUT 32 "psum_in";
    .port_info 7 /OUTPUT 32 "psum_out";
P_0x5e901f5e55f0 .param/l "ACC_W" 0 8 32, +C4<00000000000000000000000000100000>;
P_0x5e901f5e5630 .param/l "DATA_W" 0 8 31, +C4<00000000000000000000000000001000>;
v0x5e901f5e5930_0 .net "act_in", 7 0, L_0x5e901f65f580;  1 drivers
v0x5e901f5e5a30_0 .var "act_out", 7 0;
v0x5e901f5e5b10_0 .net "clk", 0 0, v0x5e901f630010_0;  alias, 1 drivers
v0x5e901f5e5be0_0 .net "psum_in", 31 0, L_0x5e901f65f980;  1 drivers
v0x5e901f5e5ca0_0 .var "psum_out", 31 0;
v0x5e901f5e5dd0_0 .net "rst_n", 0 0, v0x5e901f630890_0;  alias, 1 drivers
v0x5e901f5e6280_0 .net "weight_in", 7 0, L_0x5e901f65f4e0;  1 drivers
v0x5e901f5e6360_0 .net "weight_load", 0 0, L_0x5e901f65f420;  1 drivers
v0x5e901f5e6420_0 .var "weight_reg", 7 0;
S_0x5e901f5e6960 .scope generate, "gen_col[1]" "gen_col[1]" 7 100, 7 100 0, S_0x5e901f5e4ea0;
 .timescale -9 -12;
P_0x5e901f5e6b30 .param/l "col" 1 7 100, +C4<01>;
L_0x5e901f65fd10 .functor AND 1, v0x5e901f615cf0_0, L_0x5e901f65fba0, C4<1>, C4<1>;
v0x5e901f5e79d0_0 .net *"_ivl_0", 4 0, L_0x5e901f65fa50;  1 drivers
L_0x793e5cf58c80 .functor BUFT 1, C4<00>, C4<0>, C4<0>, C4<0>;
v0x5e901f5e7ad0_0 .net *"_ivl_3", 1 0, L_0x793e5cf58c80;  1 drivers
L_0x793e5cf58cc8 .functor BUFT 1, C4<00100>, C4<0>, C4<0>, C4<0>;
v0x5e901f5e7bb0_0 .net/2u *"_ivl_4", 4 0, L_0x793e5cf58cc8;  1 drivers
v0x5e901f5e7c70_0 .net *"_ivl_6", 0 0, L_0x5e901f65fba0;  1 drivers
L_0x5e901f65fa50 .concat [ 3 2 0 0], v0x5e901f615de0_0, L_0x793e5cf58c80;
L_0x5e901f65fba0 .cmp/eq 5, L_0x5e901f65fa50, L_0x793e5cf58cc8;
S_0x5e901f5e6bf0 .scope module, "u_pe" "pe" 7 101, 8 30 0, S_0x5e901f5e6960;
 .timescale -9 -12;
    .port_info 0 /INPUT 1 "clk";
    .port_info 1 /INPUT 1 "rst_n";
    .port_info 2 /INPUT 1 "weight_load";
    .port_info 3 /INPUT 8 "weight_in";
    .port_info 4 /INPUT 8 "act_in";
    .port_info 5 /OUTPUT 8 "act_out";
    .port_info 6 /INPUT 32 "psum_in";
    .port_info 7 /OUTPUT 32 "psum_out";
P_0x5e901f5e6dd0 .param/l "ACC_W" 0 8 32, +C4<00000000000000000000000000100000>;
P_0x5e901f5e6e10 .param/l "DATA_W" 0 8 31, +C4<00000000000000000000000000001000>;
v0x5e901f5e7110_0 .net "act_in", 7 0, L_0x5e901f6601e0;  1 drivers
v0x5e901f5e7210_0 .var "act_out", 7 0;
v0x5e901f5e72f0_0 .net "clk", 0 0, v0x5e901f630010_0;  alias, 1 drivers
v0x5e901f5e73c0_0 .net "psum_in", 31 0, L_0x5e901f660280;  1 drivers
v0x5e901f5e7480_0 .var "psum_out", 31 0;
v0x5e901f5e75b0_0 .net "rst_n", 0 0, v0x5e901f630890_0;  alias, 1 drivers
v0x5e901f5e7650_0 .net "weight_in", 7 0, L_0x5e901f65fdd0;  1 drivers
v0x5e901f5e7730_0 .net "weight_load", 0 0, L_0x5e901f65fd10;  1 drivers
v0x5e901f5e77f0_0 .var "weight_reg", 7 0;
S_0x5e901f5e7d30 .scope generate, "gen_col[2]" "gen_col[2]" 7 100, 7 100 0, S_0x5e901f5e4ea0;
 .timescale -9 -12;
P_0x5e901f5e7f10 .param/l "col" 1 7 100, +C4<010>;
L_0x5e901f660990 .functor AND 1, v0x5e901f615cf0_0, L_0x5e901f660820, C4<1>, C4<1>;
v0x5e901f5e8db0_0 .net *"_ivl_0", 4 0, L_0x5e901f6606d0;  1 drivers
L_0x793e5cf58d10 .functor BUFT 1, C4<00>, C4<0>, C4<0>, C4<0>;
v0x5e901f5e8eb0_0 .net *"_ivl_3", 1 0, L_0x793e5cf58d10;  1 drivers
L_0x793e5cf58d58 .functor BUFT 1, C4<00100>, C4<0>, C4<0>, C4<0>;
v0x5e901f5e8f90_0 .net/2u *"_ivl_4", 4 0, L_0x793e5cf58d58;  1 drivers
v0x5e901f5e9050_0 .net *"_ivl_6", 0 0, L_0x5e901f660820;  1 drivers
L_0x5e901f6606d0 .concat [ 3 2 0 0], v0x5e901f615de0_0, L_0x793e5cf58d10;
L_0x5e901f660820 .cmp/eq 5, L_0x5e901f6606d0, L_0x793e5cf58d58;
S_0x5e901f5e7fd0 .scope module, "u_pe" "pe" 7 101, 8 30 0, S_0x5e901f5e7d30;
 .timescale -9 -12;
    .port_info 0 /INPUT 1 "clk";
    .port_info 1 /INPUT 1 "rst_n";
    .port_info 2 /INPUT 1 "weight_load";
    .port_info 3 /INPUT 8 "weight_in";
    .port_info 4 /INPUT 8 "act_in";
    .port_info 5 /OUTPUT 8 "act_out";
    .port_info 6 /INPUT 32 "psum_in";
    .port_info 7 /OUTPUT 32 "psum_out";
P_0x5e901f5e81b0 .param/l "ACC_W" 0 8 32, +C4<00000000000000000000000000100000>;
P_0x5e901f5e81f0 .param/l "DATA_W" 0 8 31, +C4<00000000000000000000000000001000>;
v0x5e901f5e84f0_0 .net "act_in", 7 0, L_0x5e901f660af0;  1 drivers
v0x5e901f5e85f0_0 .var "act_out", 7 0;
v0x5e901f5e86d0_0 .net "clk", 0 0, v0x5e901f630010_0;  alias, 1 drivers
v0x5e901f5e87a0_0 .net "psum_in", 31 0, L_0x5e901f660f20;  1 drivers
v0x5e901f5e8860_0 .var "psum_out", 31 0;
v0x5e901f5e8990_0 .net "rst_n", 0 0, v0x5e901f630890_0;  alias, 1 drivers
v0x5e901f5e8a30_0 .net "weight_in", 7 0, L_0x5e901f660a50;  1 drivers
v0x5e901f5e8b10_0 .net "weight_load", 0 0, L_0x5e901f660990;  1 drivers
v0x5e901f5e8bd0_0 .var "weight_reg", 7 0;
S_0x5e901f5e9110 .scope generate, "gen_col[3]" "gen_col[3]" 7 100, 7 100 0, S_0x5e901f5e4ea0;
 .timescale -9 -12;
P_0x5e901f5e92c0 .param/l "col" 1 7 100, +C4<011>;
L_0x5e901f6612b0 .functor AND 1, v0x5e901f615cf0_0, L_0x5e901f661140, C4<1>, C4<1>;
v0x5e901f5ea180_0 .net *"_ivl_0", 4 0, L_0x5e901f660ff0;  1 drivers
L_0x793e5cf58da0 .functor BUFT 1, C4<00>, C4<0>, C4<0>, C4<0>;
v0x5e901f5ea280_0 .net *"_ivl_3", 1 0, L_0x793e5cf58da0;  1 drivers
L_0x793e5cf58de8 .functor BUFT 1, C4<00100>, C4<0>, C4<0>, C4<0>;
v0x5e901f5ea360_0 .net/2u *"_ivl_4", 4 0, L_0x793e5cf58de8;  1 drivers
v0x5e901f5ea420_0 .net *"_ivl_6", 0 0, L_0x5e901f661140;  1 drivers
L_0x5e901f660ff0 .concat [ 3 2 0 0], v0x5e901f615de0_0, L_0x793e5cf58da0;
L_0x5e901f661140 .cmp/eq 5, L_0x5e901f660ff0, L_0x793e5cf58de8;
S_0x5e901f5e93a0 .scope module, "u_pe" "pe" 7 101, 8 30 0, S_0x5e901f5e9110;
 .timescale -9 -12;
    .port_info 0 /INPUT 1 "clk";
    .port_info 1 /INPUT 1 "rst_n";
    .port_info 2 /INPUT 1 "weight_load";
    .port_info 3 /INPUT 8 "weight_in";
    .port_info 4 /INPUT 8 "act_in";
    .port_info 5 /OUTPUT 8 "act_out";
    .port_info 6 /INPUT 32 "psum_in";
    .port_info 7 /OUTPUT 32 "psum_out";
P_0x5e901f5e9580 .param/l "ACC_W" 0 8 32, +C4<00000000000000000000000000100000>;
P_0x5e901f5e95c0 .param/l "DATA_W" 0 8 31, +C4<00000000000000000000000000001000>;
v0x5e901f5e98c0_0 .net "act_in", 7 0, L_0x5e901f6617b0;  1 drivers
v0x5e901f5e99c0_0 .var "act_out", 7 0;
v0x5e901f5e9aa0_0 .net "clk", 0 0, v0x5e901f630010_0;  alias, 1 drivers
v0x5e901f5e9b70_0 .net "psum_in", 31 0, L_0x5e901f661850;  1 drivers
v0x5e901f5e9c30_0 .var "psum_out", 31 0;
v0x5e901f5e9d60_0 .net "rst_n", 0 0, v0x5e901f630890_0;  alias, 1 drivers
v0x5e901f5e9e00_0 .net "weight_in", 7 0, L_0x5e901f661370;  1 drivers
v0x5e901f5e9ee0_0 .net "weight_load", 0 0, L_0x5e901f6612b0;  1 drivers
v0x5e901f5e9fa0_0 .var "weight_reg", 7 0;
S_0x5e901f5ea4e0 .scope generate, "gen_col[4]" "gen_col[4]" 7 100, 7 100 0, S_0x5e901f5e4ea0;
 .timescale -9 -12;
P_0x5e901f5ea6e0 .param/l "col" 1 7 100, +C4<0100>;
L_0x5e901f661f90 .functor AND 1, v0x5e901f615cf0_0, L_0x5e901f661e20, C4<1>, C4<1>;
v0x5e901f5eb570_0 .net *"_ivl_0", 4 0, L_0x5e901f661cd0;  1 drivers
L_0x793e5cf58e30 .functor BUFT 1, C4<00>, C4<0>, C4<0>, C4<0>;
v0x5e901f5eb670_0 .net *"_ivl_3", 1 0, L_0x793e5cf58e30;  1 drivers
L_0x793e5cf58e78 .functor BUFT 1, C4<00100>, C4<0>, C4<0>, C4<0>;
v0x5e901f5eb750_0 .net/2u *"_ivl_4", 4 0, L_0x793e5cf58e78;  1 drivers
v0x5e901f5eb810_0 .net *"_ivl_6", 0 0, L_0x5e901f661e20;  1 drivers
L_0x5e901f661cd0 .concat [ 3 2 0 0], v0x5e901f615de0_0, L_0x793e5cf58e30;
L_0x5e901f661e20 .cmp/eq 5, L_0x5e901f661cd0, L_0x793e5cf58e78;
S_0x5e901f5ea7c0 .scope module, "u_pe" "pe" 7 101, 8 30 0, S_0x5e901f5ea4e0;
 .timescale -9 -12;
    .port_info 0 /INPUT 1 "clk";
    .port_info 1 /INPUT 1 "rst_n";
    .port_info 2 /INPUT 1 "weight_load";
    .port_info 3 /INPUT 8 "weight_in";
    .port_info 4 /INPUT 8 "act_in";
    .port_info 5 /OUTPUT 8 "act_out";
    .port_info 6 /INPUT 32 "psum_in";
    .port_info 7 /OUTPUT 32 "psum_out";
P_0x5e901f5ea9a0 .param/l "ACC_W" 0 8 32, +C4<00000000000000000000000000100000>;
P_0x5e901f5ea9e0 .param/l "DATA_W" 0 8 31, +C4<00000000000000000000000000001000>;
v0x5e901f5eacb0_0 .net "act_in", 7 0, L_0x5e901f6620f0;  1 drivers
v0x5e901f5eadb0_0 .var "act_out", 7 0;
v0x5e901f5eae90_0 .net "clk", 0 0, v0x5e901f630010_0;  alias, 1 drivers
v0x5e901f5eaf60_0 .net "psum_in", 31 0, L_0x5e901f662550;  1 drivers
v0x5e901f5eb020_0 .var "psum_out", 31 0;
v0x5e901f5eb150_0 .net "rst_n", 0 0, v0x5e901f630890_0;  alias, 1 drivers
v0x5e901f5eb1f0_0 .net "weight_in", 7 0, L_0x5e901f662050;  1 drivers
v0x5e901f5eb2d0_0 .net "weight_load", 0 0, L_0x5e901f661f90;  1 drivers
v0x5e901f5eb390_0 .var "weight_reg", 7 0;
S_0x5e901f5eb8d0 .scope generate, "gen_col[5]" "gen_col[5]" 7 100, 7 100 0, S_0x5e901f5e4ea0;
 .timescale -9 -12;
P_0x5e901f5eba80 .param/l "col" 1 7 100, +C4<0101>;
L_0x5e901f6628e0 .functor AND 1, v0x5e901f615cf0_0, L_0x5e901f662770, C4<1>, C4<1>;
v0x5e901f5ec940_0 .net *"_ivl_0", 4 0, L_0x5e901f662620;  1 drivers
L_0x793e5cf58ec0 .functor BUFT 1, C4<00>, C4<0>, C4<0>, C4<0>;
v0x5e901f5eca40_0 .net *"_ivl_3", 1 0, L_0x793e5cf58ec0;  1 drivers
L_0x793e5cf58f08 .functor BUFT 1, C4<00100>, C4<0>, C4<0>, C4<0>;
v0x5e901f5ecb20_0 .net/2u *"_ivl_4", 4 0, L_0x793e5cf58f08;  1 drivers
v0x5e901f5ecbe0_0 .net *"_ivl_6", 0 0, L_0x5e901f662770;  1 drivers
L_0x5e901f662620 .concat [ 3 2 0 0], v0x5e901f615de0_0, L_0x793e5cf58ec0;
L_0x5e901f662770 .cmp/eq 5, L_0x5e901f662620, L_0x793e5cf58f08;
S_0x5e901f5ebb60 .scope module, "u_pe" "pe" 7 101, 8 30 0, S_0x5e901f5eb8d0;
 .timescale -9 -12;
    .port_info 0 /INPUT 1 "clk";
    .port_info 1 /INPUT 1 "rst_n";
    .port_info 2 /INPUT 1 "weight_load";
    .port_info 3 /INPUT 8 "weight_in";
    .port_info 4 /INPUT 8 "act_in";
    .port_info 5 /OUTPUT 8 "act_out";
    .port_info 6 /INPUT 32 "psum_in";
    .port_info 7 /OUTPUT 32 "psum_out";
P_0x5e901f5ebd40 .param/l "ACC_W" 0 8 32, +C4<00000000000000000000000000100000>;
P_0x5e901f5ebd80 .param/l "DATA_W" 0 8 31, +C4<00000000000000000000000000001000>;
v0x5e901f5ec080_0 .net "act_in", 7 0, L_0x5e901f662e10;  1 drivers
v0x5e901f5ec180_0 .var "act_out", 7 0;
v0x5e901f5ec260_0 .net "clk", 0 0, v0x5e901f630010_0;  alias, 1 drivers
v0x5e901f5ec330_0 .net "psum_in", 31 0, L_0x5e901f662eb0;  1 drivers
v0x5e901f5ec3f0_0 .var "psum_out", 31 0;
v0x5e901f5ec520_0 .net "rst_n", 0 0, v0x5e901f630890_0;  alias, 1 drivers
v0x5e901f5ec5c0_0 .net "weight_in", 7 0, L_0x5e901f6629a0;  1 drivers
v0x5e901f5ec6a0_0 .net "weight_load", 0 0, L_0x5e901f6628e0;  1 drivers
v0x5e901f5ec760_0 .var "weight_reg", 7 0;
S_0x5e901f5ecca0 .scope generate, "gen_col[6]" "gen_col[6]" 7 100, 7 100 0, S_0x5e901f5e4ea0;
 .timescale -9 -12;
P_0x5e901f5ece50 .param/l "col" 1 7 100, +C4<0110>;
L_0x5e901f663620 .functor AND 1, v0x5e901f615cf0_0, L_0x5e901f6634b0, C4<1>, C4<1>;
v0x5e901f5edd10_0 .net *"_ivl_0", 4 0, L_0x5e901f663360;  1 drivers
L_0x793e5cf58f50 .functor BUFT 1, C4<00>, C4<0>, C4<0>, C4<0>;
v0x5e901f5ede10_0 .net *"_ivl_3", 1 0, L_0x793e5cf58f50;  1 drivers
L_0x793e5cf58f98 .functor BUFT 1, C4<00100>, C4<0>, C4<0>, C4<0>;
v0x5e901f5edef0_0 .net/2u *"_ivl_4", 4 0, L_0x793e5cf58f98;  1 drivers
v0x5e901f5edfb0_0 .net *"_ivl_6", 0 0, L_0x5e901f6634b0;  1 drivers
L_0x5e901f663360 .concat [ 3 2 0 0], v0x5e901f615de0_0, L_0x793e5cf58f50;
L_0x5e901f6634b0 .cmp/eq 5, L_0x5e901f663360, L_0x793e5cf58f98;
S_0x5e901f5ecf30 .scope module, "u_pe" "pe" 7 101, 8 30 0, S_0x5e901f5ecca0;
 .timescale -9 -12;
    .port_info 0 /INPUT 1 "clk";
    .port_info 1 /INPUT 1 "rst_n";
    .port_info 2 /INPUT 1 "weight_load";
    .port_info 3 /INPUT 8 "weight_in";
    .port_info 4 /INPUT 8 "act_in";
    .port_info 5 /OUTPUT 8 "act_out";
    .port_info 6 /INPUT 32 "psum_in";
    .port_info 7 /OUTPUT 32 "psum_out";
P_0x5e901f5ed110 .param/l "ACC_W" 0 8 32, +C4<00000000000000000000000000100000>;
P_0x5e901f5ed150 .param/l "DATA_W" 0 8 31, +C4<00000000000000000000000000001000>;
v0x5e901f5ed450_0 .net "act_in", 7 0, L_0x5e901f663780;  1 drivers
v0x5e901f5ed550_0 .var "act_out", 7 0;
v0x5e901f5ed630_0 .net "clk", 0 0, v0x5e901f630010_0;  alias, 1 drivers
v0x5e901f5ed700_0 .net "psum_in", 31 0, L_0x5e901f663c10;  1 drivers
v0x5e901f5ed7c0_0 .var "psum_out", 31 0;
v0x5e901f5ed8f0_0 .net "rst_n", 0 0, v0x5e901f630890_0;  alias, 1 drivers
v0x5e901f5ed990_0 .net "weight_in", 7 0, L_0x5e901f6636e0;  1 drivers
v0x5e901f5eda70_0 .net "weight_load", 0 0, L_0x5e901f663620;  1 drivers
v0x5e901f5edb30_0 .var "weight_reg", 7 0;
S_0x5e901f5ee070 .scope generate, "gen_col[7]" "gen_col[7]" 7 100, 7 100 0, S_0x5e901f5e4ea0;
 .timescale -9 -12;
P_0x5e901f5ee220 .param/l "col" 1 7 100, +C4<0111>;
L_0x5e901f663fa0 .functor AND 1, v0x5e901f615cf0_0, L_0x5e901f663e30, C4<1>, C4<1>;
v0x5e901f5ef0e0_0 .net *"_ivl_0", 4 0, L_0x5e901f663ce0;  1 drivers
L_0x793e5cf58fe0 .functor BUFT 1, C4<00>, C4<0>, C4<0>, C4<0>;
v0x5e901f5ef1e0_0 .net *"_ivl_3", 1 0, L_0x793e5cf58fe0;  1 drivers
L_0x793e5cf59028 .functor BUFT 1, C4<00100>, C4<0>, C4<0>, C4<0>;
v0x5e901f5ef2c0_0 .net/2u *"_ivl_4", 4 0, L_0x793e5cf59028;  1 drivers
v0x5e901f5ef380_0 .net *"_ivl_6", 0 0, L_0x5e901f663e30;  1 drivers
L_0x5e901f663ce0 .concat [ 3 2 0 0], v0x5e901f615de0_0, L_0x793e5cf58fe0;
L_0x5e901f663e30 .cmp/eq 5, L_0x5e901f663ce0, L_0x793e5cf59028;
S_0x5e901f5ee300 .scope module, "u_pe" "pe" 7 101, 8 30 0, S_0x5e901f5ee070;
 .timescale -9 -12;
    .port_info 0 /INPUT 1 "clk";
    .port_info 1 /INPUT 1 "rst_n";
    .port_info 2 /INPUT 1 "weight_load";
    .port_info 3 /INPUT 8 "weight_in";
    .port_info 4 /INPUT 8 "act_in";
    .port_info 5 /OUTPUT 8 "act_out";
    .port_info 6 /INPUT 32 "psum_in";
    .port_info 7 /OUTPUT 32 "psum_out";
P_0x5e901f5ee4e0 .param/l "ACC_W" 0 8 32, +C4<00000000000000000000000000100000>;
P_0x5e901f5ee520 .param/l "DATA_W" 0 8 31, +C4<00000000000000000000000000001000>;
v0x5e901f5ee820_0 .net "act_in", 7 0, L_0x5e901f664500;  1 drivers
v0x5e901f5ee920_0 .var "act_out", 7 0;
v0x5e901f5eea00_0 .net "clk", 0 0, v0x5e901f630010_0;  alias, 1 drivers
v0x5e901f5eead0_0 .net "psum_in", 31 0, L_0x5e901f6645a0;  1 drivers
v0x5e901f5eeb90_0 .var "psum_out", 31 0;
v0x5e901f5eecc0_0 .net "rst_n", 0 0, v0x5e901f630890_0;  alias, 1 drivers
v0x5e901f5eed60_0 .net "weight_in", 7 0, L_0x5e901f664060;  1 drivers
v0x5e901f5eee40_0 .net "weight_load", 0 0, L_0x5e901f663fa0;  1 drivers
v0x5e901f5eef00_0 .var "weight_reg", 7 0;
S_0x5e901f5ef440 .scope generate, "gen_row[5]" "gen_row[5]" 7 99, 7 99 0, S_0x5e901f525c40;
 .timescale -9 -12;
P_0x5e901f5ef5f0 .param/l "row" 1 7 99, +C4<0101>;
S_0x5e901f5ef6d0 .scope generate, "gen_col[0]" "gen_col[0]" 7 100, 7 100 0, S_0x5e901f5ef440;
 .timescale -9 -12;
P_0x5e901f5ef8d0 .param/l "col" 1 7 100, +C4<00>;
L_0x5e901f664d40 .functor AND 1, v0x5e901f615cf0_0, L_0x5e901f664bd0, C4<1>, C4<1>;
v0x5e901f5f0790_0 .net *"_ivl_0", 4 0, L_0x5e901f664a80;  1 drivers
L_0x793e5cf59070 .functor BUFT 1, C4<00>, C4<0>, C4<0>, C4<0>;
v0x5e901f5f0890_0 .net *"_ivl_3", 1 0, L_0x793e5cf59070;  1 drivers
L_0x793e5cf590b8 .functor BUFT 1, C4<00101>, C4<0>, C4<0>, C4<0>;
v0x5e901f5f0970_0 .net/2u *"_ivl_4", 4 0, L_0x793e5cf590b8;  1 drivers
v0x5e901f5f0a30_0 .net *"_ivl_6", 0 0, L_0x5e901f664bd0;  1 drivers
L_0x5e901f664a80 .concat [ 3 2 0 0], v0x5e901f615de0_0, L_0x793e5cf59070;
L_0x5e901f664bd0 .cmp/eq 5, L_0x5e901f664a80, L_0x793e5cf590b8;
S_0x5e901f5ef9b0 .scope module, "u_pe" "pe" 7 101, 8 30 0, S_0x5e901f5ef6d0;
 .timescale -9 -12;
    .port_info 0 /INPUT 1 "clk";
    .port_info 1 /INPUT 1 "rst_n";
    .port_info 2 /INPUT 1 "weight_load";
    .port_info 3 /INPUT 8 "weight_in";
    .port_info 4 /INPUT 8 "act_in";
    .port_info 5 /OUTPUT 8 "act_out";
    .port_info 6 /INPUT 32 "psum_in";
    .port_info 7 /OUTPUT 32 "psum_out";
P_0x5e901f5efb90 .param/l "ACC_W" 0 8 32, +C4<00000000000000000000000000100000>;
P_0x5e901f5efbd0 .param/l "DATA_W" 0 8 31, +C4<00000000000000000000000000001000>;
v0x5e901f5efed0_0 .net "act_in", 7 0, L_0x5e901f664ea0;  1 drivers
v0x5e901f5effd0_0 .var "act_out", 7 0;
v0x5e901f5f00b0_0 .net "clk", 0 0, v0x5e901f630010_0;  alias, 1 drivers
v0x5e901f5f0180_0 .net "psum_in", 31 0, L_0x5e901f665360;  1 drivers
v0x5e901f5f0240_0 .var "psum_out", 31 0;
v0x5e901f5f0370_0 .net "rst_n", 0 0, v0x5e901f630890_0;  alias, 1 drivers
v0x5e901f5f0410_0 .net "weight_in", 7 0, L_0x5e901f664e00;  1 drivers
v0x5e901f5f04f0_0 .net "weight_load", 0 0, L_0x5e901f664d40;  1 drivers
v0x5e901f5f05b0_0 .var "weight_reg", 7 0;
S_0x5e901f5f0af0 .scope generate, "gen_col[1]" "gen_col[1]" 7 100, 7 100 0, S_0x5e901f5ef440;
 .timescale -9 -12;
P_0x5e901f5f0cc0 .param/l "col" 1 7 100, +C4<01>;
L_0x5e901f6656f0 .functor AND 1, v0x5e901f615cf0_0, L_0x5e901f665580, C4<1>, C4<1>;
v0x5e901f5f1b60_0 .net *"_ivl_0", 4 0, L_0x5e901f665430;  1 drivers
L_0x793e5cf59100 .functor BUFT 1, C4<00>, C4<0>, C4<0>, C4<0>;
v0x5e901f5f1c60_0 .net *"_ivl_3", 1 0, L_0x793e5cf59100;  1 drivers
L_0x793e5cf59148 .functor BUFT 1, C4<00101>, C4<0>, C4<0>, C4<0>;
v0x5e901f5f1d40_0 .net/2u *"_ivl_4", 4 0, L_0x793e5cf59148;  1 drivers
v0x5e901f5f1e00_0 .net *"_ivl_6", 0 0, L_0x5e901f665580;  1 drivers
L_0x5e901f665430 .concat [ 3 2 0 0], v0x5e901f615de0_0, L_0x793e5cf59100;
L_0x5e901f665580 .cmp/eq 5, L_0x5e901f665430, L_0x793e5cf59148;
S_0x5e901f5f0d80 .scope module, "u_pe" "pe" 7 101, 8 30 0, S_0x5e901f5f0af0;
 .timescale -9 -12;
    .port_info 0 /INPUT 1 "clk";
    .port_info 1 /INPUT 1 "rst_n";
    .port_info 2 /INPUT 1 "weight_load";
    .port_info 3 /INPUT 8 "weight_in";
    .port_info 4 /INPUT 8 "act_in";
    .port_info 5 /OUTPUT 8 "act_out";
    .port_info 6 /INPUT 32 "psum_in";
    .port_info 7 /OUTPUT 32 "psum_out";
P_0x5e901f5f0f60 .param/l "ACC_W" 0 8 32, +C4<00000000000000000000000000100000>;
P_0x5e901f5f0fa0 .param/l "DATA_W" 0 8 31, +C4<00000000000000000000000000001000>;
v0x5e901f5f12a0_0 .net "act_in", 7 0, L_0x5e901f664f40;  1 drivers
v0x5e901f5f13a0_0 .var "act_out", 7 0;
v0x5e901f5f1480_0 .net "clk", 0 0, v0x5e901f630010_0;  alias, 1 drivers
v0x5e901f5f1550_0 .net "psum_in", 31 0, L_0x5e901f664fe0;  1 drivers
v0x5e901f5f1610_0 .var "psum_out", 31 0;
v0x5e901f5f1740_0 .net "rst_n", 0 0, v0x5e901f630890_0;  alias, 1 drivers
v0x5e901f5f17e0_0 .net "weight_in", 7 0, L_0x5e901f6657b0;  1 drivers
v0x5e901f5f18c0_0 .net "weight_load", 0 0, L_0x5e901f6656f0;  1 drivers
v0x5e901f5f1980_0 .var "weight_reg", 7 0;
S_0x5e901f5f1ec0 .scope generate, "gen_col[2]" "gen_col[2]" 7 100, 7 100 0, S_0x5e901f5ef440;
 .timescale -9 -12;
P_0x5e901f5f20a0 .param/l "col" 1 7 100, +C4<010>;
L_0x5e901f665ce0 .functor AND 1, v0x5e901f615cf0_0, L_0x5e901f665200, C4<1>, C4<1>;
v0x5e901f5f2f40_0 .net *"_ivl_0", 4 0, L_0x5e901f6650b0;  1 drivers
L_0x793e5cf59190 .functor BUFT 1, C4<00>, C4<0>, C4<0>, C4<0>;
v0x5e901f5f3040_0 .net *"_ivl_3", 1 0, L_0x793e5cf59190;  1 drivers
L_0x793e5cf591d8 .functor BUFT 1, C4<00101>, C4<0>, C4<0>, C4<0>;
v0x5e901f5f3120_0 .net/2u *"_ivl_4", 4 0, L_0x793e5cf591d8;  1 drivers
v0x5e901f5f31e0_0 .net *"_ivl_6", 0 0, L_0x5e901f665200;  1 drivers
L_0x5e901f6650b0 .concat [ 3 2 0 0], v0x5e901f615de0_0, L_0x793e5cf59190;
L_0x5e901f665200 .cmp/eq 5, L_0x5e901f6650b0, L_0x793e5cf591d8;
S_0x5e901f5f2160 .scope module, "u_pe" "pe" 7 101, 8 30 0, S_0x5e901f5f1ec0;
 .timescale -9 -12;
    .port_info 0 /INPUT 1 "clk";
    .port_info 1 /INPUT 1 "rst_n";
    .port_info 2 /INPUT 1 "weight_load";
    .port_info 3 /INPUT 8 "weight_in";
    .port_info 4 /INPUT 8 "act_in";
    .port_info 5 /OUTPUT 8 "act_out";
    .port_info 6 /INPUT 32 "psum_in";
    .port_info 7 /OUTPUT 32 "psum_out";
P_0x5e901f5f2340 .param/l "ACC_W" 0 8 32, +C4<00000000000000000000000000100000>;
P_0x5e901f5f2380 .param/l "DATA_W" 0 8 31, +C4<00000000000000000000000000001000>;
v0x5e901f5f2680_0 .net "act_in", 7 0, L_0x5e901f665e40;  1 drivers
v0x5e901f5f2780_0 .var "act_out", 7 0;
v0x5e901f5f2860_0 .net "clk", 0 0, v0x5e901f630010_0;  alias, 1 drivers
v0x5e901f5f2930_0 .net "psum_in", 31 0, L_0x5e901f665850;  1 drivers
v0x5e901f5f29f0_0 .var "psum_out", 31 0;
v0x5e901f5f2b20_0 .net "rst_n", 0 0, v0x5e901f630890_0;  alias, 1 drivers
v0x5e901f5f2bc0_0 .net "weight_in", 7 0, L_0x5e901f665da0;  1 drivers
v0x5e901f5f2ca0_0 .net "weight_load", 0 0, L_0x5e901f665ce0;  1 drivers
v0x5e901f5f2d60_0 .var "weight_reg", 7 0;
S_0x5e901f5f32a0 .scope generate, "gen_col[3]" "gen_col[3]" 7 100, 7 100 0, S_0x5e901f5ef440;
 .timescale -9 -12;
P_0x5e901f5f3450 .param/l "col" 1 7 100, +C4<011>;
L_0x5e901f665be0 .functor AND 1, v0x5e901f615cf0_0, L_0x5e901f665a70, C4<1>, C4<1>;
v0x5e901f5f4310_0 .net *"_ivl_0", 4 0, L_0x5e901f665920;  1 drivers
L_0x793e5cf59220 .functor BUFT 1, C4<00>, C4<0>, C4<0>, C4<0>;
v0x5e901f5f4410_0 .net *"_ivl_3", 1 0, L_0x793e5cf59220;  1 drivers
L_0x793e5cf59268 .functor BUFT 1, C4<00101>, C4<0>, C4<0>, C4<0>;
v0x5e901f5f44f0_0 .net/2u *"_ivl_4", 4 0, L_0x793e5cf59268;  1 drivers
v0x5e901f5f45b0_0 .net *"_ivl_6", 0 0, L_0x5e901f665a70;  1 drivers
L_0x5e901f665920 .concat [ 3 2 0 0], v0x5e901f615de0_0, L_0x793e5cf59220;
L_0x5e901f665a70 .cmp/eq 5, L_0x5e901f665920, L_0x793e5cf59268;
S_0x5e901f5f3530 .scope module, "u_pe" "pe" 7 101, 8 30 0, S_0x5e901f5f32a0;
 .timescale -9 -12;
    .port_info 0 /INPUT 1 "clk";
    .port_info 1 /INPUT 1 "rst_n";
    .port_info 2 /INPUT 1 "weight_load";
    .port_info 3 /INPUT 8 "weight_in";
    .port_info 4 /INPUT 8 "act_in";
    .port_info 5 /OUTPUT 8 "act_out";
    .port_info 6 /INPUT 32 "psum_in";
    .port_info 7 /OUTPUT 32 "psum_out";
P_0x5e901f5f3710 .param/l "ACC_W" 0 8 32, +C4<00000000000000000000000000100000>;
P_0x5e901f5f3750 .param/l "DATA_W" 0 8 31, +C4<00000000000000000000000000001000>;
v0x5e901f5f3a50_0 .net "act_in", 7 0, L_0x5e901f665ee0;  1 drivers
v0x5e901f5f3b50_0 .var "act_out", 7 0;
v0x5e901f5f3c30_0 .net "clk", 0 0, v0x5e901f630010_0;  alias, 1 drivers
v0x5e901f5f3d00_0 .net "psum_in", 31 0, L_0x5e901f665f80;  1 drivers
v0x5e901f5f3dc0_0 .var "psum_out", 31 0;
v0x5e901f5f3ef0_0 .net "rst_n", 0 0, v0x5e901f630890_0;  alias, 1 drivers
v0x5e901f5f3f90_0 .net "weight_in", 7 0, L_0x5e901f666380;  1 drivers
v0x5e901f5f4070_0 .net "weight_load", 0 0, L_0x5e901f665be0;  1 drivers
v0x5e901f5f4130_0 .var "weight_reg", 7 0;
S_0x5e901f5f4670 .scope generate, "gen_col[4]" "gen_col[4]" 7 100, 7 100 0, S_0x5e901f5ef440;
 .timescale -9 -12;
P_0x5e901f5f4870 .param/l "col" 1 7 100, +C4<0100>;
L_0x5e901f666890 .functor AND 1, v0x5e901f615cf0_0, L_0x5e901f6661a0, C4<1>, C4<1>;
v0x5e901f5f5700_0 .net *"_ivl_0", 4 0, L_0x5e901f666050;  1 drivers
L_0x793e5cf592b0 .functor BUFT 1, C4<00>, C4<0>, C4<0>, C4<0>;
v0x5e901f5f5800_0 .net *"_ivl_3", 1 0, L_0x793e5cf592b0;  1 drivers
L_0x793e5cf592f8 .functor BUFT 1, C4<00101>, C4<0>, C4<0>, C4<0>;
v0x5e901f5f58e0_0 .net/2u *"_ivl_4", 4 0, L_0x793e5cf592f8;  1 drivers
v0x5e901f5f59a0_0 .net *"_ivl_6", 0 0, L_0x5e901f6661a0;  1 drivers
L_0x5e901f666050 .concat [ 3 2 0 0], v0x5e901f615de0_0, L_0x793e5cf592b0;
L_0x5e901f6661a0 .cmp/eq 5, L_0x5e901f666050, L_0x793e5cf592f8;
S_0x5e901f5f4950 .scope module, "u_pe" "pe" 7 101, 8 30 0, S_0x5e901f5f4670;
 .timescale -9 -12;
    .port_info 0 /INPUT 1 "clk";
    .port_info 1 /INPUT 1 "rst_n";
    .port_info 2 /INPUT 1 "weight_load";
    .port_info 3 /INPUT 8 "weight_in";
    .port_info 4 /INPUT 8 "act_in";
    .port_info 5 /OUTPUT 8 "act_out";
    .port_info 6 /INPUT 32 "psum_in";
    .port_info 7 /OUTPUT 32 "psum_out";
P_0x5e901f5f4b30 .param/l "ACC_W" 0 8 32, +C4<00000000000000000000000000100000>;
P_0x5e901f5f4b70 .param/l "DATA_W" 0 8 31, +C4<00000000000000000000000000001000>;
v0x5e901f5f4e40_0 .net "act_in", 7 0, L_0x5e901f6669f0;  1 drivers
v0x5e901f5f4f40_0 .var "act_out", 7 0;
v0x5e901f5f5020_0 .net "clk", 0 0, v0x5e901f630010_0;  alias, 1 drivers
v0x5e901f5f50f0_0 .net "psum_in", 31 0, L_0x5e901f666420;  1 drivers
v0x5e901f5f51b0_0 .var "psum_out", 31 0;
v0x5e901f5f52e0_0 .net "rst_n", 0 0, v0x5e901f630890_0;  alias, 1 drivers
v0x5e901f5f5380_0 .net "weight_in", 7 0, L_0x5e901f666950;  1 drivers
v0x5e901f5f5460_0 .net "weight_load", 0 0, L_0x5e901f666890;  1 drivers
v0x5e901f5f5520_0 .var "weight_reg", 7 0;
S_0x5e901f5f5a60 .scope generate, "gen_col[5]" "gen_col[5]" 7 100, 7 100 0, S_0x5e901f5ef440;
 .timescale -9 -12;
P_0x5e901f5f5c10 .param/l "col" 1 7 100, +C4<0101>;
L_0x5e901f6667b0 .functor AND 1, v0x5e901f615cf0_0, L_0x5e901f666640, C4<1>, C4<1>;
v0x5e901f5f6ad0_0 .net *"_ivl_0", 4 0, L_0x5e901f6664f0;  1 drivers
L_0x793e5cf59340 .functor BUFT 1, C4<00>, C4<0>, C4<0>, C4<0>;
v0x5e901f5f6bd0_0 .net *"_ivl_3", 1 0, L_0x793e5cf59340;  1 drivers
L_0x793e5cf59388 .functor BUFT 1, C4<00101>, C4<0>, C4<0>, C4<0>;
v0x5e901f5f6cb0_0 .net/2u *"_ivl_4", 4 0, L_0x793e5cf59388;  1 drivers
v0x5e901f5f6d70_0 .net *"_ivl_6", 0 0, L_0x5e901f666640;  1 drivers
L_0x5e901f6664f0 .concat [ 3 2 0 0], v0x5e901f615de0_0, L_0x793e5cf59340;
L_0x5e901f666640 .cmp/eq 5, L_0x5e901f6664f0, L_0x793e5cf59388;
S_0x5e901f5f5cf0 .scope module, "u_pe" "pe" 7 101, 8 30 0, S_0x5e901f5f5a60;
 .timescale -9 -12;
    .port_info 0 /INPUT 1 "clk";
    .port_info 1 /INPUT 1 "rst_n";
    .port_info 2 /INPUT 1 "weight_load";
    .port_info 3 /INPUT 8 "weight_in";
    .port_info 4 /INPUT 8 "act_in";
    .port_info 5 /OUTPUT 8 "act_out";
    .port_info 6 /INPUT 32 "psum_in";
    .port_info 7 /OUTPUT 32 "psum_out";
P_0x5e901f5f5ed0 .param/l "ACC_W" 0 8 32, +C4<00000000000000000000000000100000>;
P_0x5e901f5f5f10 .param/l "DATA_W" 0 8 31, +C4<00000000000000000000000000001000>;
v0x5e901f5f6210_0 .net "act_in", 7 0, L_0x5e901f666a90;  1 drivers
v0x5e901f5f6310_0 .var "act_out", 7 0;
v0x5e901f5f63f0_0 .net "clk", 0 0, v0x5e901f630010_0;  alias, 1 drivers
v0x5e901f5f64c0_0 .net "psum_in", 31 0, L_0x5e901f666b30;  1 drivers
v0x5e901f5f6580_0 .var "psum_out", 31 0;
v0x5e901f5f66b0_0 .net "rst_n", 0 0, v0x5e901f630890_0;  alias, 1 drivers
v0x5e901f5f6750_0 .net "weight_in", 7 0, L_0x5e901f666f10;  1 drivers
v0x5e901f5f6830_0 .net "weight_load", 0 0, L_0x5e901f6667b0;  1 drivers
v0x5e901f5f68f0_0 .var "weight_reg", 7 0;
S_0x5e901f5f6e30 .scope generate, "gen_col[6]" "gen_col[6]" 7 100, 7 100 0, S_0x5e901f5ef440;
 .timescale -9 -12;
P_0x5e901f5f6fe0 .param/l "col" 1 7 100, +C4<0110>;
L_0x5e901f667c60 .functor AND 1, v0x5e901f615cf0_0, L_0x5e901f666d50, C4<1>, C4<1>;
v0x5e901f5f7ea0_0 .net *"_ivl_0", 4 0, L_0x5e901f666c00;  1 drivers
L_0x793e5cf593d0 .functor BUFT 1, C4<00>, C4<0>, C4<0>, C4<0>;
v0x5e901f5f7fa0_0 .net *"_ivl_3", 1 0, L_0x793e5cf593d0;  1 drivers
L_0x793e5cf59418 .functor BUFT 1, C4<00101>, C4<0>, C4<0>, C4<0>;
v0x5e901f5f8080_0 .net/2u *"_ivl_4", 4 0, L_0x793e5cf59418;  1 drivers
v0x5e901f5f8140_0 .net *"_ivl_6", 0 0, L_0x5e901f666d50;  1 drivers
L_0x5e901f666c00 .concat [ 3 2 0 0], v0x5e901f615de0_0, L_0x793e5cf593d0;
L_0x5e901f666d50 .cmp/eq 5, L_0x5e901f666c00, L_0x793e5cf59418;
S_0x5e901f5f70c0 .scope module, "u_pe" "pe" 7 101, 8 30 0, S_0x5e901f5f6e30;
 .timescale -9 -12;
    .port_info 0 /INPUT 1 "clk";
    .port_info 1 /INPUT 1 "rst_n";
    .port_info 2 /INPUT 1 "weight_load";
    .port_info 3 /INPUT 8 "weight_in";
    .port_info 4 /INPUT 8 "act_in";
    .port_info 5 /OUTPUT 8 "act_out";
    .port_info 6 /INPUT 32 "psum_in";
    .port_info 7 /OUTPUT 32 "psum_out";
P_0x5e901f5f72a0 .param/l "ACC_W" 0 8 32, +C4<00000000000000000000000000100000>;
P_0x5e901f5f72e0 .param/l "DATA_W" 0 8 31, +C4<00000000000000000000000000001000>;
v0x5e901f5f75e0_0 .net "act_in", 7 0, L_0x5e901f667d70;  1 drivers
v0x5e901f5f76e0_0 .var "act_out", 7 0;
v0x5e901f5f77c0_0 .net "clk", 0 0, v0x5e901f630010_0;  alias, 1 drivers
v0x5e901f5f7890_0 .net "psum_in", 31 0, L_0x5e901f666fb0;  1 drivers
v0x5e901f5f7950_0 .var "psum_out", 31 0;
v0x5e901f5f7a80_0 .net "rst_n", 0 0, v0x5e901f630890_0;  alias, 1 drivers
v0x5e901f5f7b20_0 .net "weight_in", 7 0, L_0x5e901f667cd0;  1 drivers
v0x5e901f5f7c00_0 .net "weight_load", 0 0, L_0x5e901f667c60;  1 drivers
v0x5e901f5f7cc0_0 .var "weight_reg", 7 0;
S_0x5e901f5f8200 .scope generate, "gen_col[7]" "gen_col[7]" 7 100, 7 100 0, S_0x5e901f5ef440;
 .timescale -9 -12;
P_0x5e901f5f83b0 .param/l "col" 1 7 100, +C4<0111>;
L_0x5e901f667340 .functor AND 1, v0x5e901f615cf0_0, L_0x5e901f6671d0, C4<1>, C4<1>;
v0x5e901f5f9270_0 .net *"_ivl_0", 4 0, L_0x5e901f667080;  1 drivers
L_0x793e5cf59460 .functor BUFT 1, C4<00>, C4<0>, C4<0>, C4<0>;
v0x5e901f5f9370_0 .net *"_ivl_3", 1 0, L_0x793e5cf59460;  1 drivers
L_0x793e5cf594a8 .functor BUFT 1, C4<00101>, C4<0>, C4<0>, C4<0>;
v0x5e901f5f9450_0 .net/2u *"_ivl_4", 4 0, L_0x793e5cf594a8;  1 drivers
v0x5e901f5f9510_0 .net *"_ivl_6", 0 0, L_0x5e901f6671d0;  1 drivers
L_0x5e901f667080 .concat [ 3 2 0 0], v0x5e901f615de0_0, L_0x793e5cf59460;
L_0x5e901f6671d0 .cmp/eq 5, L_0x5e901f667080, L_0x793e5cf594a8;
S_0x5e901f5f8490 .scope module, "u_pe" "pe" 7 101, 8 30 0, S_0x5e901f5f8200;
 .timescale -9 -12;
    .port_info 0 /INPUT 1 "clk";
    .port_info 1 /INPUT 1 "rst_n";
    .port_info 2 /INPUT 1 "weight_load";
    .port_info 3 /INPUT 8 "weight_in";
    .port_info 4 /INPUT 8 "act_in";
    .port_info 5 /OUTPUT 8 "act_out";
    .port_info 6 /INPUT 32 "psum_in";
    .port_info 7 /OUTPUT 32 "psum_out";
P_0x5e901f5f8670 .param/l "ACC_W" 0 8 32, +C4<00000000000000000000000000100000>;
P_0x5e901f5f86b0 .param/l "DATA_W" 0 8 31, +C4<00000000000000000000000000001000>;
v0x5e901f5f89b0_0 .net "act_in", 7 0, L_0x5e901f667e10;  1 drivers
v0x5e901f5f8ab0_0 .var "act_out", 7 0;
v0x5e901f5f8b90_0 .net "clk", 0 0, v0x5e901f630010_0;  alias, 1 drivers
v0x5e901f5f8c60_0 .net "psum_in", 31 0, L_0x5e901f667eb0;  1 drivers
v0x5e901f5f8d20_0 .var "psum_out", 31 0;
v0x5e901f5f8e50_0 .net "rst_n", 0 0, v0x5e901f630890_0;  alias, 1 drivers
v0x5e901f5f8ef0_0 .net "weight_in", 7 0, L_0x5e901f6682c0;  1 drivers
v0x5e901f5f8fd0_0 .net "weight_load", 0 0, L_0x5e901f667340;  1 drivers
v0x5e901f5f9090_0 .var "weight_reg", 7 0;
S_0x5e901f5f95d0 .scope generate, "gen_row[6]" "gen_row[6]" 7 99, 7 99 0, S_0x5e901f525c40;
 .timescale -9 -12;
P_0x5e901f5f9780 .param/l "row" 1 7 99, +C4<0110>;
S_0x5e901f5f9860 .scope generate, "gen_col[0]" "gen_col[0]" 7 100, 7 100 0, S_0x5e901f5f95d0;
 .timescale -9 -12;
P_0x5e901f5f9a60 .param/l "col" 1 7 100, +C4<00>;
L_0x5e901f6681f0 .functor AND 1, v0x5e901f615cf0_0, L_0x5e901f668080, C4<1>, C4<1>;
v0x5e901f5fa920_0 .net *"_ivl_0", 4 0, L_0x5e901f667f80;  1 drivers
L_0x793e5cf594f0 .functor BUFT 1, C4<00>, C4<0>, C4<0>, C4<0>;
v0x5e901f5faa20_0 .net *"_ivl_3", 1 0, L_0x793e5cf594f0;  1 drivers
L_0x793e5cf59538 .functor BUFT 1, C4<00110>, C4<0>, C4<0>, C4<0>;
v0x5e901f5fab00_0 .net/2u *"_ivl_4", 4 0, L_0x793e5cf59538;  1 drivers
v0x5e901f5fabc0_0 .net *"_ivl_6", 0 0, L_0x5e901f668080;  1 drivers
L_0x5e901f667f80 .concat [ 3 2 0 0], v0x5e901f615de0_0, L_0x793e5cf594f0;
L_0x5e901f668080 .cmp/eq 5, L_0x5e901f667f80, L_0x793e5cf59538;
S_0x5e901f5f9b40 .scope module, "u_pe" "pe" 7 101, 8 30 0, S_0x5e901f5f9860;
 .timescale -9 -12;
    .port_info 0 /INPUT 1 "clk";
    .port_info 1 /INPUT 1 "rst_n";
    .port_info 2 /INPUT 1 "weight_load";
    .port_info 3 /INPUT 8 "weight_in";
    .port_info 4 /INPUT 8 "act_in";
    .port_info 5 /OUTPUT 8 "act_out";
    .port_info 6 /INPUT 32 "psum_in";
    .port_info 7 /OUTPUT 32 "psum_out";
P_0x5e901f5f9d20 .param/l "ACC_W" 0 8 32, +C4<00000000000000000000000000100000>;
P_0x5e901f5f9d60 .param/l "DATA_W" 0 8 31, +C4<00000000000000000000000000001000>;
v0x5e901f5fa060_0 .net "act_in", 7 0, L_0x5e901f6688d0;  1 drivers
v0x5e901f5fa160_0 .var "act_out", 7 0;
v0x5e901f5fa240_0 .net "clk", 0 0, v0x5e901f630010_0;  alias, 1 drivers
v0x5e901f5fa310_0 .net "psum_in", 31 0, L_0x5e901f668360;  1 drivers
v0x5e901f5fa3d0_0 .var "psum_out", 31 0;
v0x5e901f5fa500_0 .net "rst_n", 0 0, v0x5e901f630890_0;  alias, 1 drivers
v0x5e901f5fa5a0_0 .net "weight_in", 7 0, L_0x5e901f668830;  1 drivers
v0x5e901f5fa680_0 .net "weight_load", 0 0, L_0x5e901f6681f0;  1 drivers
v0x5e901f5fa740_0 .var "weight_reg", 7 0;
S_0x5e901f5fac80 .scope generate, "gen_col[1]" "gen_col[1]" 7 100, 7 100 0, S_0x5e901f5f95d0;
 .timescale -9 -12;
P_0x5e901f5fae50 .param/l "col" 1 7 100, +C4<01>;
L_0x5e901f6686f0 .functor AND 1, v0x5e901f615cf0_0, L_0x5e901f668580, C4<1>, C4<1>;
v0x5e901f5fbcf0_0 .net *"_ivl_0", 4 0, L_0x5e901f668430;  1 drivers
L_0x793e5cf59580 .functor BUFT 1, C4<00>, C4<0>, C4<0>, C4<0>;
v0x5e901f5fbdf0_0 .net *"_ivl_3", 1 0, L_0x793e5cf59580;  1 drivers
L_0x793e5cf595c8 .functor BUFT 1, C4<00110>, C4<0>, C4<0>, C4<0>;
v0x5e901f5fbed0_0 .net/2u *"_ivl_4", 4 0, L_0x793e5cf595c8;  1 drivers
v0x5e901f5fbf90_0 .net *"_ivl_6", 0 0, L_0x5e901f668580;  1 drivers
L_0x5e901f668430 .concat [ 3 2 0 0], v0x5e901f615de0_0, L_0x793e5cf59580;
L_0x5e901f668580 .cmp/eq 5, L_0x5e901f668430, L_0x793e5cf595c8;
S_0x5e901f5faf10 .scope module, "u_pe" "pe" 7 101, 8 30 0, S_0x5e901f5fac80;
 .timescale -9 -12;
    .port_info 0 /INPUT 1 "clk";
    .port_info 1 /INPUT 1 "rst_n";
    .port_info 2 /INPUT 1 "weight_load";
    .port_info 3 /INPUT 8 "weight_in";
    .port_info 4 /INPUT 8 "act_in";
    .port_info 5 /OUTPUT 8 "act_out";
    .port_info 6 /INPUT 32 "psum_in";
    .port_info 7 /OUTPUT 32 "psum_out";
P_0x5e901f5fb0f0 .param/l "ACC_W" 0 8 32, +C4<00000000000000000000000000100000>;
P_0x5e901f5fb130 .param/l "DATA_W" 0 8 31, +C4<00000000000000000000000000001000>;
v0x5e901f5fb430_0 .net "act_in", 7 0, L_0x5e901f668970;  1 drivers
v0x5e901f5fb530_0 .var "act_out", 7 0;
v0x5e901f5fb610_0 .net "clk", 0 0, v0x5e901f630010_0;  alias, 1 drivers
v0x5e901f5fb6e0_0 .net "psum_in", 31 0, L_0x5e901f668a10;  1 drivers
v0x5e901f5fb7a0_0 .var "psum_out", 31 0;
v0x5e901f5fb8d0_0 .net "rst_n", 0 0, v0x5e901f630890_0;  alias, 1 drivers
v0x5e901f5fb970_0 .net "weight_in", 7 0, L_0x5e901f668e50;  1 drivers
v0x5e901f5fba50_0 .net "weight_load", 0 0, L_0x5e901f6686f0;  1 drivers
v0x5e901f5fbb10_0 .var "weight_reg", 7 0;
S_0x5e901f5fc050 .scope generate, "gen_col[2]" "gen_col[2]" 7 100, 7 100 0, S_0x5e901f5f95d0;
 .timescale -9 -12;
P_0x5e901f5fc230 .param/l "col" 1 7 100, +C4<010>;
L_0x5e901f668da0 .functor AND 1, v0x5e901f615cf0_0, L_0x5e901f668c30, C4<1>, C4<1>;
v0x5e901f5fd0d0_0 .net *"_ivl_0", 4 0, L_0x5e901f668ae0;  1 drivers
L_0x793e5cf59610 .functor BUFT 1, C4<00>, C4<0>, C4<0>, C4<0>;
v0x5e901f5fd1d0_0 .net *"_ivl_3", 1 0, L_0x793e5cf59610;  1 drivers
L_0x793e5cf59658 .functor BUFT 1, C4<00110>, C4<0>, C4<0>, C4<0>;
v0x5e901f5fd2b0_0 .net/2u *"_ivl_4", 4 0, L_0x793e5cf59658;  1 drivers
v0x5e901f5fd370_0 .net *"_ivl_6", 0 0, L_0x5e901f668c30;  1 drivers
L_0x5e901f668ae0 .concat [ 3 2 0 0], v0x5e901f615de0_0, L_0x793e5cf59610;
L_0x5e901f668c30 .cmp/eq 5, L_0x5e901f668ae0, L_0x793e5cf59658;
S_0x5e901f5fc2f0 .scope module, "u_pe" "pe" 7 101, 8 30 0, S_0x5e901f5fc050;
 .timescale -9 -12;
    .port_info 0 /INPUT 1 "clk";
    .port_info 1 /INPUT 1 "rst_n";
    .port_info 2 /INPUT 1 "weight_load";
    .port_info 3 /INPUT 8 "weight_in";
    .port_info 4 /INPUT 8 "act_in";
    .port_info 5 /OUTPUT 8 "act_out";
    .port_info 6 /INPUT 32 "psum_in";
    .port_info 7 /OUTPUT 32 "psum_out";
P_0x5e901f5fc4d0 .param/l "ACC_W" 0 8 32, +C4<00000000000000000000000000100000>;
P_0x5e901f5fc510 .param/l "DATA_W" 0 8 31, +C4<00000000000000000000000000001000>;
v0x5e901f5fc810_0 .net "act_in", 7 0, L_0x5e901f669490;  1 drivers
v0x5e901f5fc910_0 .var "act_out", 7 0;
v0x5e901f5fc9f0_0 .net "clk", 0 0, v0x5e901f630010_0;  alias, 1 drivers
v0x5e901f5fcac0_0 .net "psum_in", 31 0, L_0x5e901f668ef0;  1 drivers
v0x5e901f5fcb80_0 .var "psum_out", 31 0;
v0x5e901f5fccb0_0 .net "rst_n", 0 0, v0x5e901f630890_0;  alias, 1 drivers
v0x5e901f5fcd50_0 .net "weight_in", 7 0, L_0x5e901f6693f0;  1 drivers
v0x5e901f5fce30_0 .net "weight_load", 0 0, L_0x5e901f668da0;  1 drivers
v0x5e901f5fcef0_0 .var "weight_reg", 7 0;
S_0x5e901f5fd430 .scope generate, "gen_col[3]" "gen_col[3]" 7 100, 7 100 0, S_0x5e901f5f95d0;
 .timescale -9 -12;
P_0x5e901f5fd5e0 .param/l "col" 1 7 100, +C4<011>;
L_0x5e901f669250 .functor AND 1, v0x5e901f615cf0_0, L_0x5e901f6690e0, C4<1>, C4<1>;
v0x5e901f5fe4a0_0 .net *"_ivl_0", 4 0, L_0x5e901f668f90;  1 drivers
L_0x793e5cf596a0 .functor BUFT 1, C4<00>, C4<0>, C4<0>, C4<0>;
v0x5e901f5fe5a0_0 .net *"_ivl_3", 1 0, L_0x793e5cf596a0;  1 drivers
L_0x793e5cf596e8 .functor BUFT 1, C4<00110>, C4<0>, C4<0>, C4<0>;
v0x5e901f5fe680_0 .net/2u *"_ivl_4", 4 0, L_0x793e5cf596e8;  1 drivers
v0x5e901f5fe740_0 .net *"_ivl_6", 0 0, L_0x5e901f6690e0;  1 drivers
L_0x5e901f668f90 .concat [ 3 2 0 0], v0x5e901f615de0_0, L_0x793e5cf596a0;
L_0x5e901f6690e0 .cmp/eq 5, L_0x5e901f668f90, L_0x793e5cf596e8;
S_0x5e901f5fd6c0 .scope module, "u_pe" "pe" 7 101, 8 30 0, S_0x5e901f5fd430;
 .timescale -9 -12;
    .port_info 0 /INPUT 1 "clk";
    .port_info 1 /INPUT 1 "rst_n";
    .port_info 2 /INPUT 1 "weight_load";
    .port_info 3 /INPUT 8 "weight_in";
    .port_info 4 /INPUT 8 "act_in";
    .port_info 5 /OUTPUT 8 "act_out";
    .port_info 6 /INPUT 32 "psum_in";
    .port_info 7 /OUTPUT 32 "psum_out";
P_0x5e901f5fd8a0 .param/l "ACC_W" 0 8 32, +C4<00000000000000000000000000100000>;
P_0x5e901f5fd8e0 .param/l "DATA_W" 0 8 31, +C4<00000000000000000000000000001000>;
v0x5e901f5fdbe0_0 .net "act_in", 7 0, L_0x5e901f669a50;  1 drivers
v0x5e901f5fdce0_0 .var "act_out", 7 0;
v0x5e901f5fddc0_0 .net "clk", 0 0, v0x5e901f630010_0;  alias, 1 drivers
v0x5e901f5fde90_0 .net "psum_in", 31 0, L_0x5e901f669af0;  1 drivers
v0x5e901f5fdf50_0 .var "psum_out", 31 0;
v0x5e901f5fe080_0 .net "rst_n", 0 0, v0x5e901f630890_0;  alias, 1 drivers
v0x5e901f5fe120_0 .net "weight_in", 7 0, L_0x5e901f669310;  1 drivers
v0x5e901f5fe200_0 .net "weight_load", 0 0, L_0x5e901f669250;  1 drivers
v0x5e901f5fe2c0_0 .var "weight_reg", 7 0;
S_0x5e901f5fe800 .scope generate, "gen_col[4]" "gen_col[4]" 7 100, 7 100 0, S_0x5e901f5f95d0;
 .timescale -9 -12;
P_0x5e901f5fea00 .param/l "col" 1 7 100, +C4<0100>;
L_0x5e901f6697f0 .functor AND 1, v0x5e901f615cf0_0, L_0x5e901f669680, C4<1>, C4<1>;
v0x5e901f5ff890_0 .net *"_ivl_0", 4 0, L_0x5e901f669530;  1 drivers
L_0x793e5cf59730 .functor BUFT 1, C4<00>, C4<0>, C4<0>, C4<0>;
v0x5e901f5ff990_0 .net *"_ivl_3", 1 0, L_0x793e5cf59730;  1 drivers
L_0x793e5cf59778 .functor BUFT 1, C4<00110>, C4<0>, C4<0>, C4<0>;
v0x5e901f5ffa70_0 .net/2u *"_ivl_4", 4 0, L_0x793e5cf59778;  1 drivers
v0x5e901f5ffb30_0 .net *"_ivl_6", 0 0, L_0x5e901f669680;  1 drivers
L_0x5e901f669530 .concat [ 3 2 0 0], v0x5e901f615de0_0, L_0x793e5cf59730;
L_0x5e901f669680 .cmp/eq 5, L_0x5e901f669530, L_0x793e5cf59778;
S_0x5e901f5feae0 .scope module, "u_pe" "pe" 7 101, 8 30 0, S_0x5e901f5fe800;
 .timescale -9 -12;
    .port_info 0 /INPUT 1 "clk";
    .port_info 1 /INPUT 1 "rst_n";
    .port_info 2 /INPUT 1 "weight_load";
    .port_info 3 /INPUT 8 "weight_in";
    .port_info 4 /INPUT 8 "act_in";
    .port_info 5 /OUTPUT 8 "act_out";
    .port_info 6 /INPUT 32 "psum_in";
    .port_info 7 /OUTPUT 32 "psum_out";
P_0x5e901f5fecc0 .param/l "ACC_W" 0 8 32, +C4<00000000000000000000000000100000>;
P_0x5e901f5fed00 .param/l "DATA_W" 0 8 31, +C4<00000000000000000000000000001000>;
v0x5e901f5fefd0_0 .net "act_in", 7 0, L_0x5e901f669950;  1 drivers
v0x5e901f5ff0d0_0 .var "act_out", 7 0;
v0x5e901f5ff1b0_0 .net "clk", 0 0, v0x5e901f630010_0;  alias, 1 drivers
v0x5e901f5ff280_0 .net "psum_in", 31 0, L_0x5e901f66a0d0;  1 drivers
v0x5e901f5ff340_0 .var "psum_out", 31 0;
v0x5e901f5ff470_0 .net "rst_n", 0 0, v0x5e901f630890_0;  alias, 1 drivers
v0x5e901f5ff510_0 .net "weight_in", 7 0, L_0x5e901f6698b0;  1 drivers
v0x5e901f5ff5f0_0 .net "weight_load", 0 0, L_0x5e901f6697f0;  1 drivers
v0x5e901f5ff6b0_0 .var "weight_reg", 7 0;
S_0x5e901f5ffbf0 .scope generate, "gen_col[5]" "gen_col[5]" 7 100, 7 100 0, S_0x5e901f5f95d0;
 .timescale -9 -12;
P_0x5e901f5ffda0 .param/l "col" 1 7 100, +C4<0101>;
L_0x5e901f66a3b0 .functor AND 1, v0x5e901f615cf0_0, L_0x5e901f66a240, C4<1>, C4<1>;
v0x5e901f600c60_0 .net *"_ivl_0", 4 0, L_0x5e901f66a170;  1 drivers
L_0x793e5cf597c0 .functor BUFT 1, C4<00>, C4<0>, C4<0>, C4<0>;
v0x5e901f600d60_0 .net *"_ivl_3", 1 0, L_0x793e5cf597c0;  1 drivers
L_0x793e5cf59808 .functor BUFT 1, C4<00110>, C4<0>, C4<0>, C4<0>;
v0x5e901f600e40_0 .net/2u *"_ivl_4", 4 0, L_0x793e5cf59808;  1 drivers
v0x5e901f600f00_0 .net *"_ivl_6", 0 0, L_0x5e901f66a240;  1 drivers
L_0x5e901f66a170 .concat [ 3 2 0 0], v0x5e901f615de0_0, L_0x793e5cf597c0;
L_0x5e901f66a240 .cmp/eq 5, L_0x5e901f66a170, L_0x793e5cf59808;
S_0x5e901f5ffe80 .scope module, "u_pe" "pe" 7 101, 8 30 0, S_0x5e901f5ffbf0;
 .timescale -9 -12;
    .port_info 0 /INPUT 1 "clk";
    .port_info 1 /INPUT 1 "rst_n";
    .port_info 2 /INPUT 1 "weight_load";
    .port_info 3 /INPUT 8 "weight_in";
    .port_info 4 /INPUT 8 "act_in";
    .port_info 5 /OUTPUT 8 "act_out";
    .port_info 6 /INPUT 32 "psum_in";
    .port_info 7 /OUTPUT 32 "psum_out";
P_0x5e901f600060 .param/l "ACC_W" 0 8 32, +C4<00000000000000000000000000100000>;
P_0x5e901f6000a0 .param/l "DATA_W" 0 8 31, +C4<00000000000000000000000000001000>;
v0x5e901f6003a0_0 .net "act_in", 7 0, L_0x5e901f669b90;  1 drivers
v0x5e901f6004a0_0 .var "act_out", 7 0;
v0x5e901f600580_0 .net "clk", 0 0, v0x5e901f630010_0;  alias, 1 drivers
v0x5e901f600650_0 .net "psum_in", 31 0, L_0x5e901f669c60;  1 drivers
v0x5e901f600710_0 .var "psum_out", 31 0;
v0x5e901f600840_0 .net "rst_n", 0 0, v0x5e901f630890_0;  alias, 1 drivers
v0x5e901f6008e0_0 .net "weight_in", 7 0, L_0x5e901f66a470;  1 drivers
v0x5e901f6009c0_0 .net "weight_load", 0 0, L_0x5e901f66a3b0;  1 drivers
v0x5e901f600a80_0 .var "weight_reg", 7 0;
S_0x5e901f600fc0 .scope generate, "gen_col[6]" "gen_col[6]" 7 100, 7 100 0, S_0x5e901f5f95d0;
 .timescale -9 -12;
P_0x5e901f601170 .param/l "col" 1 7 100, +C4<0110>;
L_0x5e901f669ff0 .functor AND 1, v0x5e901f615cf0_0, L_0x5e901f669e80, C4<1>, C4<1>;
v0x5e901f602030_0 .net *"_ivl_0", 4 0, L_0x5e901f669d30;  1 drivers
L_0x793e5cf59850 .functor BUFT 1, C4<00>, C4<0>, C4<0>, C4<0>;
v0x5e901f602130_0 .net *"_ivl_3", 1 0, L_0x793e5cf59850;  1 drivers
L_0x793e5cf59898 .functor BUFT 1, C4<00110>, C4<0>, C4<0>, C4<0>;
v0x5e901f602210_0 .net/2u *"_ivl_4", 4 0, L_0x793e5cf59898;  1 drivers
v0x5e901f6022d0_0 .net *"_ivl_6", 0 0, L_0x5e901f669e80;  1 drivers
L_0x5e901f669d30 .concat [ 3 2 0 0], v0x5e901f615de0_0, L_0x793e5cf59850;
L_0x5e901f669e80 .cmp/eq 5, L_0x5e901f669d30, L_0x793e5cf59898;
S_0x5e901f601250 .scope module, "u_pe" "pe" 7 101, 8 30 0, S_0x5e901f600fc0;
 .timescale -9 -12;
    .port_info 0 /INPUT 1 "clk";
    .port_info 1 /INPUT 1 "rst_n";
    .port_info 2 /INPUT 1 "weight_load";
    .port_info 3 /INPUT 8 "weight_in";
    .port_info 4 /INPUT 8 "act_in";
    .port_info 5 /OUTPUT 8 "act_out";
    .port_info 6 /INPUT 32 "psum_in";
    .port_info 7 /OUTPUT 32 "psum_out";
P_0x5e901f601430 .param/l "ACC_W" 0 8 32, +C4<00000000000000000000000000100000>;
P_0x5e901f601470 .param/l "DATA_W" 0 8 31, +C4<00000000000000000000000000001000>;
v0x5e901f601770_0 .net "act_in", 7 0, L_0x5e901f66ab10;  1 drivers
v0x5e901f601870_0 .var "act_out", 7 0;
v0x5e901f601950_0 .net "clk", 0 0, v0x5e901f630010_0;  alias, 1 drivers
v0x5e901f601a20_0 .net "psum_in", 31 0, L_0x5e901f66a510;  1 drivers
v0x5e901f601ae0_0 .var "psum_out", 31 0;
v0x5e901f601c10_0 .net "rst_n", 0 0, v0x5e901f630890_0;  alias, 1 drivers
v0x5e901f601cb0_0 .net "weight_in", 7 0, L_0x5e901f66aa70;  1 drivers
v0x5e901f601d90_0 .net "weight_load", 0 0, L_0x5e901f669ff0;  1 drivers
v0x5e901f601e50_0 .var "weight_reg", 7 0;
S_0x5e901f602390 .scope generate, "gen_col[7]" "gen_col[7]" 7 100, 7 100 0, S_0x5e901f5f95d0;
 .timescale -9 -12;
P_0x5e901f602540 .param/l "col" 1 7 100, +C4<0111>;
L_0x5e901f66a8a0 .functor AND 1, v0x5e901f615cf0_0, L_0x5e901f66a730, C4<1>, C4<1>;
v0x5e901f603400_0 .net *"_ivl_0", 4 0, L_0x5e901f66a5e0;  1 drivers
L_0x793e5cf598e0 .functor BUFT 1, C4<00>, C4<0>, C4<0>, C4<0>;
v0x5e901f603500_0 .net *"_ivl_3", 1 0, L_0x793e5cf598e0;  1 drivers
L_0x793e5cf59928 .functor BUFT 1, C4<00110>, C4<0>, C4<0>, C4<0>;
v0x5e901f6035e0_0 .net/2u *"_ivl_4", 4 0, L_0x793e5cf59928;  1 drivers
v0x5e901f6036a0_0 .net *"_ivl_6", 0 0, L_0x5e901f66a730;  1 drivers
L_0x5e901f66a5e0 .concat [ 3 2 0 0], v0x5e901f615de0_0, L_0x793e5cf598e0;
L_0x5e901f66a730 .cmp/eq 5, L_0x5e901f66a5e0, L_0x793e5cf59928;
S_0x5e901f602620 .scope module, "u_pe" "pe" 7 101, 8 30 0, S_0x5e901f602390;
 .timescale -9 -12;
    .port_info 0 /INPUT 1 "clk";
    .port_info 1 /INPUT 1 "rst_n";
    .port_info 2 /INPUT 1 "weight_load";
    .port_info 3 /INPUT 8 "weight_in";
    .port_info 4 /INPUT 8 "act_in";
    .port_info 5 /OUTPUT 8 "act_out";
    .port_info 6 /INPUT 32 "psum_in";
    .port_info 7 /OUTPUT 32 "psum_out";
P_0x5e901f602800 .param/l "ACC_W" 0 8 32, +C4<00000000000000000000000000100000>;
P_0x5e901f602840 .param/l "DATA_W" 0 8 31, +C4<00000000000000000000000000001000>;
v0x5e901f602b40_0 .net "act_in", 7 0, L_0x5e901f66b130;  1 drivers
v0x5e901f602c40_0 .var "act_out", 7 0;
v0x5e901f602d20_0 .net "clk", 0 0, v0x5e901f630010_0;  alias, 1 drivers
v0x5e901f602df0_0 .net "psum_in", 31 0, L_0x5e901f66b1d0;  1 drivers
v0x5e901f602eb0_0 .var "psum_out", 31 0;
v0x5e901f602fe0_0 .net "rst_n", 0 0, v0x5e901f630890_0;  alias, 1 drivers
v0x5e901f603080_0 .net "weight_in", 7 0, L_0x5e901f66a960;  1 drivers
v0x5e901f603160_0 .net "weight_load", 0 0, L_0x5e901f66a8a0;  1 drivers
v0x5e901f603220_0 .var "weight_reg", 7 0;
S_0x5e901f603760 .scope generate, "gen_row[7]" "gen_row[7]" 7 99, 7 99 0, S_0x5e901f525c40;
 .timescale -9 -12;
P_0x5e901f603910 .param/l "row" 1 7 99, +C4<0111>;
S_0x5e901f6039f0 .scope generate, "gen_col[0]" "gen_col[0]" 7 100, 7 100 0, S_0x5e901f603760;
 .timescale -9 -12;
P_0x5e901f603bf0 .param/l "col" 1 7 100, +C4<00>;
L_0x5e901f66aa00 .functor AND 1, v0x5e901f615cf0_0, L_0x5e901f66ad00, C4<1>, C4<1>;
v0x5e901f604ab0_0 .net *"_ivl_0", 4 0, L_0x5e901f66abb0;  1 drivers
L_0x793e5cf59970 .functor BUFT 1, C4<00>, C4<0>, C4<0>, C4<0>;
v0x5e901f604bb0_0 .net *"_ivl_3", 1 0, L_0x793e5cf59970;  1 drivers
L_0x793e5cf599b8 .functor BUFT 1, C4<00111>, C4<0>, C4<0>, C4<0>;
v0x5e901f604c90_0 .net/2u *"_ivl_4", 4 0, L_0x793e5cf599b8;  1 drivers
v0x5e901f604d50_0 .net *"_ivl_6", 0 0, L_0x5e901f66ad00;  1 drivers
L_0x5e901f66abb0 .concat [ 3 2 0 0], v0x5e901f615de0_0, L_0x793e5cf59970;
L_0x5e901f66ad00 .cmp/eq 5, L_0x5e901f66abb0, L_0x793e5cf599b8;
S_0x5e901f603cd0 .scope module, "u_pe" "pe" 7 101, 8 30 0, S_0x5e901f6039f0;
 .timescale -9 -12;
    .port_info 0 /INPUT 1 "clk";
    .port_info 1 /INPUT 1 "rst_n";
    .port_info 2 /INPUT 1 "weight_load";
    .port_info 3 /INPUT 8 "weight_in";
    .port_info 4 /INPUT 8 "act_in";
    .port_info 5 /OUTPUT 8 "act_out";
    .port_info 6 /INPUT 32 "psum_in";
    .port_info 7 /OUTPUT 32 "psum_out";
P_0x5e901f603eb0 .param/l "ACC_W" 0 8 32, +C4<00000000000000000000000000100000>;
P_0x5e901f603ef0 .param/l "DATA_W" 0 8 31, +C4<00000000000000000000000000001000>;
v0x5e901f6041f0_0 .net "act_in", 7 0, L_0x5e901f66af60;  1 drivers
v0x5e901f6042f0_0 .var "act_out", 7 0;
v0x5e901f6043d0_0 .net "clk", 0 0, v0x5e901f630010_0;  alias, 1 drivers
v0x5e901f6044a0_0 .net "psum_in", 31 0, L_0x5e901f66b000;  1 drivers
v0x5e901f604560_0 .var "psum_out", 31 0;
v0x5e901f604690_0 .net "rst_n", 0 0, v0x5e901f630890_0;  alias, 1 drivers
v0x5e901f604730_0 .net "weight_in", 7 0, L_0x5e901f66aec0;  1 drivers
v0x5e901f604810_0 .net "weight_load", 0 0, L_0x5e901f66aa00;  1 drivers
v0x5e901f6048d0_0 .var "weight_reg", 7 0;
S_0x5e901f604e10 .scope generate, "gen_col[1]" "gen_col[1]" 7 100, 7 100 0, S_0x5e901f603760;
 .timescale -9 -12;
P_0x5e901f604fe0 .param/l "col" 1 7 100, +C4<01>;
L_0x5e901f66ba40 .functor AND 1, v0x5e901f615cf0_0, L_0x5e901f66b900, C4<1>, C4<1>;
v0x5e901f605e80_0 .net *"_ivl_0", 4 0, L_0x5e901f66b810;  1 drivers
L_0x793e5cf59a00 .functor BUFT 1, C4<00>, C4<0>, C4<0>, C4<0>;
v0x5e901f605f80_0 .net *"_ivl_3", 1 0, L_0x793e5cf59a00;  1 drivers
L_0x793e5cf59a48 .functor BUFT 1, C4<00111>, C4<0>, C4<0>, C4<0>;
v0x5e901f606060_0 .net/2u *"_ivl_4", 4 0, L_0x793e5cf59a48;  1 drivers
v0x5e901f606120_0 .net *"_ivl_6", 0 0, L_0x5e901f66b900;  1 drivers
L_0x5e901f66b810 .concat [ 3 2 0 0], v0x5e901f615de0_0, L_0x793e5cf59a00;
L_0x5e901f66b900 .cmp/eq 5, L_0x5e901f66b810, L_0x793e5cf59a48;
S_0x5e901f6050a0 .scope module, "u_pe" "pe" 7 101, 8 30 0, S_0x5e901f604e10;
 .timescale -9 -12;
    .port_info 0 /INPUT 1 "clk";
    .port_info 1 /INPUT 1 "rst_n";
    .port_info 2 /INPUT 1 "weight_load";
    .port_info 3 /INPUT 8 "weight_in";
    .port_info 4 /INPUT 8 "act_in";
    .port_info 5 /OUTPUT 8 "act_out";
    .port_info 6 /INPUT 32 "psum_in";
    .port_info 7 /OUTPUT 32 "psum_out";
P_0x5e901f605280 .param/l "ACC_W" 0 8 32, +C4<00000000000000000000000000100000>;
P_0x5e901f6052c0 .param/l "DATA_W" 0 8 31, +C4<00000000000000000000000000001000>;
v0x5e901f6055c0_0 .net "act_in", 7 0, L_0x5e901f66b270;  1 drivers
v0x5e901f6056c0_0 .var "act_out", 7 0;
v0x5e901f6057a0_0 .net "clk", 0 0, v0x5e901f630010_0;  alias, 1 drivers
v0x5e901f605870_0 .net "psum_in", 31 0, L_0x5e901f66b340;  1 drivers
v0x5e901f605930_0 .var "psum_out", 31 0;
v0x5e901f605a60_0 .net "rst_n", 0 0, v0x5e901f630890_0;  alias, 1 drivers
v0x5e901f605b00_0 .net "weight_in", 7 0, L_0x5e901f66bb00;  1 drivers
v0x5e901f605be0_0 .net "weight_load", 0 0, L_0x5e901f66ba40;  1 drivers
v0x5e901f605ca0_0 .var "weight_reg", 7 0;
S_0x5e901f6061e0 .scope generate, "gen_col[2]" "gen_col[2]" 7 100, 7 100 0, S_0x5e901f603760;
 .timescale -9 -12;
P_0x5e901f6063c0 .param/l "col" 1 7 100, +C4<010>;
L_0x5e901f66b6d0 .functor AND 1, v0x5e901f615cf0_0, L_0x5e901f66b560, C4<1>, C4<1>;
v0x5e901f607260_0 .net *"_ivl_0", 4 0, L_0x5e901f66b410;  1 drivers
L_0x793e5cf59a90 .functor BUFT 1, C4<00>, C4<0>, C4<0>, C4<0>;
v0x5e901f607360_0 .net *"_ivl_3", 1 0, L_0x793e5cf59a90;  1 drivers
L_0x793e5cf59ad8 .functor BUFT 1, C4<00111>, C4<0>, C4<0>, C4<0>;
v0x5e901f607440_0 .net/2u *"_ivl_4", 4 0, L_0x793e5cf59ad8;  1 drivers
v0x5e901f607500_0 .net *"_ivl_6", 0 0, L_0x5e901f66b560;  1 drivers
L_0x5e901f66b410 .concat [ 3 2 0 0], v0x5e901f615de0_0, L_0x793e5cf59a90;
L_0x5e901f66b560 .cmp/eq 5, L_0x5e901f66b410, L_0x793e5cf59ad8;
S_0x5e901f606480 .scope module, "u_pe" "pe" 7 101, 8 30 0, S_0x5e901f6061e0;
 .timescale -9 -12;
    .port_info 0 /INPUT 1 "clk";
    .port_info 1 /INPUT 1 "rst_n";
    .port_info 2 /INPUT 1 "weight_load";
    .port_info 3 /INPUT 8 "weight_in";
    .port_info 4 /INPUT 8 "act_in";
    .port_info 5 /OUTPUT 8 "act_out";
    .port_info 6 /INPUT 32 "psum_in";
    .port_info 7 /OUTPUT 32 "psum_out";
P_0x5e901f606660 .param/l "ACC_W" 0 8 32, +C4<00000000000000000000000000100000>;
P_0x5e901f6066a0 .param/l "DATA_W" 0 8 31, +C4<00000000000000000000000000001000>;
v0x5e901f6069a0_0 .net "act_in", 7 0, L_0x5e901f66c200;  1 drivers
v0x5e901f606aa0_0 .var "act_out", 7 0;
v0x5e901f606b80_0 .net "clk", 0 0, v0x5e901f630010_0;  alias, 1 drivers
v0x5e901f606c50_0 .net "psum_in", 31 0, L_0x5e901f66bba0;  1 drivers
v0x5e901f606d10_0 .var "psum_out", 31 0;
v0x5e901f606e40_0 .net "rst_n", 0 0, v0x5e901f630890_0;  alias, 1 drivers
v0x5e901f606ee0_0 .net "weight_in", 7 0, L_0x5e901f66c160;  1 drivers
v0x5e901f606fc0_0 .net "weight_load", 0 0, L_0x5e901f66b6d0;  1 drivers
v0x5e901f607080_0 .var "weight_reg", 7 0;
S_0x5e901f6075c0 .scope generate, "gen_col[3]" "gen_col[3]" 7 100, 7 100 0, S_0x5e901f603760;
 .timescale -9 -12;
P_0x5e901f607770 .param/l "col" 1 7 100, +C4<011>;
L_0x5e901f66bf30 .functor AND 1, v0x5e901f615cf0_0, L_0x5e901f66bdc0, C4<1>, C4<1>;
v0x5e901f608630_0 .net *"_ivl_0", 4 0, L_0x5e901f66bc70;  1 drivers
L_0x793e5cf59b20 .functor BUFT 1, C4<00>, C4<0>, C4<0>, C4<0>;
v0x5e901f608730_0 .net *"_ivl_3", 1 0, L_0x793e5cf59b20;  1 drivers
L_0x793e5cf59b68 .functor BUFT 1, C4<00111>, C4<0>, C4<0>, C4<0>;
v0x5e901f608810_0 .net/2u *"_ivl_4", 4 0, L_0x793e5cf59b68;  1 drivers
v0x5e901f6088d0_0 .net *"_ivl_6", 0 0, L_0x5e901f66bdc0;  1 drivers
L_0x5e901f66bc70 .concat [ 3 2 0 0], v0x5e901f615de0_0, L_0x793e5cf59b20;
L_0x5e901f66bdc0 .cmp/eq 5, L_0x5e901f66bc70, L_0x793e5cf59b68;
S_0x5e901f607850 .scope module, "u_pe" "pe" 7 101, 8 30 0, S_0x5e901f6075c0;
 .timescale -9 -12;
    .port_info 0 /INPUT 1 "clk";
    .port_info 1 /INPUT 1 "rst_n";
    .port_info 2 /INPUT 1 "weight_load";
    .port_info 3 /INPUT 8 "weight_in";
    .port_info 4 /INPUT 8 "act_in";
    .port_info 5 /OUTPUT 8 "act_out";
    .port_info 6 /INPUT 32 "psum_in";
    .port_info 7 /OUTPUT 32 "psum_out";
P_0x5e901f607a30 .param/l "ACC_W" 0 8 32, +C4<00000000000000000000000000100000>;
P_0x5e901f607a70 .param/l "DATA_W" 0 8 31, +C4<00000000000000000000000000001000>;
v0x5e901f607d70_0 .net "act_in", 7 0, L_0x5e901f66c090;  1 drivers
v0x5e901f607e70_0 .var "act_out", 7 0;
v0x5e901f607f50_0 .net "clk", 0 0, v0x5e901f630010_0;  alias, 1 drivers
v0x5e901f608020_0 .net "psum_in", 31 0, L_0x5e901f66c880;  1 drivers
v0x5e901f6080e0_0 .var "psum_out", 31 0;
v0x5e901f608210_0 .net "rst_n", 0 0, v0x5e901f630890_0;  alias, 1 drivers
v0x5e901f6082b0_0 .net "weight_in", 7 0, L_0x5e901f66bff0;  1 drivers
v0x5e901f608390_0 .net "weight_load", 0 0, L_0x5e901f66bf30;  1 drivers
v0x5e901f608450_0 .var "weight_reg", 7 0;
S_0x5e901f608990 .scope generate, "gen_col[4]" "gen_col[4]" 7 100, 7 100 0, S_0x5e901f603760;
 .timescale -9 -12;
P_0x5e901f608b90 .param/l "col" 1 7 100, +C4<0100>;
L_0x5e901f66c560 .functor AND 1, v0x5e901f615cf0_0, L_0x5e901f66c3f0, C4<1>, C4<1>;
v0x5e901f609a20_0 .net *"_ivl_0", 4 0, L_0x5e901f66c2a0;  1 drivers
L_0x793e5cf59bb0 .functor BUFT 1, C4<00>, C4<0>, C4<0>, C4<0>;
v0x5e901f609b20_0 .net *"_ivl_3", 1 0, L_0x793e5cf59bb0;  1 drivers
L_0x793e5cf59bf8 .functor BUFT 1, C4<00111>, C4<0>, C4<0>, C4<0>;
v0x5e901f609c00_0 .net/2u *"_ivl_4", 4 0, L_0x793e5cf59bf8;  1 drivers
v0x5e901f609cc0_0 .net *"_ivl_6", 0 0, L_0x5e901f66c3f0;  1 drivers
L_0x5e901f66c2a0 .concat [ 3 2 0 0], v0x5e901f615de0_0, L_0x793e5cf59bb0;
L_0x5e901f66c3f0 .cmp/eq 5, L_0x5e901f66c2a0, L_0x793e5cf59bf8;
S_0x5e901f608c70 .scope module, "u_pe" "pe" 7 101, 8 30 0, S_0x5e901f608990;
 .timescale -9 -12;
    .port_info 0 /INPUT 1 "clk";
    .port_info 1 /INPUT 1 "rst_n";
    .port_info 2 /INPUT 1 "weight_load";
    .port_info 3 /INPUT 8 "weight_in";
    .port_info 4 /INPUT 8 "act_in";
    .port_info 5 /OUTPUT 8 "act_out";
    .port_info 6 /INPUT 32 "psum_in";
    .port_info 7 /OUTPUT 32 "psum_out";
P_0x5e901f608e50 .param/l "ACC_W" 0 8 32, +C4<00000000000000000000000000100000>;
P_0x5e901f608e90 .param/l "DATA_W" 0 8 31, +C4<00000000000000000000000000001000>;
v0x5e901f609160_0 .net "act_in", 7 0, L_0x5e901f66c6c0;  1 drivers
v0x5e901f609260_0 .var "act_out", 7 0;
v0x5e901f609340_0 .net "clk", 0 0, v0x5e901f630010_0;  alias, 1 drivers
v0x5e901f609410_0 .net "psum_in", 31 0, L_0x5e901f66c760;  1 drivers
v0x5e901f6094d0_0 .var "psum_out", 31 0;
v0x5e901f609600_0 .net "rst_n", 0 0, v0x5e901f630890_0;  alias, 1 drivers
v0x5e901f6096a0_0 .net "weight_in", 7 0, L_0x5e901f66c620;  1 drivers
v0x5e901f609780_0 .net "weight_load", 0 0, L_0x5e901f66c560;  1 drivers
v0x5e901f609840_0 .var "weight_reg", 7 0;
S_0x5e901f609d80 .scope generate, "gen_col[5]" "gen_col[5]" 7 100, 7 100 0, S_0x5e901f603760;
 .timescale -9 -12;
P_0x5e901f609f30 .param/l "col" 1 7 100, +C4<0101>;
L_0x5e901f66d910 .functor AND 1, v0x5e901f615cf0_0, L_0x5e901f66d7d0, C4<1>, C4<1>;
v0x5e901f60adf0_0 .net *"_ivl_0", 4 0, L_0x5e901f66cf20;  1 drivers
L_0x793e5cf59c40 .functor BUFT 1, C4<00>, C4<0>, C4<0>, C4<0>;
v0x5e901f60aef0_0 .net *"_ivl_3", 1 0, L_0x793e5cf59c40;  1 drivers
L_0x793e5cf59c88 .functor BUFT 1, C4<00111>, C4<0>, C4<0>, C4<0>;
v0x5e901f60afd0_0 .net/2u *"_ivl_4", 4 0, L_0x793e5cf59c88;  1 drivers
v0x5e901f60b090_0 .net *"_ivl_6", 0 0, L_0x5e901f66d7d0;  1 drivers
L_0x5e901f66cf20 .concat [ 3 2 0 0], v0x5e901f615de0_0, L_0x793e5cf59c40;
L_0x5e901f66d7d0 .cmp/eq 5, L_0x5e901f66cf20, L_0x793e5cf59c88;
S_0x5e901f60a010 .scope module, "u_pe" "pe" 7 101, 8 30 0, S_0x5e901f609d80;
 .timescale -9 -12;
    .port_info 0 /INPUT 1 "clk";
    .port_info 1 /INPUT 1 "rst_n";
    .port_info 2 /INPUT 1 "weight_load";
    .port_info 3 /INPUT 8 "weight_in";
    .port_info 4 /INPUT 8 "act_in";
    .port_info 5 /OUTPUT 8 "act_out";
    .port_info 6 /INPUT 32 "psum_in";
    .port_info 7 /OUTPUT 32 "psum_out";
P_0x5e901f60a1f0 .param/l "ACC_W" 0 8 32, +C4<00000000000000000000000000100000>;
P_0x5e901f60a230 .param/l "DATA_W" 0 8 31, +C4<00000000000000000000000000001000>;
v0x5e901f60a530_0 .net "act_in", 7 0, L_0x5e901f66c920;  1 drivers
v0x5e901f60a630_0 .var "act_out", 7 0;
v0x5e901f60a710_0 .net "clk", 0 0, v0x5e901f630010_0;  alias, 1 drivers
v0x5e901f60a7e0_0 .net "psum_in", 31 0, L_0x5e901f66c9f0;  1 drivers
v0x5e901f60a8a0_0 .var "psum_out", 31 0;
v0x5e901f60a9d0_0 .net "rst_n", 0 0, v0x5e901f630890_0;  alias, 1 drivers
v0x5e901f60aa70_0 .net "weight_in", 7 0, L_0x5e901f66e1e0;  1 drivers
v0x5e901f60ab50_0 .net "weight_load", 0 0, L_0x5e901f66d910;  1 drivers
v0x5e901f60ac10_0 .var "weight_reg", 7 0;
S_0x5e901f60b150 .scope generate, "gen_col[6]" "gen_col[6]" 7 100, 7 100 0, S_0x5e901f603760;
 .timescale -9 -12;
P_0x5e901f60b300 .param/l "col" 1 7 100, +C4<0110>;
L_0x5e901f66cd80 .functor AND 1, v0x5e901f615cf0_0, L_0x5e901f66cc10, C4<1>, C4<1>;
v0x5e901f60c1c0_0 .net *"_ivl_0", 4 0, L_0x5e901f66cac0;  1 drivers
L_0x793e5cf59cd0 .functor BUFT 1, C4<00>, C4<0>, C4<0>, C4<0>;
v0x5e901f60c2c0_0 .net *"_ivl_3", 1 0, L_0x793e5cf59cd0;  1 drivers
L_0x793e5cf59d18 .functor BUFT 1, C4<00111>, C4<0>, C4<0>, C4<0>;
v0x5e901f60c3a0_0 .net/2u *"_ivl_4", 4 0, L_0x793e5cf59d18;  1 drivers
v0x5e901f60c460_0 .net *"_ivl_6", 0 0, L_0x5e901f66cc10;  1 drivers
L_0x5e901f66cac0 .concat [ 3 2 0 0], v0x5e901f615de0_0, L_0x793e5cf59cd0;
L_0x5e901f66cc10 .cmp/eq 5, L_0x5e901f66cac0, L_0x793e5cf59d18;
S_0x5e901f60b3e0 .scope module, "u_pe" "pe" 7 101, 8 30 0, S_0x5e901f60b150;
 .timescale -9 -12;
    .port_info 0 /INPUT 1 "clk";
    .port_info 1 /INPUT 1 "rst_n";
    .port_info 2 /INPUT 1 "weight_load";
    .port_info 3 /INPUT 8 "weight_in";
    .port_info 4 /INPUT 8 "act_in";
    .port_info 5 /OUTPUT 8 "act_out";
    .port_info 6 /INPUT 32 "psum_in";
    .port_info 7 /OUTPUT 32 "psum_out";
P_0x5e901f60b5c0 .param/l "ACC_W" 0 8 32, +C4<00000000000000000000000000100000>;
P_0x5e901f60b600 .param/l "DATA_W" 0 8 31, +C4<00000000000000000000000000001000>;
v0x5e901f60b900_0 .net "act_in", 7 0, L_0x5e901f66f0b0;  1 drivers
v0x5e901f60ba00_0 .var "act_out", 7 0;
v0x5e901f60bae0_0 .net "clk", 0 0, v0x5e901f630010_0;  alias, 1 drivers
v0x5e901f60bbb0_0 .net "psum_in", 31 0, L_0x5e901f66ea90;  1 drivers
v0x5e901f60bc70_0 .var "psum_out", 31 0;
v0x5e901f60bda0_0 .net "rst_n", 0 0, v0x5e901f630890_0;  alias, 1 drivers
v0x5e901f60be40_0 .net "weight_in", 7 0, L_0x5e901f66ce40;  1 drivers
v0x5e901f60bf20_0 .net "weight_load", 0 0, L_0x5e901f66cd80;  1 drivers
v0x5e901f60bfe0_0 .var "weight_reg", 7 0;
S_0x5e901f60c520 .scope generate, "gen_col[7]" "gen_col[7]" 7 100, 7 100 0, S_0x5e901f603760;
 .timescale -9 -12;
P_0x5e901f60c6d0 .param/l "col" 1 7 100, +C4<0111>;
L_0x5e901f66ee20 .functor AND 1, v0x5e901f615cf0_0, L_0x5e901f66ecb0, C4<1>, C4<1>;
v0x5e901f60d590_0 .net *"_ivl_0", 4 0, L_0x5e901f66eb60;  1 drivers
L_0x793e5cf59d60 .functor BUFT 1, C4<00>, C4<0>, C4<0>, C4<0>;
v0x5e901f60d690_0 .net *"_ivl_3", 1 0, L_0x793e5cf59d60;  1 drivers
L_0x793e5cf59da8 .functor BUFT 1, C4<00111>, C4<0>, C4<0>, C4<0>;
v0x5e901f60d770_0 .net/2u *"_ivl_4", 4 0, L_0x793e5cf59da8;  1 drivers
v0x5e901f60d830_0 .net *"_ivl_6", 0 0, L_0x5e901f66ecb0;  1 drivers
L_0x5e901f66eb60 .concat [ 3 2 0 0], v0x5e901f615de0_0, L_0x793e5cf59d60;
L_0x5e901f66ecb0 .cmp/eq 5, L_0x5e901f66eb60, L_0x793e5cf59da8;
S_0x5e901f60c7b0 .scope module, "u_pe" "pe" 7 101, 8 30 0, S_0x5e901f60c520;
 .timescale -9 -12;
    .port_info 0 /INPUT 1 "clk";
    .port_info 1 /INPUT 1 "rst_n";
    .port_info 2 /INPUT 1 "weight_load";
    .port_info 3 /INPUT 8 "weight_in";
    .port_info 4 /INPUT 8 "act_in";
    .port_info 5 /OUTPUT 8 "act_out";
    .port_info 6 /INPUT 32 "psum_in";
    .port_info 7 /OUTPUT 32 "psum_out";
P_0x5e901f60c990 .param/l "ACC_W" 0 8 32, +C4<00000000000000000000000000100000>;
P_0x5e901f60c9d0 .param/l "DATA_W" 0 8 31, +C4<00000000000000000000000000001000>;
v0x5e901f60ccd0_0 .net "act_in", 7 0, L_0x5e901f66ef80;  1 drivers
v0x5e901f60cdd0_0 .var "act_out", 7 0;
v0x5e901f60ceb0_0 .net "clk", 0 0, v0x5e901f630010_0;  alias, 1 drivers
v0x5e901f60cf80_0 .net "psum_in", 31 0, L_0x5e901f66f150;  1 drivers
v0x5e901f60d040_0 .var "psum_out", 31 0;
v0x5e901f60d170_0 .net "rst_n", 0 0, v0x5e901f630890_0;  alias, 1 drivers
v0x5e901f60d210_0 .net "weight_in", 7 0, L_0x5e901f66eee0;  1 drivers
v0x5e901f60d2f0_0 .net "weight_load", 0 0, L_0x5e901f66ee20;  1 drivers
v0x5e901f60d3b0_0 .var "weight_reg", 7 0;
S_0x5e901f60f560 .scope generate, "unpack_a[0]" "unpack_a[0]" 6 31, 6 31 0, S_0x5e901f553960;
 .timescale -9 -12;
P_0x5e901f60f710 .param/l "i" 1 6 31, +C4<00>;
v0x5e901f60f7f0_0 .net *"_ivl_0", 7 0, L_0x5e901f64aaf0;  1 drivers
S_0x5e901f60f8d0 .scope generate, "unpack_a[1]" "unpack_a[1]" 6 31, 6 31 0, S_0x5e901f553960;
 .timescale -9 -12;
P_0x5e901f60fad0 .param/l "i" 1 6 31, +C4<01>;
v0x5e901f60fbb0_0 .net *"_ivl_0", 7 0, L_0x5e901f64abf0;  1 drivers
S_0x5e901f60fc90 .scope generate, "unpack_a[2]" "unpack_a[2]" 6 31, 6 31 0, S_0x5e901f553960;
 .timescale -9 -12;
P_0x5e901f60fe90 .param/l "i" 1 6 31, +C4<010>;
v0x5e901f60ff70_0 .net *"_ivl_0", 7 0, L_0x5e901f64ac90;  1 drivers
S_0x5e901f610050 .scope generate, "unpack_a[3]" "unpack_a[3]" 6 31, 6 31 0, S_0x5e901f553960;
 .timescale -9 -12;
P_0x5e901f610250 .param/l "i" 1 6 31, +C4<011>;
v0x5e901f610330_0 .net *"_ivl_0", 7 0, L_0x5e901f64ada0;  1 drivers
S_0x5e901f610410 .scope generate, "unpack_a[4]" "unpack_a[4]" 6 31, 6 31 0, S_0x5e901f553960;
 .timescale -9 -12;
P_0x5e901f610610 .param/l "i" 1 6 31, +C4<0100>;
v0x5e901f6106f0_0 .net *"_ivl_0", 7 0, L_0x5e901f64ae40;  1 drivers
S_0x5e901f6107d0 .scope generate, "unpack_a[5]" "unpack_a[5]" 6 31, 6 31 0, S_0x5e901f553960;
 .timescale -9 -12;
P_0x5e901f6109d0 .param/l "i" 1 6 31, +C4<0101>;
v0x5e901f610ab0_0 .net *"_ivl_0", 7 0, L_0x5e901f64aee0;  1 drivers
S_0x5e901f610b90 .scope generate, "unpack_a[6]" "unpack_a[6]" 6 31, 6 31 0, S_0x5e901f553960;
 .timescale -9 -12;
P_0x5e901f610d90 .param/l "i" 1 6 31, +C4<0110>;
v0x5e901f610e70_0 .net *"_ivl_0", 7 0, L_0x5e901f64b090;  1 drivers
S_0x5e901f610f50 .scope generate, "unpack_a[7]" "unpack_a[7]" 6 31, 6 31 0, S_0x5e901f553960;
 .timescale -9 -12;
P_0x5e901f611150 .param/l "i" 1 6 31, +C4<0111>;
v0x5e901f611230_0 .net *"_ivl_0", 7 0, L_0x5e901f64b490;  1 drivers
S_0x5e901f611310 .scope generate, "unpack_w[0]" "unpack_w[0]" 6 28, 6 28 0, S_0x5e901f553960;
 .timescale -9 -12;
P_0x5e901f611510 .param/l "i" 1 6 28, +C4<00>;
v0x5e901f6115f0_0 .net *"_ivl_0", 7 0, L_0x5e901f64a1f0;  1 drivers
S_0x5e901f6116d0 .scope generate, "unpack_w[1]" "unpack_w[1]" 6 28, 6 28 0, S_0x5e901f553960;
 .timescale -9 -12;
P_0x5e901f6118d0 .param/l "i" 1 6 28, +C4<01>;
v0x5e901f6119b0_0 .net *"_ivl_0", 7 0, L_0x5e901f64a290;  1 drivers
S_0x5e901f611a90 .scope generate, "unpack_w[2]" "unpack_w[2]" 6 28, 6 28 0, S_0x5e901f553960;
 .timescale -9 -12;
P_0x5e901f611c90 .param/l "i" 1 6 28, +C4<010>;
v0x5e901f611d70_0 .net *"_ivl_0", 7 0, L_0x5e901f64a330;  1 drivers
S_0x5e901f611e50 .scope generate, "unpack_w[3]" "unpack_w[3]" 6 28, 6 28 0, S_0x5e901f553960;
 .timescale -9 -12;
P_0x5e901f612050 .param/l "i" 1 6 28, +C4<011>;
v0x5e901f612130_0 .net *"_ivl_0", 7 0, L_0x5e901f64a3d0;  1 drivers
S_0x5e901f612210 .scope generate, "unpack_w[4]" "unpack_w[4]" 6 28, 6 28 0, S_0x5e901f553960;
 .timescale -9 -12;
P_0x5e901f612410 .param/l "i" 1 6 28, +C4<0100>;
v0x5e901f6124f0_0 .net *"_ivl_0", 7 0, L_0x5e901f64a470;  1 drivers
S_0x5e901f6125d0 .scope generate, "unpack_w[5]" "unpack_w[5]" 6 28, 6 28 0, S_0x5e901f553960;
 .timescale -9 -12;
P_0x5e901f6127d0 .param/l "i" 1 6 28, +C4<0101>;
v0x5e901f6128b0_0 .net *"_ivl_0", 7 0, L_0x5e901f64a510;  1 drivers
S_0x5e901f612990 .scope generate, "unpack_w[6]" "unpack_w[6]" 6 28, 6 28 0, S_0x5e901f553960;
 .timescale -9 -12;
P_0x5e901f612b90 .param/l "i" 1 6 28, +C4<0110>;
v0x5e901f612c70_0 .net *"_ivl_0", 7 0, L_0x5e901f64a5f0;  1 drivers
S_0x5e901f612d50 .scope generate, "unpack_w[7]" "unpack_w[7]" 6 28, 6 28 0, S_0x5e901f553960;
 .timescale -9 -12;
P_0x5e901f612f50 .param/l "i" 1 6 28, +C4<0111>;
v0x5e901f613030_0 .net *"_ivl_0", 7 0, L_0x5e901f64aa00;  1 drivers
S_0x5e901f6161b0 .scope module, "u_scratchpad" "scratchpad" 4 78, 9 15 0, S_0x5e901f4d03f0;
 .timescale -9 -12;
    .port_info 0 /INPUT 1 "clk";
    .port_info 1 /INPUT 1 "rst_n";
    .port_info 2 /INPUT 6 "sram_a_addr";
    .port_info 3 /INPUT 1 "sram_a_ren";
    .port_info 4 /INPUT 1 "sram_a_wen";
    .port_info 5 /INPUT 8 "sram_a_wdata";
    .port_info 6 /OUTPUT 8 "sram_a_rdata";
    .port_info 7 /INPUT 6 "sram_b_addr";
    .port_info 8 /INPUT 1 "sram_b_ren";
    .port_info 9 /INPUT 1 "sram_b_wen";
    .port_info 10 /INPUT 8 "sram_b_wdata";
    .port_info 11 /OUTPUT 8 "sram_b_rdata";
    .port_info 12 /INPUT 3 "sram_c_addr";
    .port_info 13 /INPUT 1 "sram_c_ren";
    .port_info 14 /INPUT 1 "sram_c_wen";
    .port_info 15 /INPUT 32 "sram_c_wdata";
    .port_info 16 /OUTPUT 32 "sram_c_rdata";
v0x5e901f4ffce0_0 .net "clk", 0 0, v0x5e901f630010_0;  alias, 1 drivers
v0x5e901f616550_0 .var/i "i", 31 0;
v0x5e901f616630 .array "mem_a", 63 0, 7 0;
v0x5e901f6166d0 .array "mem_b", 63 0, 7 0;
v0x5e901f616790 .array "mem_c", 7 0, 31 0;
v0x5e901f6168a0_0 .net "rst_n", 0 0, v0x5e901f630890_0;  alias, 1 drivers
v0x5e901f616940_0 .net "sram_a_addr", 5 0, v0x5e901f6151e0_0;  alias, 1 drivers
v0x5e901f616a00_0 .var "sram_a_rdata", 7 0;
v0x5e901f616aa0_0 .net "sram_a_ren", 0 0, v0x5e901f6153a0_0;  alias, 1 drivers
L_0x793e5cf59e80 .functor BUFT 1, C4<00000000>, C4<0>, C4<0>, C4<0>;
v0x5e901f616c00_0 .net "sram_a_wdata", 7 0, L_0x793e5cf59e80;  1 drivers
L_0x793e5cf59e38 .functor BUFT 1, C4<0>, C4<0>, C4<0>, C4<0>;
v0x5e901f616ca0_0 .net "sram_a_wen", 0 0, L_0x793e5cf59e38;  1 drivers
v0x5e901f616d60_0 .net "sram_b_addr", 5 0, v0x5e901f615460_0;  alias, 1 drivers
v0x5e901f616e50_0 .var "sram_b_rdata", 7 0;
v0x5e901f616f20_0 .net "sram_b_ren", 0 0, v0x5e901f615620_0;  alias, 1 drivers
L_0x793e5cf59f10 .functor BUFT 1, C4<00000000>, C4<0>, C4<0>, C4<0>;
v0x5e901f616ff0_0 .net "sram_b_wdata", 7 0, L_0x793e5cf59f10;  1 drivers
L_0x793e5cf59ec8 .functor BUFT 1, C4<0>, C4<0>, C4<0>, C4<0>;
v0x5e901f617090_0 .net "sram_b_wen", 0 0, L_0x793e5cf59ec8;  1 drivers
v0x5e901f617150_0 .net "sram_c_addr", 2 0, v0x5e901f6156e0_0;  alias, 1 drivers
v0x5e901f617240_0 .var "sram_c_rdata", 31 0;
L_0x793e5cf59f58 .functor BUFT 1, C4<0>, C4<0>, C4<0>, C4<0>;
v0x5e901f617300_0 .net "sram_c_ren", 0 0, L_0x793e5cf59f58;  1 drivers
v0x5e901f6173c0_0 .net "sram_c_wdata", 31 0, v0x5e901f6157c0_0;  alias, 1 drivers
v0x5e901f6174b0_0 .net "sram_c_wen", 0 0, v0x5e901f6158a0_0;  alias, 1 drivers
S_0x5e901f618910 .scope module, "u_cpu" "cpu_top" 3 24, 10 5 0, S_0x5e901f510620;
 .timescale -9 -12;
    .port_info 0 /INPUT 1 "clk";
    .port_info 1 /INPUT 1 "rst_n";
    .port_info 2 /OUTPUT 32 "imem_addr";
    .port_info 3 /INPUT 32 "imem_data";
    .port_info 4 /OUTPUT 32 "dmem_addr";
    .port_info 5 /OUTPUT 32 "dmem_wdata";
    .port_info 6 /OUTPUT 1 "dmem_wr_en";
    .port_info 7 /INPUT 32 "dmem_rdata";
    .port_info 8 /OUTPUT 32 "axil_awaddr";
    .port_info 9 /OUTPUT 1 "axil_awvalid";
    .port_info 10 /OUTPUT 32 "axil_wdata";
    .port_info 11 /OUTPUT 1 "axil_wvalid";
    .port_info 12 /OUTPUT 1 "axil_araddr";
    .port_info 13 /OUTPUT 1 "axil_arvalid";
    .port_info 14 /INPUT 1 "accel_done";
L_0x5e901f4f68a0 .functor OR 1, L_0x5e901f644a40, L_0x5e901f645cb0, C4<0>, C4<0>;
L_0x5e901f350d30 .functor OR 1, L_0x5e901f644a40, L_0x5e901f645cb0, C4<0>, C4<0>;
v0x5e901f62b310_0 .net "accel_done", 0 0, v0x5e901f613c00_0;  alias, 1 drivers
v0x5e901f62b3d0_0 .net "accel_stall", 0 0, L_0x5e901f645e50;  1 drivers
v0x5e901f62b490_0 .net "axil_araddr", 0 0, v0x5e901f621030_0;  alias, 1 drivers
v0x5e901f62b530_0 .net "axil_arvalid", 0 0, v0x5e901f621120_0;  alias, 1 drivers
v0x5e901f62b5d0_0 .net "axil_awaddr", 31 0, v0x5e901f621210_0;  alias, 1 drivers
v0x5e901f62b6c0_0 .net "axil_awvalid", 0 0, v0x5e901f621300_0;  alias, 1 drivers
v0x5e901f62b760_0 .net "axil_wdata", 31 0, v0x5e901f6213f0_0;  alias, 1 drivers
v0x5e901f62b800_0 .net "axil_wvalid", 0 0, v0x5e901f621500_0;  alias, 1 drivers
v0x5e901f62b8a0_0 .net "branch_fallthrough", 31 0, L_0x5e901f645b70;  1 drivers
v0x5e901f62b960_0 .net "branch_taken", 0 0, L_0x5e901f644a40;  1 drivers
v0x5e901f62ba00_0 .net "branch_target", 31 0, L_0x5e901f645970;  1 drivers
v0x5e901f62baa0_0 .net "clk", 0 0, v0x5e901f630010_0;  alias, 1 drivers
v0x5e901f62bb40_0 .net "correct_pc", 31 0, L_0x5e901f630930;  1 drivers
v0x5e901f62bbe0_0 .net "dmem_addr", 31 0, L_0x5e901f6462c0;  alias, 1 drivers
v0x5e901f62bcb0_0 .net "dmem_rdata", 31 0, L_0x5e901f648e80;  1 drivers
v0x5e901f62bd80_0 .net "dmem_wdata", 31 0, L_0x5e901f646330;  alias, 1 drivers
v0x5e901f62be50_0 .net "dmem_wr_en", 0 0, L_0x5e901f6463a0;  alias, 1 drivers
v0x5e901f62c030_0 .net "ex_alu_result", 31 0, v0x5e901f620e80_0;  1 drivers
v0x5e901f62c0d0_0 .net "ex_mem_read", 0 0, v0x5e901f622020_0;  1 drivers
v0x5e901f62c170_0 .net "ex_mem_to_reg", 0 0, v0x5e901f622190_0;  1 drivers
v0x5e901f62c210_0 .net "ex_mem_write", 0 0, v0x5e901f622300_0;  1 drivers
v0x5e901f62c300_0 .net "ex_rd_addr", 4 0, v0x5e901f6226a0_0;  1 drivers
v0x5e901f62c3a0_0 .net "ex_reg_write", 0 0, v0x5e901f622830_0;  1 drivers
v0x5e901f62c440_0 .net "ex_rs2", 31 0, v0x5e901f622df0_0;  1 drivers
v0x5e901f62c500_0 .net "fwd_sel_rs1", 1 0, L_0x5e901f6478f0;  1 drivers
v0x5e901f62c610_0 .net "fwd_sel_rs2", 1 0, L_0x5e901f648930;  1 drivers
v0x5e901f62c720_0 .net "id_accel", 0 0, v0x5e901f61c2c0_0;  1 drivers
v0x5e901f62c810_0 .net "id_accel_op", 2 0, v0x5e901f61c1e0_0;  1 drivers
v0x5e901f62c920_0 .net "id_alu_op", 3 0, v0x5e901f61c460_0;  1 drivers
v0x5e901f62ca30_0 .net "id_alu_src", 0 0, v0x5e901f61c600_0;  1 drivers
v0x5e901f62cb20_0 .net "id_branch", 0 0, v0x5e901f61c780_0;  1 drivers
v0x5e901f62cc10_0 .net "id_funct3", 2 0, v0x5e901f61ca80_0;  1 drivers
v0x5e901f62cd20_0 .net "id_imm", 31 0, v0x5e901f61cfc0_0;  1 drivers
v0x5e901f62d040_0 .net "id_jal", 0 0, v0x5e901f61d340_0;  1 drivers
v0x5e901f62d130_0 .net "id_mem_read", 0 0, v0x5e901f61d4c0_0;  1 drivers
v0x5e901f62d220_0 .net "id_mem_to_reg", 0 0, v0x5e901f61d640_0;  1 drivers
v0x5e901f62d310_0 .net "id_mem_write", 0 0, v0x5e901f61d7c0_0;  1 drivers
v0x5e901f62d400_0 .net "id_pc", 31 0, v0x5e901f61da40_0;  1 drivers
v0x5e901f62d4c0_0 .net "id_predicted_taken", 0 0, v0x5e901f61dba0_0;  1 drivers
v0x5e901f62d5b0_0 .net "id_predicted_taken_fetch", 0 0, v0x5e901f6241b0_0;  1 drivers
v0x5e901f62d6a0_0 .net "id_rd_addr", 4 0, v0x5e901f61dd40_0;  1 drivers
v0x5e901f62d7b0_0 .net "id_reg_write", 0 0, v0x5e901f61dee0_0;  1 drivers
v0x5e901f62d8a0_0 .net "id_rs1", 31 0, v0x5e901f61e320_0;  1 drivers
v0x5e901f62d9b0_0 .net "id_rs1_addr", 4 0, v0x5e901f61e160_0;  1 drivers
v0x5e901f62da70_0 .net "id_rs1_addr_rf", 4 0, L_0x5e901f4f37c0;  1 drivers
v0x5e901f62db80_0 .net "id_rs1_data_rf", 31 0, L_0x5e901f644350;  1 drivers
v0x5e901f62dc90_0 .net "id_rs2", 31 0, v0x5e901f61e780_0;  1 drivers
v0x5e901f62dda0_0 .net "id_rs2_addr", 4 0, v0x5e901f61e5c0_0;  1 drivers
v0x5e901f62de60_0 .net "id_rs2_addr_rf", 4 0, L_0x5e901f395970;  1 drivers
v0x5e901f62df70_0 .net "id_rs2_data_rf", 31 0, L_0x5e901f644d00;  1 drivers
v0x5e901f62e080_0 .net "if_instr", 31 0, v0x5e901f623dc0_0;  1 drivers
v0x5e901f62e190_0 .net "if_pc", 31 0, v0x5e901f623ff0_0;  1 drivers
v0x5e901f62e2a0_0 .net "imem_addr", 31 0, v0x5e901f623f50_0;  alias, 1 drivers
v0x5e901f62e3b0_0 .net "imem_data", 31 0, L_0x5e901f648b60;  1 drivers
v0x5e901f62e470_0 .net "mem_alu_result", 31 0, v0x5e901f6279e0_0;  1 drivers
v0x5e901f62e560_0 .net "mem_data", 31 0, v0x5e901f627ef0_0;  1 drivers
v0x5e901f62e670_0 .net "mem_mem_to_reg", 0 0, v0x5e901f628110_0;  1 drivers
v0x5e901f62e760_0 .net "mem_rd_addr", 4 0, v0x5e901f6282f0_0;  1 drivers
v0x5e901f62e820_0 .net "mem_reg_write", 0 0, v0x5e901f6284a0_0;  1 drivers
v0x5e901f62e8c0_0 .net "mispredict", 0 0, L_0x5e901f645cb0;  1 drivers
v0x5e901f62e9b0_0 .net "predict_taken", 0 0, L_0x5e901f630dd0;  1 drivers
v0x5e901f62eaa0_0 .net "rst_n", 0 0, v0x5e901f630890_0;  alias, 1 drivers
v0x5e901f62eb40_0 .net "stall", 0 0, L_0x5e901f646b00;  1 drivers
v0x5e901f62ebe0_0 .net "wb_addr", 4 0, L_0x5e901f6465c0;  1 drivers
v0x5e901f62ecf0_0 .net "wb_data", 31 0, L_0x5e901f646410;  1 drivers
v0x5e901f62f1a0_0 .net "wb_en", 0 0, L_0x5e901f646630;  1 drivers
L_0x5e901f630930 .functor MUXZ 32, L_0x5e901f645b70, L_0x5e901f645970, L_0x5e901f644a40, C4<>;
S_0x5e901f618ac0 .scope module, "u_bht" "bht" 10 87, 11 4 0, S_0x5e901f618910;
 .timescale -9 -12;
    .port_info 0 /INPUT 1 "clk";
    .port_info 1 /INPUT 1 "rst_n";
    .port_info 2 /INPUT 32 "pc_fetch";
    .port_info 3 /OUTPUT 1 "predict_taken";
    .port_info 4 /INPUT 1 "update_en";
    .port_info 5 /INPUT 32 "pc_ex";
    .port_info 6 /INPUT 1 "actual_taken";
P_0x5e901f614260 .param/l "ENTRIES" 0 11 5, +C4<00000000000000000000000000010000>;
P_0x5e901f6142a0 .param/l "IDX_W" 0 11 6, +C4<00000000000000000000000000000100>;
v0x5e901f618e80_0 .net *"_ivl_4", 1 0, L_0x5e901f630c90;  1 drivers
v0x5e901f618f80_0 .net *"_ivl_6", 5 0, L_0x5e901f630d30;  1 drivers
L_0x793e5cf57018 .functor BUFT 1, C4<00>, C4<0>, C4<0>, C4<0>;
v0x5e901f619060_0 .net *"_ivl_9", 1 0, L_0x793e5cf57018;  1 drivers
v0x5e901f619120_0 .net "actual_taken", 0 0, L_0x5e901f644a40;  alias, 1 drivers
v0x5e901f6191e0 .array "bht_mem", 15 0, 1 0;
v0x5e901f6192f0_0 .net "clk", 0 0, v0x5e901f630010_0;  alias, 1 drivers
v0x5e901f619390_0 .net "ex_idx", 3 0, L_0x5e901f630b60;  1 drivers
v0x5e901f619470_0 .net "fetch_idx", 3 0, L_0x5e901f630ac0;  1 drivers
v0x5e901f619550_0 .var/i "i", 31 0;
v0x5e901f619630_0 .net "pc_ex", 31 0, v0x5e901f61da40_0;  alias, 1 drivers
v0x5e901f619710_0 .net "pc_fetch", 31 0, v0x5e901f623f50_0;  alias, 1 drivers
v0x5e901f6197f0_0 .net "predict_taken", 0 0, L_0x5e901f630dd0;  alias, 1 drivers
v0x5e901f6198b0_0 .net "rst_n", 0 0, v0x5e901f630890_0;  alias, 1 drivers
v0x5e901f619950_0 .net "update_en", 0 0, L_0x5e901f4f68a0;  1 drivers
L_0x5e901f630ac0 .part v0x5e901f623f50_0, 2, 4;
L_0x5e901f630b60 .part v0x5e901f61da40_0, 2, 4;
L_0x5e901f630c90 .array/port v0x5e901f6191e0, L_0x5e901f630d30;
L_0x5e901f630d30 .concat [ 4 2 0 0], L_0x5e901f630ac0, L_0x793e5cf57018;
L_0x5e901f630dd0 .part L_0x5e901f630c90, 1, 1;
S_0x5e901f619af0 .scope module, "u_decode" "decode" 10 97, 12 6 0, S_0x5e901f618910;
 .timescale -9 -12;
    .port_info 0 /INPUT 1 "clk";
    .port_info 1 /INPUT 1 "rst_n";
    .port_info 2 /INPUT 1 "stall";
    .port_info 3 /INPUT 1 "flush";
    .port_info 4 /INPUT 32 "pc_in";
    .port_info 5 /INPUT 32 "instr_in";
    .port_info 6 /INPUT 1 "predicted_taken_in";
    .port_info 7 /OUTPUT 5 "rs1_addr";
    .port_info 8 /OUTPUT 5 "rs2_addr";
    .port_info 9 /INPUT 32 "rs1_data";
    .port_info 10 /INPUT 32 "rs2_data";
    .port_info 11 /OUTPUT 32 "pc_out";
    .port_info 12 /OUTPUT 32 "rs1_out";
    .port_info 13 /OUTPUT 32 "rs2_out";
    .port_info 14 /OUTPUT 32 "imm_out";
    .port_info 15 /OUTPUT 5 "rs1_addr_out";
    .port_info 16 /OUTPUT 5 "rs2_addr_out";
    .port_info 17 /OUTPUT 5 "rd_addr_out";
    .port_info 18 /OUTPUT 4 "alu_op_out";
    .port_info 19 /OUTPUT 1 "alu_src_out";
    .port_info 20 /OUTPUT 1 "mem_read_out";
    .port_info 21 /OUTPUT 1 "mem_write_out";
    .port_info 22 /OUTPUT 1 "reg_write_out";
    .port_info 23 /OUTPUT 1 "branch_out";
    .port_info 24 /OUTPUT 1 "mem_to_reg_out";
    .port_info 25 /OUTPUT 1 "predicted_taken_out";
    .port_info 26 /OUTPUT 3 "funct3_out";
    .port_info 27 /OUTPUT 1 "jal_out";
    .port_info 28 /OUTPUT 1 "accel_out";
    .port_info 29 /OUTPUT 3 "accel_op_out";
P_0x5e901f619ca0 .param/l "ACCEL_MLOAD" 1 12 77, C4<000>;
P_0x5e901f619ce0 .param/l "ACCEL_MMUL" 1 12 78, C4<001>;
P_0x5e901f619d20 .param/l "ACCEL_MSTORE" 1 12 79, C4<010>;
P_0x5e901f619d60 .param/l "ALU_ADD" 1 12 63, C4<0000>;
P_0x5e901f619da0 .param/l "ALU_AND" 1 12 65, C4<0010>;
P_0x5e901f619de0 .param/l "ALU_AUIPC" 1 12 74, C4<1011>;
P_0x5e901f619e20 .param/l "ALU_LUI" 1 12 73, C4<1010>;
P_0x5e901f619e60 .param/l "ALU_OR" 1 12 66, C4<0011>;
P_0x5e901f619ea0 .param/l "ALU_SLL" 1 12 68, C4<0101>;
P_0x5e901f619ee0 .param/l "ALU_SLT" 1 12 71, C4<1000>;
P_0x5e901f619f20 .param/l "ALU_SLTU" 1 12 72, C4<1001>;
P_0x5e901f619f60 .param/l "ALU_SRA" 1 12 70, C4<0111>;
P_0x5e901f619fa0 .param/l "ALU_SRL" 1 12 69, C4<0110>;
P_0x5e901f619fe0 .param/l "ALU_SUB" 1 12 64, C4<0001>;
P_0x5e901f61a020 .param/l "ALU_XOR" 1 12 67, C4<0100>;
L_0x5e901f4f37c0 .functor BUFZ 5, L_0x5e901f6310e0, C4<00000>, C4<00000>, C4<00000>;
L_0x5e901f395970 .functor BUFZ 5, L_0x5e901f631180, C4<00000>, C4<00000>, C4<00000>;
v0x5e901f61aa30_0 .net *"_ivl_17", 0 0, L_0x5e901f631420;  1 drivers
v0x5e901f61ab30_0 .net *"_ivl_18", 19 0, L_0x5e901f6314c0;  1 drivers
v0x5e901f61ac10_0 .net *"_ivl_21", 11 0, L_0x5e901f631770;  1 drivers
v0x5e901f61acd0_0 .net *"_ivl_25", 0 0, L_0x5e901f631960;  1 drivers
v0x5e901f61adb0_0 .net *"_ivl_26", 19 0, L_0x5e901f631a00;  1 drivers
v0x5e901f61aee0_0 .net *"_ivl_29", 6 0, L_0x5e901f631dd0;  1 drivers
v0x5e901f61afc0_0 .net *"_ivl_31", 4 0, L_0x5e901f631e70;  1 drivers
v0x5e901f61b0a0_0 .net *"_ivl_35", 0 0, L_0x5e901f6320d0;  1 drivers
v0x5e901f61b180_0 .net *"_ivl_36", 18 0, L_0x5e901f632200;  1 drivers
v0x5e901f61b2f0_0 .net *"_ivl_39", 0 0, L_0x5e901f6325b0;  1 drivers
v0x5e901f61b3d0_0 .net *"_ivl_41", 0 0, L_0x5e901f6326f0;  1 drivers
v0x5e901f61b4b0_0 .net *"_ivl_43", 5 0, L_0x5e901f6329a0;  1 drivers
v0x5e901f61b590_0 .net *"_ivl_45", 3 0, L_0x5e901f632650;  1 drivers
L_0x793e5cf57060 .functor BUFT 1, C4<0>, C4<0>, C4<0>, C4<0>;
v0x5e901f61b670_0 .net/2u *"_ivl_46", 0 0, L_0x793e5cf57060;  1 drivers
v0x5e901f61b750_0 .net *"_ivl_51", 19 0, L_0x5e901f632e80;  1 drivers
L_0x793e5cf570a8 .functor BUFT 1, C4<000000000000>, C4<0>, C4<0>, C4<0>;
v0x5e901f61b830_0 .net/2u *"_ivl_52", 11 0, L_0x793e5cf570a8;  1 drivers
v0x5e901f61b910_0 .net *"_ivl_57", 0 0, L_0x5e901f643140;  1 drivers
v0x5e901f61bb00_0 .net *"_ivl_58", 10 0, L_0x5e901f6431e0;  1 drivers
v0x5e901f61bbe0_0 .net *"_ivl_61", 0 0, L_0x5e901f6433b0;  1 drivers
v0x5e901f61bcc0_0 .net *"_ivl_63", 7 0, L_0x5e901f643450;  1 drivers
v0x5e901f61bda0_0 .net *"_ivl_65", 0 0, L_0x5e901f6435e0;  1 drivers
v0x5e901f61be80_0 .net *"_ivl_67", 9 0, L_0x5e901f643680;  1 drivers
L_0x793e5cf570f0 .functor BUFT 1, C4<0>, C4<0>, C4<0>, C4<0>;
v0x5e901f61bf60_0 .net/2u *"_ivl_68", 0 0, L_0x793e5cf570f0;  1 drivers
v0x5e901f61c040_0 .var "accel", 0 0;
v0x5e901f61c100_0 .var "accel_op", 2 0;
v0x5e901f61c1e0_0 .var "accel_op_out", 2 0;
v0x5e901f61c2c0_0 .var "accel_out", 0 0;
v0x5e901f61c380_0 .var "alu_op", 3 0;
v0x5e901f61c460_0 .var "alu_op_out", 3 0;
v0x5e901f61c540_0 .var "alu_src", 0 0;
v0x5e901f61c600_0 .var "alu_src_out", 0 0;
v0x5e901f61c6c0_0 .var "branch", 0 0;
v0x5e901f61c780_0 .var "branch_out", 0 0;
v0x5e901f61c840_0 .net "clk", 0 0, v0x5e901f630010_0;  alias, 1 drivers
v0x5e901f61c8e0_0 .net "flush", 0 0, L_0x5e901f350d30;  1 drivers
v0x5e901f61c9a0_0 .net "funct3", 2 0, L_0x5e901f631040;  1 drivers
v0x5e901f61ca80_0 .var "funct3_out", 2 0;
v0x5e901f61cb60_0 .net "funct7", 6 0, L_0x5e901f631220;  1 drivers
v0x5e901f61cc40_0 .var "imm", 31 0;
v0x5e901f61cd20_0 .net "imm_b", 31 0, L_0x5e901f632b20;  1 drivers
v0x5e901f61ce00_0 .net "imm_i", 31 0, L_0x5e901f631810;  1 drivers
v0x5e901f61cee0_0 .net "imm_j", 31 0, L_0x5e901f643880;  1 drivers
v0x5e901f61cfc0_0 .var "imm_out", 31 0;
v0x5e901f61d0a0_0 .net "imm_s", 31 0, L_0x5e901f631f90;  1 drivers
v0x5e901f61d180_0 .net "imm_u", 31 0, L_0x5e901f642f30;  1 drivers
v0x5e901f61d260_0 .net "instr_in", 31 0, v0x5e901f623dc0_0;  alias, 1 drivers
v0x5e901f61d340_0 .var "jal_out", 0 0;
v0x5e901f61d400_0 .var "mem_read", 0 0;
v0x5e901f61d4c0_0 .var "mem_read_out", 0 0;
v0x5e901f61d580_0 .var "mem_to_reg", 0 0;
v0x5e901f61d640_0 .var "mem_to_reg_out", 0 0;
v0x5e901f61d700_0 .var "mem_write", 0 0;
v0x5e901f61d7c0_0 .var "mem_write_out", 0 0;
v0x5e901f61d880_0 .net "opcode", 6 0, L_0x5e901f630e70;  1 drivers
v0x5e901f61d960_0 .net "pc_in", 31 0, v0x5e901f623ff0_0;  alias, 1 drivers
v0x5e901f61da40_0 .var "pc_out", 31 0;
v0x5e901f61db00_0 .net "predicted_taken_in", 0 0, v0x5e901f6241b0_0;  alias, 1 drivers
v0x5e901f61dba0_0 .var "predicted_taken_out", 0 0;
v0x5e901f61dc60_0 .net "rd", 4 0, L_0x5e901f630f10;  1 drivers
v0x5e901f61dd40_0 .var "rd_addr_out", 4 0;
v0x5e901f61de20_0 .var "reg_write", 0 0;
v0x5e901f61dee0_0 .var "reg_write_out", 0 0;
v0x5e901f61dfa0_0 .net "rs1", 4 0, L_0x5e901f6310e0;  1 drivers
v0x5e901f61e080_0 .net "rs1_addr", 4 0, L_0x5e901f4f37c0;  alias, 1 drivers
v0x5e901f61e160_0 .var "rs1_addr_out", 4 0;
v0x5e901f61e240_0 .net "rs1_data", 31 0, L_0x5e901f644350;  alias, 1 drivers
v0x5e901f61e320_0 .var "rs1_out", 31 0;
v0x5e901f61e400_0 .net "rs2", 4 0, L_0x5e901f631180;  1 drivers
v0x5e901f61e4e0_0 .net "rs2_addr", 4 0, L_0x5e901f395970;  alias, 1 drivers
v0x5e901f61e5c0_0 .var "rs2_addr_out", 4 0;
v0x5e901f61e6a0_0 .net "rs2_data", 31 0, L_0x5e901f644d00;  alias, 1 drivers
v0x5e901f61e780_0 .var "rs2_out", 31 0;
v0x5e901f61e860_0 .net "rst_n", 0 0, v0x5e901f630890_0;  alias, 1 drivers
v0x5e901f61e900_0 .net "stall", 0 0, L_0x5e901f646b00;  alias, 1 drivers
E_0x5e901f3bd2f0/0 .event anyedge, v0x5e901f61d880_0, v0x5e901f61cb60_0, v0x5e901f61c9a0_0, v0x5e901f61ce00_0;
E_0x5e901f3bd2f0/1 .event anyedge, v0x5e901f61cb60_0, v0x5e901f61d0a0_0, v0x5e901f61cd20_0, v0x5e901f61d180_0;
E_0x5e901f3bd2f0/2 .event anyedge, v0x5e901f61cee0_0;
E_0x5e901f3bd2f0 .event/or E_0x5e901f3bd2f0/0, E_0x5e901f3bd2f0/1, E_0x5e901f3bd2f0/2;
L_0x5e901f630e70 .part v0x5e901f623dc0_0, 0, 7;
L_0x5e901f630f10 .part v0x5e901f623dc0_0, 7, 5;
L_0x5e901f631040 .part v0x5e901f623dc0_0, 12, 3;
L_0x5e901f6310e0 .part v0x5e901f623dc0_0, 15, 5;
L_0x5e901f631180 .part v0x5e901f623dc0_0, 20, 5;
L_0x5e901f631220 .part v0x5e901f623dc0_0, 25, 7;
L_0x5e901f631420 .part v0x5e901f623dc0_0, 31, 1;
LS_0x5e901f6314c0_0_0 .concat [ 1 1 1 1], L_0x5e901f631420, L_0x5e901f631420, L_0x5e901f631420, L_0x5e901f631420;
LS_0x5e901f6314c0_0_4 .concat [ 1 1 1 1], L_0x5e901f631420, L_0x5e901f631420, L_0x5e901f631420, L_0x5e901f631420;
LS_0x5e901f6314c0_0_8 .concat [ 1 1 1 1], L_0x5e901f631420, L_0x5e901f631420, L_0x5e901f631420, L_0x5e901f631420;
LS_0x5e901f6314c0_0_12 .concat [ 1 1 1 1], L_0x5e901f631420, L_0x5e901f631420, L_0x5e901f631420, L_0x5e901f631420;
LS_0x5e901f6314c0_0_16 .concat [ 1 1 1 1], L_0x5e901f631420, L_0x5e901f631420, L_0x5e901f631420, L_0x5e901f631420;
LS_0x5e901f6314c0_1_0 .concat [ 4 4 4 4], LS_0x5e901f6314c0_0_0, LS_0x5e901f6314c0_0_4, LS_0x5e901f6314c0_0_8, LS_0x5e901f6314c0_0_12;
LS_0x5e901f6314c0_1_4 .concat [ 4 0 0 0], LS_0x5e901f6314c0_0_16;
L_0x5e901f6314c0 .concat [ 16 4 0 0], LS_0x5e901f6314c0_1_0, LS_0x5e901f6314c0_1_4;
L_0x5e901f631770 .part v0x5e901f623dc0_0, 20, 12;
L_0x5e901f631810 .concat [ 12 20 0 0], L_0x5e901f631770, L_0x5e901f6314c0;
L_0x5e901f631960 .part v0x5e901f623dc0_0, 31, 1;
LS_0x5e901f631a00_0_0 .concat [ 1 1 1 1], L_0x5e901f631960, L_0x5e901f631960, L_0x5e901f631960, L_0x5e901f631960;
LS_0x5e901f631a00_0_4 .concat [ 1 1 1 1], L_0x5e901f631960, L_0x5e901f631960, L_0x5e901f631960, L_0x5e901f631960;
LS_0x5e901f631a00_0_8 .concat [ 1 1 1 1], L_0x5e901f631960, L_0x5e901f631960, L_0x5e901f631960, L_0x5e901f631960;
LS_0x5e901f631a00_0_12 .concat [ 1 1 1 1], L_0x5e901f631960, L_0x5e901f631960, L_0x5e901f631960, L_0x5e901f631960;
LS_0x5e901f631a00_0_16 .concat [ 1 1 1 1], L_0x5e901f631960, L_0x5e901f631960, L_0x5e901f631960, L_0x5e901f631960;
LS_0x5e901f631a00_1_0 .concat [ 4 4 4 4], LS_0x5e901f631a00_0_0, LS_0x5e901f631a00_0_4, LS_0x5e901f631a00_0_8, LS_0x5e901f631a00_0_12;
LS_0x5e901f631a00_1_4 .concat [ 4 0 0 0], LS_0x5e901f631a00_0_16;
L_0x5e901f631a00 .concat [ 16 4 0 0], LS_0x5e901f631a00_1_0, LS_0x5e901f631a00_1_4;
L_0x5e901f631dd0 .part v0x5e901f623dc0_0, 25, 7;
L_0x5e901f631e70 .part v0x5e901f623dc0_0, 7, 5;
L_0x5e901f631f90 .concat [ 5 7 20 0], L_0x5e901f631e70, L_0x5e901f631dd0, L_0x5e901f631a00;
L_0x5e901f6320d0 .part v0x5e901f623dc0_0, 31, 1;
LS_0x5e901f632200_0_0 .concat [ 1 1 1 1], L_0x5e901f6320d0, L_0x5e901f6320d0, L_0x5e901f6320d0, L_0x5e901f6320d0;
LS_0x5e901f632200_0_4 .concat [ 1 1 1 1], L_0x5e901f6320d0, L_0x5e901f6320d0, L_0x5e901f6320d0, L_0x5e901f6320d0;
LS_0x5e901f632200_0_8 .concat [ 1 1 1 1], L_0x5e901f6320d0, L_0x5e901f6320d0, L_0x5e901f6320d0, L_0x5e901f6320d0;
LS_0x5e901f632200_0_12 .concat [ 1 1 1 1], L_0x5e901f6320d0, L_0x5e901f6320d0, L_0x5e901f6320d0, L_0x5e901f6320d0;
LS_0x5e901f632200_0_16 .concat [ 1 1 1 0], L_0x5e901f6320d0, L_0x5e901f6320d0, L_0x5e901f6320d0;
LS_0x5e901f632200_1_0 .concat [ 4 4 4 4], LS_0x5e901f632200_0_0, LS_0x5e901f632200_0_4, LS_0x5e901f632200_0_8, LS_0x5e901f632200_0_12;
LS_0x5e901f632200_1_4 .concat [ 3 0 0 0], LS_0x5e901f632200_0_16;
L_0x5e901f632200 .concat [ 16 3 0 0], LS_0x5e901f632200_1_0, LS_0x5e901f632200_1_4;
L_0x5e901f6325b0 .part v0x5e901f623dc0_0, 31, 1;
L_0x5e901f6326f0 .part v0x5e901f623dc0_0, 7, 1;
L_0x5e901f6329a0 .part v0x5e901f623dc0_0, 25, 6;
L_0x5e901f632650 .part v0x5e901f623dc0_0, 8, 4;
LS_0x5e901f632b20_0_0 .concat [ 1 4 6 1], L_0x793e5cf57060, L_0x5e901f632650, L_0x5e901f6329a0, L_0x5e901f6326f0;
LS_0x5e901f632b20_0_4 .concat [ 1 19 0 0], L_0x5e901f6325b0, L_0x5e901f632200;
L_0x5e901f632b20 .concat [ 12 20 0 0], LS_0x5e901f632b20_0_0, LS_0x5e901f632b20_0_4;
L_0x5e901f632e80 .part v0x5e901f623dc0_0, 12, 20;
L_0x5e901f642f30 .concat [ 12 20 0 0], L_0x793e5cf570a8, L_0x5e901f632e80;
L_0x5e901f643140 .part v0x5e901f623dc0_0, 31, 1;
LS_0x5e901f6431e0_0_0 .concat [ 1 1 1 1], L_0x5e901f643140, L_0x5e901f643140, L_0x5e901f643140, L_0x5e901f643140;
LS_0x5e901f6431e0_0_4 .concat [ 1 1 1 1], L_0x5e901f643140, L_0x5e901f643140, L_0x5e901f643140, L_0x5e901f643140;
LS_0x5e901f6431e0_0_8 .concat [ 1 1 1 0], L_0x5e901f643140, L_0x5e901f643140, L_0x5e901f643140;
L_0x5e901f6431e0 .concat [ 4 4 3 0], LS_0x5e901f6431e0_0_0, LS_0x5e901f6431e0_0_4, LS_0x5e901f6431e0_0_8;
L_0x5e901f6433b0 .part v0x5e901f623dc0_0, 31, 1;
L_0x5e901f643450 .part v0x5e901f623dc0_0, 12, 8;
L_0x5e901f6435e0 .part v0x5e901f623dc0_0, 20, 1;
L_0x5e901f643680 .part v0x5e901f623dc0_0, 21, 10;
LS_0x5e901f643880_0_0 .concat [ 1 10 1 8], L_0x793e5cf570f0, L_0x5e901f643680, L_0x5e901f6435e0, L_0x5e901f643450;
LS_0x5e901f643880_0_4 .concat [ 1 11 0 0], L_0x5e901f6433b0, L_0x5e901f6431e0;
L_0x5e901f643880 .concat [ 20 12 0 0], LS_0x5e901f643880_0_0, LS_0x5e901f643880_0_4;
S_0x5e901f61ed80 .scope module, "u_execute" "execute" 10 142, 13 5 0, S_0x5e901f618910;
 .timescale -9 -12;
    .port_info 0 /INPUT 1 "clk";
    .port_info 1 /INPUT 1 "rst_n";
    .port_info 2 /INPUT 32 "pc_in";
    .port_info 3 /INPUT 32 "rs1_in";
    .port_info 4 /INPUT 32 "rs2_in";
    .port_info 5 /INPUT 32 "imm_in";
    .port_info 6 /INPUT 5 "rs1_addr_in";
    .port_info 7 /INPUT 5 "rs2_addr_in";
    .port_info 8 /INPUT 5 "rd_addr_in";
    .port_info 9 /INPUT 4 "alu_op_in";
    .port_info 10 /INPUT 1 "alu_src_in";
    .port_info 11 /INPUT 1 "mem_read_in";
    .port_info 12 /INPUT 1 "mem_write_in";
    .port_info 13 /INPUT 1 "reg_write_in";
    .port_info 14 /INPUT 1 "branch_in";
    .port_info 15 /INPUT 3 "funct3_in";
    .port_info 16 /INPUT 1 "jal_in";
    .port_info 17 /INPUT 1 "predicted_taken_in";
    .port_info 18 /INPUT 1 "mem_to_reg_in";
    .port_info 19 /INPUT 1 "accel_in";
    .port_info 20 /INPUT 3 "accel_op_in";
    .port_info 21 /INPUT 32 "fwd_ex_mem";
    .port_info 22 /INPUT 32 "fwd_mem_wb";
    .port_info 23 /INPUT 2 "fwd_sel_rs1";
    .port_info 24 /INPUT 2 "fwd_sel_rs2";
    .port_info 25 /INPUT 1 "accel_done";
    .port_info 26 /OUTPUT 32 "axil_awaddr";
    .port_info 27 /OUTPUT 1 "axil_awvalid";
    .port_info 28 /OUTPUT 32 "axil_wdata";
    .port_info 29 /OUTPUT 1 "axil_wvalid";
    .port_info 30 /OUTPUT 1 "axil_araddr";
    .port_info 31 /OUTPUT 1 "axil_arvalid";
    .port_info 32 /OUTPUT 1 "accel_stall";
    .port_info 33 /OUTPUT 32 "alu_result_out";
    .port_info 34 /OUTPUT 32 "rs2_out";
    .port_info 35 /OUTPUT 5 "rd_addr_out";
    .port_info 36 /OUTPUT 1 "mem_read_out";
    .port_info 37 /OUTPUT 1 "mem_write_out";
    .port_info 38 /OUTPUT 1 "reg_write_out";
    .port_info 39 /OUTPUT 1 "mem_to_reg_out";
    .port_info 40 /OUTPUT 1 "branch_taken";
    .port_info 41 /OUTPUT 32 "branch_target";
    .port_info 42 /OUTPUT 32 "branch_fallthrough";
    .port_info 43 /OUTPUT 1 "mispredict";
P_0x5e901f61ef10 .param/l "ACCEL_MLOAD" 1 13 110, C4<000>;
P_0x5e901f61ef50 .param/l "ACCEL_MMUL" 1 13 111, C4<001>;
P_0x5e901f61ef90 .param/l "ACCEL_MSTORE" 1 13 112, C4<010>;
P_0x5e901f61efd0 .param/l "AXIL_MLOAD_ADDR" 1 13 115, C4<10100000000000000000000000000000>;
P_0x5e901f61f010 .param/l "AXIL_MMUL_KICK" 1 13 116, C4<10100000000000000000000000000100>;
P_0x5e901f61f050 .param/l "AXIL_MSTORE_ADDR" 1 13 117, C4<10100000000000000000000000001000>;
L_0x5e901f644b50 .functor OR 1, v0x5e901f6215f0_0, v0x5e901f61d340_0, C4<0>, C4<0>;
L_0x5e901f644a40 .functor AND 1, v0x5e901f61c780_0, L_0x5e901f644b50, C4<1>, C4<1>;
L_0x5e901f645a10 .functor OR 1, v0x5e901f6215f0_0, v0x5e901f61d340_0, C4<0>, C4<0>;
L_0x5e901f645c10 .functor XOR 1, L_0x5e901f645a10, v0x5e901f61dba0_0, C4<0>, C4<0>;
L_0x5e901f645cb0 .functor AND 1, v0x5e901f61c780_0, L_0x5e901f645c10, C4<1>, C4<1>;
L_0x5e901f645f10 .functor AND 1, v0x5e901f61c2c0_0, L_0x5e901f646070, C4<1>, C4<1>;
L_0x5e901f645e50 .functor AND 1, L_0x5e901f645f10, v0x5e901f6207d0_0, C4<1>, C4<1>;
L_0x793e5cf57378 .functor BUFT 1, C4<10>, C4<0>, C4<0>, C4<0>;
v0x5e901f61f750_0 .net/2u *"_ivl_0", 1 0, L_0x793e5cf57378;  1 drivers
L_0x793e5cf57408 .functor BUFT 1, C4<10>, C4<0>, C4<0>, C4<0>;
v0x5e901f61f850_0 .net/2u *"_ivl_12", 1 0, L_0x793e5cf57408;  1 drivers
v0x5e901f61f930_0 .net *"_ivl_14", 0 0, L_0x5e901f6453a0;  1 drivers
L_0x793e5cf57450 .functor BUFT 1, C4<01>, C4<0>, C4<0>, C4<0>;
v0x5e901f61fa00_0 .net/2u *"_ivl_16", 1 0, L_0x793e5cf57450;  1 drivers
v0x5e901f61fae0_0 .net *"_ivl_18", 0 0, L_0x5e901f645440;  1 drivers
v0x5e901f61fbf0_0 .net *"_ivl_2", 0 0, L_0x5e901f644f10;  1 drivers
v0x5e901f61fcb0_0 .net *"_ivl_20", 31 0, L_0x5e901f6455b0;  1 drivers
v0x5e901f61fd90_0 .net *"_ivl_26", 0 0, L_0x5e901f644b50;  1 drivers
L_0x793e5cf57498 .functor BUFT 1, C4<00000000000000000000000000000100>, C4<0>, C4<0>, C4<0>;
v0x5e901f61fe70_0 .net/2u *"_ivl_32", 31 0, L_0x793e5cf57498;  1 drivers
v0x5e901f61ff50_0 .net *"_ivl_36", 0 0, L_0x5e901f645a10;  1 drivers
v0x5e901f620030_0 .net *"_ivl_38", 0 0, L_0x5e901f645c10;  1 drivers
L_0x793e5cf573c0 .functor BUFT 1, C4<01>, C4<0>, C4<0>, C4<0>;
v0x5e901f620110_0 .net/2u *"_ivl_4", 1 0, L_0x793e5cf573c0;  1 drivers
L_0x793e5cf574e0 .functor BUFT 1, C4<00000000000000000000000000000100>, C4<0>, C4<0>, C4<0>;
v0x5e901f6201f0_0 .net/2u *"_ivl_42", 31 0, L_0x793e5cf574e0;  1 drivers
v0x5e901f6202d0_0 .net *"_ivl_44", 31 0, L_0x5e901f645db0;  1 drivers
L_0x793e5cf57528 .functor BUFT 1, C4<001>, C4<0>, C4<0>, C4<0>;
v0x5e901f6203b0_0 .net/2u *"_ivl_48", 2 0, L_0x793e5cf57528;  1 drivers
v0x5e901f620490_0 .net *"_ivl_50", 0 0, L_0x5e901f646070;  1 drivers
v0x5e901f620550_0 .net *"_ivl_52", 0 0, L_0x5e901f645f10;  1 drivers
v0x5e901f620630_0 .net *"_ivl_6", 0 0, L_0x5e901f644fb0;  1 drivers
v0x5e901f6206f0_0 .net *"_ivl_8", 31 0, L_0x5e901f6450e0;  1 drivers
v0x5e901f6207d0_0 .var "accel_busy", 0 0;
v0x5e901f620890_0 .net "accel_done", 0 0, v0x5e901f613c00_0;  alias, 1 drivers
v0x5e901f620930_0 .net "accel_in", 0 0, v0x5e901f61c2c0_0;  alias, 1 drivers
v0x5e901f6209d0_0 .net "accel_op_in", 2 0, v0x5e901f61c1e0_0;  alias, 1 drivers
v0x5e901f620a70_0 .net "accel_stall", 0 0, L_0x5e901f645e50;  alias, 1 drivers
v0x5e901f620b10_0 .net "alu_b", 31 0, L_0x5e901f645830;  1 drivers
v0x5e901f620bf0_0 .net "alu_op_in", 3 0, v0x5e901f61c460_0;  alias, 1 drivers
v0x5e901f620ce0_0 .var "alu_result", 31 0;
v0x5e901f620da0_0 .net "alu_result_final", 31 0, L_0x5e901f645f80;  1 drivers
v0x5e901f620e80_0 .var "alu_result_out", 31 0;
v0x5e901f620f60_0 .net "alu_src_in", 0 0, v0x5e901f61c600_0;  alias, 1 drivers
v0x5e901f621030_0 .var "axil_araddr", 0 0;
v0x5e901f621120_0 .var "axil_arvalid", 0 0;
v0x5e901f621210_0 .var "axil_awaddr", 31 0;
v0x5e901f621300_0 .var "axil_awvalid", 0 0;
v0x5e901f6213f0_0 .var "axil_wdata", 31 0;
v0x5e901f621500_0 .var "axil_wvalid", 0 0;
v0x5e901f6215f0_0 .var "branch_cond", 0 0;
v0x5e901f6216b0_0 .net "branch_fallthrough", 31 0, L_0x5e901f645b70;  alias, 1 drivers
v0x5e901f621790_0 .net "branch_in", 0 0, v0x5e901f61c780_0;  alias, 1 drivers
v0x5e901f621830_0 .net "branch_taken", 0 0, L_0x5e901f644a40;  alias, 1 drivers
v0x5e901f6218d0_0 .net "branch_target", 31 0, L_0x5e901f645970;  alias, 1 drivers
v0x5e901f621970_0 .net "clk", 0 0, v0x5e901f630010_0;  alias, 1 drivers
v0x5e901f621a10_0 .net "funct3_in", 2 0, v0x5e901f61ca80_0;  alias, 1 drivers
v0x5e901f621ad0_0 .net "fwd_ex_mem", 31 0, v0x5e901f620e80_0;  alias, 1 drivers
v0x5e901f621b70_0 .net "fwd_mem_wb", 31 0, L_0x5e901f646410;  alias, 1 drivers
v0x5e901f621c30_0 .net "fwd_sel_rs1", 1 0, L_0x5e901f6478f0;  alias, 1 drivers
v0x5e901f621d10_0 .net "fwd_sel_rs2", 1 0, L_0x5e901f648930;  alias, 1 drivers
v0x5e901f621df0_0 .net "imm_in", 31 0, v0x5e901f61cfc0_0;  alias, 1 drivers
v0x5e901f621eb0_0 .net "jal_in", 0 0, v0x5e901f61d340_0;  alias, 1 drivers
v0x5e901f621f50_0 .net "mem_read_in", 0 0, v0x5e901f61d4c0_0;  alias, 1 drivers
v0x5e901f622020_0 .var "mem_read_out", 0 0;
v0x5e901f6220c0_0 .net "mem_to_reg_in", 0 0, v0x5e901f61d640_0;  alias, 1 drivers
v0x5e901f622190_0 .var "mem_to_reg_out", 0 0;
v0x5e901f622230_0 .net "mem_write_in", 0 0, v0x5e901f61d7c0_0;  alias, 1 drivers
v0x5e901f622300_0 .var "mem_write_out", 0 0;
v0x5e901f6223a0_0 .net "mispredict", 0 0, L_0x5e901f645cb0;  alias, 1 drivers
v0x5e901f622440_0 .net "pc_in", 31 0, v0x5e901f61da40_0;  alias, 1 drivers
v0x5e901f622530_0 .net "predicted_taken_in", 0 0, v0x5e901f61dba0_0;  alias, 1 drivers
v0x5e901f6225d0_0 .net "rd_addr_in", 4 0, v0x5e901f61dd40_0;  alias, 1 drivers
v0x5e901f6226a0_0 .var "rd_addr_out", 4 0;
v0x5e901f622760_0 .net "reg_write_in", 0 0, v0x5e901f61dee0_0;  alias, 1 drivers
v0x5e901f622830_0 .var "reg_write_out", 0 0;
v0x5e901f6228d0_0 .net "rs1_addr_in", 4 0, v0x5e901f61e160_0;  alias, 1 drivers
v0x5e901f6229c0_0 .net "rs1_fwd", 31 0, L_0x5e901f6451d0;  1 drivers
v0x5e901f622a80_0 .net "rs1_in", 31 0, v0x5e901f61e320_0;  alias, 1 drivers
v0x5e901f622b70_0 .net "rs2_addr_in", 4 0, v0x5e901f61e5c0_0;  alias, 1 drivers
v0x5e901f622c40_0 .net "rs2_fwd", 31 0, L_0x5e901f6456a0;  1 drivers
v0x5e901f622d00_0 .net "rs2_in", 31 0, v0x5e901f61e780_0;  alias, 1 drivers
v0x5e901f622df0_0 .var "rs2_out", 31 0;
v0x5e901f622eb0_0 .net "rst_n", 0 0, v0x5e901f630890_0;  alias, 1 drivers
E_0x5e901f5da880 .event anyedge, v0x5e901f61ca80_0, v0x5e901f6229c0_0, v0x5e901f622c40_0;
E_0x5e901f61f710/0 .event anyedge, v0x5e901f61c460_0, v0x5e901f6229c0_0, v0x5e901f620b10_0, v0x5e901f620b10_0;
E_0x5e901f61f710/1 .event anyedge, v0x5e901f619630_0;
E_0x5e901f61f710 .event/or E_0x5e901f61f710/0, E_0x5e901f61f710/1;
L_0x5e901f644f10 .cmp/eq 2, L_0x5e901f6478f0, L_0x793e5cf57378;
L_0x5e901f644fb0 .cmp/eq 2, L_0x5e901f6478f0, L_0x793e5cf573c0;
L_0x5e901f6450e0 .functor MUXZ 32, v0x5e901f61e320_0, L_0x5e901f646410, L_0x5e901f644fb0, C4<>;
L_0x5e901f6451d0 .functor MUXZ 32, L_0x5e901f6450e0, v0x5e901f620e80_0, L_0x5e901f644f10, C4<>;
L_0x5e901f6453a0 .cmp/eq 2, L_0x5e901f648930, L_0x793e5cf57408;
L_0x5e901f645440 .cmp/eq 2, L_0x5e901f648930, L_0x793e5cf57450;
L_0x5e901f6455b0 .functor MUXZ 32, v0x5e901f61e780_0, L_0x5e901f646410, L_0x5e901f645440, C4<>;
L_0x5e901f6456a0 .functor MUXZ 32, L_0x5e901f6455b0, v0x5e901f620e80_0, L_0x5e901f6453a0, C4<>;
L_0x5e901f645830 .functor MUXZ 32, L_0x5e901f6456a0, v0x5e901f61cfc0_0, v0x5e901f61c600_0, C4<>;
L_0x5e901f645970 .arith/sum 32, v0x5e901f61da40_0, v0x5e901f61cfc0_0;
L_0x5e901f645b70 .arith/sum 32, v0x5e901f61da40_0, L_0x793e5cf57498;
L_0x5e901f645db0 .arith/sum 32, v0x5e901f61da40_0, L_0x793e5cf574e0;
L_0x5e901f645f80 .functor MUXZ 32, v0x5e901f620ce0_0, L_0x5e901f645db0, v0x5e901f61d340_0, C4<>;
L_0x5e901f646070 .cmp/eq 3, v0x5e901f61c1e0_0, L_0x793e5cf57528;
S_0x5e901f623640 .scope module, "u_fetch" "fetch" 10 72, 14 4 0, S_0x5e901f618910;
 .timescale -9 -12;
    .port_info 0 /INPUT 1 "clk";
    .port_info 1 /INPUT 1 "rst_n";
    .port_info 2 /INPUT 1 "stall";
    .port_info 3 /INPUT 1 "branch_taken";
    .port_info 4 /INPUT 32 "branch_target";
    .port_info 5 /INPUT 1 "mispredict";
    .port_info 6 /INPUT 1 "predict_taken";
    .port_info 7 /OUTPUT 32 "pc_out";
    .port_info 8 /OUTPUT 32 "instr_out";
    .port_info 9 /OUTPUT 1 "predicted_taken_out";
    .port_info 10 /OUTPUT 32 "imem_addr";
    .port_info 11 /INPUT 32 "imem_data";
v0x5e901f623950_0 .net "branch_taken", 0 0, L_0x5e901f644a40;  alias, 1 drivers
v0x5e901f623a60_0 .net "branch_target", 31 0, L_0x5e901f630930;  alias, 1 drivers
v0x5e901f623b40_0 .net "clk", 0 0, v0x5e901f630010_0;  alias, 1 drivers
v0x5e901f623be0_0 .net "imem_addr", 31 0, v0x5e901f623f50_0;  alias, 1 drivers
v0x5e901f623cb0_0 .net "imem_data", 31 0, L_0x5e901f648b60;  alias, 1 drivers
v0x5e901f623dc0_0 .var "instr_out", 31 0;
v0x5e901f623e80_0 .net "mispredict", 0 0, L_0x5e901f645cb0;  alias, 1 drivers
v0x5e901f623f50_0 .var "pc", 31 0;
v0x5e901f623ff0_0 .var "pc_out", 31 0;
v0x5e901f6240e0_0 .net "predict_taken", 0 0, L_0x5e901f630dd0;  alias, 1 drivers
v0x5e901f6241b0_0 .var "predicted_taken_out", 0 0;
v0x5e901f624280_0 .net "rst_n", 0 0, v0x5e901f630890_0;  alias, 1 drivers
v0x5e901f624320_0 .net "stall", 0 0, L_0x5e901f646b00;  alias, 1 drivers
S_0x5e901f6244f0 .scope module, "u_hazard" "hazard" 10 221, 15 5 0, S_0x5e901f618910;
 .timescale -9 -12;
    .port_info 0 /INPUT 5 "id_rs1_addr";
    .port_info 1 /INPUT 5 "id_rs2_addr";
    .port_info 2 /INPUT 5 "ex_rd_addr";
    .port_info 3 /INPUT 1 "ex_mem_read";
    .port_info 4 /INPUT 5 "ex_mem_rd_addr";
    .port_info 5 /INPUT 1 "ex_mem_reg_write";
    .port_info 6 /INPUT 5 "mem_wb_rd_addr";
    .port_info 7 /INPUT 1 "mem_wb_reg_write";
    .port_info 8 /INPUT 1 "accel_stall";
    .port_info 9 /OUTPUT 1 "stall";
    .port_info 10 /OUTPUT 2 "fwd_sel_rs1";
    .port_info 11 /OUTPUT 2 "fwd_sel_rs2";
L_0x5e901f646990 .functor OR 1, L_0x5e901f646730, L_0x5e901f646860, C4<0>, C4<0>;
L_0x5e901f646a00 .functor AND 1, v0x5e901f622020_0, L_0x5e901f646990, C4<1>, C4<1>;
L_0x5e901f646b00 .functor OR 1, L_0x5e901f646a00, L_0x5e901f645e50, C4<0>, C4<0>;
L_0x5e901f646e00 .functor AND 1, v0x5e901f622830_0, L_0x5e901f646d30, C4<1>, C4<1>;
L_0x5e901f6470e0 .functor AND 1, L_0x5e901f646e00, L_0x5e901f646f30, C4<1>, C4<1>;
L_0x5e901f647460 .functor AND 1, v0x5e901f6284a0_0, L_0x5e901f647320, C4<1>, C4<1>;
L_0x5e901f647650 .functor AND 1, L_0x5e901f647460, L_0x5e901f647560, C4<1>, C4<1>;
L_0x5e901f647cd0 .functor AND 1, v0x5e901f622830_0, L_0x5e901f647b20, C4<1>, C4<1>;
L_0x5e901f647e80 .functor AND 1, L_0x5e901f647cd0, L_0x5e901f647de0, C4<1>, C4<1>;
L_0x5e901f647c60 .functor AND 1, v0x5e901f6284a0_0, L_0x5e901f648100, C4<1>, C4<1>;
L_0x5e901f6484d0 .functor AND 1, L_0x5e901f647c60, L_0x5e901f648290, C4<1>, C4<1>;
v0x5e901f624800_0 .net *"_ivl_0", 0 0, L_0x5e901f646730;  1 drivers
v0x5e901f6248e0_0 .net *"_ivl_10", 31 0, L_0x5e901f646c90;  1 drivers
L_0x793e5cf57570 .functor BUFT 1, C4<000000000000000000000000000>, C4<0>, C4<0>, C4<0>;
v0x5e901f6249c0_0 .net *"_ivl_13", 26 0, L_0x793e5cf57570;  1 drivers
L_0x793e5cf575b8 .functor BUFT 1, C4<00000000000000000000000000000000>, C4<0>, C4<0>, C4<0>;
v0x5e901f624a80_0 .net/2u *"_ivl_14", 31 0, L_0x793e5cf575b8;  1 drivers
v0x5e901f624b60_0 .net *"_ivl_16", 0 0, L_0x5e901f646d30;  1 drivers
v0x5e901f624c70_0 .net *"_ivl_19", 0 0, L_0x5e901f646e00;  1 drivers
v0x5e901f624d30_0 .net *"_ivl_2", 0 0, L_0x5e901f646860;  1 drivers
v0x5e901f624df0_0 .net *"_ivl_20", 0 0, L_0x5e901f646f30;  1 drivers
v0x5e901f624eb0_0 .net *"_ivl_23", 0 0, L_0x5e901f6470e0;  1 drivers
L_0x793e5cf57600 .functor BUFT 1, C4<10>, C4<0>, C4<0>, C4<0>;
v0x5e901f625000_0 .net/2u *"_ivl_24", 1 0, L_0x793e5cf57600;  1 drivers
v0x5e901f6250e0_0 .net *"_ivl_26", 31 0, L_0x5e901f6471f0;  1 drivers
L_0x793e5cf57648 .functor BUFT 1, C4<000000000000000000000000000>, C4<0>, C4<0>, C4<0>;
v0x5e901f6251c0_0 .net *"_ivl_29", 26 0, L_0x793e5cf57648;  1 drivers
L_0x793e5cf57690 .functor BUFT 1, C4<00000000000000000000000000000000>, C4<0>, C4<0>, C4<0>;
v0x5e901f6252a0_0 .net/2u *"_ivl_30", 31 0, L_0x793e5cf57690;  1 drivers
v0x5e901f625380_0 .net *"_ivl_32", 0 0, L_0x5e901f647320;  1 drivers
v0x5e901f625440_0 .net *"_ivl_35", 0 0, L_0x5e901f647460;  1 drivers
v0x5e901f625500_0 .net *"_ivl_36", 0 0, L_0x5e901f647560;  1 drivers
v0x5e901f6255c0_0 .net *"_ivl_39", 0 0, L_0x5e901f647650;  1 drivers
L_0x793e5cf576d8 .functor BUFT 1, C4<01>, C4<0>, C4<0>, C4<0>;
v0x5e901f625680_0 .net/2u *"_ivl_40", 1 0, L_0x793e5cf576d8;  1 drivers
L_0x793e5cf57720 .functor BUFT 1, C4<00>, C4<0>, C4<0>, C4<0>;
v0x5e901f625760_0 .net/2u *"_ivl_42", 1 0, L_0x793e5cf57720;  1 drivers
v0x5e901f625840_0 .net *"_ivl_44", 1 0, L_0x5e901f647760;  1 drivers
v0x5e901f625920_0 .net *"_ivl_48", 31 0, L_0x5e901f647a30;  1 drivers
v0x5e901f625a00_0 .net *"_ivl_5", 0 0, L_0x5e901f646990;  1 drivers
L_0x793e5cf57768 .functor BUFT 1, C4<000000000000000000000000000>, C4<0>, C4<0>, C4<0>;
v0x5e901f625ac0_0 .net *"_ivl_51", 26 0, L_0x793e5cf57768;  1 drivers
L_0x793e5cf577b0 .functor BUFT 1, C4<00000000000000000000000000000000>, C4<0>, C4<0>, C4<0>;
v0x5e901f625ba0_0 .net/2u *"_ivl_52", 31 0, L_0x793e5cf577b0;  1 drivers
v0x5e901f625c80_0 .net *"_ivl_54", 0 0, L_0x5e901f647b20;  1 drivers
v0x5e901f625d40_0 .net *"_ivl_57", 0 0, L_0x5e901f647cd0;  1 drivers
v0x5e901f625e00_0 .net *"_ivl_58", 0 0, L_0x5e901f647de0;  1 drivers
v0x5e901f625ec0_0 .net *"_ivl_61", 0 0, L_0x5e901f647e80;  1 drivers
L_0x793e5cf577f8 .functor BUFT 1, C4<10>, C4<0>, C4<0>, C4<0>;
v0x5e901f625f80_0 .net/2u *"_ivl_62", 1 0, L_0x793e5cf577f8;  1 drivers
v0x5e901f626060_0 .net *"_ivl_64", 31 0, L_0x5e901f647f90;  1 drivers
L_0x793e5cf57840 .functor BUFT 1, C4<000000000000000000000000000>, C4<0>, C4<0>, C4<0>;
v0x5e901f626140_0 .net *"_ivl_67", 26 0, L_0x793e5cf57840;  1 drivers
L_0x793e5cf57888 .functor BUFT 1, C4<00000000000000000000000000000000>, C4<0>, C4<0>, C4<0>;
v0x5e901f626220_0 .net/2u *"_ivl_68", 31 0, L_0x793e5cf57888;  1 drivers
v0x5e901f626300_0 .net *"_ivl_70", 0 0, L_0x5e901f648100;  1 drivers
v0x5e901f6263c0_0 .net *"_ivl_73", 0 0, L_0x5e901f647c60;  1 drivers
v0x5e901f626480_0 .net *"_ivl_74", 0 0, L_0x5e901f648290;  1 drivers
v0x5e901f626540_0 .net *"_ivl_77", 0 0, L_0x5e901f6484d0;  1 drivers
L_0x793e5cf578d0 .functor BUFT 1, C4<01>, C4<0>, C4<0>, C4<0>;
v0x5e901f626600_0 .net/2u *"_ivl_78", 1 0, L_0x793e5cf578d0;  1 drivers
L_0x793e5cf57918 .functor BUFT 1, C4<00>, C4<0>, C4<0>, C4<0>;
v0x5e901f6266e0_0 .net/2u *"_ivl_80", 1 0, L_0x793e5cf57918;  1 drivers
v0x5e901f6267c0_0 .net *"_ivl_82", 1 0, L_0x5e901f6487a0;  1 drivers
v0x5e901f6268a0_0 .net "accel_stall", 0 0, L_0x5e901f645e50;  alias, 1 drivers
v0x5e901f626940_0 .net "ex_mem_rd_addr", 4 0, v0x5e901f6226a0_0;  alias, 1 drivers
v0x5e901f626a10_0 .net "ex_mem_read", 0 0, v0x5e901f622020_0;  alias, 1 drivers
v0x5e901f626ae0_0 .net "ex_mem_reg_write", 0 0, v0x5e901f622830_0;  alias, 1 drivers
v0x5e901f626bb0_0 .net "ex_rd_addr", 4 0, v0x5e901f6226a0_0;  alias, 1 drivers
v0x5e901f626c50_0 .net "fwd_sel_rs1", 1 0, L_0x5e901f6478f0;  alias, 1 drivers
v0x5e901f626cf0_0 .net "fwd_sel_rs2", 1 0, L_0x5e901f648930;  alias, 1 drivers
v0x5e901f626dc0_0 .net "id_rs1_addr", 4 0, v0x5e901f61e160_0;  alias, 1 drivers
v0x5e901f626eb0_0 .net "id_rs2_addr", 4 0, v0x5e901f61e5c0_0;  alias, 1 drivers
v0x5e901f626fa0_0 .net "load_use_stall", 0 0, L_0x5e901f646a00;  1 drivers
v0x5e901f627060_0 .net "mem_wb_rd_addr", 4 0, v0x5e901f6282f0_0;  alias, 1 drivers
v0x5e901f627140_0 .net "mem_wb_reg_write", 0 0, v0x5e901f6284a0_0;  alias, 1 drivers
v0x5e901f627200_0 .net "stall", 0 0, L_0x5e901f646b00;  alias, 1 drivers
L_0x5e901f646730 .cmp/eq 5, v0x5e901f6226a0_0, v0x5e901f61e160_0;
L_0x5e901f646860 .cmp/eq 5, v0x5e901f6226a0_0, v0x5e901f61e5c0_0;
L_0x5e901f646c90 .concat [ 5 27 0 0], v0x5e901f6226a0_0, L_0x793e5cf57570;
L_0x5e901f646d30 .cmp/ne 32, L_0x5e901f646c90, L_0x793e5cf575b8;
L_0x5e901f646f30 .cmp/eq 5, v0x5e901f6226a0_0, v0x5e901f61e160_0;
L_0x5e901f6471f0 .concat [ 5 27 0 0], v0x5e901f6282f0_0, L_0x793e5cf57648;
L_0x5e901f647320 .cmp/ne 32, L_0x5e901f6471f0, L_0x793e5cf57690;
L_0x5e901f647560 .cmp/eq 5, v0x5e901f6282f0_0, v0x5e901f61e160_0;
L_0x5e901f647760 .functor MUXZ 2, L_0x793e5cf57720, L_0x793e5cf576d8, L_0x5e901f647650, C4<>;
L_0x5e901f6478f0 .functor MUXZ 2, L_0x5e901f647760, L_0x793e5cf57600, L_0x5e901f6470e0, C4<>;
L_0x5e901f647a30 .concat [ 5 27 0 0], v0x5e901f6226a0_0, L_0x793e5cf57768;
L_0x5e901f647b20 .cmp/ne 32, L_0x5e901f647a30, L_0x793e5cf577b0;
L_0x5e901f647de0 .cmp/eq 5, v0x5e901f6226a0_0, v0x5e901f61e5c0_0;
L_0x5e901f647f90 .concat [ 5 27 0 0], v0x5e901f6282f0_0, L_0x793e5cf57840;
L_0x5e901f648100 .cmp/ne 32, L_0x5e901f647f90, L_0x793e5cf57888;
L_0x5e901f648290 .cmp/eq 5, v0x5e901f6282f0_0, v0x5e901f61e5c0_0;
L_0x5e901f6487a0 .functor MUXZ 2, L_0x793e5cf57918, L_0x793e5cf578d0, L_0x5e901f6484d0, C4<>;
L_0x5e901f648930 .functor MUXZ 2, L_0x5e901f6487a0, L_0x793e5cf577f8, L_0x5e901f647e80, C4<>;
S_0x5e901f627470 .scope module, "u_mem" "memory_stage" 10 189, 16 5 0, S_0x5e901f618910;
 .timescale -9 -12;
    .port_info 0 /INPUT 1 "clk";
    .port_info 1 /INPUT 1 "rst_n";
    .port_info 2 /INPUT 32 "alu_result_in";
    .port_info 3 /INPUT 32 "rs2_in";
    .port_info 4 /INPUT 5 "rd_addr_in";
    .port_info 5 /INPUT 1 "mem_read_in";
    .port_info 6 /INPUT 1 "mem_write_in";
    .port_info 7 /INPUT 1 "reg_write_in";
    .port_info 8 /INPUT 1 "mem_to_reg_in";
    .port_info 9 /OUTPUT 32 "dmem_addr";
    .port_info 10 /OUTPUT 32 "dmem_wdata";
    .port_info 11 /OUTPUT 1 "dmem_wr_en";
    .port_info 12 /INPUT 32 "dmem_rdata";
    .port_info 13 /OUTPUT 32 "alu_result_out";
    .port_info 14 /OUTPUT 32 "mem_data_out";
    .port_info 15 /OUTPUT 5 "rd_addr_out";
    .port_info 16 /OUTPUT 1 "reg_write_out";
    .port_info 17 /OUTPUT 1 "mem_to_reg_out";
L_0x5e901f6462c0 .functor BUFZ 32, v0x5e901f620e80_0, C4<00000000000000000000000000000000>, C4<00000000000000000000000000000000>, C4<00000000000000000000000000000000>;
L_0x5e901f646330 .functor BUFZ 32, v0x5e901f622df0_0, C4<00000000000000000000000000000000>, C4<00000000000000000000000000000000>, C4<00000000000000000000000000000000>;
L_0x5e901f6463a0 .functor BUFZ 1, v0x5e901f622300_0, C4<0>, C4<0>, C4<0>;
v0x5e901f6278b0_0 .net "alu_result_in", 31 0, v0x5e901f620e80_0;  alias, 1 drivers
v0x5e901f6279e0_0 .var "alu_result_out", 31 0;
v0x5e901f627ac0_0 .net "clk", 0 0, v0x5e901f630010_0;  alias, 1 drivers
v0x5e901f627b60_0 .net "dmem_addr", 31 0, L_0x5e901f6462c0;  alias, 1 drivers
v0x5e901f627c20_0 .net "dmem_rdata", 31 0, L_0x5e901f648e80;  alias, 1 drivers
v0x5e901f627d50_0 .net "dmem_wdata", 31 0, L_0x5e901f646330;  alias, 1 drivers
v0x5e901f627e30_0 .net "dmem_wr_en", 0 0, L_0x5e901f6463a0;  alias, 1 drivers
v0x5e901f627ef0_0 .var "mem_data_out", 31 0;
v0x5e901f627fd0_0 .net "mem_read_in", 0 0, v0x5e901f622020_0;  alias, 1 drivers
v0x5e901f628070_0 .net "mem_to_reg_in", 0 0, v0x5e901f622190_0;  alias, 1 drivers
v0x5e901f628110_0 .var "mem_to_reg_out", 0 0;
v0x5e901f6281b0_0 .net "mem_write_in", 0 0, v0x5e901f622300_0;  alias, 1 drivers
v0x5e901f628250_0 .net "rd_addr_in", 4 0, v0x5e901f6226a0_0;  alias, 1 drivers
v0x5e901f6282f0_0 .var "rd_addr_out", 4 0;
v0x5e901f6283b0_0 .net "reg_write_in", 0 0, v0x5e901f622830_0;  alias, 1 drivers
v0x5e901f6284a0_0 .var "reg_write_out", 0 0;
v0x5e901f628540_0 .net "rs2_in", 31 0, v0x5e901f622df0_0;  alias, 1 drivers
v0x5e901f6285e0_0 .net "rst_n", 0 0, v0x5e901f630890_0;  alias, 1 drivers
S_0x5e901f628920 .scope module, "u_regfile" "regfile" 10 130, 17 7 0, S_0x5e901f618910;
 .timescale -9 -12;
    .port_info 0 /INPUT 1 "clk";
    .port_info 1 /INPUT 1 "rst_n";
    .port_info 2 /INPUT 5 "rs1_addr";
    .port_info 3 /INPUT 5 "rs2_addr";
    .port_info 4 /OUTPUT 32 "rs1_data";
    .port_info 5 /OUTPUT 32 "rs2_data";
    .port_info 6 /INPUT 1 "wr_en";
    .port_info 7 /INPUT 5 "rd_addr";
    .port_info 8 /INPUT 32 "rd_data";
L_0x5e901f643c90 .functor AND 1, L_0x5e901f646630, L_0x5e901f643bf0, C4<1>, C4<1>;
L_0x5e901f643fe0 .functor AND 1, L_0x5e901f646630, L_0x5e901f6446a0, C4<1>, C4<1>;
L_0x793e5cf57138 .functor BUFT 1, C4<00000>, C4<0>, C4<0>, C4<0>;
v0x5e901f627650_0 .net/2u *"_ivl_0", 4 0, L_0x793e5cf57138;  1 drivers
v0x5e901f628c90_0 .net *"_ivl_10", 31 0, L_0x5e901f643d50;  1 drivers
v0x5e901f628d70_0 .net *"_ivl_12", 6 0, L_0x5e901f643df0;  1 drivers
L_0x793e5cf571c8 .functor BUFT 1, C4<00>, C4<0>, C4<0>, C4<0>;
v0x5e901f628e30_0 .net *"_ivl_15", 1 0, L_0x793e5cf571c8;  1 drivers
L_0x793e5cf57210 .functor BUFT 1, C4<0000001>, C4<0>, C4<0>, C4<0>;
v0x5e901f628f10_0 .net/2u *"_ivl_16", 6 0, L_0x793e5cf57210;  1 drivers
v0x5e901f629040_0 .net *"_ivl_18", 6 0, L_0x5e901f643f40;  1 drivers
v0x5e901f629120_0 .net *"_ivl_2", 0 0, L_0x5e901f643b20;  1 drivers
v0x5e901f6291e0_0 .net *"_ivl_20", 31 0, L_0x5e901f644140;  1 drivers
L_0x793e5cf57258 .functor BUFT 1, C4<00000>, C4<0>, C4<0>, C4<0>;
v0x5e901f6292c0_0 .net/2u *"_ivl_24", 4 0, L_0x793e5cf57258;  1 drivers
v0x5e901f6293a0_0 .net *"_ivl_26", 0 0, L_0x5e901f644520;  1 drivers
L_0x793e5cf572a0 .functor BUFT 1, C4<00000000000000000000000000000000>, C4<0>, C4<0>, C4<0>;
v0x5e901f629460_0 .net/2u *"_ivl_28", 31 0, L_0x793e5cf572a0;  1 drivers
v0x5e901f629540_0 .net *"_ivl_30", 0 0, L_0x5e901f6446a0;  1 drivers
v0x5e901f629600_0 .net *"_ivl_33", 0 0, L_0x5e901f643fe0;  1 drivers
v0x5e901f6296c0_0 .net *"_ivl_34", 31 0, L_0x5e901f644860;  1 drivers
v0x5e901f6297a0_0 .net *"_ivl_36", 6 0, L_0x5e901f644900;  1 drivers
L_0x793e5cf572e8 .functor BUFT 1, C4<00>, C4<0>, C4<0>, C4<0>;
v0x5e901f629880_0 .net *"_ivl_39", 1 0, L_0x793e5cf572e8;  1 drivers
L_0x793e5cf57180 .functor BUFT 1, C4<00000000000000000000000000000000>, C4<0>, C4<0>, C4<0>;
v0x5e901f629960_0 .net/2u *"_ivl_4", 31 0, L_0x793e5cf57180;  1 drivers
L_0x793e5cf57330 .functor BUFT 1, C4<0000001>, C4<0>, C4<0>, C4<0>;
v0x5e901f629b50_0 .net/2u *"_ivl_40", 6 0, L_0x793e5cf57330;  1 drivers
v0x5e901f629c30_0 .net *"_ivl_42", 6 0, L_0x5e901f6449a0;  1 drivers
v0x5e901f629d10_0 .net *"_ivl_44", 31 0, L_0x5e901f644bc0;  1 drivers
v0x5e901f629df0_0 .net *"_ivl_6", 0 0, L_0x5e901f643bf0;  1 drivers
v0x5e901f629eb0_0 .net *"_ivl_9", 0 0, L_0x5e901f643c90;  1 drivers
v0x5e901f629f70_0 .net "clk", 0 0, v0x5e901f630010_0;  alias, 1 drivers
v0x5e901f62a010_0 .net "rd_addr", 4 0, L_0x5e901f6465c0;  alias, 1 drivers
v0x5e901f62a0f0_0 .net "rd_data", 31 0, L_0x5e901f646410;  alias, 1 drivers
v0x5e901f62a1b0 .array "regs", 31 1, 31 0;
v0x5e901f62a250_0 .net "rs1_addr", 4 0, L_0x5e901f4f37c0;  alias, 1 drivers
v0x5e901f62a340_0 .net "rs1_data", 31 0, L_0x5e901f644350;  alias, 1 drivers
v0x5e901f62a410_0 .net "rs2_addr", 4 0, L_0x5e901f395970;  alias, 1 drivers
v0x5e901f62a4e0_0 .net "rs2_data", 31 0, L_0x5e901f644d00;  alias, 1 drivers
v0x5e901f62a5b0_0 .net "rst_n", 0 0, v0x5e901f630890_0;  alias, 1 drivers
v0x5e901f62a650_0 .net "wr_en", 0 0, L_0x5e901f646630;  alias, 1 drivers
L_0x5e901f643b20 .cmp/eq 5, L_0x5e901f4f37c0, L_0x793e5cf57138;
L_0x5e901f643bf0 .cmp/eq 5, L_0x5e901f6465c0, L_0x5e901f4f37c0;
L_0x5e901f643d50 .array/port v0x5e901f62a1b0, L_0x5e901f643f40;
L_0x5e901f643df0 .concat [ 5 2 0 0], L_0x5e901f4f37c0, L_0x793e5cf571c8;
L_0x5e901f643f40 .arith/sub 7, L_0x5e901f643df0, L_0x793e5cf57210;
L_0x5e901f644140 .functor MUXZ 32, L_0x5e901f643d50, L_0x5e901f646410, L_0x5e901f643c90, C4<>;
L_0x5e901f644350 .functor MUXZ 32, L_0x5e901f644140, L_0x793e5cf57180, L_0x5e901f643b20, C4<>;
L_0x5e901f644520 .cmp/eq 5, L_0x5e901f395970, L_0x793e5cf57258;
L_0x5e901f6446a0 .cmp/eq 5, L_0x5e901f6465c0, L_0x5e901f395970;
L_0x5e901f644860 .array/port v0x5e901f62a1b0, L_0x5e901f6449a0;
L_0x5e901f644900 .concat [ 5 2 0 0], L_0x5e901f395970, L_0x793e5cf572e8;
L_0x5e901f6449a0 .arith/sub 7, L_0x5e901f644900, L_0x793e5cf57330;
L_0x5e901f644bc0 .functor MUXZ 32, L_0x5e901f644860, L_0x5e901f646410, L_0x5e901f643fe0, C4<>;
L_0x5e901f644d00 .functor MUXZ 32, L_0x5e901f644bc0, L_0x793e5cf572a0, L_0x5e901f644520, C4<>;
S_0x5e901f62a810 .scope module, "u_wb" "writeback" 10 210, 18 5 0, S_0x5e901f618910;
 .timescale -9 -12;
    .port_info 0 /INPUT 32 "alu_result_in";
    .port_info 1 /INPUT 32 "mem_data_in";
    .port_info 2 /INPUT 5 "rd_addr_in";
    .port_info 3 /INPUT 1 "reg_write_in";
    .port_info 4 /INPUT 1 "mem_to_reg_in";
    .port_info 5 /OUTPUT 32 "wb_data";
    .port_info 6 /OUTPUT 5 "wb_addr";
    .port_info 7 /OUTPUT 1 "wb_en";
L_0x5e901f6465c0 .functor BUFZ 5, v0x5e901f6282f0_0, C4<00000>, C4<00000>, C4<00000>;
L_0x5e901f646630 .functor BUFZ 1, v0x5e901f6284a0_0, C4<0>, C4<0>, C4<0>;
v0x5e901f62aac0_0 .net "alu_result_in", 31 0, v0x5e901f6279e0_0;  alias, 1 drivers
v0x5e901f62abd0_0 .net "mem_data_in", 31 0, v0x5e901f627ef0_0;  alias, 1 drivers
v0x5e901f62aca0_0 .net "mem_to_reg_in", 0 0, v0x5e901f628110_0;  alias, 1 drivers
v0x5e901f62ada0_0 .net "rd_addr_in", 4 0, v0x5e901f6282f0_0;  alias, 1 drivers
v0x5e901f62ae90_0 .net "reg_write_in", 0 0, v0x5e901f6284a0_0;  alias, 1 drivers
v0x5e901f62afd0_0 .net "wb_addr", 4 0, L_0x5e901f6465c0;  alias, 1 drivers
v0x5e901f62b070_0 .net "wb_data", 31 0, L_0x5e901f646410;  alias, 1 drivers
v0x5e901f62b160_0 .net "wb_en", 0 0, L_0x5e901f646630;  alias, 1 drivers
L_0x5e901f646410 .functor MUXZ 32, v0x5e901f6279e0_0, v0x5e901f627ef0_0, v0x5e901f628110_0, C4<>;
    .scope S_0x5e901f623640;
T_0 ;
    %wait E_0x5e901f3bcfb0;
    %load/vec4 v0x5e901f624280_0;
    %nor/r;
    %flag_set/vec4 8;
    %jmp/0xz  T_0.0, 8;
    %pushi/vec4 0, 0, 32;
    %assign/vec4 v0x5e901f623f50_0, 0;
    %pushi/vec4 0, 0, 32;
    %assign/vec4 v0x5e901f623ff0_0, 0;
    %pushi/vec4 19, 0, 32;
    %assign/vec4 v0x5e901f623dc0_0, 0;
    %pushi/vec4 0, 0, 1;
    %assign/vec4 v0x5e901f6241b0_0, 0;
    %jmp T_0.1;
T_0.0 ;
    %load/vec4 v0x5e901f624320_0;
    %flag_set/vec4 8;
    %jmp/0xz  T_0.2, 8;
    %jmp T_0.3;
T_0.2 ;
    %load/vec4 v0x5e901f623950_0;
    %load/vec4 v0x5e901f623e80_0;
    %or;
    %flag_set/vec4 8;
    %jmp/0xz  T_0.4, 8;
    %load/vec4 v0x5e901f623a60_0;
    %assign/vec4 v0x5e901f623f50_0, 0;
    %load/vec4 v0x5e901f623a60_0;
    %assign/vec4 v0x5e901f623ff0_0, 0;
    %pushi/vec4 19, 0, 32;
    %assign/vec4 v0x5e901f623dc0_0, 0;
    %pushi/vec4 0, 0, 1;
    %assign/vec4 v0x5e901f6241b0_0, 0;
    %jmp T_0.5;
T_0.4 ;
    %load/vec4 v0x5e901f6240e0_0;
    %flag_set/vec4 8;
    %jmp/0xz  T_0.6, 8;
    %load/vec4 v0x5e901f623f50_0;
    %addi 4, 0, 32;
    %assign/vec4 v0x5e901f623f50_0, 0;
    %load/vec4 v0x5e901f623f50_0;
    %assign/vec4 v0x5e901f623ff0_0, 0;
    %load/vec4 v0x5e901f623cb0_0;
    %assign/vec4 v0x5e901f623dc0_0, 0;
    %pushi/vec4 1, 0, 1;
    %assign/vec4 v0x5e901f6241b0_0, 0;
    %jmp T_0.7;
T_0.6 ;
    %load/vec4 v0x5e901f623f50_0;
    %addi 4, 0, 32;
    %assign/vec4 v0x5e901f623f50_0, 0;
    %load/vec4 v0x5e901f623f50_0;
    %assign/vec4 v0x5e901f623ff0_0, 0;
    %load/vec4 v0x5e901f623cb0_0;
    %assign/vec4 v0x5e901f623dc0_0, 0;
    %pushi/vec4 0, 0, 1;
    %assign/vec4 v0x5e901f6241b0_0, 0;
T_0.7 ;
T_0.5 ;
T_0.3 ;
T_0.1 ;
    %jmp T_0;
    .thread T_0;
    .scope S_0x5e901f618ac0;
T_1 ;
    %wait E_0x5e901f3bcfb0;
    %load/vec4 v0x5e901f6198b0_0;
    %nor/r;
    %flag_set/vec4 8;
    %jmp/0xz  T_1.0, 8;
    %pushi/vec4 0, 0, 32;
    %store/vec4 v0x5e901f619550_0, 0, 32;
T_1.2 ;
    %load/vec4 v0x5e901f619550_0;
    %cmpi/s 16, 0, 32;
    %jmp/0xz T_1.3, 5;
    %pushi/vec4 1, 0, 2;
    %ix/getv/s 3, v0x5e901f619550_0;
    %ix/load 4, 0, 0; Constant delay
    %assign/vec4/a/d v0x5e901f6191e0, 0, 4;
    ; show_stmt_assign_vector: Get l-value for compressed += operand
    %load/vec4 v0x5e901f619550_0;
    %pushi/vec4 1, 0, 32;
    %add;
    %store/vec4 v0x5e901f619550_0, 0, 32;
    %jmp T_1.2;
T_1.3 ;
    %jmp T_1.1;
T_1.0 ;
    %load/vec4 v0x5e901f619950_0;
    %flag_set/vec4 8;
    %jmp/0xz  T_1.4, 8;
    %load/vec4 v0x5e901f619390_0;
    %pad/u 6;
    %ix/vec4 4;
    %load/vec4a v0x5e901f6191e0, 4;
    %dup/vec4;
    %pushi/vec4 0, 0, 2;
    %cmp/u;
    %jmp/1 T_1.6, 6;
    %dup/vec4;
    %pushi/vec4 1, 0, 2;
    %cmp/u;
    %jmp/1 T_1.7, 6;
    %dup/vec4;
    %pushi/vec4 3, 0, 2;
    %cmp/u;
    %jmp/1 T_1.8, 6;
    %dup/vec4;
    %pushi/vec4 2, 0, 2;
    %cmp/u;
    %jmp/1 T_1.9, 6;
    %jmp T_1.10;
T_1.6 ;
    %load/vec4 v0x5e901f619120_0;
    %flag_set/vec4 8;
    %jmp/0 T_1.11, 8;
    %pushi/vec4 1, 0, 2;
    %jmp/1 T_1.12, 8;
T_1.11 ; End of true expr.
    %pushi/vec4 0, 0, 2;
    %jmp/0 T_1.12, 8;
 ; End of false expr.
    %blend;
T_1.12;
    %load/vec4 v0x5e901f619390_0;
    %pad/u 6;
    %ix/vec4 3;
    %ix/load 4, 0, 0; Constant delay
    %assign/vec4/a/d v0x5e901f6191e0, 0, 4;
    %jmp T_1.10;
T_1.7 ;
    %load/vec4 v0x5e901f619120_0;
    %flag_set/vec4 8;
    %jmp/0 T_1.13, 8;
    %pushi/vec4 3, 0, 2;
    %jmp/1 T_1.14, 8;
T_1.13 ; End of true expr.
    %pushi/vec4 0, 0, 2;
    %jmp/0 T_1.14, 8;
 ; End of false expr.
    %blend;
T_1.14;
    %load/vec4 v0x5e901f619390_0;
    %pad/u 6;
    %ix/vec4 3;
    %ix/load 4, 0, 0; Constant delay
    %assign/vec4/a/d v0x5e901f6191e0, 0, 4;
    %jmp T_1.10;
T_1.8 ;
    %load/vec4 v0x5e901f619120_0;
    %flag_set/vec4 8;
    %jmp/0 T_1.15, 8;
    %pushi/vec4 3, 0, 2;
    %jmp/1 T_1.16, 8;
T_1.15 ; End of true expr.
    %pushi/vec4 2, 0, 2;
    %jmp/0 T_1.16, 8;
 ; End of false expr.
    %blend;
T_1.16;
    %load/vec4 v0x5e901f619390_0;
    %pad/u 6;
    %ix/vec4 3;
    %ix/load 4, 0, 0; Constant delay
    %assign/vec4/a/d v0x5e901f6191e0, 0, 4;
    %jmp T_1.10;
T_1.9 ;
    %load/vec4 v0x5e901f619120_0;
    %flag_set/vec4 8;
    %jmp/0 T_1.17, 8;
    %pushi/vec4 3, 0, 2;
    %jmp/1 T_1.18, 8;
T_1.17 ; End of true expr.
    %pushi/vec4 0, 0, 2;
    %jmp/0 T_1.18, 8;
 ; End of false expr.
    %blend;
T_1.18;
    %load/vec4 v0x5e901f619390_0;
    %pad/u 6;
    %ix/vec4 3;
    %ix/load 4, 0, 0; Constant delay
    %assign/vec4/a/d v0x5e901f6191e0, 0, 4;
    %jmp T_1.10;
T_1.10 ;
    %pop/vec4 1;
T_1.4 ;
T_1.1 ;
    %jmp T_1;
    .thread T_1;
    .scope S_0x5e901f619af0;
T_2 ;
Ewait_0 .event/or E_0x5e901f3bd2f0, E_0x0;
    %wait Ewait_0;
    %pushi/vec4 0, 0, 32;
    %store/vec4 v0x5e901f61cc40_0, 0, 32;
    %pushi/vec4 0, 0, 4;
    %store/vec4 v0x5e901f61c380_0, 0, 4;
    %pushi/vec4 0, 0, 1;
    %store/vec4 v0x5e901f61c540_0, 0, 1;
    %pushi/vec4 0, 0, 1;
    %store/vec4 v0x5e901f61d400_0, 0, 1;
    %pushi/vec4 0, 0, 1;
    %store/vec4 v0x5e901f61d700_0, 0, 1;
    %pushi/vec4 0, 0, 1;
    %store/vec4 v0x5e901f61de20_0, 0, 1;
    %pushi/vec4 0, 0, 1;
    %store/vec4 v0x5e901f61c6c0_0, 0, 1;
    %pushi/vec4 0, 0, 1;
    %store/vec4 v0x5e901f61d580_0, 0, 1;
    %pushi/vec4 0, 0, 1;
    %store/vec4 v0x5e901f61c040_0, 0, 1;
    %pushi/vec4 0, 0, 3;
    %store/vec4 v0x5e901f61c100_0, 0, 3;
    %load/vec4 v0x5e901f61d880_0;
    %dup/vec4;
    %pushi/vec4 51, 0, 7;
    %cmp/u;
    %jmp/1 T_2.0, 6;
    %dup/vec4;
    %pushi/vec4 19, 0, 7;
    %cmp/u;
    %jmp/1 T_2.1, 6;
    %dup/vec4;
    %pushi/vec4 3, 0, 7;
    %cmp/u;
    %jmp/1 T_2.2, 6;
    %dup/vec4;
    %pushi/vec4 35, 0, 7;
    %cmp/u;
    %jmp/1 T_2.3, 6;
    %dup/vec4;
    %pushi/vec4 99, 0, 7;
    %cmp/u;
    %jmp/1 T_2.4, 6;
    %dup/vec4;
    %pushi/vec4 55, 0, 7;
    %cmp/u;
    %jmp/1 T_2.5, 6;
    %dup/vec4;
    %pushi/vec4 23, 0, 7;
    %cmp/u;
    %jmp/1 T_2.6, 6;
    %dup/vec4;
    %pushi/vec4 111, 0, 7;
    %cmp/u;
    %jmp/1 T_2.7, 6;
    %dup/vec4;
    %pushi/vec4 11, 0, 7;
    %cmp/u;
    %jmp/1 T_2.8, 6;
    %jmp T_2.10;
T_2.0 ;
    %pushi/vec4 1, 0, 1;
    %store/vec4 v0x5e901f61de20_0, 0, 1;
    %load/vec4 v0x5e901f61cb60_0;
    %load/vec4 v0x5e901f61c9a0_0;
    %concat/vec4; draw_concat_vec4
    %dup/vec4;
    %pushi/vec4 0, 0, 10;
    %cmp/u;
    %jmp/1 T_2.11, 6;
    %dup/vec4;
    %pushi/vec4 256, 0, 10;
    %cmp/u;
    %jmp/1 T_2.12, 6;
    %dup/vec4;
    %pushi/vec4 7, 0, 10;
    %cmp/u;
    %jmp/1 T_2.13, 6;
    %dup/vec4;
    %pushi/vec4 6, 0, 10;
    %cmp/u;
    %jmp/1 T_2.14, 6;
    %dup/vec4;
    %pushi/vec4 4, 0, 10;
    %cmp/u;
    %jmp/1 T_2.15, 6;
    %dup/vec4;
    %pushi/vec4 1, 0, 10;
    %cmp/u;
    %jmp/1 T_2.16, 6;
    %dup/vec4;
    %pushi/vec4 5, 0, 10;
    %cmp/u;
    %jmp/1 T_2.17, 6;
    %dup/vec4;
    %pushi/vec4 261, 0, 10;
    %cmp/u;
    %jmp/1 T_2.18, 6;
    %dup/vec4;
    %pushi/vec4 2, 0, 10;
    %cmp/u;
    %jmp/1 T_2.19, 6;
    %dup/vec4;
    %pushi/vec4 3, 0, 10;
    %cmp/u;
    %jmp/1 T_2.20, 6;
    %pushi/vec4 0, 0, 4;
    %store/vec4 v0x5e901f61c380_0, 0, 4;
    %jmp T_2.22;
T_2.11 ;
    %pushi/vec4 0, 0, 4;
    %store/vec4 v0x5e901f61c380_0, 0, 4;
    %jmp T_2.22;
T_2.12 ;
    %pushi/vec4 1, 0, 4;
    %store/vec4 v0x5e901f61c380_0, 0, 4;
    %jmp T_2.22;
T_2.13 ;
    %pushi/vec4 2, 0, 4;
    %store/vec4 v0x5e901f61c380_0, 0, 4;
    %jmp T_2.22;
T_2.14 ;
    %pushi/vec4 3, 0, 4;
    %store/vec4 v0x5e901f61c380_0, 0, 4;
    %jmp T_2.22;
T_2.15 ;
    %pushi/vec4 4, 0, 4;
    %store/vec4 v0x5e901f61c380_0, 0, 4;
    %jmp T_2.22;
T_2.16 ;
    %pushi/vec4 5, 0, 4;
    %store/vec4 v0x5e901f61c380_0, 0, 4;
    %jmp T_2.22;
T_2.17 ;
    %pushi/vec4 6, 0, 4;
    %store/vec4 v0x5e901f61c380_0, 0, 4;
    %jmp T_2.22;
T_2.18 ;
    %pushi/vec4 7, 0, 4;
    %store/vec4 v0x5e901f61c380_0, 0, 4;
    %jmp T_2.22;
T_2.19 ;
    %pushi/vec4 8, 0, 4;
    %store/vec4 v0x5e901f61c380_0, 0, 4;
    %jmp T_2.22;
T_2.20 ;
    %pushi/vec4 9, 0, 4;
    %store/vec4 v0x5e901f61c380_0, 0, 4;
    %jmp T_2.22;
T_2.22 ;
    %pop/vec4 1;
    %jmp T_2.10;
T_2.1 ;
    %pushi/vec4 1, 0, 1;
    %store/vec4 v0x5e901f61c540_0, 0, 1;
    %pushi/vec4 1, 0, 1;
    %store/vec4 v0x5e901f61de20_0, 0, 1;
    %load/vec4 v0x5e901f61ce00_0;
    %store/vec4 v0x5e901f61cc40_0, 0, 32;
    %load/vec4 v0x5e901f61c9a0_0;
    %dup/vec4;
    %pushi/vec4 0, 0, 3;
    %cmp/u;
    %jmp/1 T_2.23, 6;
    %dup/vec4;
    %pushi/vec4 7, 0, 3;
    %cmp/u;
    %jmp/1 T_2.24, 6;
    %dup/vec4;
    %pushi/vec4 6, 0, 3;
    %cmp/u;
    %jmp/1 T_2.25, 6;
    %dup/vec4;
    %pushi/vec4 4, 0, 3;
    %cmp/u;
    %jmp/1 T_2.26, 6;
    %dup/vec4;
    %pushi/vec4 1, 0, 3;
    %cmp/u;
    %jmp/1 T_2.27, 6;
    %dup/vec4;
    %pushi/vec4 5, 0, 3;
    %cmp/u;
    %jmp/1 T_2.28, 6;
    %dup/vec4;
    %pushi/vec4 2, 0, 3;
    %cmp/u;
    %jmp/1 T_2.29, 6;
    %dup/vec4;
    %pushi/vec4 3, 0, 3;
    %cmp/u;
    %jmp/1 T_2.30, 6;
    %pushi/vec4 0, 0, 4;
    %store/vec4 v0x5e901f61c380_0, 0, 4;
    %jmp T_2.32;
T_2.23 ;
    %pushi/vec4 0, 0, 4;
    %store/vec4 v0x5e901f61c380_0, 0, 4;
    %jmp T_2.32;
T_2.24 ;
    %pushi/vec4 2, 0, 4;
    %store/vec4 v0x5e901f61c380_0, 0, 4;
    %jmp T_2.32;
T_2.25 ;
    %pushi/vec4 3, 0, 4;
    %store/vec4 v0x5e901f61c380_0, 0, 4;
    %jmp T_2.32;
T_2.26 ;
    %pushi/vec4 4, 0, 4;
    %store/vec4 v0x5e901f61c380_0, 0, 4;
    %jmp T_2.32;
T_2.27 ;
    %pushi/vec4 5, 0, 4;
    %store/vec4 v0x5e901f61c380_0, 0, 4;
    %jmp T_2.32;
T_2.28 ;
    %load/vec4 v0x5e901f61cb60_0;
    %parti/s 1, 5, 4;
    %flag_set/vec4 8;
    %jmp/0 T_2.33, 8;
    %pushi/vec4 7, 0, 4;
    %jmp/1 T_2.34, 8;
T_2.33 ; End of true expr.
    %pushi/vec4 6, 0, 4;
    %jmp/0 T_2.34, 8;
 ; End of false expr.
    %blend;
T_2.34;
    %store/vec4 v0x5e901f61c380_0, 0, 4;
    %jmp T_2.32;
T_2.29 ;
    %pushi/vec4 8, 0, 4;
    %store/vec4 v0x5e901f61c380_0, 0, 4;
    %jmp T_2.32;
T_2.30 ;
    %pushi/vec4 9, 0, 4;
    %store/vec4 v0x5e901f61c380_0, 0, 4;
    %jmp T_2.32;
T_2.32 ;
    %pop/vec4 1;
    %jmp T_2.10;
T_2.2 ;
    %pushi/vec4 1, 0, 1;
    %store/vec4 v0x5e901f61c540_0, 0, 1;
    %pushi/vec4 1, 0, 1;
    %store/vec4 v0x5e901f61d400_0, 0, 1;
    %pushi/vec4 1, 0, 1;
    %store/vec4 v0x5e901f61de20_0, 0, 1;
    %pushi/vec4 1, 0, 1;
    %store/vec4 v0x5e901f61d580_0, 0, 1;
    %load/vec4 v0x5e901f61ce00_0;
    %store/vec4 v0x5e901f61cc40_0, 0, 32;
    %jmp T_2.10;
T_2.3 ;
    %pushi/vec4 1, 0, 1;
    %store/vec4 v0x5e901f61c540_0, 0, 1;
    %pushi/vec4 1, 0, 1;
    %store/vec4 v0x5e901f61d700_0, 0, 1;
    %load/vec4 v0x5e901f61d0a0_0;
    %store/vec4 v0x5e901f61cc40_0, 0, 32;
    %jmp T_2.10;
T_2.4 ;
    %pushi/vec4 1, 0, 1;
    %store/vec4 v0x5e901f61c6c0_0, 0, 1;
    %load/vec4 v0x5e901f61cd20_0;
    %store/vec4 v0x5e901f61cc40_0, 0, 32;
    %jmp T_2.10;
T_2.5 ;
    %pushi/vec4 1, 0, 1;
    %store/vec4 v0x5e901f61c540_0, 0, 1;
    %pushi/vec4 1, 0, 1;
    %store/vec4 v0x5e901f61de20_0, 0, 1;
    %pushi/vec4 10, 0, 4;
    %store/vec4 v0x5e901f61c380_0, 0, 4;
    %load/vec4 v0x5e901f61d180_0;
    %store/vec4 v0x5e901f61cc40_0, 0, 32;
    %jmp T_2.10;
T_2.6 ;
    %pushi/vec4 1, 0, 1;
    %store/vec4 v0x5e901f61c540_0, 0, 1;
    %pushi/vec4 1, 0, 1;
    %store/vec4 v0x5e901f61de20_0, 0, 1;
    %pushi/vec4 11, 0, 4;
    %store/vec4 v0x5e901f61c380_0, 0, 4;
    %load/vec4 v0x5e901f61d180_0;
    %store/vec4 v0x5e901f61cc40_0, 0, 32;
    %jmp T_2.10;
T_2.7 ;
    %pushi/vec4 1, 0, 1;
    %store/vec4 v0x5e901f61de20_0, 0, 1;
    %pushi/vec4 1, 0, 1;
    %store/vec4 v0x5e901f61c6c0_0, 0, 1;
    %pushi/vec4 1, 0, 1;
    %store/vec4 v0x5e901f61c540_0, 0, 1;
    %load/vec4 v0x5e901f61cee0_0;
    %store/vec4 v0x5e901f61cc40_0, 0, 32;
    %jmp T_2.10;
T_2.8 ;
    %load/vec4 v0x5e901f61c9a0_0;
    %dup/vec4;
    %pushi/vec4 0, 0, 3;
    %cmp/u;
    %jmp/1 T_2.35, 6;
    %dup/vec4;
    %pushi/vec4 1, 0, 3;
    %cmp/u;
    %jmp/1 T_2.36, 6;
    %dup/vec4;
    %pushi/vec4 2, 0, 3;
    %cmp/u;
    %jmp/1 T_2.37, 6;
    %jmp T_2.39;
T_2.35 ;
    %pushi/vec4 1, 0, 1;
    %store/vec4 v0x5e901f61c040_0, 0, 1;
    %pushi/vec4 0, 0, 3;
    %store/vec4 v0x5e901f61c100_0, 0, 3;
    %pushi/vec4 0, 0, 1;
    %store/vec4 v0x5e901f61c540_0, 0, 1;
    %jmp T_2.39;
T_2.36 ;
    %pushi/vec4 1, 0, 1;
    %store/vec4 v0x5e901f61c040_0, 0, 1;
    %pushi/vec4 1, 0, 3;
    %store/vec4 v0x5e901f61c100_0, 0, 3;
    %jmp T_2.39;
T_2.37 ;
    %pushi/vec4 1, 0, 1;
    %store/vec4 v0x5e901f61c040_0, 0, 1;
    %pushi/vec4 2, 0, 3;
    %store/vec4 v0x5e901f61c100_0, 0, 3;
    %pushi/vec4 0, 0, 1;
    %store/vec4 v0x5e901f61c540_0, 0, 1;
    %jmp T_2.39;
T_2.39 ;
    %pop/vec4 1;
    %jmp T_2.10;
T_2.10 ;
    %pop/vec4 1;
    %jmp T_2;
    .thread T_2, $push;
    .scope S_0x5e901f619af0;
T_3 ;
    %wait E_0x5e901f3bcfb0;
    %load/vec4 v0x5e901f61e860_0;
    %nor/r;
    %flag_set/vec4 8;
    %jmp/1 T_3.2, 8;
    %load/vec4 v0x5e901f61c8e0_0;
    %flag_set/vec4 9;
    %flag_or 8, 9;
T_3.2;
    %jmp/0xz  T_3.0, 8;
    %pushi/vec4 0, 0, 32;
    %assign/vec4 v0x5e901f61da40_0, 0;
    %pushi/vec4 0, 0, 32;
    %assign/vec4 v0x5e901f61e320_0, 0;
    %pushi/vec4 0, 0, 32;
    %assign/vec4 v0x5e901f61e780_0, 0;
    %pushi/vec4 0, 0, 32;
    %assign/vec4 v0x5e901f61cfc0_0, 0;
    %pushi/vec4 0, 0, 5;
    %assign/vec4 v0x5e901f61e160_0, 0;
    %pushi/vec4 0, 0, 5;
    %assign/vec4 v0x5e901f61e5c0_0, 0;
    %pushi/vec4 0, 0, 5;
    %assign/vec4 v0x5e901f61dd40_0, 0;
    %pushi/vec4 0, 0, 4;
    %assign/vec4 v0x5e901f61c460_0, 0;
    %pushi/vec4 0, 0, 1;
    %assign/vec4 v0x5e901f61c600_0, 0;
    %pushi/vec4 0, 0, 1;
    %assign/vec4 v0x5e901f61d4c0_0, 0;
    %pushi/vec4 0, 0, 1;
    %assign/vec4 v0x5e901f61d7c0_0, 0;
    %pushi/vec4 0, 0, 1;
    %assign/vec4 v0x5e901f61dee0_0, 0;
    %pushi/vec4 0, 0, 1;
    %assign/vec4 v0x5e901f61c780_0, 0;
    %pushi/vec4 0, 0, 1;
    %assign/vec4 v0x5e901f61d640_0, 0;
    %pushi/vec4 0, 0, 1;
    %assign/vec4 v0x5e901f61dba0_0, 0;
    %pushi/vec4 0, 0, 3;
    %assign/vec4 v0x5e901f61ca80_0, 0;
    %pushi/vec4 0, 0, 1;
    %assign/vec4 v0x5e901f61d340_0, 0;
    %pushi/vec4 0, 0, 1;
    %assign/vec4 v0x5e901f61c2c0_0, 0;
    %pushi/vec4 0, 0, 3;
    %assign/vec4 v0x5e901f61c1e0_0, 0;
    %jmp T_3.1;
T_3.0 ;
    %load/vec4 v0x5e901f61e900_0;
    %nor/r;
    %flag_set/vec4 8;
    %jmp/0xz  T_3.3, 8;
    %load/vec4 v0x5e901f61d960_0;
    %assign/vec4 v0x5e901f61da40_0, 0;
    %load/vec4 v0x5e901f61e240_0;
    %assign/vec4 v0x5e901f61e320_0, 0;
    %load/vec4 v0x5e901f61e6a0_0;
    %assign/vec4 v0x5e901f61e780_0, 0;
    %load/vec4 v0x5e901f61cc40_0;
    %assign/vec4 v0x5e901f61cfc0_0, 0;
    %load/vec4 v0x5e901f61dfa0_0;
    %assign/vec4 v0x5e901f61e160_0, 0;
    %load/vec4 v0x5e901f61e400_0;
    %assign/vec4 v0x5e901f61e5c0_0, 0;
    %load/vec4 v0x5e901f61dc60_0;
    %assign/vec4 v0x5e901f61dd40_0, 0;
    %load/vec4 v0x5e901f61c380_0;
    %assign/vec4 v0x5e901f61c460_0, 0;
    %load/vec4 v0x5e901f61c540_0;
    %assign/vec4 v0x5e901f61c600_0, 0;
    %load/vec4 v0x5e901f61d400_0;
    %assign/vec4 v0x5e901f61d4c0_0, 0;
    %load/vec4 v0x5e901f61d700_0;
    %assign/vec4 v0x5e901f61d7c0_0, 0;
    %load/vec4 v0x5e901f61de20_0;
    %assign/vec4 v0x5e901f61dee0_0, 0;
    %load/vec4 v0x5e901f61c6c0_0;
    %assign/vec4 v0x5e901f61c780_0, 0;
    %load/vec4 v0x5e901f61d580_0;
    %assign/vec4 v0x5e901f61d640_0, 0;
    %load/vec4 v0x5e901f61db00_0;
    %assign/vec4 v0x5e901f61dba0_0, 0;
    %load/vec4 v0x5e901f61c9a0_0;
    %assign/vec4 v0x5e901f61ca80_0, 0;
    %load/vec4 v0x5e901f61d880_0;
    %pushi/vec4 111, 0, 7;
    %cmp/e;
    %flag_get/vec4 4;
    %assign/vec4 v0x5e901f61d340_0, 0;
    %load/vec4 v0x5e901f61c040_0;
    %assign/vec4 v0x5e901f61c2c0_0, 0;
    %load/vec4 v0x5e901f61c100_0;
    %assign/vec4 v0x5e901f61c1e0_0, 0;
T_3.3 ;
T_3.1 ;
    %jmp T_3;
    .thread T_3;
    .scope S_0x5e901f628920;
T_4 ;
    %wait E_0x5e901f307960;
    %load/vec4 v0x5e901f62a650_0;
    %flag_set/vec4 9;
    %flag_get/vec4 9;
    %jmp/0 T_4.2, 9;
    %load/vec4 v0x5e901f62a010_0;
    %pushi/vec4 0, 0, 5;
    %cmp/ne;
    %flag_get/vec4 4;
    %and;
T_4.2;
    %flag_set/vec4 8;
    %jmp/0xz  T_4.0, 8;
    %load/vec4 v0x5e901f62a0f0_0;
    %load/vec4 v0x5e901f62a010_0;
    %pad/u 7;
    %subi 1, 0, 7;
    %ix/vec4 3;
    %ix/load 4, 0, 0; Constant delay
    %assign/vec4/a/d v0x5e901f62a1b0, 0, 4;
T_4.0 ;
    %jmp T_4;
    .thread T_4;
    .scope S_0x5e901f61ed80;
T_5 ;
Ewait_1 .event/or E_0x5e901f61f710, E_0x0;
    %wait Ewait_1;
    %load/vec4 v0x5e901f620bf0_0;
    %dup/vec4;
    %pushi/vec4 0, 0, 4;
    %cmp/u;
    %jmp/1 T_5.0, 6;
    %dup/vec4;
    %pushi/vec4 1, 0, 4;
    %cmp/u;
    %jmp/1 T_5.1, 6;
    %dup/vec4;
    %pushi/vec4 2, 0, 4;
    %cmp/u;
    %jmp/1 T_5.2, 6;
    %dup/vec4;
    %pushi/vec4 3, 0, 4;
    %cmp/u;
    %jmp/1 T_5.3, 6;
    %dup/vec4;
    %pushi/vec4 4, 0, 4;
    %cmp/u;
    %jmp/1 T_5.4, 6;
    %dup/vec4;
    %pushi/vec4 5, 0, 4;
    %cmp/u;
    %jmp/1 T_5.5, 6;
    %dup/vec4;
    %pushi/vec4 6, 0, 4;
    %cmp/u;
    %jmp/1 T_5.6, 6;
    %dup/vec4;
    %pushi/vec4 7, 0, 4;
    %cmp/u;
    %jmp/1 T_5.7, 6;
    %dup/vec4;
    %pushi/vec4 8, 0, 4;
    %cmp/u;
    %jmp/1 T_5.8, 6;
    %dup/vec4;
    %pushi/vec4 9, 0, 4;
    %cmp/u;
    %jmp/1 T_5.9, 6;
    %dup/vec4;
    %pushi/vec4 10, 0, 4;
    %cmp/u;
    %jmp/1 T_5.10, 6;
    %dup/vec4;
    %pushi/vec4 11, 0, 4;
    %cmp/u;
    %jmp/1 T_5.11, 6;
    %pushi/vec4 0, 0, 32;
    %store/vec4 v0x5e901f620ce0_0, 0, 32;
    %jmp T_5.13;
T_5.0 ;
    %load/vec4 v0x5e901f6229c0_0;
    %load/vec4 v0x5e901f620b10_0;
    %add;
    %store/vec4 v0x5e901f620ce0_0, 0, 32;
    %jmp T_5.13;
T_5.1 ;
    %load/vec4 v0x5e901f6229c0_0;
    %load/vec4 v0x5e901f620b10_0;
    %sub;
    %store/vec4 v0x5e901f620ce0_0, 0, 32;
    %jmp T_5.13;
T_5.2 ;
    %load/vec4 v0x5e901f6229c0_0;
    %load/vec4 v0x5e901f620b10_0;
    %and;
    %store/vec4 v0x5e901f620ce0_0, 0, 32;
    %jmp T_5.13;
T_5.3 ;
    %load/vec4 v0x5e901f6229c0_0;
    %load/vec4 v0x5e901f620b10_0;
    %or;
    %store/vec4 v0x5e901f620ce0_0, 0, 32;
    %jmp T_5.13;
T_5.4 ;
    %load/vec4 v0x5e901f6229c0_0;
    %load/vec4 v0x5e901f620b10_0;
    %xor;
    %store/vec4 v0x5e901f620ce0_0, 0, 32;
    %jmp T_5.13;
T_5.5 ;
    %load/vec4 v0x5e901f6229c0_0;
    %load/vec4 v0x5e901f620b10_0;
    %parti/s 5, 0, 2;
    %ix/vec4 4;
    %shiftl 4;
    %store/vec4 v0x5e901f620ce0_0, 0, 32;
    %jmp T_5.13;
T_5.6 ;
    %load/vec4 v0x5e901f6229c0_0;
    %load/vec4 v0x5e901f620b10_0;
    %parti/s 5, 0, 2;
    %ix/vec4 4;
    %shiftr 4;
    %store/vec4 v0x5e901f620ce0_0, 0, 32;
    %jmp T_5.13;
T_5.7 ;
    %load/vec4 v0x5e901f6229c0_0;
    %load/vec4 v0x5e901f620b10_0;
    %parti/s 5, 0, 2;
    %ix/vec4 4;
    %shiftr/s 4;
    %store/vec4 v0x5e901f620ce0_0, 0, 32;
    %jmp T_5.13;
T_5.8 ;
    %load/vec4 v0x5e901f6229c0_0;
    %load/vec4 v0x5e901f620b10_0;
    %cmp/s;
    %flag_mov 8, 5;
    %jmp/0 T_5.14, 8;
    %pushi/vec4 1, 0, 32;
    %jmp/1 T_5.15, 8;
T_5.14 ; End of true expr.
    %pushi/vec4 0, 0, 32;
    %jmp/0 T_5.15, 8;
 ; End of false expr.
    %blend;
T_5.15;
    %store/vec4 v0x5e901f620ce0_0, 0, 32;
    %jmp T_5.13;
T_5.9 ;
    %load/vec4 v0x5e901f6229c0_0;
    %load/vec4 v0x5e901f620b10_0;
    %cmp/u;
    %flag_mov 8, 5;
    %jmp/0 T_5.16, 8;
    %pushi/vec4 1, 0, 32;
    %jmp/1 T_5.17, 8;
T_5.16 ; End of true expr.
    %pushi/vec4 0, 0, 32;
    %jmp/0 T_5.17, 8;
 ; End of false expr.
    %blend;
T_5.17;
    %store/vec4 v0x5e901f620ce0_0, 0, 32;
    %jmp T_5.13;
T_5.10 ;
    %load/vec4 v0x5e901f620b10_0;
    %store/vec4 v0x5e901f620ce0_0, 0, 32;
    %jmp T_5.13;
T_5.11 ;
    %load/vec4 v0x5e901f622440_0;
    %load/vec4 v0x5e901f620b10_0;
    %add;
    %store/vec4 v0x5e901f620ce0_0, 0, 32;
    %jmp T_5.13;
T_5.13 ;
    %pop/vec4 1;
    %jmp T_5;
    .thread T_5, $push;
    .scope S_0x5e901f61ed80;
T_6 ;
Ewait_2 .event/or E_0x5e901f5da880, E_0x0;
    %wait Ewait_2;
    %load/vec4 v0x5e901f621a10_0;
    %dup/vec4;
    %pushi/vec4 0, 0, 3;
    %cmp/u;
    %jmp/1 T_6.0, 6;
    %dup/vec4;
    %pushi/vec4 1, 0, 3;
    %cmp/u;
    %jmp/1 T_6.1, 6;
    %dup/vec4;
    %pushi/vec4 4, 0, 3;
    %cmp/u;
    %jmp/1 T_6.2, 6;
    %dup/vec4;
    %pushi/vec4 5, 0, 3;
    %cmp/u;
    %jmp/1 T_6.3, 6;
    %dup/vec4;
    %pushi/vec4 6, 0, 3;
    %cmp/u;
    %jmp/1 T_6.4, 6;
    %dup/vec4;
    %pushi/vec4 7, 0, 3;
    %cmp/u;
    %jmp/1 T_6.5, 6;
    %pushi/vec4 0, 0, 1;
    %store/vec4 v0x5e901f6215f0_0, 0, 1;
    %jmp T_6.7;
T_6.0 ;
    %load/vec4 v0x5e901f6229c0_0;
    %load/vec4 v0x5e901f622c40_0;
    %cmp/e;
    %flag_get/vec4 4;
    %store/vec4 v0x5e901f6215f0_0, 0, 1;
    %jmp T_6.7;
T_6.1 ;
    %load/vec4 v0x5e901f6229c0_0;
    %load/vec4 v0x5e901f622c40_0;
    %cmp/ne;
    %flag_get/vec4 4;
    %store/vec4 v0x5e901f6215f0_0, 0, 1;
    %jmp T_6.7;
T_6.2 ;
    %load/vec4 v0x5e901f6229c0_0;
    %load/vec4 v0x5e901f622c40_0;
    %cmp/s;
    %flag_get/vec4 5;
    %store/vec4 v0x5e901f6215f0_0, 0, 1;
    %jmp T_6.7;
T_6.3 ;
    %load/vec4 v0x5e901f622c40_0;
    %load/vec4 v0x5e901f6229c0_0;
    %cmp/s;
    %flag_get/vec4 4;
    %flag_get/vec4 5;
    %or;
    %store/vec4 v0x5e901f6215f0_0, 0, 1;
    %jmp T_6.7;
T_6.4 ;
    %load/vec4 v0x5e901f6229c0_0;
    %load/vec4 v0x5e901f622c40_0;
    %cmp/u;
    %flag_get/vec4 5;
    %store/vec4 v0x5e901f6215f0_0, 0, 1;
    %jmp T_6.7;
T_6.5 ;
    %load/vec4 v0x5e901f622c40_0;
    %load/vec4 v0x5e901f6229c0_0;
    %cmp/u;
    %flag_get/vec4 4;
    %flag_get/vec4 5;
    %or;
    %store/vec4 v0x5e901f6215f0_0, 0, 1;
    %jmp T_6.7;
T_6.7 ;
    %pop/vec4 1;
    %jmp T_6;
    .thread T_6, $push;
    .scope S_0x5e901f61ed80;
T_7 ;
    %wait E_0x5e901f3bcfb0;
    %load/vec4 v0x5e901f622eb0_0;
    %nor/r;
    %flag_set/vec4 8;
    %jmp/0xz  T_7.0, 8;
    %pushi/vec4 0, 0, 1;
    %assign/vec4 v0x5e901f6207d0_0, 0;
    %pushi/vec4 0, 0, 32;
    %assign/vec4 v0x5e901f621210_0, 0;
    %pushi/vec4 0, 0, 1;
    %assign/vec4 v0x5e901f621300_0, 0;
    %pushi/vec4 0, 0, 32;
    %assign/vec4 v0x5e901f6213f0_0, 0;
    %pushi/vec4 0, 0, 1;
    %assign/vec4 v0x5e901f621500_0, 0;
    %pushi/vec4 0, 0, 1;
    %assign/vec4 v0x5e901f621030_0, 0;
    %pushi/vec4 0, 0, 1;
    %assign/vec4 v0x5e901f621120_0, 0;
    %jmp T_7.1;
T_7.0 ;
    %pushi/vec4 0, 0, 1;
    %assign/vec4 v0x5e901f621300_0, 0;
    %pushi/vec4 0, 0, 1;
    %assign/vec4 v0x5e901f621500_0, 0;
    %pushi/vec4 0, 0, 1;
    %assign/vec4 v0x5e901f621120_0, 0;
    %load/vec4 v0x5e901f620930_0;
    %flag_set/vec4 9;
    %flag_get/vec4 9;
    %jmp/0 T_7.4, 9;
    %load/vec4 v0x5e901f6207d0_0;
    %nor/r;
    %and;
T_7.4;
    %flag_set/vec4 8;
    %jmp/0xz  T_7.2, 8;
    %load/vec4 v0x5e901f6209d0_0;
    %dup/vec4;
    %pushi/vec4 0, 0, 3;
    %cmp/u;
    %jmp/1 T_7.5, 6;
    %dup/vec4;
    %pushi/vec4 1, 0, 3;
    %cmp/u;
    %jmp/1 T_7.6, 6;
    %dup/vec4;
    %pushi/vec4 2, 0, 3;
    %cmp/u;
    %jmp/1 T_7.7, 6;
    %jmp T_7.9;
T_7.5 ;
    %pushi/vec4 2684354560, 0, 32;
    %assign/vec4 v0x5e901f621210_0, 0;
    %pushi/vec4 1, 0, 1;
    %assign/vec4 v0x5e901f621300_0, 0;
    %load/vec4 v0x5e901f622c40_0;
    %parti/s 1, 0, 2;
    %load/vec4 v0x5e901f6229c0_0;
    %parti/s 31, 0, 2;
    %concat/vec4; draw_concat_vec4
    %assign/vec4 v0x5e901f6213f0_0, 0;
    %pushi/vec4 1, 0, 1;
    %assign/vec4 v0x5e901f621500_0, 0;
    %jmp T_7.9;
T_7.6 ;
    %pushi/vec4 2684354564, 0, 32;
    %assign/vec4 v0x5e901f621210_0, 0;
    %pushi/vec4 1, 0, 1;
    %assign/vec4 v0x5e901f621300_0, 0;
    %pushi/vec4 1, 0, 32;
    %assign/vec4 v0x5e901f6213f0_0, 0;
    %pushi/vec4 1, 0, 1;
    %assign/vec4 v0x5e901f621500_0, 0;
    %pushi/vec4 1, 0, 1;
    %assign/vec4 v0x5e901f6207d0_0, 0;
    %jmp T_7.9;
T_7.7 ;
    %pushi/vec4 2684354568, 0, 32;
    %assign/vec4 v0x5e901f621210_0, 0;
    %pushi/vec4 1, 0, 1;
    %assign/vec4 v0x5e901f621300_0, 0;
    %load/vec4 v0x5e901f6229c0_0;
    %assign/vec4 v0x5e901f6213f0_0, 0;
    %pushi/vec4 1, 0, 1;
    %assign/vec4 v0x5e901f621500_0, 0;
    %jmp T_7.9;
T_7.9 ;
    %pop/vec4 1;
T_7.2 ;
    %load/vec4 v0x5e901f6207d0_0;
    %flag_set/vec4 9;
    %flag_get/vec4 9;
    %jmp/0 T_7.12, 9;
    %load/vec4 v0x5e901f620890_0;
    %and;
T_7.12;
    %flag_set/vec4 8;
    %jmp/0xz  T_7.10, 8;
    %pushi/vec4 0, 0, 1;
    %assign/vec4 v0x5e901f6207d0_0, 0;
T_7.10 ;
T_7.1 ;
    %jmp T_7;
    .thread T_7;
    .scope S_0x5e901f61ed80;
T_8 ;
    %wait E_0x5e901f3bcfb0;
    %load/vec4 v0x5e901f622eb0_0;
    %nor/r;
    %flag_set/vec4 8;
    %jmp/0xz  T_8.0, 8;
    %pushi/vec4 0, 0, 32;
    %assign/vec4 v0x5e901f620e80_0, 0;
    %pushi/vec4 0, 0, 32;
    %assign/vec4 v0x5e901f622df0_0, 0;
    %pushi/vec4 0, 0, 5;
    %assign/vec4 v0x5e901f6226a0_0, 0;
    %pushi/vec4 0, 0, 1;
    %assign/vec4 v0x5e901f622020_0, 0;
    %pushi/vec4 0, 0, 1;
    %assign/vec4 v0x5e901f622300_0, 0;
    %pushi/vec4 0, 0, 1;
    %assign/vec4 v0x5e901f622830_0, 0;
    %pushi/vec4 0, 0, 1;
    %assign/vec4 v0x5e901f622190_0, 0;
    %jmp T_8.1;
T_8.0 ;
    %load/vec4 v0x5e901f620da0_0;
    %assign/vec4 v0x5e901f620e80_0, 0;
    %load/vec4 v0x5e901f622c40_0;
    %assign/vec4 v0x5e901f622df0_0, 0;
    %load/vec4 v0x5e901f6225d0_0;
    %assign/vec4 v0x5e901f6226a0_0, 0;
    %load/vec4 v0x5e901f621f50_0;
    %assign/vec4 v0x5e901f622020_0, 0;
    %load/vec4 v0x5e901f622230_0;
    %assign/vec4 v0x5e901f622300_0, 0;
    %load/vec4 v0x5e901f622760_0;
    %assign/vec4 v0x5e901f622830_0, 0;
    %load/vec4 v0x5e901f6220c0_0;
    %assign/vec4 v0x5e901f622190_0, 0;
T_8.1 ;
    %jmp T_8;
    .thread T_8;
    .scope S_0x5e901f627470;
T_9 ;
    %wait E_0x5e901f3bcfb0;
    %load/vec4 v0x5e901f6285e0_0;
    %nor/r;
    %flag_set/vec4 8;
    %jmp/0xz  T_9.0, 8;
    %pushi/vec4 0, 0, 32;
    %assign/vec4 v0x5e901f6279e0_0, 0;
    %pushi/vec4 0, 0, 32;
    %assign/vec4 v0x5e901f627ef0_0, 0;
    %pushi/vec4 0, 0, 5;
    %assign/vec4 v0x5e901f6282f0_0, 0;
    %pushi/vec4 0, 0, 1;
    %assign/vec4 v0x5e901f6284a0_0, 0;
    %pushi/vec4 0, 0, 1;
    %assign/vec4 v0x5e901f628110_0, 0;
    %jmp T_9.1;
T_9.0 ;
    %load/vec4 v0x5e901f6278b0_0;
    %assign/vec4 v0x5e901f6279e0_0, 0;
    %load/vec4 v0x5e901f627c20_0;
    %assign/vec4 v0x5e901f627ef0_0, 0;
    %load/vec4 v0x5e901f628250_0;
    %assign/vec4 v0x5e901f6282f0_0, 0;
    %load/vec4 v0x5e901f6283b0_0;
    %assign/vec4 v0x5e901f6284a0_0, 0;
    %load/vec4 v0x5e901f628070_0;
    %assign/vec4 v0x5e901f628110_0, 0;
T_9.1 ;
    %jmp T_9;
    .thread T_9;
    .scope S_0x5e901f4c3260;
T_10 ;
    %wait E_0x5e901f307960;
    %load/vec4 v0x5e901f590f60_0;
    %nor/r;
    %flag_set/vec4 8;
    %jmp/0xz  T_10.0, 8;
    %pushi/vec4 0, 0, 8;
    %assign/vec4 v0x5e901f5947a0_0, 0;
    %pushi/vec4 0, 0, 8;
    %assign/vec4 v0x5e901f58ada0_0, 0;
    %pushi/vec4 0, 0, 32;
    %assign/vec4 v0x5e901f58e5e0_0, 0;
    %jmp T_10.1;
T_10.0 ;
    %load/vec4 v0x5e901f594040_0;
    %flag_set/vec4 8;
    %jmp/0xz  T_10.2, 8;
    %load/vec4 v0x5e901f5916c0_0;
    %assign/vec4 v0x5e901f5947a0_0, 0;
T_10.2 ;
    %load/vec4 v0x5e901f588420_0;
    %assign/vec4 v0x5e901f58ada0_0, 0;
    %load/vec4 v0x5e901f58de80_0;
    %load/vec4 v0x5e901f5947a0_0;
    %pad/u 32;
    %load/vec4 v0x5e901f588420_0;
    %pad/u 32;
    %mul;
    %add;
    %assign/vec4 v0x5e901f58e5e0_0, 0;
T_10.1 ;
    %jmp T_10;
    .thread T_10;
    .scope S_0x5e901f4c1630;
T_11 ;
    %wait E_0x5e901f307960;
    %load/vec4 v0x5e901f5a96a0_0;
    %nor/r;
    %flag_set/vec4 8;
    %jmp/0xz  T_11.0, 8;
    %pushi/vec4 0, 0, 8;
    %assign/vec4 v0x5e901f5acea0_0, 0;
    %pushi/vec4 0, 0, 8;
    %assign/vec4 v0x5e901f5a34e0_0, 0;
    %pushi/vec4 0, 0, 32;
    %assign/vec4 v0x5e901f5a6ce0_0, 0;
    %jmp T_11.1;
T_11.0 ;
    %load/vec4 v0x5e901f5ac780_0;
    %flag_set/vec4 8;
    %jmp/0xz  T_11.2, 8;
    %load/vec4 v0x5e901f5a9dc0_0;
    %assign/vec4 v0x5e901f5acea0_0, 0;
T_11.2 ;
    %load/vec4 v0x5e901f5a0b20_0;
    %assign/vec4 v0x5e901f5a34e0_0, 0;
    %load/vec4 v0x5e901f5a65c0_0;
    %load/vec4 v0x5e901f5acea0_0;
    %pad/u 32;
    %load/vec4 v0x5e901f5a0b20_0;
    %pad/u 32;
    %mul;
    %add;
    %assign/vec4 v0x5e901f5a6ce0_0, 0;
T_11.1 ;
    %jmp T_11;
    .thread T_11;
    .scope S_0x5e901f4a4d30;
T_12 ;
    %wait E_0x5e901f307960;
    %load/vec4 v0x5e901f4b74d0_0;
    %nor/r;
    %flag_set/vec4 8;
    %jmp/0xz  T_12.0, 8;
    %pushi/vec4 0, 0, 8;
    %assign/vec4 v0x5e901f4dc250_0, 0;
    %pushi/vec4 0, 0, 8;
    %assign/vec4 v0x5e901f4a55b0_0, 0;
    %pushi/vec4 0, 0, 32;
    %assign/vec4 v0x5e901f4a36f0_0, 0;
    %jmp T_12.1;
T_12.0 ;
    %load/vec4 v0x5e901f4cc140_0;
    %flag_set/vec4 8;
    %jmp/0xz  T_12.2, 8;
    %load/vec4 v0x5e901f4cd510_0;
    %assign/vec4 v0x5e901f4dc250_0, 0;
T_12.2 ;
    %load/vec4 v0x5e901f4a10d0_0;
    %assign/vec4 v0x5e901f4a55b0_0, 0;
    %load/vec4 v0x5e901f4db580_0;
    %load/vec4 v0x5e901f4dc250_0;
    %pad/u 32;
    %load/vec4 v0x5e901f4a10d0_0;
    %pad/u 32;
    %mul;
    %add;
    %assign/vec4 v0x5e901f4a36f0_0, 0;
T_12.1 ;
    %jmp T_12;
    .thread T_12;
    .scope S_0x5e901f4a48f0;
T_13 ;
    %wait E_0x5e901f307960;
    %load/vec4 v0x5e901f4a4040_0;
    %nor/r;
    %flag_set/vec4 8;
    %jmp/0xz  T_13.0, 8;
    %pushi/vec4 0, 0, 8;
    %assign/vec4 v0x5e901f4c29a0_0, 0;
    %pushi/vec4 0, 0, 8;
    %assign/vec4 v0x5e901f5bf8e0_0, 0;
    %pushi/vec4 0, 0, 32;
    %assign/vec4 v0x5e901f5c0360_0, 0;
    %jmp T_13.1;
T_13.0 ;
    %load/vec4 v0x5e901f4c28e0_0;
    %flag_set/vec4 8;
    %jmp/0xz  T_13.2, 8;
    %load/vec4 v0x5e901f4a40e0_0;
    %assign/vec4 v0x5e901f4c29a0_0, 0;
T_13.2 ;
    %load/vec4 v0x5e901f5bfca0_0;
    %assign/vec4 v0x5e901f5bf8e0_0, 0;
    %load/vec4 v0x5e901f5bf6a0_0;
    %load/vec4 v0x5e901f4c29a0_0;
    %pad/u 32;
    %load/vec4 v0x5e901f5bfca0_0;
    %pad/u 32;
    %mul;
    %add;
    %assign/vec4 v0x5e901f5c0360_0, 0;
T_13.1 ;
    %jmp T_13;
    .thread T_13;
    .scope S_0x5e901f4a44b0;
T_14 ;
    %wait E_0x5e901f307960;
    %load/vec4 v0x5e901f4cdf60_0;
    %nor/r;
    %flag_set/vec4 8;
    %jmp/0xz  T_14.0, 8;
    %pushi/vec4 0, 0, 8;
    %assign/vec4 v0x5e901f510e00_0, 0;
    %pushi/vec4 0, 0, 8;
    %assign/vec4 v0x5e901f4fb0c0_0, 0;
    %pushi/vec4 0, 0, 32;
    %assign/vec4 v0x5e901f4f1cc0_0, 0;
    %jmp T_14.1;
T_14.0 ;
    %load/vec4 v0x5e901f510d40_0;
    %flag_set/vec4 8;
    %jmp/0xz  T_14.2, 8;
    %load/vec4 v0x5e901f4ce000_0;
    %assign/vec4 v0x5e901f510e00_0, 0;
T_14.2 ;
    %load/vec4 v0x5e901f4fb000_0;
    %assign/vec4 v0x5e901f4fb0c0_0, 0;
    %load/vec4 v0x5e901f4f4e40_0;
    %load/vec4 v0x5e901f510e00_0;
    %pad/u 32;
    %load/vec4 v0x5e901f4fb000_0;
    %pad/u 32;
    %mul;
    %add;
    %assign/vec4 v0x5e901f4f1cc0_0, 0;
T_14.1 ;
    %jmp T_14;
    .thread T_14;
    .scope S_0x5e901f4a5170;
T_15 ;
    %wait E_0x5e901f307960;
    %load/vec4 v0x5e901f5b01c0_0;
    %nor/r;
    %flag_set/vec4 8;
    %jmp/0xz  T_15.0, 8;
    %pushi/vec4 0, 0, 8;
    %assign/vec4 v0x5e901f5afb80_0, 0;
    %pushi/vec4 0, 0, 8;
    %assign/vec4 v0x5e901f4fef00_0, 0;
    %pushi/vec4 0, 0, 32;
    %assign/vec4 v0x5e901f4fbe20_0, 0;
    %jmp T_15.1;
T_15.0 ;
    %load/vec4 v0x5e901f5afac0_0;
    %flag_set/vec4 8;
    %jmp/0xz  T_15.2, 8;
    %load/vec4 v0x5e901f5b0260_0;
    %assign/vec4 v0x5e901f5afb80_0, 0;
T_15.2 ;
    %load/vec4 v0x5e901f5018e0_0;
    %assign/vec4 v0x5e901f4fef00_0, 0;
    %load/vec4 v0x5e901f4fe8a0_0;
    %load/vec4 v0x5e901f5afb80_0;
    %pad/u 32;
    %load/vec4 v0x5e901f5018e0_0;
    %pad/u 32;
    %mul;
    %add;
    %assign/vec4 v0x5e901f4fbe20_0, 0;
T_15.1 ;
    %jmp T_15;
    .thread T_15;
    .scope S_0x5e901f5b20d0;
T_16 ;
    %wait E_0x5e901f307960;
    %load/vec4 v0x5e901f5a0d60_0;
    %nor/r;
    %flag_set/vec4 8;
    %jmp/0xz  T_16.0, 8;
    %pushi/vec4 0, 0, 8;
    %assign/vec4 v0x5e901f5a0720_0, 0;
    %pushi/vec4 0, 0, 8;
    %assign/vec4 v0x5e901f5a3e40_0, 0;
    %pushi/vec4 0, 0, 32;
    %assign/vec4 v0x5e901f4f8d40_0, 0;
    %jmp T_16.1;
T_16.0 ;
    %load/vec4 v0x5e901f5a0660_0;
    %flag_set/vec4 8;
    %jmp/0xz  T_16.2, 8;
    %load/vec4 v0x5e901f5a0e00_0;
    %assign/vec4 v0x5e901f5a0720_0, 0;
T_16.2 ;
    %load/vec4 v0x5e901f5a6820_0;
    %assign/vec4 v0x5e901f5a3e40_0, 0;
    %load/vec4 v0x5e901f5a37e0_0;
    %load/vec4 v0x5e901f5a0720_0;
    %pad/u 32;
    %load/vec4 v0x5e901f5a6820_0;
    %pad/u 32;
    %mul;
    %add;
    %assign/vec4 v0x5e901f4f8d40_0, 0;
T_16.1 ;
    %jmp T_16;
    .thread T_16;
    .scope S_0x5e901f5abf10;
T_17 ;
    %wait E_0x5e901f307960;
    %load/vec4 v0x5e901f591200_0;
    %nor/r;
    %flag_set/vec4 8;
    %jmp/0xz  T_17.0, 8;
    %pushi/vec4 0, 0, 8;
    %assign/vec4 v0x5e901f58e8e0_0, 0;
    %pushi/vec4 0, 0, 8;
    %assign/vec4 v0x5e901f5949e0_0, 0;
    %pushi/vec4 0, 0, 32;
    %assign/vec4 v0x5e901f591900_0, 0;
    %jmp T_17.1;
T_17.0 ;
    %load/vec4 v0x5e901f58e820_0;
    %flag_set/vec4 8;
    %jmp/0xz  T_17.2, 8;
    %load/vec4 v0x5e901f5912a0_0;
    %assign/vec4 v0x5e901f58e8e0_0, 0;
T_17.2 ;
    %load/vec4 v0x5e901f5973c0_0;
    %assign/vec4 v0x5e901f5949e0_0, 0;
    %load/vec4 v0x5e901f594380_0;
    %load/vec4 v0x5e901f58e8e0_0;
    %pad/u 32;
    %load/vec4 v0x5e901f5973c0_0;
    %pad/u 32;
    %mul;
    %add;
    %assign/vec4 v0x5e901f591900_0, 0;
T_17.1 ;
    %jmp T_17;
    .thread T_17;
    .scope S_0x5e901f5a2c70;
T_18 ;
    %wait E_0x5e901f307960;
    %load/vec4 v0x5e901f57bbe0_0;
    %nor/r;
    %flag_set/vec4 8;
    %jmp/0xz  T_18.0, 8;
    %pushi/vec4 0, 0, 8;
    %assign/vec4 v0x5e901f578bc0_0, 0;
    %pushi/vec4 0, 0, 8;
    %assign/vec4 v0x5e901f581da0_0, 0;
    %pushi/vec4 0, 0, 32;
    %assign/vec4 v0x5e901f57c2e0_0, 0;
    %jmp T_18.1;
T_18.0 ;
    %load/vec4 v0x5e901f578b00_0;
    %flag_set/vec4 8;
    %jmp/0xz  T_18.2, 8;
    %load/vec4 v0x5e901f57bc80_0;
    %assign/vec4 v0x5e901f578bc0_0, 0;
T_18.2 ;
    %load/vec4 v0x5e901f5824a0_0;
    %assign/vec4 v0x5e901f581da0_0, 0;
    %load/vec4 v0x5e901f57f460_0;
    %load/vec4 v0x5e901f578bc0_0;
    %pad/u 32;
    %load/vec4 v0x5e901f5824a0_0;
    %pad/u 32;
    %mul;
    %add;
    %assign/vec4 v0x5e901f57c2e0_0, 0;
T_18.1 ;
    %jmp T_18;
    .thread T_18;
    .scope S_0x5e901f59cab0;
T_19 ;
    %wait E_0x5e901f307960;
    %load/vec4 v0x5e901f5696a0_0;
    %nor/r;
    %flag_set/vec4 8;
    %jmp/0xz  T_19.0, 8;
    %pushi/vec4 0, 0, 8;
    %assign/vec4 v0x5e901f566d80_0, 0;
    %pushi/vec4 0, 0, 8;
    %assign/vec4 v0x5e901f56ce80_0, 0;
    %pushi/vec4 0, 0, 32;
    %assign/vec4 v0x5e901f569e60_0, 0;
    %jmp T_19.1;
T_19.0 ;
    %load/vec4 v0x5e901f566cc0_0;
    %flag_set/vec4 8;
    %jmp/0xz  T_19.2, 8;
    %load/vec4 v0x5e901f569740_0;
    %assign/vec4 v0x5e901f566d80_0, 0;
T_19.2 ;
    %load/vec4 v0x5e901f56f860_0;
    %assign/vec4 v0x5e901f56ce80_0, 0;
    %load/vec4 v0x5e901f569da0_0;
    %load/vec4 v0x5e901f566d80_0;
    %pad/u 32;
    %load/vec4 v0x5e901f56f860_0;
    %pad/u 32;
    %mul;
    %add;
    %assign/vec4 v0x5e901f569e60_0, 0;
T_19.1 ;
    %jmp T_19;
    .thread T_19;
    .scope S_0x5e901f5968f0;
T_20 ;
    %wait E_0x5e901f307960;
    %load/vec4 v0x5e901f554080_0;
    %nor/r;
    %flag_set/vec4 8;
    %jmp/0xz  T_20.0, 8;
    %pushi/vec4 0, 0, 8;
    %assign/vec4 v0x5e901f551760_0, 0;
    %pushi/vec4 0, 0, 8;
    %assign/vec4 v0x5e901f557860_0, 0;
    %pushi/vec4 0, 0, 32;
    %assign/vec4 v0x5e901f554840_0, 0;
    %jmp T_20.1;
T_20.0 ;
    %load/vec4 v0x5e901f5516a0_0;
    %flag_set/vec4 8;
    %jmp/0xz  T_20.2, 8;
    %load/vec4 v0x5e901f554120_0;
    %assign/vec4 v0x5e901f551760_0, 0;
T_20.2 ;
    %load/vec4 v0x5e901f55a940_0;
    %assign/vec4 v0x5e901f557860_0, 0;
    %load/vec4 v0x5e901f554780_0;
    %load/vec4 v0x5e901f551760_0;
    %pad/u 32;
    %load/vec4 v0x5e901f55a940_0;
    %pad/u 32;
    %mul;
    %add;
    %assign/vec4 v0x5e901f554840_0, 0;
T_20.1 ;
    %jmp T_20;
    .thread T_20;
    .scope S_0x5e901f590730;
T_21 ;
    %wait E_0x5e901f307960;
    %load/vec4 v0x5e901f541b40_0;
    %nor/r;
    %flag_set/vec4 8;
    %jmp/0xz  T_21.0, 8;
    %pushi/vec4 0, 0, 8;
    %assign/vec4 v0x5e901f53f220_0, 0;
    %pushi/vec4 0, 0, 8;
    %assign/vec4 v0x5e901f545320_0, 0;
    %pushi/vec4 0, 0, 32;
    %assign/vec4 v0x5e901f542240_0, 0;
    %jmp T_21.1;
T_21.0 ;
    %load/vec4 v0x5e901f53f160_0;
    %flag_set/vec4 8;
    %jmp/0xz  T_21.2, 8;
    %load/vec4 v0x5e901f541be0_0;
    %assign/vec4 v0x5e901f53f220_0, 0;
T_21.2 ;
    %load/vec4 v0x5e901f547d00_0;
    %assign/vec4 v0x5e901f545320_0, 0;
    %load/vec4 v0x5e901f544cc0_0;
    %load/vec4 v0x5e901f53f220_0;
    %pad/u 32;
    %load/vec4 v0x5e901f547d00_0;
    %pad/u 32;
    %mul;
    %add;
    %assign/vec4 v0x5e901f542240_0, 0;
T_21.1 ;
    %jmp T_21;
    .thread T_21;
    .scope S_0x5e901f58a570;
T_22 ;
    %wait E_0x5e901f307960;
    %load/vec4 v0x5e901f529b40_0;
    %nor/r;
    %flag_set/vec4 8;
    %jmp/0xz  T_22.0, 8;
    %pushi/vec4 0, 0, 8;
    %assign/vec4 v0x5e901f529500_0, 0;
    %pushi/vec4 0, 0, 8;
    %assign/vec4 v0x5e901f52fd00_0, 0;
    %pushi/vec4 0, 0, 32;
    %assign/vec4 v0x5e901f52c520_0, 0;
    %jmp T_22.1;
T_22.0 ;
    %load/vec4 v0x5e901f529440_0;
    %flag_set/vec4 8;
    %jmp/0xz  T_22.2, 8;
    %load/vec4 v0x5e901f529be0_0;
    %assign/vec4 v0x5e901f529500_0, 0;
T_22.2 ;
    %load/vec4 v0x5e901f5326e0_0;
    %assign/vec4 v0x5e901f52fd00_0, 0;
    %load/vec4 v0x5e901f52ccc0_0;
    %load/vec4 v0x5e901f529500_0;
    %pad/u 32;
    %load/vec4 v0x5e901f5326e0_0;
    %pad/u 32;
    %mul;
    %add;
    %assign/vec4 v0x5e901f52c520_0, 0;
T_22.1 ;
    %jmp T_22;
    .thread T_22;
    .scope S_0x5e901f5843b0;
T_23 ;
    %wait E_0x5e901f307960;
    %load/vec4 v0x5e901f519fe0_0;
    %nor/r;
    %flag_set/vec4 8;
    %jmp/0xz  T_23.0, 8;
    %pushi/vec4 0, 0, 8;
    %assign/vec4 v0x5e901f5176c0_0, 0;
    %pushi/vec4 0, 0, 8;
    %assign/vec4 v0x5e901f51d7c0_0, 0;
    %pushi/vec4 0, 0, 32;
    %assign/vec4 v0x5e901f51a6e0_0, 0;
    %jmp T_23.1;
T_23.0 ;
    %load/vec4 v0x5e901f517600_0;
    %flag_set/vec4 8;
    %jmp/0xz  T_23.2, 8;
    %load/vec4 v0x5e901f51a080_0;
    %assign/vec4 v0x5e901f5176c0_0, 0;
T_23.2 ;
    %load/vec4 v0x5e901f5201a0_0;
    %assign/vec4 v0x5e901f51d7c0_0, 0;
    %load/vec4 v0x5e901f51d160_0;
    %load/vec4 v0x5e901f5176c0_0;
    %pad/u 32;
    %load/vec4 v0x5e901f5201a0_0;
    %pad/u 32;
    %mul;
    %add;
    %assign/vec4 v0x5e901f51a6e0_0, 0;
T_23.1 ;
    %jmp T_23;
    .thread T_23;
    .scope S_0x5e901f57e1f0;
T_24 ;
    %wait E_0x5e901f307960;
    %load/vec4 v0x5e901f593ba0_0;
    %nor/r;
    %flag_set/vec4 8;
    %jmp/0xz  T_24.0, 8;
    %pushi/vec4 0, 0, 8;
    %assign/vec4 v0x5e901f590b80_0, 0;
    %pushi/vec4 0, 0, 8;
    %assign/vec4 v0x5e901f5a91e0_0, 0;
    %pushi/vec4 0, 0, 32;
    %assign/vec4 v0x5e901f596c80_0, 0;
    %jmp T_24.1;
T_24.0 ;
    %load/vec4 v0x5e901f590ac0_0;
    %flag_set/vec4 8;
    %jmp/0xz  T_24.2, 8;
    %load/vec4 v0x5e901f593c40_0;
    %assign/vec4 v0x5e901f590b80_0, 0;
T_24.2 ;
    %load/vec4 v0x5e901f5ac370_0;
    %assign/vec4 v0x5e901f5a91e0_0, 0;
    %load/vec4 v0x5e901f599e30_0;
    %load/vec4 v0x5e901f590b80_0;
    %pad/u 32;
    %load/vec4 v0x5e901f5ac370_0;
    %pad/u 32;
    %mul;
    %add;
    %assign/vec4 v0x5e901f596c80_0, 0;
T_24.1 ;
    %jmp T_24;
    .thread T_24;
    .scope S_0x5e901f578030;
T_25 ;
    %wait E_0x5e901f307960;
    %load/vec4 v0x5e901f5475c0_0;
    %nor/r;
    %flag_set/vec4 8;
    %jmp/0xz  T_25.0, 8;
    %pushi/vec4 0, 0, 8;
    %assign/vec4 v0x5e901f538200_0, 0;
    %pushi/vec4 0, 0, 8;
    %assign/vec4 v0x5e901f550860_0, 0;
    %pushi/vec4 0, 0, 32;
    %assign/vec4 v0x5e901f54a6a0_0, 0;
    %jmp T_25.1;
T_25.0 ;
    %load/vec4 v0x5e901f538160_0;
    %flag_set/vec4 8;
    %jmp/0xz  T_25.2, 8;
    %load/vec4 v0x5e901f547660_0;
    %assign/vec4 v0x5e901f538200_0, 0;
T_25.2 ;
    %load/vec4 v0x5e901f55fcc0_0;
    %assign/vec4 v0x5e901f550860_0, 0;
    %load/vec4 v0x5e901f54d820_0;
    %load/vec4 v0x5e901f538200_0;
    %pad/u 32;
    %load/vec4 v0x5e901f55fcc0_0;
    %pad/u 32;
    %mul;
    %add;
    %assign/vec4 v0x5e901f54a6a0_0, 0;
T_25.1 ;
    %jmp T_25;
    .thread T_25;
    .scope S_0x5e901f56ed90;
T_26 ;
    %wait E_0x5e901f307960;
    %load/vec4 v0x5e901f5011e0_0;
    %nor/r;
    %flag_set/vec4 8;
    %jmp/0xz  T_26.0, 8;
    %pushi/vec4 0, 0, 8;
    %assign/vec4 v0x5e901f56bcb0_0, 0;
    %pushi/vec4 0, 0, 8;
    %assign/vec4 v0x5e901f516880_0, 0;
    %pushi/vec4 0, 0, 32;
    %assign/vec4 v0x5e901f504340_0, 0;
    %jmp T_26.1;
T_26.0 ;
    %load/vec4 v0x5e901f4fe180_0;
    %flag_set/vec4 8;
    %jmp/0xz  T_26.2, 8;
    %load/vec4 v0x5e901f4fe0c0_0;
    %assign/vec4 v0x5e901f56bcb0_0, 0;
T_26.2 ;
    %load/vec4 v0x5e901f5167c0_0;
    %assign/vec4 v0x5e901f516880_0, 0;
    %load/vec4 v0x5e901f504280_0;
    %load/vec4 v0x5e901f56bcb0_0;
    %pad/u 32;
    %load/vec4 v0x5e901f5167c0_0;
    %pad/u 32;
    %mul;
    %add;
    %assign/vec4 v0x5e901f504340_0, 0;
T_26.1 ;
    %jmp T_26;
    .thread T_26;
    .scope S_0x5e901f55c850;
T_27 ;
    %wait E_0x5e901f307960;
    %load/vec4 v0x5e901f54a310_0;
    %nor/r;
    %flag_set/vec4 8;
    %jmp/0xz  T_27.0, 8;
    %pushi/vec4 0, 0, 8;
    %assign/vec4 v0x5e901f5472f0_0, 0;
    %pushi/vec4 0, 0, 8;
    %assign/vec4 v0x5e901f553690_0, 0;
    %pushi/vec4 0, 0, 32;
    %assign/vec4 v0x5e901f54d3f0_0, 0;
    %jmp T_27.1;
T_27.0 ;
    %load/vec4 v0x5e901f547230_0;
    %flag_set/vec4 8;
    %jmp/0xz  T_27.2, 8;
    %load/vec4 v0x5e901f54a3b0_0;
    %assign/vec4 v0x5e901f5472f0_0, 0;
T_27.2 ;
    %load/vec4 v0x5e901f5535b0_0;
    %assign/vec4 v0x5e901f553690_0, 0;
    %load/vec4 v0x5e901f5505a0_0;
    %load/vec4 v0x5e901f5472f0_0;
    %pad/u 32;
    %load/vec4 v0x5e901f5535b0_0;
    %pad/u 32;
    %mul;
    %add;
    %assign/vec4 v0x5e901f54d3f0_0, 0;
T_27.1 ;
    %jmp T_27;
    .thread T_27;
    .scope S_0x5e901f537dd0;
T_28 ;
    %wait E_0x5e901f307960;
    %load/vec4 v0x5e901f528a80_0;
    %nor/r;
    %flag_set/vec4 8;
    %jmp/0xz  T_28.0, 8;
    %pushi/vec4 0, 0, 8;
    %assign/vec4 v0x5e901f5227b0_0, 0;
    %pushi/vec4 0, 0, 8;
    %assign/vec4 v0x5e901f52ec10_0, 0;
    %pushi/vec4 0, 0, 32;
    %assign/vec4 v0x5e901f528970_0, 0;
    %jmp T_28.1;
T_28.0 ;
    %load/vec4 v0x5e901f525970_0;
    %flag_set/vec4 8;
    %jmp/0xz  T_28.2, 8;
    %load/vec4 v0x5e901f525890_0;
    %assign/vec4 v0x5e901f5227b0_0, 0;
T_28.2 ;
    %load/vec4 v0x5e901f52eb30_0;
    %assign/vec4 v0x5e901f52ec10_0, 0;
    %load/vec4 v0x5e901f52bb20_0;
    %load/vec4 v0x5e901f5227b0_0;
    %pad/u 32;
    %load/vec4 v0x5e901f52eb30_0;
    %pad/u 32;
    %mul;
    %add;
    %assign/vec4 v0x5e901f528970_0, 0;
T_28.1 ;
    %jmp T_28;
    .thread T_28;
    .scope S_0x5e901f513350;
T_29 ;
    %wait E_0x5e901f307960;
    %load/vec4 v0x5e901f500e10_0;
    %nor/r;
    %flag_set/vec4 8;
    %jmp/0xz  T_29.0, 8;
    %pushi/vec4 0, 0, 8;
    %assign/vec4 v0x5e901f4fddf0_0, 0;
    %pushi/vec4 0, 0, 8;
    %assign/vec4 v0x5e901f50a190_0, 0;
    %pushi/vec4 0, 0, 32;
    %assign/vec4 v0x5e901f503ef0_0, 0;
    %jmp T_29.1;
T_29.0 ;
    %load/vec4 v0x5e901f4fdd30_0;
    %flag_set/vec4 8;
    %jmp/0xz  T_29.2, 8;
    %load/vec4 v0x5e901f500eb0_0;
    %assign/vec4 v0x5e901f4fddf0_0, 0;
T_29.2 ;
    %load/vec4 v0x5e901f50a0b0_0;
    %assign/vec4 v0x5e901f50a190_0, 0;
    %load/vec4 v0x5e901f5070a0_0;
    %load/vec4 v0x5e901f4fddf0_0;
    %pad/u 32;
    %load/vec4 v0x5e901f50a0b0_0;
    %pad/u 32;
    %mul;
    %add;
    %assign/vec4 v0x5e901f503ef0_0, 0;
T_29.1 ;
    %jmp T_29;
    .thread T_29;
    .scope S_0x5e901f4aac60;
T_30 ;
    %wait E_0x5e901f307960;
    %load/vec4 v0x5e901f5050e0_0;
    %nor/r;
    %flag_set/vec4 8;
    %jmp/0xz  T_30.0, 8;
    %pushi/vec4 0, 0, 8;
    %assign/vec4 v0x5e901f5020a0_0, 0;
    %pushi/vec4 0, 0, 8;
    %assign/vec4 v0x5e901f511460_0, 0;
    %pushi/vec4 0, 0, 32;
    %assign/vec4 v0x5e901f53eb20_0, 0;
    %jmp T_30.1;
T_30.0 ;
    %load/vec4 v0x5e901f501fe0_0;
    %flag_set/vec4 8;
    %jmp/0xz  T_30.2, 8;
    %load/vec4 v0x5e901f505180_0;
    %assign/vec4 v0x5e901f5020a0_0, 0;
T_30.2 ;
    %load/vec4 v0x5e901f4a1e50_0;
    %assign/vec4 v0x5e901f511460_0, 0;
    %load/vec4 v0x5e901f53ea60_0;
    %load/vec4 v0x5e901f5020a0_0;
    %pad/u 32;
    %load/vec4 v0x5e901f4a1e50_0;
    %pad/u 32;
    %mul;
    %add;
    %assign/vec4 v0x5e901f53eb20_0, 0;
T_30.1 ;
    %jmp T_30;
    .thread T_30;
    .scope S_0x5e901f4f5ca0;
T_31 ;
    %wait E_0x5e901f307960;
    %load/vec4 v0x5e901f5b2ba0_0;
    %nor/r;
    %flag_set/vec4 8;
    %jmp/0xz  T_31.0, 8;
    %pushi/vec4 0, 0, 8;
    %assign/vec4 v0x5e901f3a5a20_0, 0;
    %pushi/vec4 0, 0, 8;
    %assign/vec4 v0x5e901f4f2410_0, 0;
    %pushi/vec4 0, 0, 32;
    %assign/vec4 v0x5e901f507b60_0, 0;
    %jmp T_31.1;
T_31.0 ;
    %load/vec4 v0x5e901f5b2d20_0;
    %flag_set/vec4 8;
    %jmp/0xz  T_31.2, 8;
    %load/vec4 v0x5e901f5b2c40_0;
    %assign/vec4 v0x5e901f3a5a20_0, 0;
T_31.2 ;
    %load/vec4 v0x5e901f4f56b0_0;
    %assign/vec4 v0x5e901f4f2410_0, 0;
    %load/vec4 v0x5e901f507aa0_0;
    %load/vec4 v0x5e901f3a5a20_0;
    %pad/u 32;
    %load/vec4 v0x5e901f4f56b0_0;
    %pad/u 32;
    %mul;
    %add;
    %assign/vec4 v0x5e901f507b60_0, 0;
T_31.1 ;
    %jmp T_31;
    .thread T_31;
    .scope S_0x5e901f354ce0;
T_32 ;
    %wait E_0x5e901f307960;
    %load/vec4 v0x5e901f34e1c0_0;
    %nor/r;
    %flag_set/vec4 8;
    %jmp/0xz  T_32.0, 8;
    %pushi/vec4 0, 0, 8;
    %assign/vec4 v0x5e901f34e400_0, 0;
    %pushi/vec4 0, 0, 8;
    %assign/vec4 v0x5e901f376ab0_0, 0;
    %pushi/vec4 0, 0, 32;
    %assign/vec4 v0x5e901f376cf0_0, 0;
    %jmp T_32.1;
T_32.0 ;
    %load/vec4 v0x5e901f34e340_0;
    %flag_set/vec4 8;
    %jmp/0xz  T_32.2, 8;
    %load/vec4 v0x5e901f34e260_0;
    %assign/vec4 v0x5e901f34e400_0, 0;
T_32.2 ;
    %load/vec4 v0x5e901f3769b0_0;
    %assign/vec4 v0x5e901f376ab0_0, 0;
    %load/vec4 v0x5e901f376c30_0;
    %load/vec4 v0x5e901f34e400_0;
    %pad/u 32;
    %load/vec4 v0x5e901f3769b0_0;
    %pad/u 32;
    %mul;
    %add;
    %assign/vec4 v0x5e901f376cf0_0, 0;
T_32.1 ;
    %jmp T_32;
    .thread T_32;
    .scope S_0x5e901f39c7c0;
T_33 ;
    %wait E_0x5e901f307960;
    %load/vec4 v0x5e901f398010_0;
    %nor/r;
    %flag_set/vec4 8;
    %jmp/0xz  T_33.0, 8;
    %pushi/vec4 0, 0, 8;
    %assign/vec4 v0x5e901f3d9220_0, 0;
    %pushi/vec4 0, 0, 8;
    %assign/vec4 v0x5e901f3eeb40_0, 0;
    %pushi/vec4 0, 0, 32;
    %assign/vec4 v0x5e901f397ee0_0, 0;
    %jmp T_33.1;
T_33.0 ;
    %load/vec4 v0x5e901f3d9160_0;
    %flag_set/vec4 8;
    %jmp/0xz  T_33.2, 8;
    %load/vec4 v0x5e901f3980b0_0;
    %assign/vec4 v0x5e901f3d9220_0, 0;
T_33.2 ;
    %load/vec4 v0x5e901f3eea40_0;
    %assign/vec4 v0x5e901f3eeb40_0, 0;
    %load/vec4 v0x5e901f397e20_0;
    %load/vec4 v0x5e901f3d9220_0;
    %pad/u 32;
    %load/vec4 v0x5e901f3eea40_0;
    %pad/u 32;
    %mul;
    %add;
    %assign/vec4 v0x5e901f397ee0_0, 0;
T_33.1 ;
    %jmp T_33;
    .thread T_33;
    .scope S_0x5e901f3d25d0;
T_34 ;
    %wait E_0x5e901f307960;
    %load/vec4 v0x5e901f3b24e0_0;
    %nor/r;
    %flag_set/vec4 8;
    %jmp/0xz  T_34.0, 8;
    %pushi/vec4 0, 0, 8;
    %assign/vec4 v0x5e901f2e3630_0, 0;
    %pushi/vec4 0, 0, 8;
    %assign/vec4 v0x5e901f3b2140_0, 0;
    %pushi/vec4 0, 0, 32;
    %assign/vec4 v0x5e901f3b23b0_0, 0;
    %jmp T_34.1;
T_34.0 ;
    %load/vec4 v0x5e901f2e3570_0;
    %flag_set/vec4 8;
    %jmp/0xz  T_34.2, 8;
    %load/vec4 v0x5e901f2e3490_0;
    %assign/vec4 v0x5e901f2e3630_0, 0;
T_34.2 ;
    %load/vec4 v0x5e901f3a32b0_0;
    %assign/vec4 v0x5e901f3b2140_0, 0;
    %load/vec4 v0x5e901f3b22f0_0;
    %load/vec4 v0x5e901f2e3630_0;
    %pad/u 32;
    %load/vec4 v0x5e901f3a32b0_0;
    %pad/u 32;
    %mul;
    %add;
    %assign/vec4 v0x5e901f3b23b0_0, 0;
T_34.1 ;
    %jmp T_34;
    .thread T_34;
    .scope S_0x5e901f5dc7c0;
T_35 ;
    %wait E_0x5e901f307960;
    %load/vec4 v0x5e901f5dcfe0_0;
    %nor/r;
    %flag_set/vec4 8;
    %jmp/0xz  T_35.0, 8;
    %pushi/vec4 0, 0, 8;
    %assign/vec4 v0x5e901f5dd220_0, 0;
    %pushi/vec4 0, 0, 8;
    %assign/vec4 v0x5e901f5dccd0_0, 0;
    %pushi/vec4 0, 0, 32;
    %assign/vec4 v0x5e901f5dceb0_0, 0;
    %jmp T_35.1;
T_35.0 ;
    %load/vec4 v0x5e901f5dd160_0;
    %flag_set/vec4 8;
    %jmp/0xz  T_35.2, 8;
    %load/vec4 v0x5e901f5dd080_0;
    %assign/vec4 v0x5e901f5dd220_0, 0;
T_35.2 ;
    %load/vec4 v0x5e901f5dcc30_0;
    %assign/vec4 v0x5e901f5dccd0_0, 0;
    %load/vec4 v0x5e901f5dce10_0;
    %load/vec4 v0x5e901f5dd220_0;
    %pad/u 32;
    %load/vec4 v0x5e901f5dcc30_0;
    %pad/u 32;
    %mul;
    %add;
    %assign/vec4 v0x5e901f5dceb0_0, 0;
T_35.1 ;
    %jmp T_35;
    .thread T_35;
    .scope S_0x5e901f5dda30;
T_36 ;
    %wait E_0x5e901f307960;
    %load/vec4 v0x5e901f5de3f0_0;
    %nor/r;
    %flag_set/vec4 8;
    %jmp/0xz  T_36.0, 8;
    %pushi/vec4 0, 0, 8;
    %assign/vec4 v0x5e901f5de630_0, 0;
    %pushi/vec4 0, 0, 8;
    %assign/vec4 v0x5e901f5de050_0, 0;
    %pushi/vec4 0, 0, 32;
    %assign/vec4 v0x5e901f5de2c0_0, 0;
    %jmp T_36.1;
T_36.0 ;
    %load/vec4 v0x5e901f5de570_0;
    %flag_set/vec4 8;
    %jmp/0xz  T_36.2, 8;
    %load/vec4 v0x5e901f5de490_0;
    %assign/vec4 v0x5e901f5de630_0, 0;
T_36.2 ;
    %load/vec4 v0x5e901f5ddf50_0;
    %assign/vec4 v0x5e901f5de050_0, 0;
    %load/vec4 v0x5e901f5de200_0;
    %load/vec4 v0x5e901f5de630_0;
    %pad/u 32;
    %load/vec4 v0x5e901f5ddf50_0;
    %pad/u 32;
    %mul;
    %add;
    %assign/vec4 v0x5e901f5de2c0_0, 0;
T_36.1 ;
    %jmp T_36;
    .thread T_36;
    .scope S_0x5e901f5dee00;
T_37 ;
    %wait E_0x5e901f307960;
    %load/vec4 v0x5e901f5df7c0_0;
    %nor/r;
    %flag_set/vec4 8;
    %jmp/0xz  T_37.0, 8;
    %pushi/vec4 0, 0, 8;
    %assign/vec4 v0x5e901f5dfa00_0, 0;
    %pushi/vec4 0, 0, 8;
    %assign/vec4 v0x5e901f5df420_0, 0;
    %pushi/vec4 0, 0, 32;
    %assign/vec4 v0x5e901f5df690_0, 0;
    %jmp T_37.1;
T_37.0 ;
    %load/vec4 v0x5e901f5df940_0;
    %flag_set/vec4 8;
    %jmp/0xz  T_37.2, 8;
    %load/vec4 v0x5e901f5df860_0;
    %assign/vec4 v0x5e901f5dfa00_0, 0;
T_37.2 ;
    %load/vec4 v0x5e901f5df320_0;
    %assign/vec4 v0x5e901f5df420_0, 0;
    %load/vec4 v0x5e901f5df5d0_0;
    %load/vec4 v0x5e901f5dfa00_0;
    %pad/u 32;
    %load/vec4 v0x5e901f5df320_0;
    %pad/u 32;
    %mul;
    %add;
    %assign/vec4 v0x5e901f5df690_0, 0;
T_37.1 ;
    %jmp T_37;
    .thread T_37;
    .scope S_0x5e901f5e0220;
T_38 ;
    %wait E_0x5e901f307960;
    %load/vec4 v0x5e901f5e0bb0_0;
    %nor/r;
    %flag_set/vec4 8;
    %jmp/0xz  T_38.0, 8;
    %pushi/vec4 0, 0, 8;
    %assign/vec4 v0x5e901f5e0df0_0, 0;
    %pushi/vec4 0, 0, 8;
    %assign/vec4 v0x5e901f5e0810_0, 0;
    %pushi/vec4 0, 0, 32;
    %assign/vec4 v0x5e901f5e0a80_0, 0;
    %jmp T_38.1;
T_38.0 ;
    %load/vec4 v0x5e901f5e0d30_0;
    %flag_set/vec4 8;
    %jmp/0xz  T_38.2, 8;
    %load/vec4 v0x5e901f5e0c50_0;
    %assign/vec4 v0x5e901f5e0df0_0, 0;
T_38.2 ;
    %load/vec4 v0x5e901f5e0710_0;
    %assign/vec4 v0x5e901f5e0810_0, 0;
    %load/vec4 v0x5e901f5e09c0_0;
    %load/vec4 v0x5e901f5e0df0_0;
    %pad/u 32;
    %load/vec4 v0x5e901f5e0710_0;
    %pad/u 32;
    %mul;
    %add;
    %assign/vec4 v0x5e901f5e0a80_0, 0;
T_38.1 ;
    %jmp T_38;
    .thread T_38;
    .scope S_0x5e901f5e15c0;
T_39 ;
    %wait E_0x5e901f307960;
    %load/vec4 v0x5e901f5e1f80_0;
    %nor/r;
    %flag_set/vec4 8;
    %jmp/0xz  T_39.0, 8;
    %pushi/vec4 0, 0, 8;
    %assign/vec4 v0x5e901f5e21c0_0, 0;
    %pushi/vec4 0, 0, 8;
    %assign/vec4 v0x5e901f5e1be0_0, 0;
    %pushi/vec4 0, 0, 32;
    %assign/vec4 v0x5e901f5e1e50_0, 0;
    %jmp T_39.1;
T_39.0 ;
    %load/vec4 v0x5e901f5e2100_0;
    %flag_set/vec4 8;
    %jmp/0xz  T_39.2, 8;
    %load/vec4 v0x5e901f5e2020_0;
    %assign/vec4 v0x5e901f5e21c0_0, 0;
T_39.2 ;
    %load/vec4 v0x5e901f5e1ae0_0;
    %assign/vec4 v0x5e901f5e1be0_0, 0;
    %load/vec4 v0x5e901f5e1d90_0;
    %load/vec4 v0x5e901f5e21c0_0;
    %pad/u 32;
    %load/vec4 v0x5e901f5e1ae0_0;
    %pad/u 32;
    %mul;
    %add;
    %assign/vec4 v0x5e901f5e1e50_0, 0;
T_39.1 ;
    %jmp T_39;
    .thread T_39;
    .scope S_0x5e901f5e2990;
T_40 ;
    %wait E_0x5e901f307960;
    %load/vec4 v0x5e901f5e3350_0;
    %nor/r;
    %flag_set/vec4 8;
    %jmp/0xz  T_40.0, 8;
    %pushi/vec4 0, 0, 8;
    %assign/vec4 v0x5e901f5e3590_0, 0;
    %pushi/vec4 0, 0, 8;
    %assign/vec4 v0x5e901f5e2fb0_0, 0;
    %pushi/vec4 0, 0, 32;
    %assign/vec4 v0x5e901f5e3220_0, 0;
    %jmp T_40.1;
T_40.0 ;
    %load/vec4 v0x5e901f5e34d0_0;
    %flag_set/vec4 8;
    %jmp/0xz  T_40.2, 8;
    %load/vec4 v0x5e901f5e33f0_0;
    %assign/vec4 v0x5e901f5e3590_0, 0;
T_40.2 ;
    %load/vec4 v0x5e901f5e2eb0_0;
    %assign/vec4 v0x5e901f5e2fb0_0, 0;
    %load/vec4 v0x5e901f5e3160_0;
    %load/vec4 v0x5e901f5e3590_0;
    %pad/u 32;
    %load/vec4 v0x5e901f5e2eb0_0;
    %pad/u 32;
    %mul;
    %add;
    %assign/vec4 v0x5e901f5e3220_0, 0;
T_40.1 ;
    %jmp T_40;
    .thread T_40;
    .scope S_0x5e901f5e3d60;
T_41 ;
    %wait E_0x5e901f307960;
    %load/vec4 v0x5e901f5e4720_0;
    %nor/r;
    %flag_set/vec4 8;
    %jmp/0xz  T_41.0, 8;
    %pushi/vec4 0, 0, 8;
    %assign/vec4 v0x5e901f5e4960_0, 0;
    %pushi/vec4 0, 0, 8;
    %assign/vec4 v0x5e901f5e4380_0, 0;
    %pushi/vec4 0, 0, 32;
    %assign/vec4 v0x5e901f5e45f0_0, 0;
    %jmp T_41.1;
T_41.0 ;
    %load/vec4 v0x5e901f5e48a0_0;
    %flag_set/vec4 8;
    %jmp/0xz  T_41.2, 8;
    %load/vec4 v0x5e901f5e47c0_0;
    %assign/vec4 v0x5e901f5e4960_0, 0;
T_41.2 ;
    %load/vec4 v0x5e901f5e4280_0;
    %assign/vec4 v0x5e901f5e4380_0, 0;
    %load/vec4 v0x5e901f5e4530_0;
    %load/vec4 v0x5e901f5e4960_0;
    %pad/u 32;
    %load/vec4 v0x5e901f5e4280_0;
    %pad/u 32;
    %mul;
    %add;
    %assign/vec4 v0x5e901f5e45f0_0, 0;
T_41.1 ;
    %jmp T_41;
    .thread T_41;
    .scope S_0x5e901f5e5410;
T_42 ;
    %wait E_0x5e901f307960;
    %load/vec4 v0x5e901f5e5dd0_0;
    %nor/r;
    %flag_set/vec4 8;
    %jmp/0xz  T_42.0, 8;
    %pushi/vec4 0, 0, 8;
    %assign/vec4 v0x5e901f5e6420_0, 0;
    %pushi/vec4 0, 0, 8;
    %assign/vec4 v0x5e901f5e5a30_0, 0;
    %pushi/vec4 0, 0, 32;
    %assign/vec4 v0x5e901f5e5ca0_0, 0;
    %jmp T_42.1;
T_42.0 ;
    %load/vec4 v0x5e901f5e6360_0;
    %flag_set/vec4 8;
    %jmp/0xz  T_42.2, 8;
    %load/vec4 v0x5e901f5e6280_0;
    %assign/vec4 v0x5e901f5e6420_0, 0;
T_42.2 ;
    %load/vec4 v0x5e901f5e5930_0;
    %assign/vec4 v0x5e901f5e5a30_0, 0;
    %load/vec4 v0x5e901f5e5be0_0;
    %load/vec4 v0x5e901f5e6420_0;
    %pad/u 32;
    %load/vec4 v0x5e901f5e5930_0;
    %pad/u 32;
    %mul;
    %add;
    %assign/vec4 v0x5e901f5e5ca0_0, 0;
T_42.1 ;
    %jmp T_42;
    .thread T_42;
    .scope S_0x5e901f5e6bf0;
T_43 ;
    %wait E_0x5e901f307960;
    %load/vec4 v0x5e901f5e75b0_0;
    %nor/r;
    %flag_set/vec4 8;
    %jmp/0xz  T_43.0, 8;
    %pushi/vec4 0, 0, 8;
    %assign/vec4 v0x5e901f5e77f0_0, 0;
    %pushi/vec4 0, 0, 8;
    %assign/vec4 v0x5e901f5e7210_0, 0;
    %pushi/vec4 0, 0, 32;
    %assign/vec4 v0x5e901f5e7480_0, 0;
    %jmp T_43.1;
T_43.0 ;
    %load/vec4 v0x5e901f5e7730_0;
    %flag_set/vec4 8;
    %jmp/0xz  T_43.2, 8;
    %load/vec4 v0x5e901f5e7650_0;
    %assign/vec4 v0x5e901f5e77f0_0, 0;
T_43.2 ;
    %load/vec4 v0x5e901f5e7110_0;
    %assign/vec4 v0x5e901f5e7210_0, 0;
    %load/vec4 v0x5e901f5e73c0_0;
    %load/vec4 v0x5e901f5e77f0_0;
    %pad/u 32;
    %load/vec4 v0x5e901f5e7110_0;
    %pad/u 32;
    %mul;
    %add;
    %assign/vec4 v0x5e901f5e7480_0, 0;
T_43.1 ;
    %jmp T_43;
    .thread T_43;
    .scope S_0x5e901f5e7fd0;
T_44 ;
    %wait E_0x5e901f307960;
    %load/vec4 v0x5e901f5e8990_0;
    %nor/r;
    %flag_set/vec4 8;
    %jmp/0xz  T_44.0, 8;
    %pushi/vec4 0, 0, 8;
    %assign/vec4 v0x5e901f5e8bd0_0, 0;
    %pushi/vec4 0, 0, 8;
    %assign/vec4 v0x5e901f5e85f0_0, 0;
    %pushi/vec4 0, 0, 32;
    %assign/vec4 v0x5e901f5e8860_0, 0;
    %jmp T_44.1;
T_44.0 ;
    %load/vec4 v0x5e901f5e8b10_0;
    %flag_set/vec4 8;
    %jmp/0xz  T_44.2, 8;
    %load/vec4 v0x5e901f5e8a30_0;
    %assign/vec4 v0x5e901f5e8bd0_0, 0;
T_44.2 ;
    %load/vec4 v0x5e901f5e84f0_0;
    %assign/vec4 v0x5e901f5e85f0_0, 0;
    %load/vec4 v0x5e901f5e87a0_0;
    %load/vec4 v0x5e901f5e8bd0_0;
    %pad/u 32;
    %load/vec4 v0x5e901f5e84f0_0;
    %pad/u 32;
    %mul;
    %add;
    %assign/vec4 v0x5e901f5e8860_0, 0;
T_44.1 ;
    %jmp T_44;
    .thread T_44;
    .scope S_0x5e901f5e93a0;
T_45 ;
    %wait E_0x5e901f307960;
    %load/vec4 v0x5e901f5e9d60_0;
    %nor/r;
    %flag_set/vec4 8;
    %jmp/0xz  T_45.0, 8;
    %pushi/vec4 0, 0, 8;
    %assign/vec4 v0x5e901f5e9fa0_0, 0;
    %pushi/vec4 0, 0, 8;
    %assign/vec4 v0x5e901f5e99c0_0, 0;
    %pushi/vec4 0, 0, 32;
    %assign/vec4 v0x5e901f5e9c30_0, 0;
    %jmp T_45.1;
T_45.0 ;
    %load/vec4 v0x5e901f5e9ee0_0;
    %flag_set/vec4 8;
    %jmp/0xz  T_45.2, 8;
    %load/vec4 v0x5e901f5e9e00_0;
    %assign/vec4 v0x5e901f5e9fa0_0, 0;
T_45.2 ;
    %load/vec4 v0x5e901f5e98c0_0;
    %assign/vec4 v0x5e901f5e99c0_0, 0;
    %load/vec4 v0x5e901f5e9b70_0;
    %load/vec4 v0x5e901f5e9fa0_0;
    %pad/u 32;
    %load/vec4 v0x5e901f5e98c0_0;
    %pad/u 32;
    %mul;
    %add;
    %assign/vec4 v0x5e901f5e9c30_0, 0;
T_45.1 ;
    %jmp T_45;
    .thread T_45;
    .scope S_0x5e901f5ea7c0;
T_46 ;
    %wait E_0x5e901f307960;
    %load/vec4 v0x5e901f5eb150_0;
    %nor/r;
    %flag_set/vec4 8;
    %jmp/0xz  T_46.0, 8;
    %pushi/vec4 0, 0, 8;
    %assign/vec4 v0x5e901f5eb390_0, 0;
    %pushi/vec4 0, 0, 8;
    %assign/vec4 v0x5e901f5eadb0_0, 0;
    %pushi/vec4 0, 0, 32;
    %assign/vec4 v0x5e901f5eb020_0, 0;
    %jmp T_46.1;
T_46.0 ;
    %load/vec4 v0x5e901f5eb2d0_0;
    %flag_set/vec4 8;
    %jmp/0xz  T_46.2, 8;
    %load/vec4 v0x5e901f5eb1f0_0;
    %assign/vec4 v0x5e901f5eb390_0, 0;
T_46.2 ;
    %load/vec4 v0x5e901f5eacb0_0;
    %assign/vec4 v0x5e901f5eadb0_0, 0;
    %load/vec4 v0x5e901f5eaf60_0;
    %load/vec4 v0x5e901f5eb390_0;
    %pad/u 32;
    %load/vec4 v0x5e901f5eacb0_0;
    %pad/u 32;
    %mul;
    %add;
    %assign/vec4 v0x5e901f5eb020_0, 0;
T_46.1 ;
    %jmp T_46;
    .thread T_46;
    .scope S_0x5e901f5ebb60;
T_47 ;
    %wait E_0x5e901f307960;
    %load/vec4 v0x5e901f5ec520_0;
    %nor/r;
    %flag_set/vec4 8;
    %jmp/0xz  T_47.0, 8;
    %pushi/vec4 0, 0, 8;
    %assign/vec4 v0x5e901f5ec760_0, 0;
    %pushi/vec4 0, 0, 8;
    %assign/vec4 v0x5e901f5ec180_0, 0;
    %pushi/vec4 0, 0, 32;
    %assign/vec4 v0x5e901f5ec3f0_0, 0;
    %jmp T_47.1;
T_47.0 ;
    %load/vec4 v0x5e901f5ec6a0_0;
    %flag_set/vec4 8;
    %jmp/0xz  T_47.2, 8;
    %load/vec4 v0x5e901f5ec5c0_0;
    %assign/vec4 v0x5e901f5ec760_0, 0;
T_47.2 ;
    %load/vec4 v0x5e901f5ec080_0;
    %assign/vec4 v0x5e901f5ec180_0, 0;
    %load/vec4 v0x5e901f5ec330_0;
    %load/vec4 v0x5e901f5ec760_0;
    %pad/u 32;
    %load/vec4 v0x5e901f5ec080_0;
    %pad/u 32;
    %mul;
    %add;
    %assign/vec4 v0x5e901f5ec3f0_0, 0;
T_47.1 ;
    %jmp T_47;
    .thread T_47;
    .scope S_0x5e901f5ecf30;
T_48 ;
    %wait E_0x5e901f307960;
    %load/vec4 v0x5e901f5ed8f0_0;
    %nor/r;
    %flag_set/vec4 8;
    %jmp/0xz  T_48.0, 8;
    %pushi/vec4 0, 0, 8;
    %assign/vec4 v0x5e901f5edb30_0, 0;
    %pushi/vec4 0, 0, 8;
    %assign/vec4 v0x5e901f5ed550_0, 0;
    %pushi/vec4 0, 0, 32;
    %assign/vec4 v0x5e901f5ed7c0_0, 0;
    %jmp T_48.1;
T_48.0 ;
    %load/vec4 v0x5e901f5eda70_0;
    %flag_set/vec4 8;
    %jmp/0xz  T_48.2, 8;
    %load/vec4 v0x5e901f5ed990_0;
    %assign/vec4 v0x5e901f5edb30_0, 0;
T_48.2 ;
    %load/vec4 v0x5e901f5ed450_0;
    %assign/vec4 v0x5e901f5ed550_0, 0;
    %load/vec4 v0x5e901f5ed700_0;
    %load/vec4 v0x5e901f5edb30_0;
    %pad/u 32;
    %load/vec4 v0x5e901f5ed450_0;
    %pad/u 32;
    %mul;
    %add;
    %assign/vec4 v0x5e901f5ed7c0_0, 0;
T_48.1 ;
    %jmp T_48;
    .thread T_48;
    .scope S_0x5e901f5ee300;
T_49 ;
    %wait E_0x5e901f307960;
    %load/vec4 v0x5e901f5eecc0_0;
    %nor/r;
    %flag_set/vec4 8;
    %jmp/0xz  T_49.0, 8;
    %pushi/vec4 0, 0, 8;
    %assign/vec4 v0x5e901f5eef00_0, 0;
    %pushi/vec4 0, 0, 8;
    %assign/vec4 v0x5e901f5ee920_0, 0;
    %pushi/vec4 0, 0, 32;
    %assign/vec4 v0x5e901f5eeb90_0, 0;
    %jmp T_49.1;
T_49.0 ;
    %load/vec4 v0x5e901f5eee40_0;
    %flag_set/vec4 8;
    %jmp/0xz  T_49.2, 8;
    %load/vec4 v0x5e901f5eed60_0;
    %assign/vec4 v0x5e901f5eef00_0, 0;
T_49.2 ;
    %load/vec4 v0x5e901f5ee820_0;
    %assign/vec4 v0x5e901f5ee920_0, 0;
    %load/vec4 v0x5e901f5eead0_0;
    %load/vec4 v0x5e901f5eef00_0;
    %pad/u 32;
    %load/vec4 v0x5e901f5ee820_0;
    %pad/u 32;
    %mul;
    %add;
    %assign/vec4 v0x5e901f5eeb90_0, 0;
T_49.1 ;
    %jmp T_49;
    .thread T_49;
    .scope S_0x5e901f5ef9b0;
T_50 ;
    %wait E_0x5e901f307960;
    %load/vec4 v0x5e901f5f0370_0;
    %nor/r;
    %flag_set/vec4 8;
    %jmp/0xz  T_50.0, 8;
    %pushi/vec4 0, 0, 8;
    %assign/vec4 v0x5e901f5f05b0_0, 0;
    %pushi/vec4 0, 0, 8;
    %assign/vec4 v0x5e901f5effd0_0, 0;
    %pushi/vec4 0, 0, 32;
    %assign/vec4 v0x5e901f5f0240_0, 0;
    %jmp T_50.1;
T_50.0 ;
    %load/vec4 v0x5e901f5f04f0_0;
    %flag_set/vec4 8;
    %jmp/0xz  T_50.2, 8;
    %load/vec4 v0x5e901f5f0410_0;
    %assign/vec4 v0x5e901f5f05b0_0, 0;
T_50.2 ;
    %load/vec4 v0x5e901f5efed0_0;
    %assign/vec4 v0x5e901f5effd0_0, 0;
    %load/vec4 v0x5e901f5f0180_0;
    %load/vec4 v0x5e901f5f05b0_0;
    %pad/u 32;
    %load/vec4 v0x5e901f5efed0_0;
    %pad/u 32;
    %mul;
    %add;
    %assign/vec4 v0x5e901f5f0240_0, 0;
T_50.1 ;
    %jmp T_50;
    .thread T_50;
    .scope S_0x5e901f5f0d80;
T_51 ;
    %wait E_0x5e901f307960;
    %load/vec4 v0x5e901f5f1740_0;
    %nor/r;
    %flag_set/vec4 8;
    %jmp/0xz  T_51.0, 8;
    %pushi/vec4 0, 0, 8;
    %assign/vec4 v0x5e901f5f1980_0, 0;
    %pushi/vec4 0, 0, 8;
    %assign/vec4 v0x5e901f5f13a0_0, 0;
    %pushi/vec4 0, 0, 32;
    %assign/vec4 v0x5e901f5f1610_0, 0;
    %jmp T_51.1;
T_51.0 ;
    %load/vec4 v0x5e901f5f18c0_0;
    %flag_set/vec4 8;
    %jmp/0xz  T_51.2, 8;
    %load/vec4 v0x5e901f5f17e0_0;
    %assign/vec4 v0x5e901f5f1980_0, 0;
T_51.2 ;
    %load/vec4 v0x5e901f5f12a0_0;
    %assign/vec4 v0x5e901f5f13a0_0, 0;
    %load/vec4 v0x5e901f5f1550_0;
    %load/vec4 v0x5e901f5f1980_0;
    %pad/u 32;
    %load/vec4 v0x5e901f5f12a0_0;
    %pad/u 32;
    %mul;
    %add;
    %assign/vec4 v0x5e901f5f1610_0, 0;
T_51.1 ;
    %jmp T_51;
    .thread T_51;
    .scope S_0x5e901f5f2160;
T_52 ;
    %wait E_0x5e901f307960;
    %load/vec4 v0x5e901f5f2b20_0;
    %nor/r;
    %flag_set/vec4 8;
    %jmp/0xz  T_52.0, 8;
    %pushi/vec4 0, 0, 8;
    %assign/vec4 v0x5e901f5f2d60_0, 0;
    %pushi/vec4 0, 0, 8;
    %assign/vec4 v0x5e901f5f2780_0, 0;
    %pushi/vec4 0, 0, 32;
    %assign/vec4 v0x5e901f5f29f0_0, 0;
    %jmp T_52.1;
T_52.0 ;
    %load/vec4 v0x5e901f5f2ca0_0;
    %flag_set/vec4 8;
    %jmp/0xz  T_52.2, 8;
    %load/vec4 v0x5e901f5f2bc0_0;
    %assign/vec4 v0x5e901f5f2d60_0, 0;
T_52.2 ;
    %load/vec4 v0x5e901f5f2680_0;
    %assign/vec4 v0x5e901f5f2780_0, 0;
    %load/vec4 v0x5e901f5f2930_0;
    %load/vec4 v0x5e901f5f2d60_0;
    %pad/u 32;
    %load/vec4 v0x5e901f5f2680_0;
    %pad/u 32;
    %mul;
    %add;
    %assign/vec4 v0x5e901f5f29f0_0, 0;
T_52.1 ;
    %jmp T_52;
    .thread T_52;
    .scope S_0x5e901f5f3530;
T_53 ;
    %wait E_0x5e901f307960;
    %load/vec4 v0x5e901f5f3ef0_0;
    %nor/r;
    %flag_set/vec4 8;
    %jmp/0xz  T_53.0, 8;
    %pushi/vec4 0, 0, 8;
    %assign/vec4 v0x5e901f5f4130_0, 0;
    %pushi/vec4 0, 0, 8;
    %assign/vec4 v0x5e901f5f3b50_0, 0;
    %pushi/vec4 0, 0, 32;
    %assign/vec4 v0x5e901f5f3dc0_0, 0;
    %jmp T_53.1;
T_53.0 ;
    %load/vec4 v0x5e901f5f4070_0;
    %flag_set/vec4 8;
    %jmp/0xz  T_53.2, 8;
    %load/vec4 v0x5e901f5f3f90_0;
    %assign/vec4 v0x5e901f5f4130_0, 0;
T_53.2 ;
    %load/vec4 v0x5e901f5f3a50_0;
    %assign/vec4 v0x5e901f5f3b50_0, 0;
    %load/vec4 v0x5e901f5f3d00_0;
    %load/vec4 v0x5e901f5f4130_0;
    %pad/u 32;
    %load/vec4 v0x5e901f5f3a50_0;
    %pad/u 32;
    %mul;
    %add;
    %assign/vec4 v0x5e901f5f3dc0_0, 0;
T_53.1 ;
    %jmp T_53;
    .thread T_53;
    .scope S_0x5e901f5f4950;
T_54 ;
    %wait E_0x5e901f307960;
    %load/vec4 v0x5e901f5f52e0_0;
    %nor/r;
    %flag_set/vec4 8;
    %jmp/0xz  T_54.0, 8;
    %pushi/vec4 0, 0, 8;
    %assign/vec4 v0x5e901f5f5520_0, 0;
    %pushi/vec4 0, 0, 8;
    %assign/vec4 v0x5e901f5f4f40_0, 0;
    %pushi/vec4 0, 0, 32;
    %assign/vec4 v0x5e901f5f51b0_0, 0;
    %jmp T_54.1;
T_54.0 ;
    %load/vec4 v0x5e901f5f5460_0;
    %flag_set/vec4 8;
    %jmp/0xz  T_54.2, 8;
    %load/vec4 v0x5e901f5f5380_0;
    %assign/vec4 v0x5e901f5f5520_0, 0;
T_54.2 ;
    %load/vec4 v0x5e901f5f4e40_0;
    %assign/vec4 v0x5e901f5f4f40_0, 0;
    %load/vec4 v0x5e901f5f50f0_0;
    %load/vec4 v0x5e901f5f5520_0;
    %pad/u 32;
    %load/vec4 v0x5e901f5f4e40_0;
    %pad/u 32;
    %mul;
    %add;
    %assign/vec4 v0x5e901f5f51b0_0, 0;
T_54.1 ;
    %jmp T_54;
    .thread T_54;
    .scope S_0x5e901f5f5cf0;
T_55 ;
    %wait E_0x5e901f307960;
    %load/vec4 v0x5e901f5f66b0_0;
    %nor/r;
    %flag_set/vec4 8;
    %jmp/0xz  T_55.0, 8;
    %pushi/vec4 0, 0, 8;
    %assign/vec4 v0x5e901f5f68f0_0, 0;
    %pushi/vec4 0, 0, 8;
    %assign/vec4 v0x5e901f5f6310_0, 0;
    %pushi/vec4 0, 0, 32;
    %assign/vec4 v0x5e901f5f6580_0, 0;
    %jmp T_55.1;
T_55.0 ;
    %load/vec4 v0x5e901f5f6830_0;
    %flag_set/vec4 8;
    %jmp/0xz  T_55.2, 8;
    %load/vec4 v0x5e901f5f6750_0;
    %assign/vec4 v0x5e901f5f68f0_0, 0;
T_55.2 ;
    %load/vec4 v0x5e901f5f6210_0;
    %assign/vec4 v0x5e901f5f6310_0, 0;
    %load/vec4 v0x5e901f5f64c0_0;
    %load/vec4 v0x5e901f5f68f0_0;
    %pad/u 32;
    %load/vec4 v0x5e901f5f6210_0;
    %pad/u 32;
    %mul;
    %add;
    %assign/vec4 v0x5e901f5f6580_0, 0;
T_55.1 ;
    %jmp T_55;
    .thread T_55;
    .scope S_0x5e901f5f70c0;
T_56 ;
    %wait E_0x5e901f307960;
    %load/vec4 v0x5e901f5f7a80_0;
    %nor/r;
    %flag_set/vec4 8;
    %jmp/0xz  T_56.0, 8;
    %pushi/vec4 0, 0, 8;
    %assign/vec4 v0x5e901f5f7cc0_0, 0;
    %pushi/vec4 0, 0, 8;
    %assign/vec4 v0x5e901f5f76e0_0, 0;
    %pushi/vec4 0, 0, 32;
    %assign/vec4 v0x5e901f5f7950_0, 0;
    %jmp T_56.1;
T_56.0 ;
    %load/vec4 v0x5e901f5f7c00_0;
    %flag_set/vec4 8;
    %jmp/0xz  T_56.2, 8;
    %load/vec4 v0x5e901f5f7b20_0;
    %assign/vec4 v0x5e901f5f7cc0_0, 0;
T_56.2 ;
    %load/vec4 v0x5e901f5f75e0_0;
    %assign/vec4 v0x5e901f5f76e0_0, 0;
    %load/vec4 v0x5e901f5f7890_0;
    %load/vec4 v0x5e901f5f7cc0_0;
    %pad/u 32;
    %load/vec4 v0x5e901f5f75e0_0;
    %pad/u 32;
    %mul;
    %add;
    %assign/vec4 v0x5e901f5f7950_0, 0;
T_56.1 ;
    %jmp T_56;
    .thread T_56;
    .scope S_0x5e901f5f8490;
T_57 ;
    %wait E_0x5e901f307960;
    %load/vec4 v0x5e901f5f8e50_0;
    %nor/r;
    %flag_set/vec4 8;
    %jmp/0xz  T_57.0, 8;
    %pushi/vec4 0, 0, 8;
    %assign/vec4 v0x5e901f5f9090_0, 0;
    %pushi/vec4 0, 0, 8;
    %assign/vec4 v0x5e901f5f8ab0_0, 0;
    %pushi/vec4 0, 0, 32;
    %assign/vec4 v0x5e901f5f8d20_0, 0;
    %jmp T_57.1;
T_57.0 ;
    %load/vec4 v0x5e901f5f8fd0_0;
    %flag_set/vec4 8;
    %jmp/0xz  T_57.2, 8;
    %load/vec4 v0x5e901f5f8ef0_0;
    %assign/vec4 v0x5e901f5f9090_0, 0;
T_57.2 ;
    %load/vec4 v0x5e901f5f89b0_0;
    %assign/vec4 v0x5e901f5f8ab0_0, 0;
    %load/vec4 v0x5e901f5f8c60_0;
    %load/vec4 v0x5e901f5f9090_0;
    %pad/u 32;
    %load/vec4 v0x5e901f5f89b0_0;
    %pad/u 32;
    %mul;
    %add;
    %assign/vec4 v0x5e901f5f8d20_0, 0;
T_57.1 ;
    %jmp T_57;
    .thread T_57;
    .scope S_0x5e901f5f9b40;
T_58 ;
    %wait E_0x5e901f307960;
    %load/vec4 v0x5e901f5fa500_0;
    %nor/r;
    %flag_set/vec4 8;
    %jmp/0xz  T_58.0, 8;
    %pushi/vec4 0, 0, 8;
    %assign/vec4 v0x5e901f5fa740_0, 0;
    %pushi/vec4 0, 0, 8;
    %assign/vec4 v0x5e901f5fa160_0, 0;
    %pushi/vec4 0, 0, 32;
    %assign/vec4 v0x5e901f5fa3d0_0, 0;
    %jmp T_58.1;
T_58.0 ;
    %load/vec4 v0x5e901f5fa680_0;
    %flag_set/vec4 8;
    %jmp/0xz  T_58.2, 8;
    %load/vec4 v0x5e901f5fa5a0_0;
    %assign/vec4 v0x5e901f5fa740_0, 0;
T_58.2 ;
    %load/vec4 v0x5e901f5fa060_0;
    %assign/vec4 v0x5e901f5fa160_0, 0;
    %load/vec4 v0x5e901f5fa310_0;
    %load/vec4 v0x5e901f5fa740_0;
    %pad/u 32;
    %load/vec4 v0x5e901f5fa060_0;
    %pad/u 32;
    %mul;
    %add;
    %assign/vec4 v0x5e901f5fa3d0_0, 0;
T_58.1 ;
    %jmp T_58;
    .thread T_58;
    .scope S_0x5e901f5faf10;
T_59 ;
    %wait E_0x5e901f307960;
    %load/vec4 v0x5e901f5fb8d0_0;
    %nor/r;
    %flag_set/vec4 8;
    %jmp/0xz  T_59.0, 8;
    %pushi/vec4 0, 0, 8;
    %assign/vec4 v0x5e901f5fbb10_0, 0;
    %pushi/vec4 0, 0, 8;
    %assign/vec4 v0x5e901f5fb530_0, 0;
    %pushi/vec4 0, 0, 32;
    %assign/vec4 v0x5e901f5fb7a0_0, 0;
    %jmp T_59.1;
T_59.0 ;
    %load/vec4 v0x5e901f5fba50_0;
    %flag_set/vec4 8;
    %jmp/0xz  T_59.2, 8;
    %load/vec4 v0x5e901f5fb970_0;
    %assign/vec4 v0x5e901f5fbb10_0, 0;
T_59.2 ;
    %load/vec4 v0x5e901f5fb430_0;
    %assign/vec4 v0x5e901f5fb530_0, 0;
    %load/vec4 v0x5e901f5fb6e0_0;
    %load/vec4 v0x5e901f5fbb10_0;
    %pad/u 32;
    %load/vec4 v0x5e901f5fb430_0;
    %pad/u 32;
    %mul;
    %add;
    %assign/vec4 v0x5e901f5fb7a0_0, 0;
T_59.1 ;
    %jmp T_59;
    .thread T_59;
    .scope S_0x5e901f5fc2f0;
T_60 ;
    %wait E_0x5e901f307960;
    %load/vec4 v0x5e901f5fccb0_0;
    %nor/r;
    %flag_set/vec4 8;
    %jmp/0xz  T_60.0, 8;
    %pushi/vec4 0, 0, 8;
    %assign/vec4 v0x5e901f5fcef0_0, 0;
    %pushi/vec4 0, 0, 8;
    %assign/vec4 v0x5e901f5fc910_0, 0;
    %pushi/vec4 0, 0, 32;
    %assign/vec4 v0x5e901f5fcb80_0, 0;
    %jmp T_60.1;
T_60.0 ;
    %load/vec4 v0x5e901f5fce30_0;
    %flag_set/vec4 8;
    %jmp/0xz  T_60.2, 8;
    %load/vec4 v0x5e901f5fcd50_0;
    %assign/vec4 v0x5e901f5fcef0_0, 0;
T_60.2 ;
    %load/vec4 v0x5e901f5fc810_0;
    %assign/vec4 v0x5e901f5fc910_0, 0;
    %load/vec4 v0x5e901f5fcac0_0;
    %load/vec4 v0x5e901f5fcef0_0;
    %pad/u 32;
    %load/vec4 v0x5e901f5fc810_0;
    %pad/u 32;
    %mul;
    %add;
    %assign/vec4 v0x5e901f5fcb80_0, 0;
T_60.1 ;
    %jmp T_60;
    .thread T_60;
    .scope S_0x5e901f5fd6c0;
T_61 ;
    %wait E_0x5e901f307960;
    %load/vec4 v0x5e901f5fe080_0;
    %nor/r;
    %flag_set/vec4 8;
    %jmp/0xz  T_61.0, 8;
    %pushi/vec4 0, 0, 8;
    %assign/vec4 v0x5e901f5fe2c0_0, 0;
    %pushi/vec4 0, 0, 8;
    %assign/vec4 v0x5e901f5fdce0_0, 0;
    %pushi/vec4 0, 0, 32;
    %assign/vec4 v0x5e901f5fdf50_0, 0;
    %jmp T_61.1;
T_61.0 ;
    %load/vec4 v0x5e901f5fe200_0;
    %flag_set/vec4 8;
    %jmp/0xz  T_61.2, 8;
    %load/vec4 v0x5e901f5fe120_0;
    %assign/vec4 v0x5e901f5fe2c0_0, 0;
T_61.2 ;
    %load/vec4 v0x5e901f5fdbe0_0;
    %assign/vec4 v0x5e901f5fdce0_0, 0;
    %load/vec4 v0x5e901f5fde90_0;
    %load/vec4 v0x5e901f5fe2c0_0;
    %pad/u 32;
    %load/vec4 v0x5e901f5fdbe0_0;
    %pad/u 32;
    %mul;
    %add;
    %assign/vec4 v0x5e901f5fdf50_0, 0;
T_61.1 ;
    %jmp T_61;
    .thread T_61;
    .scope S_0x5e901f5feae0;
T_62 ;
    %wait E_0x5e901f307960;
    %load/vec4 v0x5e901f5ff470_0;
    %nor/r;
    %flag_set/vec4 8;
    %jmp/0xz  T_62.0, 8;
    %pushi/vec4 0, 0, 8;
    %assign/vec4 v0x5e901f5ff6b0_0, 0;
    %pushi/vec4 0, 0, 8;
    %assign/vec4 v0x5e901f5ff0d0_0, 0;
    %pushi/vec4 0, 0, 32;
    %assign/vec4 v0x5e901f5ff340_0, 0;
    %jmp T_62.1;
T_62.0 ;
    %load/vec4 v0x5e901f5ff5f0_0;
    %flag_set/vec4 8;
    %jmp/0xz  T_62.2, 8;
    %load/vec4 v0x5e901f5ff510_0;
    %assign/vec4 v0x5e901f5ff6b0_0, 0;
T_62.2 ;
    %load/vec4 v0x5e901f5fefd0_0;
    %assign/vec4 v0x5e901f5ff0d0_0, 0;
    %load/vec4 v0x5e901f5ff280_0;
    %load/vec4 v0x5e901f5ff6b0_0;
    %pad/u 32;
    %load/vec4 v0x5e901f5fefd0_0;
    %pad/u 32;
    %mul;
    %add;
    %assign/vec4 v0x5e901f5ff340_0, 0;
T_62.1 ;
    %jmp T_62;
    .thread T_62;
    .scope S_0x5e901f5ffe80;
T_63 ;
    %wait E_0x5e901f307960;
    %load/vec4 v0x5e901f600840_0;
    %nor/r;
    %flag_set/vec4 8;
    %jmp/0xz  T_63.0, 8;
    %pushi/vec4 0, 0, 8;
    %assign/vec4 v0x5e901f600a80_0, 0;
    %pushi/vec4 0, 0, 8;
    %assign/vec4 v0x5e901f6004a0_0, 0;
    %pushi/vec4 0, 0, 32;
    %assign/vec4 v0x5e901f600710_0, 0;
    %jmp T_63.1;
T_63.0 ;
    %load/vec4 v0x5e901f6009c0_0;
    %flag_set/vec4 8;
    %jmp/0xz  T_63.2, 8;
    %load/vec4 v0x5e901f6008e0_0;
    %assign/vec4 v0x5e901f600a80_0, 0;
T_63.2 ;
    %load/vec4 v0x5e901f6003a0_0;
    %assign/vec4 v0x5e901f6004a0_0, 0;
    %load/vec4 v0x5e901f600650_0;
    %load/vec4 v0x5e901f600a80_0;
    %pad/u 32;
    %load/vec4 v0x5e901f6003a0_0;
    %pad/u 32;
    %mul;
    %add;
    %assign/vec4 v0x5e901f600710_0, 0;
T_63.1 ;
    %jmp T_63;
    .thread T_63;
    .scope S_0x5e901f601250;
T_64 ;
    %wait E_0x5e901f307960;
    %load/vec4 v0x5e901f601c10_0;
    %nor/r;
    %flag_set/vec4 8;
    %jmp/0xz  T_64.0, 8;
    %pushi/vec4 0, 0, 8;
    %assign/vec4 v0x5e901f601e50_0, 0;
    %pushi/vec4 0, 0, 8;
    %assign/vec4 v0x5e901f601870_0, 0;
    %pushi/vec4 0, 0, 32;
    %assign/vec4 v0x5e901f601ae0_0, 0;
    %jmp T_64.1;
T_64.0 ;
    %load/vec4 v0x5e901f601d90_0;
    %flag_set/vec4 8;
    %jmp/0xz  T_64.2, 8;
    %load/vec4 v0x5e901f601cb0_0;
    %assign/vec4 v0x5e901f601e50_0, 0;
T_64.2 ;
    %load/vec4 v0x5e901f601770_0;
    %assign/vec4 v0x5e901f601870_0, 0;
    %load/vec4 v0x5e901f601a20_0;
    %load/vec4 v0x5e901f601e50_0;
    %pad/u 32;
    %load/vec4 v0x5e901f601770_0;
    %pad/u 32;
    %mul;
    %add;
    %assign/vec4 v0x5e901f601ae0_0, 0;
T_64.1 ;
    %jmp T_64;
    .thread T_64;
    .scope S_0x5e901f602620;
T_65 ;
    %wait E_0x5e901f307960;
    %load/vec4 v0x5e901f602fe0_0;
    %nor/r;
    %flag_set/vec4 8;
    %jmp/0xz  T_65.0, 8;
    %pushi/vec4 0, 0, 8;
    %assign/vec4 v0x5e901f603220_0, 0;
    %pushi/vec4 0, 0, 8;
    %assign/vec4 v0x5e901f602c40_0, 0;
    %pushi/vec4 0, 0, 32;
    %assign/vec4 v0x5e901f602eb0_0, 0;
    %jmp T_65.1;
T_65.0 ;
    %load/vec4 v0x5e901f603160_0;
    %flag_set/vec4 8;
    %jmp/0xz  T_65.2, 8;
    %load/vec4 v0x5e901f603080_0;
    %assign/vec4 v0x5e901f603220_0, 0;
T_65.2 ;
    %load/vec4 v0x5e901f602b40_0;
    %assign/vec4 v0x5e901f602c40_0, 0;
    %load/vec4 v0x5e901f602df0_0;
    %load/vec4 v0x5e901f603220_0;
    %pad/u 32;
    %load/vec4 v0x5e901f602b40_0;
    %pad/u 32;
    %mul;
    %add;
    %assign/vec4 v0x5e901f602eb0_0, 0;
T_65.1 ;
    %jmp T_65;
    .thread T_65;
    .scope S_0x5e901f603cd0;
T_66 ;
    %wait E_0x5e901f307960;
    %load/vec4 v0x5e901f604690_0;
    %nor/r;
    %flag_set/vec4 8;
    %jmp/0xz  T_66.0, 8;
    %pushi/vec4 0, 0, 8;
    %assign/vec4 v0x5e901f6048d0_0, 0;
    %pushi/vec4 0, 0, 8;
    %assign/vec4 v0x5e901f6042f0_0, 0;
    %pushi/vec4 0, 0, 32;
    %assign/vec4 v0x5e901f604560_0, 0;
    %jmp T_66.1;
T_66.0 ;
    %load/vec4 v0x5e901f604810_0;
    %flag_set/vec4 8;
    %jmp/0xz  T_66.2, 8;
    %load/vec4 v0x5e901f604730_0;
    %assign/vec4 v0x5e901f6048d0_0, 0;
T_66.2 ;
    %load/vec4 v0x5e901f6041f0_0;
    %assign/vec4 v0x5e901f6042f0_0, 0;
    %load/vec4 v0x5e901f6044a0_0;
    %load/vec4 v0x5e901f6048d0_0;
    %pad/u 32;
    %load/vec4 v0x5e901f6041f0_0;
    %pad/u 32;
    %mul;
    %add;
    %assign/vec4 v0x5e901f604560_0, 0;
T_66.1 ;
    %jmp T_66;
    .thread T_66;
    .scope S_0x5e901f6050a0;
T_67 ;
    %wait E_0x5e901f307960;
    %load/vec4 v0x5e901f605a60_0;
    %nor/r;
    %flag_set/vec4 8;
    %jmp/0xz  T_67.0, 8;
    %pushi/vec4 0, 0, 8;
    %assign/vec4 v0x5e901f605ca0_0, 0;
    %pushi/vec4 0, 0, 8;
    %assign/vec4 v0x5e901f6056c0_0, 0;
    %pushi/vec4 0, 0, 32;
    %assign/vec4 v0x5e901f605930_0, 0;
    %jmp T_67.1;
T_67.0 ;
    %load/vec4 v0x5e901f605be0_0;
    %flag_set/vec4 8;
    %jmp/0xz  T_67.2, 8;
    %load/vec4 v0x5e901f605b00_0;
    %assign/vec4 v0x5e901f605ca0_0, 0;
T_67.2 ;
    %load/vec4 v0x5e901f6055c0_0;
    %assign/vec4 v0x5e901f6056c0_0, 0;
    %load/vec4 v0x5e901f605870_0;
    %load/vec4 v0x5e901f605ca0_0;
    %pad/u 32;
    %load/vec4 v0x5e901f6055c0_0;
    %pad/u 32;
    %mul;
    %add;
    %assign/vec4 v0x5e901f605930_0, 0;
T_67.1 ;
    %jmp T_67;
    .thread T_67;
    .scope S_0x5e901f606480;
T_68 ;
    %wait E_0x5e901f307960;
    %load/vec4 v0x5e901f606e40_0;
    %nor/r;
    %flag_set/vec4 8;
    %jmp/0xz  T_68.0, 8;
    %pushi/vec4 0, 0, 8;
    %assign/vec4 v0x5e901f607080_0, 0;
    %pushi/vec4 0, 0, 8;
    %assign/vec4 v0x5e901f606aa0_0, 0;
    %pushi/vec4 0, 0, 32;
    %assign/vec4 v0x5e901f606d10_0, 0;
    %jmp T_68.1;
T_68.0 ;
    %load/vec4 v0x5e901f606fc0_0;
    %flag_set/vec4 8;
    %jmp/0xz  T_68.2, 8;
    %load/vec4 v0x5e901f606ee0_0;
    %assign/vec4 v0x5e901f607080_0, 0;
T_68.2 ;
    %load/vec4 v0x5e901f6069a0_0;
    %assign/vec4 v0x5e901f606aa0_0, 0;
    %load/vec4 v0x5e901f606c50_0;
    %load/vec4 v0x5e901f607080_0;
    %pad/u 32;
    %load/vec4 v0x5e901f6069a0_0;
    %pad/u 32;
    %mul;
    %add;
    %assign/vec4 v0x5e901f606d10_0, 0;
T_68.1 ;
    %jmp T_68;
    .thread T_68;
    .scope S_0x5e901f607850;
T_69 ;
    %wait E_0x5e901f307960;
    %load/vec4 v0x5e901f608210_0;
    %nor/r;
    %flag_set/vec4 8;
    %jmp/0xz  T_69.0, 8;
    %pushi/vec4 0, 0, 8;
    %assign/vec4 v0x5e901f608450_0, 0;
    %pushi/vec4 0, 0, 8;
    %assign/vec4 v0x5e901f607e70_0, 0;
    %pushi/vec4 0, 0, 32;
    %assign/vec4 v0x5e901f6080e0_0, 0;
    %jmp T_69.1;
T_69.0 ;
    %load/vec4 v0x5e901f608390_0;
    %flag_set/vec4 8;
    %jmp/0xz  T_69.2, 8;
    %load/vec4 v0x5e901f6082b0_0;
    %assign/vec4 v0x5e901f608450_0, 0;
T_69.2 ;
    %load/vec4 v0x5e901f607d70_0;
    %assign/vec4 v0x5e901f607e70_0, 0;
    %load/vec4 v0x5e901f608020_0;
    %load/vec4 v0x5e901f608450_0;
    %pad/u 32;
    %load/vec4 v0x5e901f607d70_0;
    %pad/u 32;
    %mul;
    %add;
    %assign/vec4 v0x5e901f6080e0_0, 0;
T_69.1 ;
    %jmp T_69;
    .thread T_69;
    .scope S_0x5e901f608c70;
T_70 ;
    %wait E_0x5e901f307960;
    %load/vec4 v0x5e901f609600_0;
    %nor/r;
    %flag_set/vec4 8;
    %jmp/0xz  T_70.0, 8;
    %pushi/vec4 0, 0, 8;
    %assign/vec4 v0x5e901f609840_0, 0;
    %pushi/vec4 0, 0, 8;
    %assign/vec4 v0x5e901f609260_0, 0;
    %pushi/vec4 0, 0, 32;
    %assign/vec4 v0x5e901f6094d0_0, 0;
    %jmp T_70.1;
T_70.0 ;
    %load/vec4 v0x5e901f609780_0;
    %flag_set/vec4 8;
    %jmp/0xz  T_70.2, 8;
    %load/vec4 v0x5e901f6096a0_0;
    %assign/vec4 v0x5e901f609840_0, 0;
T_70.2 ;
    %load/vec4 v0x5e901f609160_0;
    %assign/vec4 v0x5e901f609260_0, 0;
    %load/vec4 v0x5e901f609410_0;
    %load/vec4 v0x5e901f609840_0;
    %pad/u 32;
    %load/vec4 v0x5e901f609160_0;
    %pad/u 32;
    %mul;
    %add;
    %assign/vec4 v0x5e901f6094d0_0, 0;
T_70.1 ;
    %jmp T_70;
    .thread T_70;
    .scope S_0x5e901f60a010;
T_71 ;
    %wait E_0x5e901f307960;
    %load/vec4 v0x5e901f60a9d0_0;
    %nor/r;
    %flag_set/vec4 8;
    %jmp/0xz  T_71.0, 8;
    %pushi/vec4 0, 0, 8;
    %assign/vec4 v0x5e901f60ac10_0, 0;
    %pushi/vec4 0, 0, 8;
    %assign/vec4 v0x5e901f60a630_0, 0;
    %pushi/vec4 0, 0, 32;
    %assign/vec4 v0x5e901f60a8a0_0, 0;
    %jmp T_71.1;
T_71.0 ;
    %load/vec4 v0x5e901f60ab50_0;
    %flag_set/vec4 8;
    %jmp/0xz  T_71.2, 8;
    %load/vec4 v0x5e901f60aa70_0;
    %assign/vec4 v0x5e901f60ac10_0, 0;
T_71.2 ;
    %load/vec4 v0x5e901f60a530_0;
    %assign/vec4 v0x5e901f60a630_0, 0;
    %load/vec4 v0x5e901f60a7e0_0;
    %load/vec4 v0x5e901f60ac10_0;
    %pad/u 32;
    %load/vec4 v0x5e901f60a530_0;
    %pad/u 32;
    %mul;
    %add;
    %assign/vec4 v0x5e901f60a8a0_0, 0;
T_71.1 ;
    %jmp T_71;
    .thread T_71;
    .scope S_0x5e901f60b3e0;
T_72 ;
    %wait E_0x5e901f307960;
    %load/vec4 v0x5e901f60bda0_0;
    %nor/r;
    %flag_set/vec4 8;
    %jmp/0xz  T_72.0, 8;
    %pushi/vec4 0, 0, 8;
    %assign/vec4 v0x5e901f60bfe0_0, 0;
    %pushi/vec4 0, 0, 8;
    %assign/vec4 v0x5e901f60ba00_0, 0;
    %pushi/vec4 0, 0, 32;
    %assign/vec4 v0x5e901f60bc70_0, 0;
    %jmp T_72.1;
T_72.0 ;
    %load/vec4 v0x5e901f60bf20_0;
    %flag_set/vec4 8;
    %jmp/0xz  T_72.2, 8;
    %load/vec4 v0x5e901f60be40_0;
    %assign/vec4 v0x5e901f60bfe0_0, 0;
T_72.2 ;
    %load/vec4 v0x5e901f60b900_0;
    %assign/vec4 v0x5e901f60ba00_0, 0;
    %load/vec4 v0x5e901f60bbb0_0;
    %load/vec4 v0x5e901f60bfe0_0;
    %pad/u 32;
    %load/vec4 v0x5e901f60b900_0;
    %pad/u 32;
    %mul;
    %add;
    %assign/vec4 v0x5e901f60bc70_0, 0;
T_72.1 ;
    %jmp T_72;
    .thread T_72;
    .scope S_0x5e901f60c7b0;
T_73 ;
    %wait E_0x5e901f307960;
    %load/vec4 v0x5e901f60d170_0;
    %nor/r;
    %flag_set/vec4 8;
    %jmp/0xz  T_73.0, 8;
    %pushi/vec4 0, 0, 8;
    %assign/vec4 v0x5e901f60d3b0_0, 0;
    %pushi/vec4 0, 0, 8;
    %assign/vec4 v0x5e901f60cdd0_0, 0;
    %pushi/vec4 0, 0, 32;
    %assign/vec4 v0x5e901f60d040_0, 0;
    %jmp T_73.1;
T_73.0 ;
    %load/vec4 v0x5e901f60d2f0_0;
    %flag_set/vec4 8;
    %jmp/0xz  T_73.2, 8;
    %load/vec4 v0x5e901f60d210_0;
    %assign/vec4 v0x5e901f60d3b0_0, 0;
T_73.2 ;
    %load/vec4 v0x5e901f60ccd0_0;
    %assign/vec4 v0x5e901f60cdd0_0, 0;
    %load/vec4 v0x5e901f60cf80_0;
    %load/vec4 v0x5e901f60d3b0_0;
    %pad/u 32;
    %load/vec4 v0x5e901f60ccd0_0;
    %pad/u 32;
    %mul;
    %add;
    %assign/vec4 v0x5e901f60d040_0, 0;
T_73.1 ;
    %jmp T_73;
    .thread T_73;
    .scope S_0x5e901f525c40;
T_74 ;
    %wait E_0x5e901f307960;
    %load/vec4 v0x5e901f60e940_0;
    %nor/r;
    %flag_set/vec4 8;
    %jmp/0xz  T_74.0, 8;
    %pushi/vec4 0, 0, 64;
    %assign/vec4 v0x5e901f60dbb0_0, 0;
    %pushi/vec4 0, 0, 64;
    %assign/vec4 v0x5e901f60dca0_0, 0;
    %jmp T_74.1;
T_74.0 ;
    %load/vec4 v0x5e901f60dab0_0;
    %assign/vec4 v0x5e901f60dbb0_0, 0;
    %load/vec4 v0x5e901f60dbb0_0;
    %assign/vec4 v0x5e901f60dca0_0, 0;
T_74.1 ;
    %jmp T_74;
    .thread T_74;
    .scope S_0x5e901f525c40;
T_75 ;
    %wait E_0x5e901f307960;
    %load/vec4 v0x5e901f60e940_0;
    %nor/r;
    %flag_set/vec4 8;
    %jmp/0xz  T_75.0, 8;
    %pushi/vec4 0, 0, 256;
    %assign/vec4 v0x5e901f60e700_0, 0;
    %pushi/vec4 0, 0, 256;
    %assign/vec4 v0x5e901f60e610_0, 0;
    %jmp T_75.1;
T_75.0 ;
    %load/vec4 v0x5e901f60e7f0_0;
    %parti/s 256, 2048, 13;
    %assign/vec4 v0x5e901f60e700_0, 0;
    %load/vec4 v0x5e901f60e700_0;
    %assign/vec4 v0x5e901f60e610_0, 0;
T_75.1 ;
    %jmp T_75;
    .thread T_75;
    .scope S_0x5e901f4ce250;
T_76 ;
    %wait E_0x5e901f3bcfb0;
    %load/vec4 v0x5e901f615140_0;
    %nor/r;
    %flag_set/vec4 8;
    %jmp/0xz  T_76.0, 8;
    %pushi/vec4 0, 0, 32;
    %assign/vec4 v0x5e901f614d00_0, 0;
    %pushi/vec4 0, 0, 32;
    %assign/vec4 v0x5e901f614dc0_0, 0;
    %pushi/vec4 0, 0, 32;
    %assign/vec4 v0x5e901f614ea0_0, 0;
    %jmp T_76.1;
T_76.0 ;
    %load/vec4 v0x5e901f614330_0;
    %flag_set/vec4 9;
    %flag_get/vec4 9;
    %jmp/0 T_76.4, 9;
    %load/vec4 v0x5e901f6144d0_0;
    %and;
T_76.4;
    %flag_set/vec4 8;
    %jmp/0xz  T_76.2, 8;
    %load/vec4 v0x5e901f6141c0_0;
    %parti/s 4, 0, 2;
    %dup/vec4;
    %pushi/vec4 0, 0, 4;
    %cmp/u;
    %jmp/1 T_76.5, 6;
    %dup/vec4;
    %pushi/vec4 4, 0, 4;
    %cmp/u;
    %jmp/1 T_76.6, 6;
    %dup/vec4;
    %pushi/vec4 8, 0, 4;
    %cmp/u;
    %jmp/1 T_76.7, 6;
    %jmp T_76.9;
T_76.5 ;
    %load/vec4 v0x5e901f6143f0_0;
    %assign/vec4 v0x5e901f614d00_0, 0;
    %jmp T_76.9;
T_76.6 ;
    %load/vec4 v0x5e901f6143f0_0;
    %assign/vec4 v0x5e901f614dc0_0, 0;
    %jmp T_76.9;
T_76.7 ;
    %load/vec4 v0x5e901f6143f0_0;
    %assign/vec4 v0x5e901f614ea0_0, 0;
    %jmp T_76.9;
T_76.9 ;
    %pop/vec4 1;
T_76.2 ;
T_76.1 ;
    %jmp T_76;
    .thread T_76;
    .scope S_0x5e901f4ce250;
T_77 ;
    %wait E_0x5e901f3bcfb0;
    %load/vec4 v0x5e901f615140_0;
    %nor/r;
    %flag_set/vec4 8;
    %jmp/0xz  T_77.0, 8;
    %pushi/vec4 0, 0, 1;
    %assign/vec4 v0x5e901f614b50_0, 0;
    %jmp T_77.1;
T_77.0 ;
    %load/vec4 v0x5e901f614dc0_0;
    %parti/s 1, 0, 2;
    %assign/vec4 v0x5e901f614b50_0, 0;
T_77.1 ;
    %jmp T_77;
    .thread T_77;
    .scope S_0x5e901f4ce250;
T_78 ;
    %wait E_0x5e901f3bcfb0;
    %load/vec4 v0x5e901f615140_0;
    %nor/r;
    %flag_set/vec4 8;
    %jmp/0xz  T_78.0, 8;
    %pushi/vec4 0, 0, 4;
    %assign/vec4 v0x5e901f615960_0, 0;
    %pushi/vec4 0, 0, 4;
    %assign/vec4 v0x5e901f615060_0, 0;
    %pushi/vec4 0, 0, 4;
    %assign/vec4 v0x5e901f614630_0, 0;
    %pushi/vec4 0, 0, 4;
    %assign/vec4 v0x5e901f6149b0_0, 0;
    %pushi/vec4 0, 0, 4;
    %assign/vec4 v0x5e901f6148d0_0, 0;
    %pushi/vec4 0, 0, 5;
    %assign/vec4 v0x5e901f614710_0, 0;
    %pushi/vec4 0, 0, 1;
    %assign/vec4 v0x5e901f615cf0_0, 0;
    %pushi/vec4 0, 0, 3;
    %assign/vec4 v0x5e901f615de0_0, 0;
    %pushi/vec4 0, 0, 1;
    %assign/vec4 v0x5e901f613c00_0, 0;
    %pushi/vec4 0, 0, 6;
    %assign/vec4 v0x5e901f6151e0_0, 0;
    %pushi/vec4 0, 0, 1;
    %assign/vec4 v0x5e901f6153a0_0, 0;
    %pushi/vec4 0, 0, 6;
    %assign/vec4 v0x5e901f615460_0, 0;
    %pushi/vec4 0, 0, 1;
    %assign/vec4 v0x5e901f615620_0, 0;
    %pushi/vec4 0, 0, 3;
    %assign/vec4 v0x5e901f6156e0_0, 0;
    %pushi/vec4 0, 0, 1;
    %assign/vec4 v0x5e901f6158a0_0, 0;
    %pushi/vec4 0, 0, 32;
    %assign/vec4 v0x5e901f6157c0_0, 0;
    %pushi/vec4 0, 0, 32;
    %assign/vec4 v0x5e901f614f80_0, 0;
    %pushi/vec4 0, 0, 32;
    %store/vec4 v0x5e901f6147f0_0, 0, 32;
T_78.2 ;
    %load/vec4 v0x5e901f6147f0_0;
    %cmpi/s 8, 0, 32;
    %jmp/0xz T_78.3, 5;
    %pushi/vec4 0, 0, 8;
    %ix/getv/s 3, v0x5e901f6147f0_0;
    %ix/load 4, 0, 0; Constant delay
    %assign/vec4/a/d v0x5e901f615a40, 0, 4;
    ; show_stmt_assign_vector: Get l-value for compressed += operand
    %load/vec4 v0x5e901f6147f0_0;
    %pushi/vec4 1, 0, 32;
    %add;
    %store/vec4 v0x5e901f6147f0_0, 0, 32;
    %jmp T_78.2;
T_78.3 ;
    %pushi/vec4 0, 0, 32;
    %store/vec4 v0x5e901f6147f0_0, 0, 32;
T_78.4 ;
    %load/vec4 v0x5e901f6147f0_0;
    %cmpi/s 8, 0, 32;
    %jmp/0xz T_78.5, 5;
    %pushi/vec4 0, 0, 8;
    %ix/getv/s 3, v0x5e901f6147f0_0;
    %ix/load 4, 0, 0; Constant delay
    %assign/vec4/a/d v0x5e901f613cd0, 0, 4;
    ; show_stmt_assign_vector: Get l-value for compressed += operand
    %load/vec4 v0x5e901f6147f0_0;
    %pushi/vec4 1, 0, 32;
    %add;
    %store/vec4 v0x5e901f6147f0_0, 0, 32;
    %jmp T_78.4;
T_78.5 ;
    %pushi/vec4 0, 0, 32;
    %store/vec4 v0x5e901f6147f0_0, 0, 32;
T_78.6 ;
    %load/vec4 v0x5e901f6147f0_0;
    %cmpi/s 8, 0, 32;
    %jmp/0xz T_78.7, 5;
    %pushi/vec4 0, 0, 8;
    %ix/getv/s 3, v0x5e901f6147f0_0;
    %ix/load 4, 0, 0; Constant delay
    %assign/vec4/a/d v0x5e901f613d90, 0, 4;
    ; show_stmt_assign_vector: Get l-value for compressed += operand
    %load/vec4 v0x5e901f6147f0_0;
    %pushi/vec4 1, 0, 32;
    %add;
    %store/vec4 v0x5e901f6147f0_0, 0, 32;
    %jmp T_78.6;
T_78.7 ;
    %jmp T_78.1;
T_78.0 ;
    %pushi/vec4 0, 0, 1;
    %assign/vec4 v0x5e901f615cf0_0, 0;
    %pushi/vec4 0, 0, 1;
    %assign/vec4 v0x5e901f6153a0_0, 0;
    %pushi/vec4 0, 0, 1;
    %assign/vec4 v0x5e901f615620_0, 0;
    %pushi/vec4 0, 0, 1;
    %assign/vec4 v0x5e901f6158a0_0, 0;
    %pushi/vec4 0, 0, 1;
    %assign/vec4 v0x5e901f613c00_0, 0;
    %load/vec4 v0x5e901f615960_0;
    %dup/vec4;
    %pushi/vec4 0, 0, 4;
    %cmp/u;
    %jmp/1 T_78.8, 6;
    %dup/vec4;
    %pushi/vec4 1, 0, 4;
    %cmp/u;
    %jmp/1 T_78.9, 6;
    %dup/vec4;
    %pushi/vec4 2, 0, 4;
    %cmp/u;
    %jmp/1 T_78.10, 6;
    %dup/vec4;
    %pushi/vec4 3, 0, 4;
    %cmp/u;
    %jmp/1 T_78.11, 6;
    %dup/vec4;
    %pushi/vec4 4, 0, 4;
    %cmp/u;
    %jmp/1 T_78.12, 6;
    %dup/vec4;
    %pushi/vec4 5, 0, 4;
    %cmp/u;
    %jmp/1 T_78.13, 6;
    %dup/vec4;
    %pushi/vec4 6, 0, 4;
    %cmp/u;
    %jmp/1 T_78.14, 6;
    %dup/vec4;
    %pushi/vec4 7, 0, 4;
    %cmp/u;
    %jmp/1 T_78.15, 6;
    %dup/vec4;
    %pushi/vec4 8, 0, 4;
    %cmp/u;
    %jmp/1 T_78.16, 6;
    %dup/vec4;
    %pushi/vec4 9, 0, 4;
    %cmp/u;
    %jmp/1 T_78.17, 6;
    %pushi/vec4 0, 0, 4;
    %assign/vec4 v0x5e901f615960_0, 0;
    %jmp T_78.19;
T_78.8 ;
    %pushi/vec4 0, 0, 32;
    %assign/vec4 v0x5e901f614f80_0, 0;
    %load/vec4 v0x5e901f614a90_0;
    %flag_set/vec4 8;
    %jmp/0xz  T_78.20, 8;
    %pushi/vec4 1, 0, 4;
    %assign/vec4 v0x5e901f615960_0, 0;
    %pushi/vec4 0, 0, 4;
    %assign/vec4 v0x5e901f615060_0, 0;
    %pushi/vec4 0, 0, 4;
    %assign/vec4 v0x5e901f614630_0, 0;
    %pushi/vec4 1, 0, 1;
    %ix/load 4, 0, 0;
    %ix/load 5, 0, 0;
    %flag_set/imm 4, 0;
    %assign/vec4/off/d v0x5e901f614f80_0, 4, 5;
T_78.20 ;
    %jmp T_78.19;
T_78.9 ;
    %load/vec4 v0x5e901f615060_0;
    %parti/s 3, 0, 2;
    %load/vec4 v0x5e901f614630_0;
    %parti/s 3, 0, 2;
    %concat/vec4; draw_concat_vec4
    %assign/vec4 v0x5e901f615460_0, 0;
    %pushi/vec4 1, 0, 1;
    %assign/vec4 v0x5e901f615620_0, 0;
    %load/vec4 v0x5e901f614630_0;
    %assign/vec4 v0x5e901f6148d0_0, 0;
    %load/vec4 v0x5e901f615060_0;
    %assign/vec4 v0x5e901f6149b0_0, 0;
    %load/vec4 v0x5e901f615060_0;
    %parti/s 3, 0, 2;
    %assign/vec4 v0x5e901f615de0_0, 0;
    %pushi/vec4 2, 0, 4;
    %assign/vec4 v0x5e901f615960_0, 0;
    %jmp T_78.19;
T_78.10 ;
    %pushi/vec4 3, 0, 4;
    %assign/vec4 v0x5e901f615960_0, 0;
    %jmp T_78.19;
T_78.11 ;
    %load/vec4 v0x5e901f615540_0;
    %load/vec4 v0x5e901f6148d0_0;
    %pad/u 5;
    %ix/vec4 3;
    %ix/load 4, 0, 0; Constant delay
    %assign/vec4/a/d v0x5e901f615a40, 0, 4;
    %load/vec4 v0x5e901f6148d0_0;
    %pad/u 32;
    %cmpi/e 7, 0, 32;
    %jmp/0xz  T_78.22, 4;
    %pushi/vec4 4, 0, 4;
    %assign/vec4 v0x5e901f615960_0, 0;
    %jmp T_78.23;
T_78.22 ;
    %load/vec4 v0x5e901f6148d0_0;
    %addi 1, 0, 4;
    %assign/vec4 v0x5e901f614630_0, 0;
    %pushi/vec4 1, 0, 4;
    %assign/vec4 v0x5e901f615960_0, 0;
T_78.23 ;
    %jmp T_78.19;
T_78.12 ;
    %pushi/vec4 1, 0, 1;
    %assign/vec4 v0x5e901f615cf0_0, 0;
    %load/vec4 v0x5e901f6149b0_0;
    %pad/u 32;
    %cmpi/e 7, 0, 32;
    %jmp/0xz  T_78.24, 4;
    %pushi/vec4 0, 0, 4;
    %assign/vec4 v0x5e901f615060_0, 0;
    %pushi/vec4 0, 0, 4;
    %assign/vec4 v0x5e901f614630_0, 0;
    %pushi/vec4 5, 0, 4;
    %assign/vec4 v0x5e901f615960_0, 0;
    %jmp T_78.25;
T_78.24 ;
    %load/vec4 v0x5e901f6149b0_0;
    %addi 1, 0, 4;
    %assign/vec4 v0x5e901f615060_0, 0;
    %pushi/vec4 0, 0, 4;
    %assign/vec4 v0x5e901f614630_0, 0;
    %pushi/vec4 1, 0, 4;
    %assign/vec4 v0x5e901f615960_0, 0;
T_78.25 ;
    %jmp T_78.19;
T_78.13 ;
    %load/vec4 v0x5e901f615060_0;
    %parti/s 3, 0, 2;
    %concati/vec4 0, 0, 3;
    %assign/vec4 v0x5e901f6151e0_0, 0;
    %pushi/vec4 1, 0, 1;
    %assign/vec4 v0x5e901f6153a0_0, 0;
    %load/vec4 v0x5e901f615060_0;
    %assign/vec4 v0x5e901f6149b0_0, 0;
    %pushi/vec4 6, 0, 4;
    %assign/vec4 v0x5e901f615960_0, 0;
    %jmp T_78.19;
T_78.14 ;
    %pushi/vec4 7, 0, 4;
    %assign/vec4 v0x5e901f615960_0, 0;
    %jmp T_78.19;
T_78.15 ;
    %load/vec4 v0x5e901f6152c0_0;
    %load/vec4 v0x5e901f6149b0_0;
    %pad/u 5;
    %ix/vec4 3;
    %ix/load 4, 0, 0; Constant delay
    %assign/vec4/a/d v0x5e901f613cd0, 0, 4;
    %load/vec4 v0x5e901f6149b0_0;
    %pad/u 32;
    %cmpi/e 7, 0, 32;
    %jmp/0xz  T_78.26, 4;
    %pushi/vec4 8, 0, 4;
    %assign/vec4 v0x5e901f615960_0, 0;
    %pushi/vec4 0, 0, 5;
    %assign/vec4 v0x5e901f614710_0, 0;
    %pushi/vec4 0, 0, 32;
    %store/vec4 v0x5e901f6147f0_0, 0, 32;
T_78.28 ;
    %load/vec4 v0x5e901f6147f0_0;
    %cmpi/s 8, 0, 32;
    %jmp/0xz T_78.29, 5;
    %pushi/vec4 0, 0, 8;
    %ix/getv/s 3, v0x5e901f6147f0_0;
    %ix/load 4, 0, 0; Constant delay
    %assign/vec4/a/d v0x5e901f613d90, 0, 4;
    ; show_stmt_assign_vector: Get l-value for compressed += operand
    %load/vec4 v0x5e901f6147f0_0;
    %pushi/vec4 1, 0, 32;
    %add;
    %store/vec4 v0x5e901f6147f0_0, 0, 32;
    %jmp T_78.28;
T_78.29 ;
    %jmp T_78.27;
T_78.26 ;
    %load/vec4 v0x5e901f6149b0_0;
    %addi 1, 0, 4;
    %assign/vec4 v0x5e901f615060_0, 0;
    %pushi/vec4 5, 0, 4;
    %assign/vec4 v0x5e901f615960_0, 0;
T_78.27 ;
    %jmp T_78.19;
T_78.16 ;
    %pushi/vec4 0, 0, 32;
    %store/vec4 v0x5e901f6147f0_0, 0, 32;
T_78.30 ;
    %load/vec4 v0x5e901f6147f0_0;
    %cmpi/s 8, 0, 32;
    %jmp/0xz T_78.31, 5;
    %pushi/vec4 0, 0, 8;
    %ix/getv/s 3, v0x5e901f6147f0_0;
    %ix/load 4, 0, 0; Constant delay
    %assign/vec4/a/d v0x5e901f613d90, 0, 4;
    ; show_stmt_assign_vector: Get l-value for compressed += operand
    %load/vec4 v0x5e901f6147f0_0;
    %pushi/vec4 1, 0, 32;
    %add;
    %store/vec4 v0x5e901f6147f0_0, 0, 32;
    %jmp T_78.30;
T_78.31 ;
    %load/vec4 v0x5e901f614710_0;
    %pad/u 32;
    %cmpi/u 8, 0, 32;
    %jmp/0xz  T_78.32, 5;
    %load/vec4 v0x5e901f614710_0;
    %parti/s 3, 0, 2;
    %pad/u 5;
    %ix/vec4 4;
    %load/vec4a v0x5e901f613cd0, 4;
    %load/vec4 v0x5e901f614710_0;
    %parti/s 3, 0, 2;
    %pad/u 5;
    %ix/vec4 3;
    %ix/load 4, 0, 0; Constant delay
    %assign/vec4/a/d v0x5e901f613d90, 0, 4;
T_78.32 ;
    %load/vec4 v0x5e901f614710_0;
    %cmpi/u 13, 0, 5;
    %flag_inv 5; GE is !LT
    %flag_get/vec4 5;
    %jmp/0 T_78.36, 5;
    %load/vec4 v0x5e901f614710_0;
    %cmpi/u 20, 0, 5;
    %flag_get/vec4 4;
    %flag_get/vec4 5;
    %or;
    %and;
T_78.36;
    %flag_set/vec4 8;
    %jmp/0xz  T_78.34, 8;
    %load/vec4 v0x5e901f614710_0;
    %subi 13, 0, 5;
    %pad/u 3;
    %assign/vec4 v0x5e901f6156e0_0, 0;
    %pushi/vec4 1, 0, 1;
    %assign/vec4 v0x5e901f6158a0_0, 0;
    %load/vec4 v0x5e901f614c10_0;
    %load/vec4 v0x5e901f614710_0;
    %pad/u 32;
    %subi 13, 0, 32;
    %muli 32, 0, 32;
    %part/u 32;
    %assign/vec4 v0x5e901f6157c0_0, 0;
T_78.34 ;
    %load/vec4 v0x5e901f614710_0;
    %cmpi/e 20, 0, 5;
    %jmp/0xz  T_78.37, 4;
    %pushi/vec4 9, 0, 4;
    %assign/vec4 v0x5e901f615960_0, 0;
    %jmp T_78.38;
T_78.37 ;
    %load/vec4 v0x5e901f614710_0;
    %addi 1, 0, 5;
    %assign/vec4 v0x5e901f614710_0, 0;
T_78.38 ;
    %jmp T_78.19;
T_78.17 ;
    %pushi/vec4 1, 0, 1;
    %assign/vec4 v0x5e901f613c00_0, 0;
    %pushi/vec4 0, 0, 1;
    %ix/load 4, 0, 0;
    %ix/load 5, 0, 0;
    %flag_set/imm 4, 0;
    %assign/vec4/off/d v0x5e901f614f80_0, 4, 5;
    %pushi/vec4 1, 0, 1;
    %ix/load 4, 1, 0;
    %ix/load 5, 0, 0;
    %flag_set/imm 4, 0;
    %assign/vec4/off/d v0x5e901f614f80_0, 4, 5;
    %pushi/vec4 0, 0, 32;
    %assign/vec4 v0x5e901f614dc0_0, 0;
    %pushi/vec4 0, 0, 4;
    %assign/vec4 v0x5e901f615960_0, 0;
    %jmp T_78.19;
T_78.19 ;
    %pop/vec4 1;
T_78.1 ;
    %jmp T_78;
    .thread T_78;
    .scope S_0x5e901f6161b0;
T_79 ;
    %wait E_0x5e901f3bcfb0;
    %load/vec4 v0x5e901f6168a0_0;
    %nor/r;
    %flag_set/vec4 8;
    %jmp/0xz  T_79.0, 8;
    %pushi/vec4 0, 0, 32;
    %store/vec4 v0x5e901f616550_0, 0, 32;
T_79.2 ;
    %load/vec4 v0x5e901f616550_0;
    %cmpi/s 64, 0, 32;
    %jmp/0xz T_79.3, 5;
    %pushi/vec4 0, 0, 8;
    %ix/getv/s 3, v0x5e901f616550_0;
    %ix/load 4, 0, 0; Constant delay
    %assign/vec4/a/d v0x5e901f616630, 0, 4;
    %load/vec4 v0x5e901f616550_0;
    %addi 1, 0, 32;
    %store/vec4 v0x5e901f616550_0, 0, 32;
    %jmp T_79.2;
T_79.3 ;
    %pushi/vec4 0, 0, 8;
    %assign/vec4 v0x5e901f616a00_0, 0;
    %jmp T_79.1;
T_79.0 ;
    %load/vec4 v0x5e901f616ca0_0;
    %flag_set/vec4 8;
    %jmp/0xz  T_79.4, 8;
    %load/vec4 v0x5e901f616c00_0;
    %load/vec4 v0x5e901f616940_0;
    %pad/u 8;
    %ix/vec4 3;
    %ix/load 4, 0, 0; Constant delay
    %assign/vec4/a/d v0x5e901f616630, 0, 4;
T_79.4 ;
    %load/vec4 v0x5e901f616aa0_0;
    %flag_set/vec4 8;
    %jmp/0xz  T_79.6, 8;
    %load/vec4 v0x5e901f616940_0;
    %pad/u 8;
    %ix/vec4 4;
    %load/vec4a v0x5e901f616630, 4;
    %assign/vec4 v0x5e901f616a00_0, 0;
T_79.6 ;
T_79.1 ;
    %jmp T_79;
    .thread T_79;
    .scope S_0x5e901f6161b0;
T_80 ;
    %wait E_0x5e901f3bcfb0;
    %load/vec4 v0x5e901f6168a0_0;
    %nor/r;
    %flag_set/vec4 8;
    %jmp/0xz  T_80.0, 8;
    %pushi/vec4 0, 0, 32;
    %store/vec4 v0x5e901f616550_0, 0, 32;
T_80.2 ;
    %load/vec4 v0x5e901f616550_0;
    %cmpi/s 64, 0, 32;
    %jmp/0xz T_80.3, 5;
    %pushi/vec4 0, 0, 8;
    %ix/getv/s 3, v0x5e901f616550_0;
    %ix/load 4, 0, 0; Constant delay
    %assign/vec4/a/d v0x5e901f6166d0, 0, 4;
    %load/vec4 v0x5e901f616550_0;
    %addi 1, 0, 32;
    %store/vec4 v0x5e901f616550_0, 0, 32;
    %jmp T_80.2;
T_80.3 ;
    %pushi/vec4 0, 0, 8;
    %assign/vec4 v0x5e901f616e50_0, 0;
    %jmp T_80.1;
T_80.0 ;
    %load/vec4 v0x5e901f617090_0;
    %flag_set/vec4 8;
    %jmp/0xz  T_80.4, 8;
    %load/vec4 v0x5e901f616ff0_0;
    %load/vec4 v0x5e901f616d60_0;
    %pad/u 8;
    %ix/vec4 3;
    %ix/load 4, 0, 0; Constant delay
    %assign/vec4/a/d v0x5e901f6166d0, 0, 4;
T_80.4 ;
    %load/vec4 v0x5e901f616f20_0;
    %flag_set/vec4 8;
    %jmp/0xz  T_80.6, 8;
    %load/vec4 v0x5e901f616d60_0;
    %pad/u 8;
    %ix/vec4 4;
    %load/vec4a v0x5e901f6166d0, 4;
    %assign/vec4 v0x5e901f616e50_0, 0;
T_80.6 ;
T_80.1 ;
    %jmp T_80;
    .thread T_80;
    .scope S_0x5e901f6161b0;
T_81 ;
    %wait E_0x5e901f3bcfb0;
    %load/vec4 v0x5e901f6168a0_0;
    %nor/r;
    %flag_set/vec4 8;
    %jmp/0xz  T_81.0, 8;
    %pushi/vec4 0, 0, 32;
    %store/vec4 v0x5e901f616550_0, 0, 32;
T_81.2 ;
    %load/vec4 v0x5e901f616550_0;
    %cmpi/s 8, 0, 32;
    %jmp/0xz T_81.3, 5;
    %pushi/vec4 0, 0, 32;
    %ix/getv/s 3, v0x5e901f616550_0;
    %ix/load 4, 0, 0; Constant delay
    %assign/vec4/a/d v0x5e901f616790, 0, 4;
    %load/vec4 v0x5e901f616550_0;
    %addi 1, 0, 32;
    %store/vec4 v0x5e901f616550_0, 0, 32;
    %jmp T_81.2;
T_81.3 ;
    %pushi/vec4 0, 0, 32;
    %assign/vec4 v0x5e901f617240_0, 0;
    %jmp T_81.1;
T_81.0 ;
    %load/vec4 v0x5e901f6174b0_0;
    %flag_set/vec4 8;
    %jmp/0xz  T_81.4, 8;
    %load/vec4 v0x5e901f6173c0_0;
    %load/vec4 v0x5e901f617150_0;
    %pad/u 5;
    %ix/vec4 3;
    %ix/load 4, 0, 0; Constant delay
    %assign/vec4/a/d v0x5e901f616790, 0, 4;
T_81.4 ;
    %load/vec4 v0x5e901f617300_0;
    %flag_set/vec4 8;
    %jmp/0xz  T_81.6, 8;
    %load/vec4 v0x5e901f617150_0;
    %pad/u 5;
    %ix/vec4 4;
    %load/vec4a v0x5e901f616790, 4;
    %assign/vec4 v0x5e901f617240_0, 0;
T_81.6 ;
T_81.1 ;
    %jmp T_81;
    .thread T_81;
    .scope S_0x5e901f510620;
T_82 ;
    %wait E_0x5e901f307960;
    %load/vec4 v0x5e901f6302f0_0;
    %flag_set/vec4 8;
    %jmp/0xz  T_82.0, 8;
    %load/vec4 v0x5e901f630230_0;
    %load/vec4 v0x5e901f630170_0;
    %parti/s 8, 2, 3;
    %pad/u 10;
    %ix/vec4 3;
    %ix/load 4, 0, 0; Constant delay
    %assign/vec4/a/d v0x5e901f6300b0, 0, 4;
T_82.0 ;
    %jmp T_82;
    .thread T_82;
    .scope S_0x5e901f510620;
T_83 ;
    %delay 5000, 0;
    %load/vec4 v0x5e901f630010_0;
    %inv;
    %store/vec4 v0x5e901f630010_0, 0, 1;
    %jmp T_83;
    .thread T_83;
    .scope S_0x5e901f510620;
T_84 ;
    %vpi_call/w 3 74 "$dumpfile", "waves_accel.vcd" {0 0 0};
    %vpi_call/w 3 75 "$dumpvars", 32'sb00000000000000000000000000000000, S_0x5e901f510620 {0 0 0};
    %pushi/vec4 0, 0, 1;
    %store/vec4 v0x5e901f630010_0, 0, 1;
    %pushi/vec4 0, 0, 1;
    %store/vec4 v0x5e901f630890_0, 0, 1;
    %pushi/vec4 0, 0, 32;
    %store/vec4 v0x5e901f6307b0_0, 0, 32;
    %pushi/vec4 0, 0, 32;
    %store/vec4 v0x5e901f630390_0, 0, 32;
    %pushi/vec4 0, 0, 32;
    %store/vec4 v0x5e901f630470_0, 0, 32;
T_84.0 ;
    %load/vec4 v0x5e901f630470_0;
    %cmpi/s 256, 0, 32;
    %jmp/0xz T_84.1, 5;
    %pushi/vec4 19, 0, 32;
    %ix/getv/s 4, v0x5e901f630470_0;
    %store/vec4a v0x5e901f630550, 4, 0;
    %pushi/vec4 0, 0, 32;
    %ix/getv/s 4, v0x5e901f630470_0;
    %store/vec4a v0x5e901f6300b0, 4, 0;
    %load/vec4 v0x5e901f630470_0;
    %addi 1, 0, 32;
    %store/vec4 v0x5e901f630470_0, 0, 32;
    %jmp T_84.0;
T_84.1 ;
    %pushi/vec4 147, 0, 32;
    %ix/load 4, 0, 0;
    %flag_set/imm 4, 0;
    %store/vec4a v0x5e901f630550, 4, 0;
    %pushi/vec4 275, 0, 32;
    %ix/load 4, 1, 0;
    %flag_set/imm 4, 0;
    %store/vec4a v0x5e901f630550, 4, 0;
    %pushi/vec4 1048979, 0, 32;
    %ix/load 4, 2, 0;
    %flag_set/imm 4, 0;
    %store/vec4a v0x5e901f630550, 4, 0;
    %pushi/vec4 2129931, 0, 32;
    %ix/load 4, 3, 0;
    %flag_set/imm 4, 0;
    %store/vec4a v0x5e901f630550, 4, 0;
    %pushi/vec4 3178507, 0, 32;
    %ix/load 4, 4, 0;
    %flag_set/imm 4, 0;
    %store/vec4a v0x5e901f630550, 4, 0;
    %pushi/vec4 4107, 0, 32;
    %ix/load 4, 5, 0;
    %flag_set/imm 4, 0;
    %store/vec4a v0x5e901f630550, 4, 0;
    %pushi/vec4 40971, 0, 32;
    %ix/load 4, 6, 0;
    %flag_set/imm 4, 0;
    %store/vec4a v0x5e901f630550, 4, 0;
    %pushi/vec4 5243923, 0, 32;
    %ix/load 4, 7, 0;
    %flag_set/imm 4, 0;
    %store/vec4a v0x5e901f630550, 4, 0;
    %pushi/vec4 3146899, 0, 32;
    %ix/load 4, 8, 0;
    %flag_set/imm 4, 0;
    %store/vec4a v0x5e901f630550, 4, 0;
    %pushi/vec4 9700659, 0, 32;
    %ix/load 4, 9, 0;
    %flag_set/imm 4, 0;
    %store/vec4a v0x5e901f630550, 4, 0;
    %pushi/vec4 19, 0, 32;
    %ix/load 4, 10, 0;
    %flag_set/imm 4, 0;
    %store/vec4a v0x5e901f630550, 4, 0;
    %pushi/vec4 19, 0, 32;
    %ix/load 4, 11, 0;
    %flag_set/imm 4, 0;
    %store/vec4a v0x5e901f630550, 4, 0;
    %pushi/vec4 19, 0, 32;
    %ix/load 4, 12, 0;
    %flag_set/imm 4, 0;
    %store/vec4a v0x5e901f630550, 4, 0;
    %pushi/vec4 19, 0, 32;
    %ix/load 4, 13, 0;
    %flag_set/imm 4, 0;
    %store/vec4a v0x5e901f630550, 4, 0;
    %pushi/vec4 19, 0, 32;
    %ix/load 4, 14, 0;
    %flag_set/imm 4, 0;
    %store/vec4a v0x5e901f630550, 4, 0;
    %pushi/vec4 0, 0, 1;
    %store/vec4 v0x5e901f630890_0, 0, 1;
    %pushi/vec4 2, 0, 32;
T_84.2 %dup/vec4;
    %pushi/vec4 0, 0, 32;
    %cmp/s;
    %jmp/1xz T_84.3, 5;
    %jmp/1 T_84.3, 4;
    %pushi/vec4 1, 0, 32;
    %sub;
    %wait E_0x5e901f307960;
    %jmp T_84.2;
T_84.3 ;
    %pop/vec4 1;
    %pushi/vec4 1, 0, 1;
    %store/vec4 v0x5e901f630890_0, 0, 1;
    %pushi/vec4 2, 0, 32;
T_84.4 %dup/vec4;
    %pushi/vec4 0, 0, 32;
    %cmp/s;
    %jmp/1xz T_84.5, 5;
    %jmp/1 T_84.5, 4;
    %pushi/vec4 1, 0, 32;
    %sub;
    %wait E_0x5e901f307960;
    %jmp T_84.4;
T_84.5 ;
    %pop/vec4 1;
    %pushi/vec4 0, 0, 32;
    %store/vec4 v0x5e901f630470_0, 0, 32;
T_84.6 ;
    %load/vec4 v0x5e901f630470_0;
    %cmpi/s 8, 0, 32;
    %jmp/0xz T_84.7, 5;
    %pushi/vec4 0, 0, 32;
    %store/vec4 v0x5e901f6306d0_0, 0, 32;
T_84.8 ;
    %load/vec4 v0x5e901f6306d0_0;
    %cmpi/s 8, 0, 32;
    %jmp/0xz T_84.9, 5;
    %load/vec4 v0x5e901f630470_0;
    %load/vec4 v0x5e901f6306d0_0;
    %cmp/e;
    %flag_mov 8, 4;
    %jmp/0 T_84.10, 8;
    %pushi/vec4 1, 0, 8;
    %jmp/1 T_84.11, 8;
T_84.10 ; End of true expr.
    %pushi/vec4 0, 0, 8;
    %jmp/0 T_84.11, 8;
 ; End of false expr.
    %blend;
T_84.11;
    %load/vec4 v0x5e901f630470_0;
    %muli 8, 0, 32;
    %load/vec4 v0x5e901f6306d0_0;
    %add;
    %ix/vec4/s 4;
    %store/vec4a v0x5e901f6166d0, 4, 0;
    %load/vec4 v0x5e901f630470_0;
    %addi 1, 0, 32;
    %pad/s 8;
    %load/vec4 v0x5e901f630470_0;
    %muli 8, 0, 32;
    %load/vec4 v0x5e901f6306d0_0;
    %add;
    %ix/vec4/s 4;
    %store/vec4a v0x5e901f616630, 4, 0;
    %load/vec4 v0x5e901f6306d0_0;
    %addi 1, 0, 32;
    %store/vec4 v0x5e901f6306d0_0, 0, 32;
    %jmp T_84.8;
T_84.9 ;
    %load/vec4 v0x5e901f630470_0;
    %addi 1, 0, 32;
    %store/vec4 v0x5e901f630470_0, 0, 32;
    %jmp T_84.6;
T_84.7 ;
    %vpi_call/w 3 123 "$display", "[TB] Scratchpad preloaded: identity weights, activations 1..8" {0 0 0};
    %vpi_call/w 3 124 "$display", "[TB] Running CPU with MLOAD/MMUL/MSTORE..." {0 0 0};
    %pushi/vec4 600, 0, 32;
T_84.12 %dup/vec4;
    %pushi/vec4 0, 0, 32;
    %cmp/s;
    %jmp/1xz T_84.13, 5;
    %jmp/1 T_84.13, 4;
    %pushi/vec4 1, 0, 32;
    %sub;
    %wait E_0x5e901f307960;
    %jmp T_84.12;
T_84.13 ;
    %pop/vec4 1;
    %vpi_call/w 3 128 "$display", "\012=== CPU Accelerator Extension Test ===" {0 0 0};
    %vpi_call/w 3 130 "$display", "\012-- Accelerator results: psum[c] = c+1 --" {0 0 0};
    %ix/load 4, 0, 0;
    %flag_set/imm 4, 0;
    %load/vec4a v0x5e901f616790, 4;
    %cmpi/e 1, 0, 32;
    %jmp/0xz  T_84.14, 6;
    %vpi_call/w 3 133 "$display", "  PASS %s = %0d", "mem_c[0]", &A<v0x5e901f616790, 0> {0 0 0};
    %load/vec4 v0x5e901f6307b0_0;
    %addi 1, 0, 32;
    %store/vec4 v0x5e901f6307b0_0, 0, 32;
    %jmp T_84.15;
T_84.14 ;
    %vpi_call/w 3 135 "$display", "  FAIL %s u_accel.u_scratchpad.mem_c[0]=%0d 32'd1=%0d", "mem_c[0]", &A<v0x5e901f616790, 0>, 32'b00000000000000000000000000000001 {0 0 0};
    %load/vec4 v0x5e901f630390_0;
    %addi 1, 0, 32;
    %store/vec4 v0x5e901f630390_0, 0, 32;
T_84.15 ;
    %ix/load 4, 1, 0;
    %flag_set/imm 4, 0;
    %load/vec4a v0x5e901f616790, 4;
    %cmpi/e 2, 0, 32;
    %jmp/0xz  T_84.16, 6;
    %vpi_call/w 3 134 "$display", "  PASS %s = %0d", "mem_c[1]", &A<v0x5e901f616790, 1> {0 0 0};
    %load/vec4 v0x5e901f6307b0_0;
    %addi 1, 0, 32;
    %store/vec4 v0x5e901f6307b0_0, 0, 32;
    %jmp T_84.17;
T_84.16 ;
    %vpi_call/w 3 136 "$display", "  FAIL %s u_accel.u_scratchpad.mem_c[1]=%0d 32'd2=%0d", "mem_c[1]", &A<v0x5e901f616790, 1>, 32'b00000000000000000000000000000010 {0 0 0};
    %load/vec4 v0x5e901f630390_0;
    %addi 1, 0, 32;
    %store/vec4 v0x5e901f630390_0, 0, 32;
T_84.17 ;
    %ix/load 4, 2, 0;
    %flag_set/imm 4, 0;
    %load/vec4a v0x5e901f616790, 4;
    %cmpi/e 3, 0, 32;
    %jmp/0xz  T_84.18, 6;
    %vpi_call/w 3 135 "$display", "  PASS %s = %0d", "mem_c[2]", &A<v0x5e901f616790, 2> {0 0 0};
    %load/vec4 v0x5e901f6307b0_0;
    %addi 1, 0, 32;
    %store/vec4 v0x5e901f6307b0_0, 0, 32;
    %jmp T_84.19;
T_84.18 ;
    %vpi_call/w 3 137 "$display", "  FAIL %s u_accel.u_scratchpad.mem_c[2]=%0d 32'd3=%0d", "mem_c[2]", &A<v0x5e901f616790, 2>, 32'b00000000000000000000000000000011 {0 0 0};
    %load/vec4 v0x5e901f630390_0;
    %addi 1, 0, 32;
    %store/vec4 v0x5e901f630390_0, 0, 32;
T_84.19 ;
    %ix/load 4, 3, 0;
    %flag_set/imm 4, 0;
    %load/vec4a v0x5e901f616790, 4;
    %cmpi/e 4, 0, 32;
    %jmp/0xz  T_84.20, 6;
    %vpi_call/w 3 136 "$display", "  PASS %s = %0d", "mem_c[3]", &A<v0x5e901f616790, 3> {0 0 0};
    %load/vec4 v0x5e901f6307b0_0;
    %addi 1, 0, 32;
    %store/vec4 v0x5e901f6307b0_0, 0, 32;
    %jmp T_84.21;
T_84.20 ;
    %vpi_call/w 3 138 "$display", "  FAIL %s u_accel.u_scratchpad.mem_c[3]=%0d 32'd4=%0d", "mem_c[3]", &A<v0x5e901f616790, 3>, 32'b00000000000000000000000000000100 {0 0 0};
    %load/vec4 v0x5e901f630390_0;
    %addi 1, 0, 32;
    %store/vec4 v0x5e901f630390_0, 0, 32;
T_84.21 ;
    %ix/load 4, 4, 0;
    %flag_set/imm 4, 0;
    %load/vec4a v0x5e901f616790, 4;
    %cmpi/e 5, 0, 32;
    %jmp/0xz  T_84.22, 6;
    %vpi_call/w 3 137 "$display", "  PASS %s = %0d", "mem_c[4]", &A<v0x5e901f616790, 4> {0 0 0};
    %load/vec4 v0x5e901f6307b0_0;
    %addi 1, 0, 32;
    %store/vec4 v0x5e901f6307b0_0, 0, 32;
    %jmp T_84.23;
T_84.22 ;
    %vpi_call/w 3 139 "$display", "  FAIL %s u_accel.u_scratchpad.mem_c[4]=%0d 32'd5=%0d", "mem_c[4]", &A<v0x5e901f616790, 4>, 32'b00000000000000000000000000000101 {0 0 0};
    %load/vec4 v0x5e901f630390_0;
    %addi 1, 0, 32;
    %store/vec4 v0x5e901f630390_0, 0, 32;
T_84.23 ;
    %ix/load 4, 5, 0;
    %flag_set/imm 4, 0;
    %load/vec4a v0x5e901f616790, 4;
    %cmpi/e 6, 0, 32;
    %jmp/0xz  T_84.24, 6;
    %vpi_call/w 3 138 "$display", "  PASS %s = %0d", "mem_c[5]", &A<v0x5e901f616790, 5> {0 0 0};
    %load/vec4 v0x5e901f6307b0_0;
    %addi 1, 0, 32;
    %store/vec4 v0x5e901f6307b0_0, 0, 32;
    %jmp T_84.25;
T_84.24 ;
    %vpi_call/w 3 140 "$display", "  FAIL %s u_accel.u_scratchpad.mem_c[5]=%0d 32'd6=%0d", "mem_c[5]", &A<v0x5e901f616790, 5>, 32'b00000000000000000000000000000110 {0 0 0};
    %load/vec4 v0x5e901f630390_0;
    %addi 1, 0, 32;
    %store/vec4 v0x5e901f630390_0, 0, 32;
T_84.25 ;
    %ix/load 4, 6, 0;
    %flag_set/imm 4, 0;
    %load/vec4a v0x5e901f616790, 4;
    %cmpi/e 7, 0, 32;
    %jmp/0xz  T_84.26, 6;
    %vpi_call/w 3 139 "$display", "  PASS %s = %0d", "mem_c[6]", &A<v0x5e901f616790, 6> {0 0 0};
    %load/vec4 v0x5e901f6307b0_0;
    %addi 1, 0, 32;
    %store/vec4 v0x5e901f6307b0_0, 0, 32;
    %jmp T_84.27;
T_84.26 ;
    %vpi_call/w 3 141 "$display", "  FAIL %s u_accel.u_scratchpad.mem_c[6]=%0d 32'd7=%0d", "mem_c[6]", &A<v0x5e901f616790, 6>, 32'b00000000000000000000000000000111 {0 0 0};
    %load/vec4 v0x5e901f630390_0;
    %addi 1, 0, 32;
    %store/vec4 v0x5e901f630390_0, 0, 32;
T_84.27 ;
    %ix/load 4, 7, 0;
    %flag_set/imm 4, 0;
    %load/vec4a v0x5e901f616790, 4;
    %cmpi/e 8, 0, 32;
    %jmp/0xz  T_84.28, 6;
    %vpi_call/w 3 140 "$display", "  PASS %s = %0d", "mem_c[7]", &A<v0x5e901f616790, 7> {0 0 0};
    %load/vec4 v0x5e901f6307b0_0;
    %addi 1, 0, 32;
    %store/vec4 v0x5e901f6307b0_0, 0, 32;
    %jmp T_84.29;
T_84.28 ;
    %vpi_call/w 3 142 "$display", "  FAIL %s u_accel.u_scratchpad.mem_c[7]=%0d 32'd8=%0d", "mem_c[7]", &A<v0x5e901f616790, 7>, 32'b00000000000000000000000000001000 {0 0 0};
    %load/vec4 v0x5e901f630390_0;
    %addi 1, 0, 32;
    %store/vec4 v0x5e901f630390_0, 0, 32;
T_84.29 ;
    %vpi_call/w 3 140 "$display", "\012-- Pipeline resume after MSTORE --" {0 0 0};
    %ix/load 4, 7, 0;
    %flag_set/imm 4, 0;
    %load/vec4a v0x5e901f62a1b0, 4;
    %cmpi/e 5, 0, 32;
    %jmp/0xz  T_84.30, 6;
    %vpi_call/w 3 143 "$display", "  PASS %s = %0d", "x8  (addi 5)", &A<v0x5e901f62a1b0, 7> {0 0 0};
    %load/vec4 v0x5e901f6307b0_0;
    %addi 1, 0, 32;
    %store/vec4 v0x5e901f6307b0_0, 0, 32;
    %jmp T_84.31;
T_84.30 ;
    %vpi_call/w 3 145 "$display", "  FAIL %s u_cpu.u_regfile.regs[8]=%0d 32'd5=%0d", "x8  (addi 5)", &A<v0x5e901f62a1b0, 7>, 32'b00000000000000000000000000000101 {0 0 0};
    %load/vec4 v0x5e901f630390_0;
    %addi 1, 0, 32;
    %store/vec4 v0x5e901f630390_0, 0, 32;
T_84.31 ;
    %ix/load 4, 8, 0;
    %flag_set/imm 4, 0;
    %load/vec4a v0x5e901f62a1b0, 4;
    %cmpi/e 3, 0, 32;
    %jmp/0xz  T_84.32, 6;
    %vpi_call/w 3 144 "$display", "  PASS %s = %0d", "x9  (addi 3)", &A<v0x5e901f62a1b0, 8> {0 0 0};
    %load/vec4 v0x5e901f6307b0_0;
    %addi 1, 0, 32;
    %store/vec4 v0x5e901f6307b0_0, 0, 32;
    %jmp T_84.33;
T_84.32 ;
    %vpi_call/w 3 146 "$display", "  FAIL %s u_cpu.u_regfile.regs[9]=%0d 32'd3=%0d", "x9  (addi 3)", &A<v0x5e901f62a1b0, 8>, 32'b00000000000000000000000000000011 {0 0 0};
    %load/vec4 v0x5e901f630390_0;
    %addi 1, 0, 32;
    %store/vec4 v0x5e901f630390_0, 0, 32;
T_84.33 ;
    %ix/load 4, 9, 0;
    %flag_set/imm 4, 0;
    %load/vec4a v0x5e901f62a1b0, 4;
    %cmpi/e 8, 0, 32;
    %jmp/0xz  T_84.34, 6;
    %vpi_call/w 3 145 "$display", "  PASS %s = %0d", "x10 (add 8)", &A<v0x5e901f62a1b0, 9> {0 0 0};
    %load/vec4 v0x5e901f6307b0_0;
    %addi 1, 0, 32;
    %store/vec4 v0x5e901f6307b0_0, 0, 32;
    %jmp T_84.35;
T_84.34 ;
    %vpi_call/w 3 147 "$display", "  FAIL %s u_cpu.u_regfile.regs[10]=%0d 32'd8=%0d", "x10 (add 8)", &A<v0x5e901f62a1b0, 9>, 32'b00000000000000000000000000001000 {0 0 0};
    %load/vec4 v0x5e901f630390_0;
    %addi 1, 0, 32;
    %store/vec4 v0x5e901f630390_0, 0, 32;
T_84.35 ;
    %vpi_call/w 3 145 "$display", "\012=== Total: %0d PASS, %0d FAIL ===\012", v0x5e901f6307b0_0, v0x5e901f630390_0 {0 0 0};
    %vpi_call/w 3 146 "$finish" {0 0 0};
    %end;
    .thread T_84;
    .scope S_0x5e901f510620;
T_85 ;
T_85.0 ;
    %wait E_0x5e901f307960;
    %load/vec4 v0x5e901f62a650_0;
    %flag_set/vec4 9;
    %flag_get/vec4 9;
    %jmp/0 T_85.3, 9;
    %load/vec4 v0x5e901f62a010_0;
    %pad/u 32;
    %pushi/vec4 0, 0, 32;
    %cmp/ne;
    %flag_get/vec4 4;
    %and;
T_85.3;
    %flag_set/vec4 8;
    %jmp/0xz  T_85.1, 8;
    %vpi_call/w 3 152 "$display", "RTL rd=x%0d val=0x%08x", v0x5e901f62a010_0, v0x5e901f62a0f0_0 {0 0 0};
T_85.1 ;
    %jmp T_85.0;
    %end;
    .thread T_85;
    .scope S_0x5e901f510620;
T_86 ;
T_86.0 ;
    %wait E_0x5e901f307960;
    %load/vec4 v0x5e901f62f6f0_0;
    %flag_set/vec4 8;
    %jmp/0xz  T_86.1, 8;
    %vpi_call/w 3 160 "$display", "[TB] accel_done pulsed at t=%0t", $time {0 0 0};
T_86.1 ;
    %jmp T_86.0;
    %end;
    .thread T_86;
    .scope S_0x5e901f510620;
T_87 ;
    %delay 200000000, 0;
    %vpi_call/w 3 165 "$display", "TIMEOUT" {0 0 0};
    %vpi_call/w 3 166 "$finish" {0 0 0};
    %end;
    .thread T_87;
# The file index is used to find the file name in the following table.
:file_names 19;
    "N/A";
    "<interactive>";
    "-";
    "../tb/tb_cpu_accel.sv";
    "../rtl/accel/accel_wrapper.sv";
    "../rtl/accel/accel_top.sv";
    "../rtl/accel/systolic_array_wrap.sv";
    "../rtl/accel/systolic_array.sv";
    "../rtl/accel/pe.sv";
    "../rtl/accel/scratchpad.sv";
    "../rtl/top/cpu_top.sv";
    "../rtl/cpu/bht.sv";
    "../rtl/cpu/decode.sv";
    "../rtl/cpu/execute.sv";
    "../rtl/cpu/fetch.sv";
    "../rtl/cpu/hazard.sv";
    "../rtl/cpu/memory_stage.sv";
    "../rtl/cpu/regfile.sv";
    "../rtl/cpu/writeback.sv";
